# VELOCITY:     AVE_POFV:        ERROR:
   0.0942809           0           0           0
    0.282843           0           0           0
    0.471405           0           0           0
    0.659966           0           0           0
    0.848528           0           0           0
     1.03709           0           0           0
     1.22565           0           0           0
     1.41421           0           0           0
     1.60278           0           0           0
     1.79134           0           0           0
      1.9799  0.00294628  0.00294628           0
     2.16846    0.255344    0.255344           0
     2.35702     1.94553     1.94553           0
     2.54558       2.468       2.468           0
     2.73415     0.55832     0.55832           0
     2.92271   0.0643271   0.0643271           0
     3.11127  0.00883883  0.00883883           0
     3.29983           0           0           0
     3.48839           0           0           0
     3.67696           0           0           0
     3.86552           0           0           0
     4.05408           0           0           0
     4.24264           0           0           0
      4.4312           0           0           0
     4.61976           0           0           0
     4.80833           0           0           0
     4.99689           0           0           0
     5.18545           0           0           0
     5.37401           0           0           0
     5.56257           0           0           0
   0.0942809           0           0           0
    0.282843  0.00245523  0.00122762 0.000868056
    0.471405  0.00196419 0.000982093 0.000694444
    0.659966  0.00147314  0.00073657 0.000520833
    0.848528  0.00343732  0.00171866  0.00121528
     1.03709   0.0152224  0.00761122  0.00538194
     1.22565   0.0432121    0.021606   0.0152778
     1.41421    0.095754    0.047877   0.0338542
     1.60278    0.135038   0.0675189   0.0477431
     1.79134    0.215078    0.107539   0.0760417
      1.9799    0.563721    0.283334    0.198264
     2.16846    0.579926    0.417635    0.114757
     2.35702    0.829868      1.3877    0.394444
     2.54558     1.26199     1.86499    0.426389
     2.73415     1.07686    0.817592    0.183333
     2.92271    0.382525    0.223426      0.1125
     3.11127   0.0697286   0.0392837   0.0215278
     3.29983    0.021606    0.010803  0.00763889
     3.48839  0.00343732  0.00171866  0.00121528
     3.67696           0           0           0
     3.86552           0           0           0
     4.05408           0           0           0
     4.24264           0           0           0
      4.4312           0           0           0
     4.61976           0           0           0
     4.80833           0           0           0
     4.99689           0           0           0
     5.18545           0           0           0
     5.37401           0           0           0
     5.56257           0           0           0
   0.0942809           0           0           0
    0.282843   0.0162045  0.00621992  0.00411707
    0.471405   0.0554882   0.0191508   0.0148419
    0.659966   0.0628539   0.0214424   0.0169098
    0.848528   0.0481225   0.0171866   0.0126555
     1.03709   0.0476315   0.0209513   0.0114679
     1.22565   0.0304449   0.0245523   0.0104654
     1.41421    0.031918   0.0425574   0.0229836
     1.60278     0.13602   0.0903525    0.036887
     1.79134    0.387927    0.201002   0.0916156
      1.9799    0.331456    0.299375    0.132823
     2.16846    0.499394    0.444888    0.079675
     2.35702    0.738534     1.17131    0.316805
     2.54558    0.651619     1.46054    0.435731
     2.73415    0.826431    0.820538    0.122246
     2.92271    0.710544    0.385799    0.152321
     3.11127    0.429666    0.169411    0.107213
     3.29983    0.179232    0.066946   0.0461226
     3.48839   0.0864242   0.0299538   0.0230681
     3.67696   0.0132583  0.00441942  0.00360844
     3.86552   0.0201329  0.00671097  0.00547948
     4.05408           0           0           0
     4.24264           0           0           0
      4.4312           0           0           0
     4.61976           0           0           0
     4.80833           0           0           0
     4.99689           0           0           0
     5.18545           0           0           0
     5.37401           0           0           0
     5.56257           0           0           0
   0.0942809           0           0           0
    0.282843   0.0157135  0.00859331  0.00370935
    0.471405   0.0500867   0.0268848   0.0129911
    0.659966   0.0869152   0.0378106   0.0190205
    0.848528   0.0383016   0.0224654   0.0105352
     1.03709   0.0515599   0.0286035   0.0108578
     1.22565   0.0648181   0.0346188   0.0117306
     1.41421    0.171375   0.0747618   0.0327869
     1.60278    0.231774    0.125708   0.0412658
     1.79134    0.547517     0.28763    0.101734
      1.9799    0.451763    0.337472    0.104939
     2.16846    0.501849    0.459128   0.0610156
     2.35702    0.526893     1.01021    0.275538
     2.54558    0.421809     1.20085    0.396702
     2.73415    0.513143     0.74369    0.113293
     2.92271    0.553409    0.427701    0.119866
     3.11127    0.315743    0.205994   0.0864263
     3.29983    0.367303    0.142035   0.0736572
     3.48839    0.188562   0.0696058   0.0384518
     3.67696    0.109012   0.0305676   0.0228062
     3.86552   0.0775853   0.0244296   0.0158855
     4.05408  0.00491046  0.00122762  0.00106315
     4.24264  0.00392837 0.000982093 0.000850517
      4.4312  0.00491046  0.00122762  0.00106315
     4.61976  0.00441942  0.00110485 0.000956832
     4.80833           0           0           0
     4.99689           0           0           0
     5.18545           0           0           0
     5.37401           0           0           0
     5.56257           0           0           0
   0.0942809           0           0           0
    0.282843           0  0.00687465    0.003342
    0.471405    0.010803   0.0236684   0.0107837
    0.659966   0.0181687   0.0338822   0.0156168
    0.848528   0.0594166   0.0298556    0.010711
     1.03709   0.0932988   0.0415425   0.0144702
     1.22565    0.207222   0.0691393   0.0322708
     1.41421    0.200838    0.099977   0.0345924
     1.60278     0.39873    0.180312   0.0589503
     1.79134    0.614299    0.352964    0.100193
      1.9799    0.445379    0.359053   0.0861417
     2.16846    0.495466    0.466396   0.0492434
     2.35702    0.382034    0.884571     0.24742
     2.54558    0.307395     1.02216    0.355335
     2.73415    0.464039     0.68776    0.103524
     2.92271    0.471896     0.43654   0.0962178
     3.11127    0.325564    0.229908    0.072374
     3.29983    0.330474    0.179723   0.0678863
     3.48839    0.186107    0.092906   0.0371562
     3.67696   0.0810227   0.0406586   0.0203554
     3.86552    0.129636   0.0454709   0.0227089
     4.05408   0.0186598  0.00471405  0.00323226
     4.24264   0.0230792  0.00540151  0.00401098
      4.4312   0.0181687  0.00461584   0.0031476
     4.61976  0.00491046  0.00186598  0.00102439
     4.80833   0.0166956  0.00333912   0.0029866
     4.99689           0           0           0
     5.18545           0           0           0
     5.37401           0           0           0
     5.56257           0           0           0
   0.0942809           0           0           0
    0.282843           0  0.00572887  0.00297493
    0.471405   0.0176777     0.02267  0.00903254
    0.659966   0.0500867    0.036583   0.0132455
    0.848528    0.100665   0.0416571   0.0139905
     1.03709   0.0839689   0.0486136   0.0136775
     1.22565    0.220971   0.0944446   0.0354518
     1.41421    0.406586    0.151079   0.0548374
     1.60278     0.37074     0.21205   0.0570325
     1.79134    0.410515    0.362556   0.0839519
      1.9799     0.58189    0.396193   0.0793883
     2.16846    0.400694    0.455446   0.0422361
     2.35702    0.370249    0.798851    0.220533
     2.54558    0.247978    0.893132     0.31868
     2.73415    0.467476    0.651046   0.0925512
     2.92271    0.428683    0.435231   0.0801904
     3.11127    0.317216    0.244459   0.0617571
     3.29983    0.336367     0.20583   0.0613871
     3.48839    0.208695    0.112204   0.0356242
     3.67696   0.0800406   0.0472223   0.0179899
     3.86552   0.0893704   0.0527875   0.0200682
     4.05408   0.0220971  0.00761122  0.00377491
     4.24264   0.0859331   0.0188234   0.0127002
      4.4312  0.00540151  0.00474678  0.00262573
     4.61976           0  0.00155498 0.000899631
     4.80833           0   0.0027826  0.00254015
     4.99689           0           0           0
     5.18545           0           0           0
     5.37401           0           0           0
     5.56257           0           0           0
   0.0942809           0           0           0
    0.282843  0.00392837  0.00547166  0.00256104
    0.471405    0.021115   0.0224478  0.00774491
    0.659966    0.127181   0.0495255   0.0165069
    0.848528   0.0672734   0.0453166   0.0124612
     1.03709    0.146332   0.0625733   0.0174493
     1.22565    0.307886    0.124936   0.0414765
     1.41421     0.33342    0.177127   0.0528293
     1.60278    0.516581    0.255555   0.0633403
     1.79134     0.37565    0.364427   0.0719796
      1.9799    0.545553     0.41753   0.0708565
     2.16846    0.433594    0.452324   0.0363176
     2.35702    0.346188    0.734184    0.198283
     2.54558    0.390382     0.82131    0.281131
     2.73415    0.299538     0.60083   0.0919486
     2.92271    0.320653    0.418863   0.0703853
     3.11127    0.196419    0.237596   0.0533147
     3.29983    0.320162    0.222163   0.0547472
     3.48839    0.146823     0.11715   0.0308764
     3.67696    0.183651   0.0667122   0.0237353
     3.86552   0.0874063    0.057733   0.0178002
     4.05408    0.119815   0.0236404   0.0151888
     4.24264  0.00245523   0.0164851   0.0110991
      4.4312  0.00294628  0.00448957  0.00226318
     4.61976  0.00540151  0.00210448 0.000923815
     4.80833  0.00294628  0.00280598  0.00217738
     4.99689           0           0           0
     5.18545           0           0           0
     5.37401           0           0           0
     5.56257           0           0           0
   0.0942809  0.00343732 0.000429666 0.000401915
    0.282843   0.0324091  0.00883883  0.00386553
    0.471405   0.0471405   0.0255344  0.00736621
    0.659966    0.134056   0.0600918   0.0175016
    0.848528    0.074148   0.0489205   0.0114128
     1.03709    0.324091    0.095263   0.0341782
     1.22565    0.329983    0.150567   0.0434963
     1.41421    0.263201    0.187887   0.0473085
     1.60278    0.397748    0.273329   0.0578629
     1.79134    0.439487    0.373809   0.0635907
      1.9799     0.38007    0.412847    0.062154
     2.16846    0.386945    0.444151   0.0326845
     2.35702     0.51167     0.70637    0.175438
     2.54558    0.443415    0.774073    0.249927
     2.73415    0.192981    0.549849   0.0935265
     2.92271    0.226372    0.394801    0.065571
     3.11127    0.277932    0.242638   0.0468881
     3.29983    0.231774    0.223365    0.047917
     3.48839    0.226863    0.130864   0.0299079
     3.67696    0.156644   0.0779536   0.0232787
     3.86552   0.0648181   0.0586187   0.0155972
     4.05408   0.0603987   0.0282352   0.0139679
     4.24264  0.00245523   0.0147314  0.00984928
      4.4312  0.00540151  0.00460356  0.00198316
     4.61976   0.0250434  0.00497184  0.00280133
     4.80833   0.0648181   0.0105575  0.00749701
     4.99689           0           0           0
     5.18545           0           0           0
     5.37401           0           0           0
     5.56257           0           0           0
   0.0942809           0 0.000381925 0.000360082
    0.282843   0.0157135  0.00960268  0.00351068
    0.471405    0.118342   0.0358464   0.0117215
    0.659966   0.0260255   0.0563067    0.015961
    0.848528     0.17383   0.0627994   0.0165571
     1.03709    0.235211    0.110813    0.033733
     1.22565     0.45029     0.18387   0.0498065
     1.41421    0.249452    0.194727   0.0425437
     1.60278    0.504305    0.298993   0.0568409
     1.79134    0.540642    0.392346   0.0591652
      1.9799    0.503323      0.4229   0.0560551
     2.16846    0.265165    0.424264   0.0345779
     2.35702    0.364356    0.668369    0.160007
     2.54558    0.418372    0.734551     0.22526
     2.73415    0.197892    0.510743   0.0909437
     2.92271    0.153206    0.367957    0.063543
     3.11127     0.29561    0.248524   0.0420461
     3.29983    0.264183      0.2279    0.042807
     3.48839    0.139948    0.131873   0.0266018
     3.67696    0.110976   0.0816228   0.0209794
     3.86552   0.0687465    0.059744   0.0139047
     4.05408    0.105084   0.0367739   0.0147974
     4.24264   0.0343732   0.0169138  0.00899346
      4.4312   0.0191508  0.00621992   0.0023302
     4.61976   0.0491046  0.00987549  0.00525114
     4.80833           0  0.00938444  0.00675516
     4.99689           0           0           0
     5.18545           0           0           0
     5.37401           0           0           0
     5.56257           0           0           0
   0.0942809           0 0.000343732 0.000326093
    0.282843           0  0.00864242  0.00328832
    0.471405    0.135038   0.0457655   0.0141365
    0.659966   0.0383016   0.0545061   0.0144661
    0.848528    0.157626    0.072282   0.0174063
     1.03709    0.381052    0.137837   0.0397363
     1.22565    0.391364    0.204619   0.0489575
     1.41421    0.301011    0.205356   0.0395947
     1.60278    0.481225    0.317216    0.053999
     1.79134    0.428683     0.39598   0.0533602
      1.9799    0.446361    0.425246   0.0504986
     2.16846    0.371231    0.418961   0.0315242
     2.35702    0.344715    0.636003    0.147244
     2.54558    0.410024    0.702098    0.205059
     2.73415    0.263201    0.485989   0.0851517
     2.92271    0.170884     0.34825   0.0601671
     3.11127    0.393819    0.263054   0.0402738
     3.29983    0.102629    0.215373   0.0403176
     3.48839    0.100173    0.128703   0.0241298
     3.67696    0.100173   0.0834779   0.0189633
     3.86552  0.00245523   0.0540151   0.0136435
     4.05408    0.147805    0.047877   0.0169797
     4.24264   0.0142403   0.0166465  0.00809808
      4.4312   0.0437031  0.00996824  0.00412832
     4.61976   0.0648181   0.0153698  0.00703587
     4.80833   0.0127672  0.00972272   0.0060881
     4.99689           0           0           0
     5.18545           0           0           0
     5.37401           0           0           0
     5.56257           0           0           0
   0.0942809           0 0.000312484 0.000297942
    0.282843           0  0.00785674  0.00308182
    0.471405   0.0854421   0.0493725   0.0133035
    0.659966    0.101156    0.058747   0.0137586
    0.848528    0.202802   0.0841475   0.0194522
     1.03709    0.416898    0.163206   0.0434744
     1.22565    0.339313    0.216864   0.0460127
     1.41421    0.338331    0.217444   0.0377956
     1.60278    0.627066    0.345384   0.0559567
     1.79134    0.416898    0.397881   0.0485431
      1.9799    0.398239    0.422791   0.0459675
     2.16846    0.408551    0.418014   0.0286725
     2.35702    0.295119    0.605014     0.13708
     2.54558      0.3236    0.667689    0.189282
     2.73415    0.215078     0.46136   0.0808938
     2.92271    0.429175    0.355607   0.0551453
     3.11127    0.207713    0.258023   0.0369254
     3.29983  0.00834779    0.196552   0.0408094
     3.48839   0.0962451    0.125753   0.0221158
     3.67696    0.125708    0.087317   0.0176237
     3.86552   0.0466494   0.0533455   0.0124196
     4.05408    0.109012   0.0534348   0.0163204
     4.24264   0.0383016   0.0186151  0.00759742
      4.4312   0.0441942   0.0130797  0.00478395
     4.61976   0.0294628   0.0166509  0.00651185
     4.80833           0  0.00883883  0.00559843
     4.99689           0           0           0
     5.18545           0           0           0
     5.37401           0           0           0
     5.56257           0           0           0
   0.0942809   0.0274986  0.00257799  0.00218619
    0.282843   0.0112941  0.00814319  0.00283828
    0.471405    0.106066   0.0540969   0.0130068
    0.659966   0.0982093   0.0620355   0.0129991
    0.848528    0.220971   0.0955494   0.0209074
     1.03709    0.293646    0.174076   0.0411881
     1.22565    0.413461    0.233247   0.0450005
     1.41421    0.342259    0.227846   0.0360487
     1.60278    0.422791    0.351835   0.0516641
     1.79134    0.515108     0.40765   0.0454702
      1.9799    0.529839    0.431712   0.0429937
     2.16846    0.336367     0.41121   0.0270784
     2.35702    0.333912    0.582422    0.127505
     2.54558    0.184142    0.627394    0.177746
     2.73415    0.253871     0.44407   0.0759781
     2.92271    0.569614    0.373441   0.0533557
     3.11127    0.104102    0.245196   0.0360072
     3.29983           0    0.180173   0.0405627
     3.48839   0.0987003    0.123498   0.0203874
     3.67696    0.116378   0.0897387   0.0163206
     3.86552    0.103611   0.0575343   0.0120704
     4.05408    0.074148   0.0551609   0.0150513
     4.24264   0.0982093    0.025248  0.00942496
      4.4312   0.0437031   0.0156316  0.00502001
     4.61976  0.00540151   0.0157135   0.0060363
     4.80833           0  0.00810227  0.00518013
     4.99689           0           0           0
     5.18545           0           0           0
     5.37401           0           0           0
     5.56257           0           0           0
   0.0942809   0.0491046  0.00615697    0.003987
    0.282843   0.0333912   0.0100853  0.00321651
    0.471405    0.138475   0.0605876   0.0135292
    0.659966    0.207713   0.0732415   0.0161212
    0.848528    0.245032    0.107048   0.0222375
     1.03709    0.208204    0.176701   0.0381033
     1.22565    0.305922    0.238837   0.0418848
     1.41421    0.496939    0.248545   0.0387658
     1.60278    0.414934    0.356689   0.0479174
     1.79134    0.621174    0.424075    0.044841
      1.9799    0.268602    0.419165   0.0414769
     2.16846     0.36583     0.40772   0.0252195
     2.35702    0.343241    0.564023    0.119017
     2.54558    0.252398    0.598548    0.166397
     2.73415    0.226863    0.427361   0.0719473
     2.92271    0.475824    0.381316   0.0498293
     3.11127    0.108521    0.234682   0.0347384
     3.29983   0.0397748    0.169373   0.0388536
     3.48839    0.149278    0.125481   0.0189154
     3.67696   0.0599077    0.087444   0.0152256
     3.86552   0.0721838   0.0586612   0.0111943
     4.05408   0.0962451   0.0583212   0.0142215
     4.24264   0.0839689    0.029765   0.0097223
      4.4312   0.0397748   0.0174888  0.00496552
     4.61976           0   0.0145048   0.0056917
     4.80833           0  0.00747901    0.004819
     4.99689           0           0           0
     5.18545           0           0           0
     5.37401           0           0           0
     5.56257           0           0           0
   0.0942809   0.0309359  0.00792689  0.00407618
    0.282843   0.0500867   0.0129426   0.0040622
    0.471405    0.200838   0.0706055   0.0158434
    0.659966   0.0584345   0.0721838   0.0150044
    0.848528    0.258781    0.117886     0.02314
     1.03709    0.256326    0.182389   0.0358036
     1.22565    0.237175    0.238719   0.0388932
     1.41421    0.603005    0.273864   0.0434858
     1.60278    0.365339    0.357306   0.0444987
     1.79134    0.694831    0.443415   0.0456184
      1.9799    0.171375    0.401465   0.0421217
     2.16846    0.590238    0.420757    0.026575
     2.35702    0.286771     0.54422    0.112151
     2.54558    0.287262    0.576313     0.15599
     2.73415    0.213605    0.412093   0.0684091
     2.92271    0.368285    0.380386   0.0462788
     3.11127      0.1316    0.227319   0.0330282
     3.29983   0.0692375    0.162221   0.0367308
     3.48839   0.0854421    0.122621   0.0177792
     3.67696           0    0.081198   0.0153659
     3.86552   0.0874063   0.0607144   0.0105814
     4.05408    0.110976   0.0620823    0.013694
     4.24264   0.0554882   0.0316023  0.00919983
      4.4312   0.0770943   0.0217463  0.00617184
     4.61976   0.0127672   0.0143806   0.0052865
     4.80833           0   0.0069448   0.0045043
     4.99689           0           0           0
     5.18545           0           0           0
     5.37401           0           0           0
     5.56257           0           0           0
   0.0942809   0.0353553  0.00975545  0.00419457
    0.282843    0.095754   0.0184633  0.00654381
    0.471405    0.156153   0.0763086   0.0157803
    0.659966    0.120306    0.075392    0.014343
    0.848528    0.271549     0.12813   0.0237569
     1.03709    0.212132    0.184372   0.0334716
     1.22565    0.244541    0.239107   0.0363022
     1.41421    0.548499    0.292173   0.0442736
     1.60278    0.592202    0.372966   0.0442017
     1.79134    0.495466    0.446885   0.0427089
      1.9799    0.180214    0.386715   0.0418165
     2.16846    0.449798    0.422693   0.0248737
     2.35702     0.52542    0.542966    0.104681
     2.54558     0.26271    0.555406    0.146985
     2.73415     0.18316    0.396831   0.0655289
     2.92271    0.326055    0.376764    0.043335
     3.11127    0.162045    0.222968   0.0311117
     3.29983   0.0171866    0.152552   0.0355319
     3.48839   0.0766032    0.119553   0.0168565
     3.67696  0.00441942   0.0760795   0.0151701
     3.86552    0.118342   0.0645562   0.0105504
     4.05408    0.114905   0.0656038   0.0132261
     4.24264   0.0559793   0.0332275  0.00872887
      4.4312   0.0545061   0.0239303  0.00613465
     4.61976           0   0.0134219  0.00502025
     4.80833           0  0.00648181  0.00422774
     4.99689           0           0           0
     5.18545           0           0           0
     5.37401           0           0           0
     5.56257           0           0           0
   0.0942809           0  0.00914574  0.00397648
    0.282843    0.031918   0.0193043  0.00618862
    0.471405    0.095263   0.0774933   0.0148384
    0.659966     0.19691   0.0829868    0.015326
    0.848528    0.212132     0.13338   0.0228449
     1.03709    0.176286    0.183866   0.0313834
     1.22565    0.439487    0.251631   0.0361291
     1.41421    0.541624    0.307763   0.0441664
     1.60278    0.664386     0.39118   0.0450356
     1.79134    0.368776    0.442003   0.0403177
      1.9799    0.353553    0.384643   0.0392543
     2.16846    0.455691    0.424755   0.0234045
     2.35702    0.387927    0.533276   0.0985863
     2.54558    0.275968    0.537941    0.138832
     2.73415    0.227846    0.386269   0.0622787
     2.92271    0.292173    0.371477   0.0409478
     3.11127   0.0549972     0.21247   0.0308877
     3.29983    0.135529    0.151488   0.0333271
     3.48839   0.0491046     0.11515   0.0163679
     3.67696  0.00441942   0.0716007   0.0148684
     3.86552   0.0937899   0.0663833   0.0100479
     4.05408    0.149278   0.0708334   0.0133935
     4.24264   0.0471405    0.034097  0.00822651
      4.4312   0.0491046   0.0255037  0.00594958
     4.61976           0   0.0125831  0.00477606
     4.80833           0   0.0060767  0.00398287
     4.99689           0           0           0
     5.18545           0           0           0
     5.37401           0           0           0
     5.56257           0           0           0
   0.0942809           0  0.00860775  0.00377879
    0.282843           0   0.0181687  0.00592785
    0.471405    0.111959   0.0795206   0.0141034
    0.659966     0.11736   0.0850088   0.0145572
    0.848528    0.199856    0.137291   0.0218331
     1.03709    0.177268    0.183478   0.0295397
     1.22565    0.536714      0.2684   0.0376953
     1.41421    0.635905    0.327066   0.0455916
     1.60278    0.432121    0.393588   0.0424508
     1.79134    0.468458    0.443559    0.037976
      1.9799    0.512652    0.392173   0.0376605
     2.16846    0.397748    0.423166   0.0220816
     2.35702    0.228828    0.515368   0.0943997
     2.54558    0.456182    0.533132    0.130749
     2.73415    0.257799    0.378712   0.0590719
     2.92271    0.210168    0.361988   0.0396233
     3.11127    0.100173    0.205864   0.0297687
     3.29983   0.0672734    0.146534   0.0317327
     3.48839   0.0491046    0.111265   0.0158595
     3.67696   0.0491046   0.0702774   0.0140526
     3.86552    0.127672   0.0699886   0.0100829
     4.05408    0.100665   0.0725882   0.0127201
     4.24264   0.0255344   0.0335933    0.007758
      4.4312   0.0407568    0.026401  0.00566686
     4.61976           0   0.0118429  0.00455211
     4.80833           0  0.00571925  0.00376459
     4.99689           0           0           0
     5.18545           0           0           0
     5.37401           0           0           0
     5.56257           0           0           0
   0.0942809           0  0.00812955  0.00359899
    0.282843           0   0.0171593  0.00568381
    0.471405   0.0987003   0.0805862   0.0133601
    0.659966   0.0299538   0.0819502   0.0140661
    0.848528    0.212132    0.141449   0.0210124
     1.03709    0.186107    0.183624    0.027899
     1.22565    0.524929    0.282652   0.0382003
     1.41421    0.659475    0.345533   0.0466492
     1.60278     0.51609    0.400394   0.0406343
     1.79134    0.560775    0.450071   0.0364203
      1.9799    0.466985    0.396329   0.0357969
     2.16846     0.33784    0.418426   0.0213576
     2.35702    0.371722    0.507387   0.0894919
     2.54558     0.28628    0.519418    0.124202
     2.73415    0.247487    0.371422   0.0562382
     2.92271    0.229319    0.354617   0.0381013
     3.11127    0.151242    0.202829   0.0282691
     3.29983    0.031427    0.140139   0.0306074
     3.48839   0.0491046    0.107812   0.0153498
     3.67696   0.0932988   0.0715564     0.01333
     3.86552    0.175304   0.0758394   0.0110911
     4.05408   0.0260255   0.0700014   0.0122736
     4.24264           0   0.0317271  0.00754815
      4.4312   0.0147314   0.0257527  0.00538899
     4.61976   0.0343732   0.0130946  0.00446799
     4.80833           0  0.00540151  0.00356883
     4.99689           0           0           0
     5.18545           0           0           0
     5.37401           0           0           0
     5.56257           0           0           0
   0.0942809           0  0.00770167  0.00343491
    0.282843           0   0.0162562  0.00545594
    0.471405   0.0795495   0.0805316    0.012657
    0.659966    0.104593   0.0831419   0.0133762
    0.848528    0.194454    0.144238   0.0200908
     1.03709    0.384489    0.194196    0.028363
     1.22565     0.35208    0.286306   0.0363641
     1.41421    0.565194    0.357094   0.0456041
     1.60278    0.599077    0.410851   0.0398185
     1.79134    0.562248    0.455975   0.0349787
      1.9799    0.324091    0.392527   0.0341141
     2.16846    0.362883    0.415503   0.0204326
     2.35702    0.412479    0.502392   0.0849211
     2.54558    0.417389    0.514048    0.117781
     2.73415    0.235702    0.364279   0.0537301
     2.92271    0.133565    0.342983   0.0378306
     3.11127   0.0878973     0.19678   0.0274209
     3.29983   0.0731659    0.136614   0.0291987
     3.48839    0.100173     0.10741   0.0145471
     3.67696    0.121288   0.0741738   0.0128828
     3.86552    0.154189    0.079963   0.0112479
     4.05408  0.00785674   0.0667306   0.0120556
     4.24264   0.0171866   0.0309618  0.00718957
      4.4312   0.0127672   0.0250692  0.00514851
     4.61976 0.000982093   0.0124571  0.00427807
     4.80833           0  0.00511722   0.0033923
     4.99689           0           0           0
     5.18545           0           0           0
     5.37401           0           0           0
     5.56257           0           0           0
   0.0942809           0  0.00731659  0.00328467
    0.282843           0   0.0154434  0.00524334
    0.471405   0.0417389    0.078592   0.0121719
    0.659966    0.113923   0.0846809   0.0127956
    0.848528    0.290208    0.151537   0.0203688
     1.03709    0.324091    0.200691   0.0276785
     1.22565    0.359446    0.289963   0.0347293
     1.41421    0.580908    0.368285   0.0446758
     1.60278    0.606442     0.42063     0.03901
     1.79134     0.41297    0.453825   0.0332958
      1.9799    0.320162    0.388909   0.0325997
     2.16846    0.285298    0.408993   0.0204218
     2.35702     0.47877    0.501211   0.0806833
     2.54558    0.395783    0.508135    0.112041
     2.73415    0.357482    0.363939   0.0510446
     2.92271    0.161554    0.333912   0.0370107
     3.11127   0.0692375    0.190403   0.0267811
     3.29983    0.132091    0.136388   0.0277397
     3.48839    0.116378    0.107858   0.0138267
     3.67696    0.102138    0.075572   0.0123143
     3.86552    0.150751   0.0835024   0.0112286
     4.05408  0.00343732    0.063566   0.0118609
     4.24264 0.000491046   0.0294382  0.00698965
      4.4312           0   0.0238157  0.00504136
     4.61976           0   0.0118342  0.00410925
     4.80833           0  0.00486136  0.00323232
     4.99689           0           0           0
     5.18545           0           0           0
     5.37401           0           0           0
     5.56257           0           0           0
   0.0942809  0.00441942  0.00717863  0.00313116
    0.282843   0.0432121   0.0167657   0.0051577
    0.471405   0.0903525    0.079152   0.0116051
    0.659966   0.0775853   0.0843431   0.0121908
    0.848528    0.130127    0.150517   0.0194244
     1.03709    0.377615    0.209116   0.0276129
     1.22565    0.423773    0.296335    0.033655
     1.41421    0.697286    0.383951    0.045212
     1.60278    0.495957    0.424217   0.0373169
     1.79134    0.401676    0.451342   0.0318028
      1.9799      0.3565    0.387365   0.0310839
     2.16846    0.338331    0.405628   0.0197246
     2.35702    0.327528     0.49294    0.077264
     2.54558    0.338822    0.500072    0.106995
     2.73415    0.397748    0.365549   0.0486393
     2.92271    0.202802    0.327668    0.035771
     3.11127    0.157626    0.188842   0.0255512
     3.29983    0.139948    0.136558   0.0264192
     3.48839   0.0564703    0.105411   0.0133831
     3.67696   0.0982093     0.07665    0.011775
     3.86552    0.147314   0.0865411   0.0110974
     4.05408           0    0.060539    0.011676
     4.24264           0   0.0280364  0.00679593
      4.4312           0   0.0226817  0.00492721
     4.61976           0   0.0112707  0.00395203
     4.80833           0  0.00462987  0.00308668
     4.99689           0           0           0
     5.18545           0           0           0
     5.37401           0           0           0
     5.56257           0           0           0
   0.0942809  0.00147314  0.00691929  0.00299955
    0.282843   0.0839689   0.0198204  0.00575721
    0.471405    0.031918    0.077005   0.0112745
    0.659966     0.10312   0.0851965   0.0116665
    0.848528     0.14093    0.150082   0.0185464
     1.03709     0.31427    0.213895   0.0267683
     1.22565    0.636887    0.311814   0.0355072
     1.41421    0.709071     0.39873   0.0455081
     1.60278    0.343241    0.420537   0.0358018
     1.79134    0.345697     0.44654   0.0307176
      1.9799    0.242577    0.380784   0.0303597
     2.16846    0.353062    0.403238   0.0189722
     2.35702    0.411988    0.489261   0.0738395
     2.54558     0.37074    0.494194    0.102293
     2.73415    0.426228    0.368307   0.0465066
     2.92271    0.208204    0.322238   0.0345548
     3.11127    0.231774    0.190794   0.0244642
     3.29983   0.0535241    0.132783   0.0254865
     3.48839   0.0928078    0.104838    0.012787
     3.67696   0.0545061   0.0756435   0.0112827
     3.86552    0.147314   0.0893035   0.0109314
     4.05408           0   0.0577872   0.0114649
     4.24264           0    0.026762  0.00660543
      4.4312           0   0.0216507   0.0048099
     4.61976           0   0.0107584  0.00380545
     4.80833           0  0.00441942  0.00295354
     4.99689           0           0           0
     5.18545           0           0           0
     5.37401           0           0           0
     5.56257           0           0           0
   0.0942809           0  0.00661845  0.00288418
    0.282843   0.0878973   0.0227803   0.0062214
    0.471405    0.120797    0.078909   0.0109439
    0.659966    0.095754   0.0856556   0.0111683
    0.848528    0.127672    0.149107   0.0177656
     1.03709    0.323109    0.218644   0.0260222
     1.22565    0.572069     0.32313   0.0357209
     1.41421    0.684028    0.411134   0.0451884
     1.60278    0.251907    0.413205   0.0349878
     1.79134    0.341277    0.441963    0.029721
      1.9799    0.308377    0.377636   0.0292025
     2.16846    0.317707     0.39952   0.0185082
     2.35702    0.456673    0.487844   0.0706427
     2.54558    0.418863    0.490918   0.0978979
     2.73415    0.478279    0.373088   0.0447297
     2.92271    0.186107    0.316319   0.0335555
     3.11127    0.189053    0.190718   0.0234007
     3.29983   0.0491046    0.129145   0.0246367
     3.48839   0.0982093     0.10455   0.0122343
     3.67696   0.0491046   0.0744896    0.010851
     3.86552    0.147314   0.0918257   0.0107432
     4.05408           0   0.0552747   0.0112384
     4.24264           0   0.0255985   0.0064199
      4.4312           0   0.0207093  0.00469198
     4.61976           0   0.0102906  0.00366863
     4.80833           0  0.00422727  0.00283137
     4.99689           0           0           0
     5.18545           0           0           0
     5.37401           0           0           0
     5.56257           0           0           0
   0.0942809           0  0.00634268  0.00277716
    0.282843   0.0338822   0.0232429  0.00597935
    0.471405    0.124726    0.080818   0.0106531
    0.659966    0.110976   0.0867106   0.0107526
    0.848528    0.162045    0.149646   0.0170335
     1.03709    0.495466    0.230178   0.0273751
     1.22565    0.562739    0.333114   0.0356004
     1.41421    0.520018    0.415671   0.0435327
     1.60278    0.356009    0.410822   0.0336111
     1.79134    0.282843    0.435333   0.0292128
      1.9799    0.298556    0.374341    0.028171
     2.16846    0.360428    0.397891   0.0178085
     2.35702    0.377124    0.483231   0.0678497
     2.54558    0.557338    0.493686   0.0938579
     2.73415    0.367794    0.372868   0.0428665
     2.92271    0.179723    0.310628   0.0326364
     3.11127     0.11736    0.187662   0.0226244
     3.29983    0.124726    0.128961   0.0236109
     3.48839   0.0623629    0.102792   0.0118501
     3.67696   0.0618718   0.0739639   0.0104116
     3.86552    0.147314   0.0941377   0.0105414
     4.05408           0   0.0529716   0.0110036
     4.24264           0   0.0245319  0.00624038
      4.4312           0   0.0198465  0.00457514
     4.61976           0  0.00986185  0.00354074
     4.80833           0  0.00405113  0.00271887
     4.99689           0           0           0
     5.18545           0           0           0
     5.37401           0           0           0
     5.56257           0           0           0
   0.0942809  0.00147314   0.0061479   0.0026729
    0.282843   0.0343732   0.0236881  0.00575672
    0.471405   0.0987003   0.0815333    0.010251
    0.659966    0.148787   0.0891937   0.0106054
    0.848528    0.252889    0.153776   0.0168454
     1.03709     0.41297     0.23749    0.027239
     1.22565    0.524438    0.340767   0.0349893
     1.41421    0.628539    0.424186    0.042616
     1.60278    0.392346    0.410083   0.0322748
     1.79134    0.288244     0.42945   0.0286306
      1.9799    0.323109    0.372292   0.0271186
     2.16846    0.251416    0.392032   0.0180343
     2.35702    0.338331    0.477435   0.0653828
     2.54558    0.547517    0.495839   0.0901283
     2.73415    0.340295    0.371565   0.0411716
     2.92271     0.19249    0.305902   0.0316712
     3.11127     0.17383    0.187108   0.0217262
     3.29983   0.0589256     0.12616    0.022832
     3.48839   0.0491046    0.100645   0.0115691
     3.67696   0.0967361   0.0748748   0.0100349
     3.86552    0.148787   0.0963237   0.0103439
     4.05408           0   0.0508528   0.0107655
     4.24264           0   0.0235506  0.00606742
      4.4312           0   0.0190526  0.00446047
     4.61976           0  0.00946737  0.00342101
     4.80833           0  0.00388909  0.00261494
     4.99689           0           0           0
     5.18545           0           0           0
     5.37401           0           0           0
     5.56257           0           0           0
   0.0942809   0.0491046  0.00780008  0.00303811
    0.282843           0    0.022777  0.00560694
    0.471405   0.0466494   0.0801917  0.00994411
    0.659966    0.144859   0.0913346   0.0104113
    0.848528    0.356991    0.161592   0.0179192
     1.03709    0.372704     0.24269   0.0266832
     1.22565    0.467967    0.345659   0.0339838
     1.41421    0.557829    0.429326   0.0412857
     1.60278    0.463548    0.412139   0.0310989
     1.79134    0.477788    0.431309   0.0275898
      1.9799    0.149278    0.363714   0.0273985
     2.16846    0.453236    0.394386   0.0174936
     2.35702     0.33784    0.472066   0.0630882
     2.54558    0.416898    0.492803    0.086713
     2.73415    0.321144    0.369626   0.0396337
     2.92271    0.139948    0.299519   0.0310896
     3.11127     0.20182    0.187674   0.0208979
     3.29983    0.042721     0.12295   0.0221783
     3.48839   0.0569614   0.0989647   0.0112455
     3.67696   0.0495957   0.0739025  0.00969593
     3.86552    0.196419    0.100173   0.0106384
     4.05408           0   0.0488969   0.0105276
     4.24264           0   0.0226448  0.00590129
      4.4312           0   0.0183198  0.00434869
     4.61976           0  0.00910324  0.00330876
     4.80833           0  0.00373951  0.00251864
     4.99689           0           0           0
     5.18545           0           0           0
     5.37401           0           0           0
     5.56257           0           0           0
   0.0942809   0.0132583  0.00800224   0.0029323
    0.282843   0.0358464    0.023261  0.00542013
    0.471405   0.0260255   0.0781855  0.00977608
    0.659966    0.205748   0.0955722   0.0108539
    0.848528     0.30494    0.166901   0.0180249
     1.03709     0.38498     0.24796   0.0262102
     1.22565    0.557829    0.353517   0.0336214
     1.41421    0.593184    0.435394   0.0402002
     1.60278    0.416407    0.412297   0.0299475
     1.79134    0.387436    0.429684   0.0266157
      1.9799    0.198874    0.357609   0.0270554
     2.16846    0.425737    0.395547   0.0168842
     2.35702     0.36141    0.467967   0.0608845
     2.54558    0.344224      0.4873   0.0836758
     2.73415    0.378106     0.36994   0.0381671
     2.92271    0.122762    0.292973   0.0306197
     3.11127    0.123744    0.185306   0.0202576
     3.29983   0.0790585    0.121325   0.0214164
     3.48839    0.063836   0.0976637    0.010904
     3.67696   0.0834779   0.0742571   0.0093433
     3.86552    0.179232    0.103102   0.0106397
     4.05408   0.0171866   0.0477224    0.010203
     4.24264           0   0.0218061  0.00574201
      4.4312           0   0.0176413  0.00424023
     4.61976           0  0.00876609  0.00320334
     4.80833           0  0.00360101  0.00242916
     4.99689           0           0           0
     5.18545           0           0           0
     5.37401           0           0           0
     5.56257           0           0           0
   0.0942809           0  0.00771644  0.00284147
    0.282843   0.0073657   0.0226934   0.0052562
    0.471405   0.0903525     0.07862  0.00943658
    0.659966    0.272531    0.101892   0.0121679
    0.848528    0.319671    0.172357   0.0181882
     1.03709     0.33342    0.251012   0.0254512
     1.22565    0.481716    0.358096   0.0327309
     1.41421    0.614299    0.441784   0.0392689
     1.60278    0.485154    0.414899   0.0289907
     1.79134    0.261728    0.423685   0.0263324
      1.9799    0.343241    0.357096    0.026094
     2.16846    0.388418    0.395292   0.0162831
     2.35702    0.292664    0.461706   0.0590311
     2.54558     0.27695    0.479787   0.0810239
     2.73415    0.480734    0.373897   0.0370085
     2.92271   0.0265165    0.283457   0.0309696
     3.11127    0.200347    0.185844   0.0195413
     3.29983    0.115887    0.121131   0.0206524
     3.48839   0.0898615    0.097385   0.0105181
     3.67696   0.0540151   0.0735342  0.00903754
     3.86552    0.109994    0.103348   0.0102625
     4.05408   0.0584345    0.048105  0.00984578
     4.24264           0   0.0210273   0.0055895
      4.4312           0   0.0170112  0.00413534
     4.61976           0  0.00845301   0.0031042
     4.80833           0   0.0034724  0.00234581
     4.99689           0           0           0
     5.18545           0           0           0
     5.37401           0           0           0
     5.56257           0           0           0
   0.0942809           0  0.00745036  0.00275592
    0.282843           0   0.0219108  0.00513287
    0.471405    0.125708   0.0802438  0.00924982
    0.659966     0.17825    0.104525   0.0120298
    0.848528     0.32851    0.177742   0.0183407
     1.03709     0.41297    0.256597   0.0251789
     1.22565    0.522473    0.363764   0.0320893
     1.41421    0.517072     0.44438   0.0380006
     1.60278    0.415425    0.414917    0.027991
     1.79134    0.314761    0.419929   0.0256909
      1.9799    0.337349    0.356415   0.0252031
     2.16846    0.406095    0.395665   0.0157259
     2.35702    0.235211    0.453896   0.0575099
     2.54558    0.419354    0.477703   0.0782568
     2.73415    0.428683    0.375786   0.0357805
     2.92271    0.063836    0.275883   0.0308137
     3.11127    0.166956    0.185192   0.0188783
     3.29983   0.0805316    0.119731   0.0199876
     3.48839    0.104593   0.0976336   0.0101583
     3.67696   0.0491046   0.0726918  0.00876507
     3.86552    0.174321    0.105795   0.0101963
     4.05408   0.0220971   0.0472082  0.00954702
     4.24264           0   0.0203022  0.00544359
      4.4312           0   0.0164247  0.00403413
     4.61976           0  0.00816153  0.00301081
     4.80833           0  0.00335266  0.00226797
     4.99689           0           0           0
     5.18545           0           0           0
     5.37401           0           0           0
     5.56257           0           0           0
   0.0942809           0  0.00720201  0.00267522
    0.282843   0.0343732   0.0223262  0.00497856
    0.471405    0.094772    0.080728  0.00895416
    0.659966    0.182178    0.107114    0.011904
    0.848528    0.286771    0.181376   0.0180859
     1.03709    0.512652    0.265132   0.0257456
     1.22565     0.46011    0.366975     0.03118
     1.41421     0.50234    0.446312    0.036783
     1.60278    0.428683    0.415376   0.0270618
     1.79134    0.432612    0.420352    0.024838
      1.9799    0.352571    0.356287   0.0243633
     2.16846     0.36141    0.394523   0.0152431
     2.35702    0.208695    0.445723   0.0561707
     2.54558    0.345697    0.473303   0.0757718
     2.73415    0.415425    0.377107   0.0346122
     2.92271    0.174813    0.272514   0.0299702
     3.11127   0.0962451    0.182227   0.0184804
     3.29983   0.0260255    0.116607   0.0195639
     3.48839    0.118342   0.0983239  0.00984315
     3.67696   0.0893704   0.0732478  0.00849051
     3.86552    0.180214    0.108276   0.0101537
     4.05408           0   0.0456346  0.00935758
     4.24264           0   0.0196255  0.00530403
      4.4312           0   0.0158772  0.00393664
     4.61976           0  0.00788948  0.00292272
     4.80833           0  0.00324091  0.00219512
     4.99689           0           0           0
     5.18545           0           0           0
     5.37401           0           0           0
     5.56257           0           0           0
   0.0942809           0  0.00696969  0.00259899
    0.282843   0.0250434   0.0224139  0.00481873
    0.471405    0.108521   0.0816246  0.00871009
    0.659966    0.223426    0.110866   0.0120969
    0.848528    0.260255    0.183921   0.0176805
     1.03709    0.529839    0.273671    0.026293
     1.22565    0.464039    0.370106    0.030331
     1.41421     0.49743    0.447961   0.0356334
     1.60278     0.34275    0.413033     0.02629
     1.79134    0.392837    0.419464   0.0240526
      1.9799    0.354044    0.356215   0.0235775
     2.16846    0.400203    0.394706   0.0147525
     2.35702     0.19249    0.437554   0.0549495
     2.54558    0.390382    0.470628   0.0733748
     2.73415    0.401676      0.3779   0.0335048
     2.92271    0.206731    0.270392   0.0290785
     3.11127   0.0692375    0.178582   0.0182401
     3.29983    0.084951    0.115586   0.0189594
     3.48839   0.0716928   0.0974648  0.00956305
     3.67696   0.0937899   0.0739104  0.00824245
     3.86552    0.174813    0.110422   0.0100505
     4.05408   0.0191508   0.0447803  0.00909463
     4.24264           0   0.0189924  0.00517058
      4.4312           0    0.015365  0.00384282
     4.61976           0  0.00763498  0.00283949
     4.80833           0  0.00313636   0.0021268
     4.99689           0           0           0
     5.18545           0           0           0
     5.37401           0           0           0
     5.56257           0           0           0
   0.0942809   0.0235702  0.00748846  0.00256903
    0.282843   0.0255344   0.0225114  0.00466913
    0.471405   0.0667823   0.0811608  0.00845024
    0.659966     0.26762    0.115764   0.0126719
    0.848528     0.31427    0.187994    0.017591
     1.03709    0.441942     0.27893   0.0259919
     1.22565    0.452254    0.372674   0.0294916
     1.41421    0.625593    0.453512   0.0349495
     1.60278    0.281861    0.408934   0.0257861
     1.79134    0.441451    0.420152   0.0233108
      1.9799    0.255835    0.353078   0.0230484
     2.16846    0.399221    0.394847   0.0142921
     2.35702    0.171866    0.429251    0.053856
     2.54558    0.442433    0.469747   0.0710871
     2.73415    0.318689    0.376049   0.0325088
     2.92271    0.287753    0.270935   0.0281748
     3.11127   0.0446852    0.174398   0.0181437
     3.29983   0.0495957    0.113524   0.0184788
     3.48839   0.0829868   0.0970123   0.0092749
     3.67696    0.136511   0.0758667  0.00821374
     3.86552    0.161063    0.112005  0.00986018
     4.05408   0.0117851   0.0437492  0.00886869
     4.24264           0   0.0183989  0.00504295
      4.4312           0   0.0148848  0.00375261
     4.61976           0  0.00739639  0.00276077
     4.80833           0  0.00303835   0.0020626
     4.99689           0           0           0
     5.18545           0           0           0
     5.37401           0           0           0
     5.56257           0           0           0
   0.0942809   0.0176777  0.00779722  0.00250966
    0.282843   0.0279896   0.0226774   0.0045306
    0.471405   0.0230792   0.0794007  0.00837546
    0.659966     0.22981     0.11922   0.0127505
    0.848528    0.372704    0.193591   0.0179263
     1.03709    0.512652    0.286012   0.0261514
     1.22565    0.397748    0.373433   0.0286077
     1.41421    0.429666    0.452789   0.0338979
     1.60278     0.51167    0.412047   0.0251919
     1.79134    0.391364    0.419279   0.0226207
      1.9799    0.305431    0.351634   0.0223952
     2.16846    0.404622    0.395144   0.0138621
     2.35702    0.179723     0.42169   0.0527521
     2.54558    0.438995    0.468815   0.0689391
     2.73415    0.285298    0.373299   0.0316398
     2.92271     0.30052    0.271831   0.0273353
     3.11127   0.0785674    0.171494   0.0178248
     3.29983   0.0324091    0.111066   0.0180815
     3.48839   0.0996824   0.0970933  0.00899419
     3.67696   0.0687465   0.0756509  0.00796767
     3.86552    0.142894    0.112941  0.00960572
     4.05408   0.0520509   0.0440007   0.0086035
     4.24264           0   0.0178414  0.00492085
      4.4312           0   0.0144338   0.0036659
     4.61976           0  0.00717225  0.00268619
     4.80833           0  0.00294628  0.00200215
     4.99689           0           0           0
     5.18545           0           0           0
     5.37401           0           0           0
     5.56257           0           0           0
   0.0942809           0  0.00756789  0.00244631
    0.282843  0.00196419   0.0220682  0.00443811
    0.471405    0.031918   0.0780042  0.00824473
    0.659966    0.228337    0.122429    0.012773
    0.848528    0.379088    0.199047   0.0182104
     1.03709    0.452254    0.290902   0.0258353
     1.22565    0.401676    0.374264   0.0277783
     1.41421    0.405604    0.451402   0.0329293
     1.60278    0.682554    0.420004   0.0256766
     1.79134    0.281861    0.415237   0.0223136
      1.9799    0.310832    0.350434   0.0217686
     2.16846    0.415425     0.39574   0.0134672
     2.35702    0.249943    0.416638   0.0514419
     2.54558    0.402658     0.46687   0.0669389
     2.73415    0.347661    0.372545   0.0307182
     2.92271    0.213114    0.270104   0.0265858
     3.11127   0.0751301     0.16866   0.0175244
     3.29983   0.0692375    0.109836   0.0175915
     3.48839   0.0692375    0.096274  0.00876689
     3.67696    0.105084   0.0765166  0.00778021
     3.86552    0.104102    0.112681  0.00932671
     4.05408   0.0756211   0.0449307  0.00840058
     4.24264           0   0.0173166  0.00480402
      4.4312           0   0.0140093  0.00358258
     4.61976           0   0.0069613  0.00261545
     4.80833           0  0.00285962  0.00194513
     4.99689           0           0           0
     5.18545           0           0           0
     5.37401           0           0           0
     5.56257           0           0           0
   0.0942809           0  0.00735167  0.00238595
    0.282843           0   0.0214377  0.00435587
    0.471405           0   0.0757755  0.00830493
    0.659966    0.210168    0.124936   0.0126516
    0.848528    0.317216    0.202423   0.0180003
     1.03709    0.603987    0.299847   0.0266007
     1.22565    0.415425     0.37544   0.0270095
     1.41421    0.456673    0.451552   0.0319888
     1.60278    0.561266     0.42404   0.0252582
     1.79134    0.339313    0.413068   0.0217812
      1.9799    0.347661    0.350355   0.0211468
     2.16846    0.301011    0.393034   0.0133516
     2.35702    0.261237    0.412198   0.0501634
     2.54558     0.42721    0.465736    0.065036
     2.73415      0.4552    0.374907   0.0299312
     2.92271    0.163027    0.267045   0.0260017
     3.11127   0.0991914    0.166675   0.0171357
     3.29983   0.0540151    0.108241   0.0171611
     3.48839   0.0348643   0.0945194  0.00869021
     3.67696   0.0834779   0.0767155  0.00756046
     3.86552    0.100173    0.112323  0.00906708
     4.05408   0.0481225   0.0450219  0.00816105
     4.24264  0.00540151   0.0169762  0.00467881
      4.4312  0.00343732   0.0137072  0.00349293
     4.61976  0.00589256  0.00693077   0.0025409
     4.80833  0.00932988  0.00304449  0.00189832
     4.99689           0           0           0
     5.18545           0           0           0
     5.37401           0           0           0
     5.56257           0           0           0
   0.0942809  0.00589256  0.00731113  0.00232002
    0.282843   0.0220971    0.021456  0.00423491
    0.471405    0.116869    0.076917  0.00815231
    0.659966    0.164009    0.126022   0.0123467
    0.848528      0.4223    0.208531   0.0185075
     1.03709    0.521491    0.306004   0.0265648
     1.22565    0.486627    0.378529   0.0264353
     1.41421     0.33342    0.448271   0.0312681
     1.60278    0.335876    0.421591    0.024675
     1.79134    0.419354    0.413243   0.0211769
      1.9799    0.265656    0.348002   0.0206899
     2.16846    0.306413    0.390627   0.0131958
     2.35702    0.390873    0.411606   0.0487734
     2.54558    0.409533    0.464175   0.0632481
     2.73415    0.422791    0.376237   0.0291293
     2.92271    0.189544    0.264892   0.0253684
     3.11127    0.138475    0.165892   0.0166776
     3.29983   0.0972272    0.107935   0.0166871
     3.48839  0.00932988    0.092153  0.00876508
     3.67696   0.0491046   0.0759485  0.00738925
     3.86552   0.0982093    0.111931  0.00882369
     4.05408           0   0.0437713  0.00802961
     4.24264   0.0491046   0.0178686  0.00463318
      4.4312           0   0.0133265  0.00341659
     4.61976   0.0358464  0.00773398  0.00259417
     4.80833   0.0132583   0.0033282  0.00186667
     4.99689           0           0           0
     5.18545           0           0           0
     5.37401           0           0           0
     5.56257           0           0           0
   0.0942809   0.0166956  0.00756477  0.00227113
    0.282843   0.0682554   0.0227208   0.0043052
    0.471405    0.138475   0.0785807  0.00809997
    0.659966    0.203293     0.12811   0.0121883
    0.848528    0.329492      0.2118   0.0182938
     1.03709     0.40364    0.308643   0.0259775
     1.22565    0.470913    0.381025   0.0258385
     1.41421    0.232265    0.442433   0.0309632
     1.60278    0.582381    0.425936   0.0243878
     1.79134    0.316234    0.410621   0.0207662
      1.9799    0.360428    0.348338   0.0201334
     2.16846    0.250925    0.386852   0.0133684
     2.35702      0.4223    0.411895   0.0474561
     2.54558    0.356009    0.461252   0.0616063
     2.73415    0.341768    0.375305   0.0283569
     2.92271     0.25338    0.264581   0.0246846
     3.11127    0.194454    0.166664   0.0162447
     3.29983    0.115396    0.108136   0.0162373
     3.48839  0.00147314   0.0897022  0.00886421
     3.67696   0.0491046    0.075223  0.00722507
     3.86552   0.0982093     0.11156    0.008593
     4.05408           0   0.0425883  0.00789926
     4.24264   0.0132583    0.017744  0.00450963
      4.4312   0.0358464   0.0139351  0.00337803
     4.61976   0.0491046  0.00885211   0.0027545
     4.80833           0  0.00323825  0.00181839
     4.99689           0           0           0
     5.18545           0           0           0
     5.37401           0           0           0
     5.56257           0           0           0
   0.0942809    0.042721  0.00848993  0.00239239
    0.282843   0.0643271   0.0238157  0.00432889
    0.471405    0.110976   0.0794332  0.00793155
    0.659966    0.223917    0.130631   0.0121255
    0.848528    0.318198      0.2146   0.0180254
     1.03709    0.360919    0.310018   0.0253303
     1.22565    0.434576    0.382435   0.0251969
     1.41421    0.326546    0.439383   0.0302982
     1.60278    0.383998    0.424833    0.023771
     1.79134    0.571578    0.414857   0.0206472
      1.9799    0.339313      0.3481    0.019605
     2.16846    0.438995    0.388224   0.0130868
     2.35702    0.291191    0.408719   0.0463134
     2.54558    0.329983    0.457797   0.0600818
     2.73415    0.204275    0.370805   0.0279656
     2.92271    0.261728    0.264506   0.0240352
     3.11127    0.146823    0.166142   0.0158256
     3.29983    0.130127    0.108715   0.0158203
     3.48839   0.0545061    0.088776  0.00867919
     3.67696   0.0608898   0.0748458  0.00704478
     3.86552    0.105575    0.111403  0.00836831
     4.05408   0.0137493   0.0418294  0.00772775
     4.24264  0.00932988   0.0175226  0.00439639
      4.4312    0.042721   0.0146926    0.003373
     4.61976   0.0363374   0.0095754  0.00277536
     4.80833           0  0.00315303  0.00177253
     4.99689           0           0           0
     5.18545           0           0           0
     5.37401           0           0           0
     5.56257           0           0           0
   0.0942809   0.0230792  0.00886402  0.00236012
    0.282843   0.0510688   0.0245145  0.00427393
    0.471405    0.188071   0.0822188  0.00820275
    0.659966    0.186598    0.132066   0.0118993
    0.848528     0.32851    0.217521   0.0177983
     1.03709    0.261728     0.30878   0.0247111
     1.22565    0.485154    0.385068   0.0246881
     1.41421     0.36583    0.437497     0.02958
     1.60278    0.293155    0.421456      0.0234
     1.79134    0.442433    0.415564   0.0201299
      1.9799    0.499394     0.35198   0.0194823
     2.16846    0.377615    0.387952   0.0127541
     2.35702    0.313288    0.406272   0.0451905
     2.54558    0.466494     0.45802   0.0585417
     2.73415    0.321144    0.369531   0.0272775
     2.92271    0.147314    0.261501    0.023606
     3.11127     0.11245    0.164765   0.0154796
     3.29983    0.127181    0.109189   0.0154218
     3.48839   0.0481225   0.0877336  0.00851902
     3.67696   0.0520509   0.0742613  0.00688834
     3.86552    0.151242    0.112424  0.00821585
     4.05408   0.0073657   0.0409457  0.00757996
     4.24264  0.00491046   0.0171992  0.00429554
      4.4312   0.0117851   0.0146181  0.00328734
     4.61976   0.0373195   0.0102868  0.00279388
     4.80833           0  0.00307219  0.00172893
     4.99689           0           0           0
     5.18545           0           0           0
     5.37401           0           0           0
     5.56257           0           0           0
   0.0942809           0  0.00864242  0.00231149
    0.282843   0.0441942   0.0250065   0.0041953
    0.471405    0.228337   0.0858717  0.00877345
    0.659966    0.152715    0.132583    0.011613
    0.848528    0.344224    0.220689   0.0176329
     1.03709    0.281861    0.308107   0.0241024
     1.22565    0.468458    0.387153   0.0241588
     1.41421    0.344224    0.435165   0.0289322
     1.60278    0.374668    0.420287   0.0228442
     1.79134    0.478279    0.417132   0.0196876
      1.9799    0.490555    0.355444   0.0193008
     2.16846    0.353553    0.387092   0.0124642
     2.35702    0.345206    0.404745   0.0440865
     2.54558    0.390382    0.456329   0.0571025
     2.73415    0.251416    0.366578   0.0267549
     2.92271    0.144859    0.258585   0.0231952
     3.11127     0.22981    0.166391   0.0151778
     3.29983    0.111959    0.109258   0.0150364
     3.48839   0.0230792   0.0861173  0.00845799
     3.67696   0.0893704    0.074639  0.00672648
     3.86552    0.107048     0.11229  0.00801155
     4.05408           0   0.0399221  0.00745926
     4.24264           0   0.0167692  0.00420961
      4.4312   0.0491046   0.0154802  0.00331629
     4.61976           0   0.0100296  0.00273584
     4.80833           0  0.00299538  0.00168741
     4.99689           0           0           0
     5.18545           0           0           0
     5.37401           0           0           0
     5.56257           0           0           0
   0.0942809   0.0220971  0.00897058  0.00227829
    0.282843   0.0608898   0.0258817  0.00418327
    0.471405    0.095263   0.0861008  0.00856245
    0.659966    0.238157    0.135158   0.0116117
    0.848528    0.356991    0.224013   0.0175134
     1.03709    0.169902    0.304736   0.0237491
     1.22565    0.508724    0.390118   0.0237508
     1.41421    0.345697    0.432983   0.0283087
     1.60278     0.49252    0.422048   0.0223549
     1.79134    0.620192    0.422084   0.0198206
      1.9799    0.400203    0.356536   0.0188609
     2.16846    0.280879    0.384501   0.0124265
     2.35702    0.285298    0.401832   0.0431074
     2.54558    0.328019      0.4532   0.0557955
     2.73415    0.386453    0.367063   0.0261067
     2.92271    0.148296    0.255895   0.0227849
     3.11127    0.162045    0.166285    0.014808
     3.29983    0.122271    0.109575    0.014673
     3.48839   0.0235702   0.0845917  0.00838815
     3.67696    0.108521   0.0754654  0.00661299
     3.86552   0.0790585     0.11148  0.00785704
     4.05408   0.0191508   0.0394155  0.00729451
     4.24264   0.0289717   0.0170669  0.00411745
      4.4312   0.0201329   0.0155937  0.00323735
     4.61976           0    0.009785  0.00268003
     4.80833           0  0.00292232  0.00164783
     4.99689           0           0           0
     5.18545           0           0           0
     5.37401           0           0           0
     5.56257           0           0           0
   0.0942809  0.00392837  0.00885053  0.00222721
    0.282843   0.0628539    0.026762  0.00417526
    0.471405   0.0658002   0.0856174  0.00837221
    0.659966    0.266147    0.138276   0.0117466
    0.848528    0.298556    0.225788   0.0171861
     1.03709    0.190526    0.302017   0.0233388
     1.22565    0.430157    0.391072   0.0232044
     1.41421    0.372704    0.431548   0.0276711
     1.60278    0.684519    0.428298   0.0226793
     1.79134     0.51609    0.424323   0.0194746
      1.9799    0.451763    0.358803   0.0185476
     2.16846    0.211641    0.380386   0.0127941
     2.35702    0.361901    0.400881   0.0420915
     2.54558    0.392837    0.451763   0.0544855
     2.73415    0.296592    0.365385    0.025539
     2.92271    0.202802    0.254631   0.0222775
     3.11127   0.0815137    0.164267   0.0145923
     3.29983    0.141912    0.110345   0.0143438
     3.48839   0.0549972   0.0838871  0.00821797
     3.67696   0.0677644   0.0752821  0.00645808
     3.86552   0.0623629     0.11031  0.00775651
     4.05408   0.0368285   0.0393539   0.0071211
     4.24264   0.0491046   0.0178297  0.00408946
      4.4312           0   0.0152224  0.00318149
     4.61976           0  0.00955202  0.00262633
     4.80833           0  0.00285275  0.00161007
     4.99689           0           0           0
     5.18545           0           0           0
     5.37401           0           0           0
     5.56257           0           0           0
   0.0942809           0   0.0086447   0.0021849
    0.282843   0.0982093   0.0284236  0.00439636
    0.471405    0.063836   0.0851109  0.00819282
    0.659966    0.213605    0.140028   0.0116033
    0.848528    0.213605    0.225504   0.0167888
     1.03709    0.313779     0.30229   0.0227977
     1.22565    0.352571    0.390176    0.022682
     1.41421    0.487609    0.432852   0.0270583
     1.60278    0.756702    0.435935   0.0234025
     1.79134     0.50234    0.426137   0.0191061
      1.9799    0.341768    0.358407   0.0181205
     2.16846    0.216551    0.376575   0.0130515
     2.35702    0.391855    0.400671   0.0411131
     2.54558    0.362883    0.449696   0.0532576
     2.73415    0.212132    0.361821   0.0251925
     2.92271     0.18758    0.253072   0.0218139
     3.11127    0.161554    0.164204   0.0142531
     3.29983    0.179723    0.111959   0.0141007
     3.48839   0.0643271   0.0834322  0.00803944
     3.67696   0.0677644   0.0751073  0.00631026
     3.86552   0.0658002    0.109275  0.00764488
     4.05408   0.0471405   0.0395349  0.00695779
     4.24264  0.00196419   0.0174607  0.00401097
      4.4312           0   0.0148684  0.00312713
     4.61976           0  0.00932988  0.00257463
     4.80833           0   0.0027864  0.00157399
     4.99689           0           0           0
     5.18545           0           0           0
     5.37401           0           0           0
     5.56257           0           0           0
   0.0942809           0  0.00844823  0.00214406
    0.282843   0.0785674   0.0295632   0.0044417
    0.471405   0.0761122   0.0849064  0.00800917
    0.659966    0.214587    0.141723   0.0114627
    0.848528    0.353062    0.228404   0.0166557
     1.03709    0.291682    0.302049   0.0222808
     1.22565    0.402658     0.39046   0.0221683
     1.41421      0.4223    0.432612   0.0264444
     1.60278    0.493993    0.437254   0.0229078
     1.79134    0.533276    0.428572   0.0188264
      1.9799    0.491537    0.361432   0.0179595
     2.16846    0.264183    0.374021   0.0130025
     2.35702    0.301994    0.398428   0.0402399
     2.54558    0.490555    0.450624   0.0520553
     2.73415     0.17825    0.357649    0.024963
     2.92271    0.163518    0.251036   0.0214129
     3.11127   0.0461584    0.161521   0.0141794
     3.29983    0.113432    0.111992   0.0137802
     3.48839     0.17825   0.0855872  0.00814041
     3.67696    0.110976   0.0759225  0.00621928
     3.86552   0.0491046    0.107907  0.00759246
     4.05408   0.0491046   0.0397524  0.00680306
     4.24264           0   0.0170639  0.00393939
      4.4312           0   0.0145305  0.00307426
     4.61976           0  0.00911784  0.00252483
     4.80833           0  0.00272308  0.00153949
     4.99689           0           0           0
     5.18545           0           0           0
     5.37401           0           0           0
     5.56257           0           0           0
   0.0942809           0  0.00826049  0.00210462
    0.282843   0.0338822   0.0296592  0.00434403
    0.471405    0.142894    0.086195  0.00793418
    0.659966    0.135038    0.141574   0.0112089
    0.848528    0.362883    0.231392   0.0165515
     1.03709    0.402658    0.304285   0.0218976
     1.22565     0.58189    0.394714   0.0220801
     1.41421     0.36583    0.431128   0.0258983
     1.60278    0.416407    0.436791   0.0224034
     1.79134    0.472878    0.429556   0.0184337
      1.9799    0.467967      0.3638   0.0177158
     2.16846     0.26271    0.371548   0.0129467
     2.35702    0.337349    0.397071   0.0393685
     2.54558    0.353553    0.448467   0.0509432
     2.73415    0.250434    0.355267   0.0245217
     2.92271    0.176777    0.249386   0.0210005
     3.11127           0    0.157931   0.0143114
     3.29983   0.0535241    0.110693   0.0135351
     3.48839    0.247978   0.0891958   0.0087228
     3.67696    0.140439   0.0773562  0.00624414
     3.86552   0.0491046    0.106601  0.00753535
     4.05408   0.0491046   0.0399603  0.00665505
     4.24264           0   0.0166847  0.00387006
      4.4312           0   0.0142076  0.00302286
     4.61976           0  0.00891522  0.00247684
     4.80833           0  0.00266256  0.00150647
     4.99689           0           0           0
     5.18545           0           0           0
     5.37401           0           0           0
     5.56257           0           0           0
   0.0942809           0  0.00808092  0.00206651
    0.282843  0.00687465   0.0291639  0.00427774
    0.471405    0.154189   0.0876731  0.00789818
    0.659966    0.148296     0.14172   0.0109662
    0.848528    0.526893    0.237816   0.0173936
     1.03709    0.228828    0.302645   0.0214829
     1.22565    0.684519    0.401014   0.0224809
     1.41421     0.28628    0.427979    0.025526
     1.60278    0.440469    0.436871   0.0219165
     1.79134    0.365339     0.42816   0.0180858
      1.9799    0.554391    0.367943   0.0178086
     2.16846    0.321635    0.370462   0.0127106
     2.35702    0.356991      0.3962   0.0385223
     2.54558    0.290699    0.445037   0.0499511
     2.73415    0.202311    0.351941   0.0242131
     2.92271    0.171866    0.247701   0.0206115
     3.11127   0.0461584    0.155502   0.0142051
     3.29983    0.197401    0.112578   0.0133715
     3.48839    0.103611   0.0895092   0.0085388
     3.67696    0.118342   0.0782472  0.00617164
     3.86552   0.0491046    0.105351  0.00747448
     4.05408   0.0491046   0.0401591  0.00651335
     4.24264           0    0.016322  0.00380289
      4.4312           0   0.0138987  0.00297288
     4.61976           0  0.00872141  0.00243056
     4.80833           0  0.00260468  0.00147483
     4.99689           0           0           0
     5.18545           0           0           0
     5.37401           0           0           0
     5.56257           0           0           0
   0.0942809  0.00245523  0.00796122  0.00202601
    0.282843   0.0466494   0.0295359  0.00420287
    0.471405  0.00883883   0.0859958  0.00790624
    0.659966    0.218025    0.143344   0.0108524
    0.848528    0.438504    0.242086   0.0175399
     1.03709    0.283825    0.302244   0.0210295
     1.22565    0.685501    0.407067   0.0228029
     1.41421    0.480734    0.429101   0.0250076
     1.60278     0.43654    0.436864   0.0214502
     1.79134    0.343241    0.426354    0.017791
      1.9799     0.43163    0.369298   0.0174811
     2.16846    0.292173    0.368797   0.0125488
     2.35702    0.427701     0.39687   0.0377086
     2.54558    0.316725    0.442307   0.0489628
     2.73415    0.179723    0.348277   0.0239735
     2.92271     0.15468    0.245722   0.0202677
     3.11127    0.125708    0.154868    0.013917
     3.29983    0.112941    0.112585    0.013087
     3.48839   0.0883883   0.0894854  0.00835715
     3.67696    0.101647    0.078745  0.00606038
     3.86552   0.0535241    0.104248  0.00739634
     4.05408   0.0726749   0.0408509   0.0064114
     4.24264  0.00147314    0.016006  0.00373507
      4.4312           0    0.013603   0.0029243
     4.61976           0  0.00853585  0.00238592
     4.80833           0  0.00254926  0.00144449
     4.99689           0           0           0
     5.18545           0           0           0
     5.37401           0           0           0
     5.56257           0           0           0
   0.0942809   0.0491046  0.00881837  0.00215751
    0.282843           0   0.0289206  0.00416011
    0.471405   0.0142403   0.0845009  0.00788158
    0.659966    0.230301    0.145155   0.0107764
    0.848528    0.332929    0.243978   0.0172763
     1.03709    0.298556    0.302167   0.0205916
     1.22565    0.524438    0.409512   0.0224586
     1.41421    0.608406    0.432837    0.024764
     1.60278    0.552427    0.439272    0.021138
     1.79134    0.358464    0.424939   0.0174765
      1.9799    0.370249    0.369318    0.017117
     2.16846    0.354044    0.368489   0.0122912
     2.35702    0.452254    0.398024   0.0369406
     2.54558    0.222444    0.437727   0.0481565
     2.73415    0.179723    0.344766   0.0237299
     2.92271     0.21606    0.245104   0.0198549
     3.11127     0.12669    0.154281   0.0136394
     3.29983   0.0692375    0.111682   0.0128455
     3.48839   0.0869152   0.0894318  0.00818322
     3.67696    0.109503   0.0793858   0.0059679
     3.86552   0.0392837    0.102895  0.00736504
     4.05408     0.10803   0.0422504  0.00642877
     4.24264           0   0.0156726  0.00367211
      4.4312           0   0.0133196  0.00287707
     4.61976           0  0.00835802  0.00234283
     4.80833           0  0.00249615  0.00141537
     4.99689           0           0           0
     5.18545           0           0           0
     5.37401           0           0           0
     5.56257           0           0           0
   0.0942809   0.0265165  0.00917956   0.0021435
    0.282843   0.0225881   0.0287914  0.00407722
    0.471405   0.0589256    0.083979    0.007738
    0.659966    0.125217    0.144748   0.0105642
    0.848528     0.35208    0.246185    0.017064
     1.03709    0.302976    0.302184   0.0201713
     1.22565    0.487118    0.411096    0.022056
     1.41421    0.365339    0.431459   0.0242969
     1.60278    0.765541     0.44593   0.0217301
     1.79134    0.457655    0.425607   0.0171326
      1.9799    0.407568    0.370099   0.0167854
     2.16846    0.437031    0.369888   0.0121197
     2.35702    0.317216    0.396375   0.0362235
     2.54558    0.264674    0.434195   0.0473031
     2.73415    0.280387    0.343452   0.0232819
     2.92271    0.132583    0.242807   0.0195821
     3.11127    0.130618    0.153798   0.0133696
     3.29983   0.0648181    0.110726   0.0126189
     3.48839    0.103611   0.0897212  0.00802133
     3.67696   0.0869152   0.0795395  0.00584808
     3.86552   0.0157135    0.101115  0.00742653
     4.05408   0.0982093   0.0433925   0.0063982
     4.24264           0   0.0153527  0.00361108
      4.4312           0   0.0130478  0.00283117
     4.61976           0  0.00818745  0.00230122
     4.80833           0  0.00244521  0.00138741
     4.99689           0           0           0
     5.18545           0           0           0
     5.37401           0           0           0
     5.56257           0           0           0
   0.0942809   0.0309359  0.00961469  0.00214434
    0.282843   0.0294628   0.0288048   0.0039957
    0.471405   0.0824958   0.0839493  0.00758329
    0.659966   0.0829868    0.143513   0.0104249
    0.848528    0.504796    0.251357    0.017489
     1.03709    0.337349    0.302887   0.0197802
     1.22565    0.411497    0.411104   0.0216149
     1.41421    0.270567    0.428242   0.0240231
     1.60278    0.551936     0.44805   0.0213987
     1.79134    0.571578    0.428526   0.0170368
      1.9799    0.474351    0.372184   0.0165787
     2.16846    0.361901    0.369728   0.0118783
     2.35702    0.248961    0.393426   0.0356188
     2.54558    0.409042    0.433692   0.0463597
     2.73415    0.275968    0.342102   0.0228554
     2.92271    0.137984    0.240711   0.0193023
     3.11127    0.116378    0.153049   0.0131231
     3.29983    0.106557    0.110643   0.0123668
     3.48839    0.102138   0.0899695  0.00786475
     3.67696   0.0982093   0.0799129  0.00574303
     3.86552           0   0.0990932  0.00754833
     4.05408    0.074639   0.0440174  0.00630069
     4.24264   0.0235702   0.0155171  0.00354259
      4.4312           0   0.0127868  0.00278655
     4.61976           0   0.0080237  0.00226102
     4.80833           0  0.00239631  0.00136052
     4.99689           0           0           0
     5.18545           0           0           0
     5.37401           0           0           0
     5.56257           0           0           0
   0.0942809           0  0.00942616  0.00211057
    0.282843           0     0.02824  0.00395707
    0.471405   0.0893704   0.0840556  0.00743535
    0.659966     0.15026    0.143646   0.0102213
    0.848528    0.397257    0.254218   0.0173785
     1.03709    0.321635    0.303255   0.0193957
     1.22565    0.423773    0.411352   0.0211925
     1.41421    0.312305    0.425968   0.0236594
     1.60278    0.630013    0.451618   0.0212744
     1.79134    0.506269    0.430051   0.0167708
      1.9799    0.458146    0.373869   0.0163391
     2.16846    0.468949    0.371674   0.0118037
     2.35702    0.403149    0.393617   0.0349209
     2.54558    0.293646    0.430946   0.0455319
     2.73415    0.184633    0.339015   0.0226148
     2.92271    0.172848     0.23938   0.0189697
     3.11127   0.0839689    0.151695   0.0129355
     3.29983     0.11245    0.110678   0.0121243
     3.48839   0.0982093   0.0901311  0.00771219
     3.67696   0.0766032    0.079848  0.00563079
     3.86552    0.021606   0.0975738  0.00755168
     4.05408   0.0677644    0.044483  0.00619432
     4.24264   0.0304449   0.0158098   0.0034852
      4.4312           0   0.0125361  0.00274317
     4.61976           0  0.00786637  0.00222215
     4.80833           0  0.00234932  0.00133465
     4.99689           0           0           0
     5.18545           0           0           0
     5.37401           0           0           0
     5.56257           0           0           0
   0.0942809           0  0.00924489  0.00207775
    0.282843  0.00883883   0.0278669  0.00389852
    0.471405    0.150751   0.0853382  0.00740216
    0.659966   0.0982093    0.142772    0.010062
    0.848528    0.418863    0.257384   0.0173303
     1.03709    0.233738    0.301918   0.0190688
     1.22565    0.441942    0.411941   0.0207931
     1.41421    0.403149    0.425529   0.0232085
     1.60278      0.3894    0.450422   0.0208989
     1.79134    0.634432    0.433981   0.0169026
      1.9799    0.472878    0.375773   0.0161354
     2.16846     0.46944    0.373554   0.0117255
     2.35702    0.362392    0.393017   0.0342545
     2.54558    0.313779    0.428693    0.044712
     2.73415    0.260746    0.337509     0.02223
     2.92271    0.165974    0.237969   0.0186573
     3.11127    0.154189    0.151743   0.0126869
     3.29983   0.0186598    0.108908   0.0120196
     3.48839    0.145841   0.0912024  0.00763793
     3.67696   0.0569614   0.0794079  0.00553968
     3.86552   0.0240613   0.0961601  0.00753762
     4.05408   0.0613808    0.044808  0.00608372
     4.24264   0.0176777   0.0158457  0.00341836
      4.4312           0    0.012295  0.00270098
     4.61976           0  0.00771509  0.00218456
     4.80833           0  0.00230414  0.00130975
     4.99689           0           0           0
     5.18545           0           0           0
     5.37401           0           0           0
     5.56257           0           0           0
   0.0942809           0  0.00907046  0.00204586
    0.282843   0.0510688   0.0283047  0.00384946
    0.471405    0.164501   0.0868318  0.00741166
    0.659966    0.106557    0.142088  0.00989533
    0.848528    0.316725    0.258503   0.0170394
     1.03709    0.292664    0.301743   0.0187098
     1.22565      0.4881    0.413378   0.0204504
     1.41421    0.325073    0.423634   0.0228478
     1.60278     0.63345    0.453875    0.020788
     1.79134    0.352571    0.432445   0.0166533
      1.9799    0.495957    0.378041   0.0159895
     2.16846    0.477788    0.375521    0.011668
     2.35702      0.3894    0.392948   0.0336083
     2.54558     0.20182    0.424412   0.0440728
     2.73415    0.335876    0.337479   0.0218106
     2.92271    0.153206    0.236369   0.0183737
     3.11127    0.207222     0.15279   0.0124906
     3.29983  0.00294628    0.106909    0.011958
     3.48839   0.0672734   0.0907509  0.00750715
     3.67696    0.135529   0.0804668  0.00553543
     3.86552  0.00589256   0.0944569  0.00758538
     4.05408   0.0864242   0.0455932  0.00601939
     4.24264   0.0132583   0.0157969  0.00335421
      4.4312           0   0.0120631  0.00265997
     4.61976           0  0.00756953  0.00214819
     4.80833           0  0.00226067  0.00128576
     4.99689           0           0           0
     5.18545           0           0           0
     5.37401           0           0           0
     5.56257           0           0           0
   0.0942809   0.0324091  0.00950266  0.00205311
    0.282843   0.0338822   0.0284079  0.00377956
    0.471405    0.118833   0.0874244  0.00729806
    0.659966    0.120306    0.141685  0.00972031
    0.848528    0.341277    0.260036   0.0167927
     1.03709     0.22981    0.300411   0.0184106
     1.22565    0.500867    0.414998   0.0201357
     1.41421     0.57256    0.426392   0.0225906
     1.60278    0.422791    0.453299    0.020411
     1.79134    0.414934    0.432121   0.0163481
      1.9799    0.415916    0.378742   0.0157088
     2.16846    0.456182    0.377014   0.0115471
     2.35702    0.388418    0.392864    0.032986
     2.54558    0.268111    0.421518   0.0433516
     2.73415    0.278423    0.336385   0.0214341
     2.92271    0.217534    0.236021   0.0180368
     3.11127    0.196419    0.153597   0.0122854
     3.29983           0    0.104929   0.0118993
     3.48839           0   0.0890704   0.0075539
     3.67696     0.17383   0.0821957  0.00569654
     3.86552   0.0225881    0.093126  0.00756077
     4.05408   0.0982093   0.0465676  0.00598626
     4.24264           0   0.0155043  0.00330483
      4.4312           0   0.0118397  0.00262007
     4.61976           0  0.00742935  0.00211297
     4.80833           0   0.0022188  0.00126263
     4.99689           0           0           0
     5.18545           0           0           0
     5.37401           0           0           0
     5.56257           0           0           0
   0.0942809   0.0491046   0.0102227  0.00213832
    0.282843   0.0186598   0.0282307  0.00371499
    0.471405    0.175795   0.0890312   0.0073401
    0.659966   0.0977182    0.140886  0.00957639
    0.848528     0.25829    0.260005   0.0164874
     1.03709    0.180705    0.298235   0.0182041
     1.22565    0.642289     0.41913   0.0201893
     1.41421    0.575506    0.429103   0.0223419
     1.60278    0.335385    0.451156   0.0201522
     1.79134    0.620683    0.435549   0.0164064
      1.9799    0.304449    0.377391   0.0154812
     2.16846    0.418372    0.377766   0.0113616
     2.35702    0.241104    0.390105   0.0325015
     2.54558    0.432612     0.42172   0.0425639
     2.73415    0.184633    0.333626   0.0212212
     2.92271    0.246014    0.236202   0.0177097
     3.11127    0.212132    0.154662    0.012108
     3.29983   0.0348643    0.103655   0.0117509
     3.48839   0.0127672    0.087683  0.00754288
     3.67696    0.111959   0.0827369  0.00561861
     3.86552   0.0520509   0.0923792  0.00746009
     4.05408   0.0982093   0.0475065   0.0059506
     4.24264           0   0.0152224  0.00325674
      4.4312           0   0.0116244  0.00258126
     4.61976           0  0.00729427  0.00207887
     4.80833           0  0.00217846  0.00124032
     4.99689           0           0           0
     5.18545           0           0           0
     5.37401           0           0           0
     5.56257           0           0           0
   0.0942809   0.0554882    0.011031  0.00224773
    0.282843   0.0353553   0.0283579  0.00365083
    0.471405   0.0721838   0.0887303  0.00721519
    0.659966    0.174813    0.141492  0.00942453
    0.848528    0.168429    0.258369   0.0162739
     1.03709    0.251907    0.297407   0.0178978
     1.22565    0.596621      0.4223    0.020076
     1.41421    0.467476    0.429788   0.0219535
     1.60278    0.497921    0.451991   0.0198096
     1.79134    0.480734    0.436356   0.0161333
      1.9799    0.393328    0.377676   0.0152073
     2.16846     0.41788    0.378483   0.0111813
     2.35702    0.241104    0.387444   0.0320298
     2.54558    0.439487    0.422037    0.041805
     2.73415    0.265656    0.332412   0.0208769
     2.92271    0.189053     0.23536   0.0174135
     3.11127    0.290699    0.157091   0.0121331
     3.29983    0.074639    0.103137   0.0115525
     3.48839   0.0176777   0.0864329  0.00751106
     3.67696   0.0535241   0.0822152  0.00554245
     3.86552    0.021115   0.0911066  0.00743462
     4.05408   0.0982093   0.0484119  0.00591282
     4.24264           0   0.0149506  0.00320991
      4.4312           0   0.0114168   0.0025435
     4.61976           0  0.00716402  0.00204582
     4.80833           0  0.00213956  0.00121878
     4.99689           0           0           0
     5.18545           0           0           0
     5.37401           0           0           0
     5.56257           0           0           0
   0.0942809   0.0274986   0.0113199  0.00222678
    0.282843   0.0559793   0.0288425   0.0036188
    0.471405    0.118342   0.0892498  0.00710729
    0.659966   0.0751301    0.140327  0.00933082
    0.848528    0.271549    0.258601     0.01599
     1.03709    0.318198    0.297772   0.0175875
     1.22565     0.48319    0.423368   0.0197522
     1.41421    0.416407    0.429554   0.0215696
     1.60278    0.540151    0.453537   0.0195223
     1.79134     0.25338    0.433146   0.0161664
      1.9799    0.622156    0.381965   0.0155336
     2.16846    0.456673    0.379855    0.011069
     2.35702    0.266638    0.385325   0.0315379
     2.54558     0.39873    0.421628   0.0410736
     2.73415    0.162045    0.329423   0.0207235
     2.92271    0.312797    0.236719   0.0171609
     3.11127    0.207222     0.15797    0.011952
     3.29983    0.095263    0.102999   0.0113507
     3.48839   0.0407568   0.0856316  0.00742191
     3.67696   0.0829868   0.0822287  0.00544523
     3.86552           0   0.0895083  0.00747403
     4.05408   0.0982093   0.0492855  0.00587328
     4.24264           0   0.0146883   0.0031643
      4.4312           0   0.0112165  0.00250675
     4.61976           0  0.00703833  0.00201379
     4.80833           0  0.00210202  0.00119798
     4.99689           0           0           0
     5.18545           0           0           0
     5.37401           0           0           0
     5.56257           0           0           0
   0.0942809   0.0274986   0.0115989  0.00220579
    0.282843   0.0982093   0.0300385  0.00374883
    0.471405    0.130618   0.0899631  0.00702045
    0.659966     0.12669    0.140092   0.0091729
    0.848528    0.224899    0.258019   0.0157249
     1.03709    0.363865    0.298912   0.0173212
     1.22565    0.376142    0.422554   0.0194284
     1.41421     0.25829    0.426601   0.0213988
     1.60278    0.633941    0.456648    0.019432
     1.79134    0.398239    0.432544   0.0158989
      1.9799    0.653583    0.386648   0.0159561
     2.16846    0.416407    0.380485   0.0108961
     2.35702    0.256326    0.383101   0.0310725
     2.54558    0.322126    0.419912   0.0404012
     2.73415    0.253871    0.328121   0.0204071
     2.92271    0.119815    0.234703    0.016983
     3.11127    0.302976    0.160471   0.0120046
     3.29983    0.120306    0.103298   0.0111589
     3.48839   0.0392837   0.0848325  0.00733684
     3.67696   0.0820047   0.0822249  0.00535134
     3.86552           0    0.087965   0.0075028
     4.05408   0.0982093   0.0501291  0.00583227
     4.24264           0   0.0144351  0.00311986
      4.4312           0   0.0110231  0.00247098
     4.61976           0  0.00691698  0.00198272
     4.80833           0  0.00206578  0.00117787
     4.99689           0           0           0
     5.18545           0           0           0
     5.37401           0           0           0
     5.56257           0           0           0
   0.0942809   0.0294628   0.0119016  0.00218909
    0.282843   0.0461584   0.0303117  0.00369524
    0.471405    0.138966   0.0907936  0.00695041
    0.659966    0.138966    0.140073  0.00901745
    0.848528      0.3236    0.259131   0.0154976
     1.03709    0.247978    0.298049   0.0170491
     1.22565    0.363374    0.421551    0.019125
     1.41421    0.326055    0.424897   0.0211039
     1.60278    0.535241     0.45798   0.0191482
     1.79134    0.521982     0.43406   0.0157015
      1.9799    0.559302    0.389575   0.0159518
     2.16846    0.377124    0.380428   0.0107115
     2.35702    0.344715     0.38245   0.0305527
     2.54558    0.362883    0.418946    0.039728
     2.73415    0.184633    0.325689   0.0202056
     2.92271    0.158117    0.233405   0.0167447
     3.11127    0.278423     0.16247   0.0119664
     3.29983    0.151733    0.104118   0.0109999
     3.48839   0.0181687   0.0837026  0.00729897
     3.67696   0.0982093   0.0824958   0.0052675
     3.86552           0   0.0864741  0.00752232
     4.05408   0.0982093    0.050944  0.00579007
     4.24264           0   0.0141904  0.00307656
      4.4312           0   0.0108363  0.00243615
     4.61976           0  0.00679974  0.00195258
     4.80833           0  0.00203077  0.00115843
     4.99689           0           0           0
     5.18545           0           0           0
     5.37401           0           0           0
     5.56257           0           0           0
   0.0942809  0.00883883   0.0118506   0.0021532
    0.282843    0.108521   0.0316152   0.0038567
    0.471405    0.101156   0.0909663  0.00683672
    0.659966    0.109012    0.139555  0.00888201
    0.848528    0.331947    0.260345   0.0152868
     1.03709    0.228828    0.296895   0.0168039
     1.22565    0.424264    0.421596   0.0188063
     1.41421    0.397748    0.424444    0.020757
     1.60278    0.376142    0.456616   0.0188776
     1.79134    0.534258     0.43573   0.0155284
      1.9799    0.535732    0.392011   0.0158708
     2.16846    0.486627    0.382198   0.0106782
     2.35702    0.368776    0.382222   0.0300443
     2.54558    0.381543    0.418322   0.0390708
     2.73415    0.306904    0.325376   0.0198713
     2.92271   0.0412479    0.230203   0.0167691
     3.11127    0.163518    0.162487    0.011767
     3.29983    0.168429     0.10519   0.0108687
     3.48839   0.0333912   0.0828641  0.00722532
     3.67696   0.0982093   0.0827577  0.00518621
     3.86552           0   0.0850329  0.00753375
     4.05408   0.0982093   0.0517317  0.00574691
     4.24264           0   0.0139539  0.00303436
      4.4312           0   0.0106557  0.00240224
     4.61976           0  0.00668641  0.00192332
     4.80833           0  0.00199692  0.00113961
     4.99689           0           0           0
     5.18545           0           0           0
     5.37401           0           0           0
     5.56257           0           0           0
   0.0942809           0   0.0116563  0.00212664
    0.282843    0.147805     0.03352  0.00423782
    0.471405   0.0780764    0.090755  0.00672791
    0.659966   0.0991914    0.138894  0.00876101
    0.848528    0.278423    0.260641    0.015039
     1.03709    0.346188    0.297703   0.0165479
     1.22565     0.26762    0.419072   0.0186666
     1.41421    0.544079    0.426405   0.0205092
     1.60278     0.49743    0.457285     0.01858
     1.79134    0.459128    0.436114   0.0152786
      1.9799    0.340786    0.391171   0.0156328
     2.16846    0.569123    0.385262    0.010934
     2.35702    0.348643    0.381672   0.0295568
     2.54558    0.411497    0.418211   0.0384304
     2.73415    0.197892    0.323286   0.0196551
     2.92271    0.147805    0.228852   0.0165485
     3.11127    0.160572    0.162456   0.0115741
     3.29983    0.179723    0.106412   0.0107589
     3.48839   0.0329001    0.082045  0.00715315
     3.67696   0.0653092   0.0824716  0.00510907
     3.86552   0.0397748   0.0842909  0.00744669
     4.05408   0.0805316   0.0522039  0.00567206
     4.24264    0.010803   0.0139022  0.00298505
      4.4312           0    0.010481   0.0023692
     4.61976           0   0.0065768  0.00189491
     4.80833           0  0.00196419   0.0011214
     4.99689           0           0           0
     5.18545           0           0           0
     5.37401           0           0           0
     5.56257           0           0           0
   0.0942809           0   0.0114683  0.00210064
    0.282843    0.111959   0.0347851  0.00435422
    0.471405     0.11245   0.0911049  0.00662848
    0.659966    0.121288     0.13861  0.00862431
    0.848528    0.257799    0.260595   0.0147965
     1.03709    0.252398    0.296972   0.0162971
     1.22565    0.359937    0.418118   0.0183899
     1.41421    0.498903    0.427575   0.0202117
     1.60278    0.650145    0.460396   0.0185389
     1.79134    0.444888    0.436255   0.0150328
      1.9799    0.428192    0.391768   0.0153921
     2.16846    0.389891    0.385337   0.0107579
     2.35702    0.397257    0.381923   0.0290812
     2.54558    0.479752    0.419203   0.0378234
     2.73415    0.129636    0.320162   0.0195847
     2.92271     0.12178    0.227125   0.0163714
     3.11127    0.165974    0.162513   0.0113876
     3.29983    0.148787    0.107096   0.0106071
     3.48839   0.0235702   0.0811019  0.00709968
     3.67696    0.105575   0.0828443  0.00504024
     3.86552   0.0540151   0.0838026  0.00734257
     4.05408   0.0491046   0.0521539  0.00558079
     4.24264           0    0.013678  0.00294532
      4.4312           0    0.010312  0.00233701
     4.61976           0  0.00647072  0.00186732
     4.80833           0  0.00193251  0.00110376
     4.99689           0           0           0
     5.18545           0           0           0
     5.37401           0           0           0
     5.56257           0           0           0
   0.0942809           0   0.0112863  0.00207517
    0.282843   0.0594166   0.0351761  0.00430262
    0.471405    0.163518   0.0922544  0.00662218
    0.659966    0.141421    0.138654  0.00848753
    0.848528    0.289226     0.26105   0.0145686
     1.03709    0.149769    0.294636   0.0162051
     1.22565    0.410024     0.41799   0.0180984
     1.41421     0.55832     0.42965   0.0199971
     1.60278    0.597112    0.462566   0.0183712
     1.79134    0.442924    0.436361   0.0147946
      1.9799    0.517072    0.393757   0.0152757
     2.16846    0.322617    0.384341   0.0106331
     2.35702    0.357482    0.381535   0.0286221
     2.54558    0.477788    0.420133   0.0372345
     2.73415   0.0770943    0.316304   0.0196502
     2.92271    0.160081    0.226061   0.0161461
     3.11127    0.164992    0.162552   0.0112069
     3.29983    0.125708    0.107391   0.0104428
     3.48839   0.0893704   0.0812331   0.0069882
     3.67696    0.101156   0.0831349  0.00496861
     3.86552   0.0491046   0.0832518  0.00724665
     4.05408   0.0491046   0.0521055  0.00549242
     4.24264           0   0.0134609  0.00290656
      4.4312           0   0.0101483  0.00230564
     4.61976           0  0.00636801   0.0018405
     4.80833           0  0.00190183  0.00108667
     4.99689           0           0           0
     5.18545           0           0           0
     5.37401           0           0           0
     5.56257           0           0           0
   0.0942809           0   0.0111099  0.00205022
    0.282843   0.0191508   0.0349257  0.00424267
    0.471405     0.19249   0.0938205  0.00670135
    0.659966    0.248961    0.140378  0.00852811
    0.848528    0.252889    0.260922   0.0143416
     1.03709    0.184142    0.292909   0.0160436
     1.22565    0.445379    0.418418   0.0178207
     1.41421    0.369267    0.428707   0.0197069
     1.60278    0.509706    0.463302   0.0180989
     1.79134    0.519527     0.43766   0.0146203
      1.9799     0.60055    0.396988    0.015375
     2.16846    0.332438     0.38353   0.0104979
     2.35702    0.383507    0.381566   0.0281749
     2.54558    0.369267    0.419338   0.0366611
     2.73415    0.118833    0.313219   0.0195839
     2.92271    0.135038    0.224638   0.0159563
     3.11127    0.210168    0.163296   0.0110565
     3.29983   0.0329001    0.106227   0.0103443
     3.48839    0.213114   0.0832937   0.0071764
     3.67696   0.0677644   0.0828948  0.00489678
     3.86552   0.0491046   0.0827183  0.00715304
     4.05408   0.0491046   0.0520586   0.0054068
     4.24264           0   0.0132506  0.00286874
      4.4312           0  0.00998972  0.00227506
     4.61976           0  0.00626851  0.00181443
     4.80833           0  0.00187211  0.00107009
     4.99689           0           0           0
     5.18545           0           0           0
     5.37401           0           0           0
     5.56257           0           0           0
   0.0942809           0    0.010939  0.00202579
    0.282843   0.0481225   0.0351287  0.00418225
    0.471405    0.210168   0.0956105  0.00683313
    0.659966    0.169902    0.140832    0.008409
    0.848528     0.19691    0.259937   0.0141547
     1.03709     0.25338    0.292301   0.0158083
     1.22565    0.383016    0.417873   0.0175549
     1.41421    0.459128    0.429175   0.0194093
     1.60278    0.477788    0.463525   0.0178218
     1.79134    0.493011    0.438512   0.0144202
      1.9799    0.609389    0.400256   0.0154818
     2.16846    0.562739    0.386287   0.0106923
     2.35702    0.231283    0.379254   0.0278362
     2.54558    0.349625    0.418266   0.0361128
     2.73415    0.121288    0.310266   0.0195039
     2.92271    0.185616    0.224038   0.0157221
     3.11127    0.143386     0.16299   0.0108906
     3.29983   0.0569614    0.105469   0.0102129
     3.48839    0.137984   0.0841351  0.00711515
     3.67696    0.115396   0.0833948   0.0048469
     3.86552   0.0491046   0.0822012  0.00706166
     4.05408   0.0491046   0.0520131  0.00532381
     4.24264           0   0.0130467  0.00283184
      4.4312           0  0.00983604  0.00224524
     4.61976           0  0.00617208  0.00178907
     4.80833           0  0.00184331  0.00105402
     4.99689           0           0           0
     5.18545           0           0           0
     5.37401           0           0           0
     5.56257           0           0           0
   0.0942809           0   0.0107733  0.00200187
    0.282843    0.103611   0.0361663  0.00424565
    0.471405    0.298065    0.098678   0.0073861
    0.659966   0.0815137    0.139933  0.00832948
    0.848528     0.18316    0.258774   0.0139879
     1.03709    0.208695    0.291034   0.0156194
     1.22565    0.448816    0.418342   0.0172951
     1.41421    0.440469    0.429346    0.019116
     1.60278    0.499885    0.464076   0.0175603
     1.79134    0.378597    0.437604   0.0142303
      1.9799    0.531803    0.402249    0.015375
     2.16846    0.584836    0.389296   0.0109453
     2.35702    0.359446    0.378954    0.027416
     2.54558    0.282843    0.416214   0.0356239
     2.73415    0.182669    0.308332    0.019304
     2.92271    0.210659    0.223835   0.0154852
     3.11127    0.123744    0.162395   0.0107418
     3.29983    0.108521    0.105515   0.0100583
     3.48839    0.094772   0.0842963  0.00700917
     3.67696   0.0829868   0.0833886  0.00477347
     3.86552   0.0491046   0.0816997  0.00697244
     4.05408   0.0235702   0.0515822  0.00526056
     4.24264   0.0255344   0.0132359  0.00279525
      4.4312           0  0.00968701  0.00221616
     4.61976           0  0.00607856  0.00176441
     4.80833           0  0.00181538  0.00103842
     4.99689           0           0           0
     5.18545           0           0           0
     5.37401           0           0           0
     5.56257           0           0           0
   0.0942809   0.0132583   0.0108103  0.00197233
    0.282843     0.12669   0.0375174    0.004392
    0.471405    0.214096    0.100401  0.00747405
    0.659966    0.139948    0.139934  0.00820516
    0.848528    0.188071    0.257719   0.0138189
     1.03709    0.191999    0.289556   0.0154561
     1.22565     0.30052    0.416583   0.0171262
     1.41421      0.3565    0.428258   0.0188616
     1.60278    0.635414    0.466633   0.0174834
     1.79134    0.493502    0.438438   0.0140423
      1.9799    0.461584    0.403134    0.015171
     2.16846    0.597603    0.392405   0.0112148
     2.35702     0.37074    0.378831   0.0270071
     2.54558    0.325564    0.414861   0.0351179
     2.73415   0.0898615    0.305072   0.0192893
     2.92271    0.207222    0.223587   0.0152561
     3.11127    0.179723    0.162654   0.0105846
     3.29983    0.193963    0.106836  0.00999442
     3.48839   0.0721838   0.0841155  0.00690688
     3.67696   0.0623629   0.0830748  0.00471253
     3.86552   0.0520509   0.0812572  0.00688241
     4.05408  0.00441942   0.0508783  0.00522893
     4.24264   0.0260255   0.0134268  0.00276004
      4.4312           0  0.00954242   0.0021878
     4.61976           0  0.00598783  0.00174041
     4.80833           0  0.00178829  0.00102327
     4.99689           0           0           0
     5.18545           0           0           0
     5.37401           0           0           0
     5.56257           0           0           0
   0.0942809           0   0.0106514  0.00194972
    0.282843    0.167447   0.0394281   0.0047248
    0.471405    0.110976    0.100556  0.00736575
    0.659966    0.158608    0.140208  0.00808909
    0.848528    0.165483    0.256362   0.0136821
     1.03709     0.28628    0.289508   0.0152288
     1.22565    0.305922    0.414956   0.0169514
     1.41421    0.355518    0.427189   0.0186145
     1.60278    0.775853    0.471181   0.0178079
     1.79134    0.430157    0.438317   0.0138363
      1.9799    0.519527    0.404846   0.0150441
     2.16846    0.458637    0.393379   0.0110921
     2.35702    0.376142    0.378792     0.02661
     2.54558    0.242577    0.412327   0.0346927
     2.73415    0.198383    0.303503   0.0190694
     2.92271    0.125217    0.222141   0.0151002
     3.11127    0.366321    0.165649   0.0108444
     3.29983   0.0775853    0.106405  0.00985669
     3.48839  0.00687465   0.0829796  0.00689808
     3.67696   0.0795495   0.0830229  0.00464351
     3.86552   0.0515599   0.0808205  0.00679504
     4.05408  0.00245523   0.0501662  0.00520029
     4.24264  0.00294628   0.0132727  0.00272375
      4.4312  0.00441942  0.00946709  0.00215692
     4.61976   0.0348643  0.00641249  0.00176586
     4.80833           0  0.00176199  0.00100856
     4.99689           0           0           0
     5.18545           0           0           0
     5.37401           0           0           0
     5.56257           0           0           0
   0.0942809           0    0.010497  0.00192757
    0.282843    0.130127   0.0407426  0.00483572
    0.471405    0.105084    0.100622  0.00725929
    0.659966    0.095754    0.139564  0.00799747
    0.848528    0.197401    0.255508   0.0135105
     1.03709     0.23472    0.288714   0.0150288
     1.22565    0.402658    0.414778   0.0167067
     1.41421    0.436049    0.427317   0.0183452
     1.60278    0.634432    0.473547   0.0177062
     1.79134    0.487118    0.439024   0.0136539
      1.9799    0.477297    0.405896   0.0148627
     2.16846    0.537696     0.39547   0.0111268
     2.35702    0.366321    0.378611   0.0262249
     2.54558    0.191508    0.409127   0.0343372
     2.73415    0.309359    0.303588   0.0187932
     2.92271   0.0599077     0.21979   0.0150633
     3.11127      0.4552    0.169845   0.0114705
     3.29983  0.00491046    0.104934  0.00982299
     3.48839    0.010803   0.0819336  0.00687696
     3.67696   0.0687465    0.082816  0.00458082
     3.86552   0.0491046   0.0803608  0.00671209
     4.05408           0   0.0494391   0.0051755
     4.24264           0   0.0130803  0.00269106
      4.4312   0.0279896  0.00973553   0.0021423
     4.61976    0.021115  0.00662557  0.00175308
     4.80833           0  0.00173645 0.000994269
     4.99689           0           0           0
     5.18545           0           0           0
     5.37401           0           0           0
     5.56257           0           0           0
   0.0942809           0    0.010347  0.00190585
    0.282843    0.147314   0.0422651  0.00500055
    0.471405   0.0667823    0.100138  0.00717167
    0.659966    0.113923    0.139198  0.00789161
    0.848528    0.149769    0.253997   0.0134016
     1.03709    0.305431    0.288953    0.014816
     1.22565    0.421809    0.414878   0.0164683
     1.41421      0.4881    0.428185   0.0181036
     1.60278    0.733623    0.477262   0.0178388
     1.79134    0.325073    0.437396   0.0135555
      1.9799    0.484172    0.407014   0.0146924
     2.16846    0.489082    0.396808   0.0110479
     2.35702    0.323109    0.377818   0.0258623
     2.54558    0.246996    0.406811   0.0339247
     2.73415    0.302976    0.303579   0.0185247
     2.92271    0.105575    0.218158   0.0149362
     3.11127    0.402658    0.173171    0.011779
     3.29983 0.000491046    0.103442  0.00979532
     3.48839   0.0491046   0.0814646  0.00679469
     3.67696   0.0982093   0.0830359  0.00452066
     3.86552           0   0.0792128  0.00671366
     4.05408           0   0.0487328  0.00514953
     4.24264           0   0.0128935  0.00265909
      4.4312   0.0491046   0.0102979  0.00218427
     4.61976           0  0.00653092  0.00173059
     4.80833           0  0.00171165 0.000980375
     4.99689           0           0           0
     5.18545           0           0           0
     5.37401           0           0           0
     5.56257           0           0           0
   0.0942809           0   0.0102013  0.00188458
    0.282843    0.151242      0.0438  0.00516031
    0.471405    0.135038     0.10063  0.00708748
    0.659966    0.138966    0.139194  0.00778046
    0.848528    0.148296    0.252508   0.0132953
     1.03709    0.331456    0.289551   0.0146194
     1.22565      0.4223    0.414983   0.0162367
     1.41421    0.448325    0.428469   0.0178509
     1.60278    0.630995    0.479427   0.0177185
     1.79134    0.343241     0.43607   0.0134293
      1.9799    0.501358    0.408343   0.0145454
     2.16846    0.402658     0.39689   0.0108926
     2.35702    0.364356    0.377628   0.0254987
     2.54558    0.290208    0.405169   0.0334866
     2.73415     0.26271    0.303003   0.0182727
     2.92271    0.153206    0.217243   0.0147538
     3.11127    0.284807    0.174743   0.0117175
     3.29983   0.0977182    0.103362  0.00965769
     3.48839   0.0491046   0.0810088  0.00671426
     3.67696   0.0982093   0.0832497  0.00446203
     3.86552           0   0.0780971  0.00671116
     4.05408           0   0.0480465  0.00512254
     4.24264   0.0122762   0.0128848  0.00262166
      4.4312   0.0368285   0.0106716  0.00218524
     4.61976           0  0.00643893  0.00170865
     4.80833           0  0.00168754 0.000966863
     4.99689           0           0           0
     5.18545           0           0           0
     5.37401           0           0           0
     5.56257           0           0           0
   0.0942809           0   0.0100596  0.00186372
    0.282843    0.147314   0.0452376  0.00528512
    0.471405   0.0191508   0.0994983  0.00707881
    0.659966    0.275477    0.141087  0.00789928
    0.848528    0.184633    0.251566    0.013144
     1.03709    0.417389    0.291327   0.0145238
     1.22565    0.301994    0.413413   0.0160869
     1.41421    0.432612    0.428527    0.017603
     1.60278    0.528366    0.480107   0.0174855
     1.79134     0.47877    0.436663   0.0132559
      1.9799    0.368776    0.407794   0.0143538
     2.16846     0.53033    0.398743   0.0108979
     2.35702    0.357973    0.377355    0.025146
     2.54558    0.327528     0.40409   0.0330389
     2.73415    0.197401    0.301537   0.0180777
     2.92271    0.146332    0.216258   0.0145817
     3.11127    0.212623    0.175269   0.0115666
     3.29983    0.180214    0.104429  0.00958236
     3.48839    0.095263   0.0812068  0.00662393
     3.67696   0.0520509   0.0828163  0.00442105
     3.86552           0   0.0770124  0.00670503
     4.05408           0   0.0473792  0.00509467
     4.24264           0   0.0127058  0.00259135
      4.4312   0.0412479   0.0110963  0.00219576
     4.61976  0.00785674  0.00645862  0.00168504
     4.80833           0   0.0016641 0.000953718
     4.99689           0           0           0
     5.18545           0           0           0
     5.37401           0           0           0
     5.56257           0           0           0
   0.0942809           0  0.00992183  0.00184328
    0.282843    0.147314    0.046636  0.00539453
    0.471405   0.0491046   0.0988079  0.00701542
    0.659966    0.245523    0.142518  0.00791956
    0.848528    0.278423    0.251934   0.0129691
     1.03709    0.320162    0.291722   0.0143302
     1.22565    0.320162    0.412136   0.0159171
     1.41421     0.41788    0.428381   0.0173625
     1.60278    0.454218    0.479752   0.0172495
     1.79134    0.384489    0.435948   0.0130935
      1.9799    0.550463    0.409748   0.0142896
     2.16846    0.582381    0.401259   0.0110351
     2.35702    0.350607    0.376989   0.0248042
     2.54558    0.308868    0.402786    0.032612
     2.73415    0.156644    0.299552   0.0179387
     2.92271    0.148787    0.215334   0.0144112
     3.11127    0.247978    0.176265   0.0114509
     3.29983     0.15026    0.105057  0.00947164
     3.48839   0.0937899   0.0813792  0.00653543
     3.67696   0.0284807    0.082072   0.0044227
     3.86552   0.0186598   0.0762131  0.00666066
     4.05408           0   0.0467301  0.00506606
     4.24264           0   0.0125318  0.00256169
      4.4312           0   0.0109443  0.00217094
     4.61976   0.0491046  0.00704282  0.00176031
     4.80833           0  0.00164131 0.000940926
     4.99689           0           0           0
     5.18545           0           0           0
     5.37401           0           0           0
     5.56257           0           0           0
   0.0942809           0  0.00978775  0.00182324
    0.282843    0.106066   0.0474391  0.00538108
    0.471405   0.0545061   0.0982093  0.00694612
    0.659966    0.242086    0.143863  0.00792602
    0.848528    0.285789    0.252391   0.0128019
     1.03709    0.290208    0.291701   0.0141366
     1.22565    0.408551    0.412087   0.0157021
     1.41421    0.354044    0.427376   0.0171569
     1.60278     0.56323     0.48088   0.0170533
     1.79134    0.320653     0.43439    0.013009
      1.9799    0.683537    0.413448   0.0145676
     2.16846    0.481225     0.40234   0.0109388
     2.35702    0.315743    0.376161   0.0244828
     2.54558    0.340786    0.401948   0.0321821
     2.73415    0.248961    0.298868   0.0177093
     2.92271   0.0756211    0.213446   0.0143396
     3.11127    0.279405    0.177659   0.0113807
     3.29983   0.0712017      0.1046  0.00935469
     3.48839   0.0653092    0.081162  0.00645072
     3.67696   0.0363374    0.081454  0.00440591
     3.86552  0.00196419   0.0752097  0.00664579
     4.05408  0.00245523   0.0461318   0.0050328
     4.24264  0.00883883   0.0124819  0.00252755
      4.4312   0.0176777   0.0110353  0.00214351
     4.61976   0.0201329  0.00721971  0.00174539
     4.80833   0.0289717  0.00201064 0.000998067
     4.99689           0           0           0
     5.18545           0           0           0
     5.37401           0           0           0
     5.56257           0           0           0
   0.0942809           0  0.00965725  0.00180359
    0.282843   0.0982093    0.048116  0.00535174
    0.471405   0.0491046   0.0975545  0.00688429
    0.659966    0.191999    0.144505  0.00784628
    0.848528    0.285789    0.252837    0.012639
     1.03709    0.317216    0.292042   0.0139522
     1.22565    0.477297    0.412957   0.0155168
     1.41421    0.329983    0.426078   0.0169772
     1.60278    0.609389    0.482594   0.0169118
     1.79134    0.476315    0.434949   0.0128475
      1.9799    0.541133     0.41515   0.0144725
     2.16846    0.287262    0.400805      0.0109
     2.35702     0.30494    0.375212   0.0241748
     2.54558    0.400203    0.401925    0.031753
     2.73415    0.312797    0.299054   0.0174742
     2.92271   0.0962451    0.211883   0.0142333
     3.11127    0.279896    0.179022   0.0113103
     3.29983  0.00834779    0.103316  0.00931757
     3.48839   0.0898615    0.081278  0.00636575
     3.67696   0.0491046   0.0810227  0.00436822
     3.86552           0   0.0742069  0.00663241
     4.05408           0   0.0455167  0.00500315
     4.24264   0.0491046   0.0129702  0.00254058
      4.4312           0   0.0108881  0.00211997
     4.61976   0.0260255  0.00747045  0.00174003
     4.80833   0.0230792  0.00229155  0.00102353
     4.99689           0           0           0
     5.18545           0           0           0
     5.37401           0           0           0
     5.56257           0           0           0
   0.0942809           0  0.00953018  0.00178433
    0.282843    0.101647   0.0488203  0.00532747
    0.471405   0.0540151   0.0969817   0.0068175
    0.659966    0.102629    0.143954  0.00776236
    0.848528    0.299047    0.253445   0.0124873
     1.03709    0.249452    0.291481   0.0137799
     1.22565    0.462566     0.41361   0.0153264
     1.41421     0.41788     0.42597   0.0167542
     1.60278    0.570105    0.483745   0.0167284
     1.79134    0.653583    0.437826   0.0129965
      1.9799    0.401185    0.414966   0.0142832
     2.16846    0.267129    0.399046   0.0108976
     2.35702    0.277441    0.373925   0.0238909
     2.54558    0.420336    0.402167   0.0313361
     2.73415    0.403149    0.300423   0.0172978
     2.92271    0.157626    0.211169   0.0140639
     3.11127    0.217042    0.179523   0.0111725
     3.29983    0.021606    0.102241  0.00925679
     3.48839   0.0643271    0.081055   0.0062859
     3.67696   0.0554882   0.0806867  0.00432365
     3.86552   0.0073657   0.0733274   0.0066032
     4.05408  0.00147314   0.0449372  0.00497076
     4.24264   0.0152224   0.0129998  0.00250733
      4.4312   0.0338822   0.0111907  0.00211356
     4.61976   0.0491046  0.00801827  0.00180131
     4.80833           0   0.0022614  0.00101051
     4.99689           0           0           0
     5.18545           0           0           0
     5.37401           0           0           0
     5.56257           0           0           0
   0.0942809           0  0.00940641  0.00176545
    0.282843    0.100173   0.0494873  0.00529987
    0.471405   0.0780764   0.0967361  0.00673338
    0.659966   0.0932988    0.143296  0.00768938
    0.848528    0.403149    0.255389   0.0124756
     1.03709    0.276459    0.291286   0.0136023
     1.22565    0.341277     0.41267   0.0151561
     1.41421    0.346679     0.42494   0.0165682
     1.60278    0.790094    0.487724   0.0169777
     1.79134    0.459619    0.438109   0.0128308
      1.9799    0.330965    0.413876   0.0141393
     2.16846    0.356009    0.398487   0.0107704
     2.35702    0.493011    0.375472   0.0236307
     2.54558    0.331456    0.401249   0.0309426
     2.73415    0.260255    0.299902   0.0170811
     2.92271     0.15468    0.210436   0.0139004
     3.11127    0.219989    0.180048   0.0110398
     3.29983   0.0225881    0.101207  0.00919419
     3.48839   0.0662913   0.0808632  0.00620719
     3.67696    0.031918   0.0800533  0.00431364
     3.86552           0   0.0723751  0.00658575
     4.05408   0.0491046   0.0449913   0.0049065
     4.24264           0    0.012831  0.00248044
      4.4312   0.0491046   0.0116831   0.0021427
     4.61976   0.0491046  0.00855186  0.00185527
     4.80833           0  0.00223203 0.000997808
     4.99689           0           0           0
     5.18545           0           0           0
     5.37401           0           0           0
     5.56257           0           0           0
   0.0942809           0  0.00928581  0.00174693
    0.282843   0.0603987   0.0496272  0.00523377
    0.471405   0.0751301   0.0964591  0.00665275
    0.659966    0.137002    0.143216  0.00759122
    0.848528    0.441451    0.257774   0.0125416
     1.03709    0.223917    0.290422   0.0134553
     1.22565    0.324091    0.411535   0.0150043
     1.41421    0.358464    0.424088   0.0163777
     1.60278    0.793531    0.491644   0.0172067
     1.79134    0.385962     0.43744   0.0126837
      1.9799    0.359937    0.413184    0.013975
     2.16846    0.397257    0.398472   0.0106323
     2.35702    0.632468    0.378767   0.0235563
     2.54558    0.242086    0.399208   0.0306131
     2.73415    0.245523    0.299205   0.0168763
     2.92271    0.123253    0.209318   0.0137671
     3.11127    0.257308    0.181039   0.0109426
     3.29983           0   0.0999091  0.00916742
     3.48839   0.0672734    0.080689  0.00613005
     3.67696   0.0309359   0.0794236  0.00430405
     3.86552   0.0417389   0.0719824  0.00651302
     4.05408   0.0073657   0.0445089  0.00486725
     4.24264           0   0.0126665  0.00245409
      4.4312   0.0491046   0.0121628  0.00216827
     4.61976   0.0378106  0.00892697  0.00186902
     4.80833   0.0112941  0.00234821 0.000991757
     4.99689           0           0           0
     5.18545           0           0           0
     5.37401           0           0           0
     5.56257           0           0           0
   0.0942809           0  0.00916827  0.00172876
    0.282843   0.0491046   0.0496205  0.00516752
    0.471405   0.0594166   0.0959902  0.00658504
    0.659966    0.180705     0.14369  0.00750995
    0.848528    0.454709    0.260267   0.0126282
     1.03709    0.284807    0.290351   0.0132852
     1.22565    0.322126    0.410403    0.014857
     1.41421    0.299538    0.422511   0.0162461
     1.60278    0.644253    0.493576    0.017097
     1.79134    0.520509    0.438492   0.0125667
      1.9799    0.388909    0.412877   0.0138014
     2.16846    0.599077    0.401011   0.0107967
     2.35702    0.501358    0.380319   0.0233092
     2.54558    0.222935    0.396977   0.0303068
     2.73415    0.102629    0.296716   0.0168451
     2.92271    0.144368    0.208496   0.0136173
     3.11127    0.231283    0.181675   0.0108226
     3.29983   0.0712017   0.0995457  0.00905857
     3.48839   0.0564703   0.0803824  0.00606012
     3.67696   0.0707107   0.0793133  0.00425098
     3.86552 0.000982093   0.0710836  0.00649229
     4.05408           0   0.0439455  0.00483814
     4.24264           0   0.0125061  0.00242826
      4.4312    0.052542    0.012674  0.00220025
     4.61976  0.00392837   0.0088637  0.00184643
     4.80833   0.0417389  0.00284683  0.00109741
     4.99689           0           0           0
     5.18545           0           0           0
     5.37401           0           0           0
     5.56257           0           0           0
   0.0942809           0  0.00905367  0.00171095
    0.282843   0.0491046   0.0496141  0.00510293
    0.471405   0.0859331   0.0958645  0.00650393
    0.659966   0.0898615    0.143017  0.00744615
    0.848528    0.480243    0.263017   0.0127662
     1.03709    0.200838    0.289232   0.0131661
     1.22565    0.420827    0.410533   0.0146718
     1.41421    0.319671    0.421226   0.0160938
     1.60278    0.579926    0.494656   0.0169173
     1.79134    0.613317    0.440677   0.0125982
      1.9799    0.382525    0.412497   0.0136341
     2.16846    0.545061    0.402811   0.0108108
     2.35702    0.515108    0.382003   0.0230786
     2.54558     0.22539    0.394832   0.0300038
     2.73415   0.0810227     0.29402   0.0168489
     2.92271    0.184633    0.208198   0.0134504
     3.11127    0.189544    0.181773   0.0106877
     3.29983    0.125708   0.0998727  0.00895124
     3.48839   0.0589256   0.0801142   0.0059903
     3.67696   0.0127672   0.0784815  0.00427846
     3.86552   0.0869152   0.0712815  0.00641415
     4.05408  0.00392837   0.0434453  0.00480345
     4.24264  0.00294628   0.0123866  0.00240084
      4.4312   0.0260255   0.0128409  0.00217906
     4.61976   0.0230792  0.00904139  0.00183188
     4.80833           0  0.00281124  0.00108427
     4.99689           0           0           0
     5.18545           0           0           0
     5.37401           0           0           0
     5.56257           0           0           0
   0.0942809           0  0.00894189  0.00169347
    0.282843   0.0353553   0.0494381  0.00504297
    0.471405    0.111959   0.0960632  0.00642667
    0.659966   0.0908436    0.142373  0.00738203
    0.848528    0.570596    0.266814   0.0131612
     1.03709    0.194454    0.288062   0.0130555
     1.22565    0.380561    0.410163   0.0144954
     1.41421     0.40364    0.421009   0.0158966
     1.60278    0.567159    0.495551   0.0167321
     1.79134    0.474351    0.441093   0.0124495
      1.9799    0.406095    0.412418    0.013466
     2.16846     0.55832    0.404731   0.0108465
     2.35702    0.499394    0.383453   0.0228391
     2.54558    0.252889     0.39308   0.0296845
     2.73415    0.151242    0.292257   0.0167329
     2.92271    0.115396    0.207052    0.013333
     3.11127   0.0982093    0.180741   0.0106055
     3.29983   0.0967361    0.099834  0.00884082
     3.48839   0.0923167   0.0802649  0.00591824
     3.67696   0.0402658   0.0780097  0.00425157
     3.86552    0.114414    0.071814  0.00635703
     4.05408           0    0.042909    0.004774
     4.24264   0.0186598   0.0124641  0.00237245
      4.4312   0.0220971   0.0129551  0.00215516
     4.61976  0.00834779  0.00903283  0.00180928
     4.80833           0  0.00277653  0.00107144
     4.99689           0           0           0
     5.18545           0           0           0
     5.37401           0           0           0
     5.56257           0           0           0
   0.0942809           0  0.00883285  0.00167633
    0.282843  0.00441942   0.0488891  0.00501126
    0.471405    0.140439   0.0966044  0.00637104
    0.659966    0.236193    0.143517  0.00738014
    0.848528    0.391364    0.268333   0.0130881
     1.03709    0.209677    0.287106   0.0129312
     1.22565    0.306904    0.408904   0.0143732
     1.41421    0.425246     0.42106   0.0157028
     1.60278    0.538678    0.496077   0.0165364
     1.79134    0.564703      0.4426   0.0123886
      1.9799    0.429175    0.412623   0.0133034
     2.16846    0.672734       0.408   0.0111958
     2.35702    0.389891    0.383531   0.0225608
     2.54558    0.257308    0.391424   0.0293686
     2.73415    0.151242    0.290538   0.0166169
     2.92271   0.0942809    0.205677   0.0132412
     3.11127    0.102629    0.179789   0.0105188
     3.29983    0.074148   0.0995207  0.00873855
     3.48839   0.0697286   0.0801364  0.00584746
     3.67696    0.146332   0.0788429  0.00428058
     3.86552   0.0491046   0.0715371  0.00628554
     4.05408           0   0.0423857  0.00474438
     4.24264   0.0491046   0.0129109  0.00238523
      4.4312           0   0.0127971  0.00213466
     4.61976           0  0.00892267  0.00179057
     4.80833           0  0.00274267  0.00105891
     4.99689           0           0           0
     5.18545           0           0           0
     5.37401           0           0           0
     5.56257           0           0           0
   0.0942809           0  0.00872643   0.0016595
    0.282843           0      0.0483  0.00498538
    0.471405    0.142894   0.0971621  0.00631865
    0.659966    0.200838    0.144208  0.00732347
    0.848528    0.401185    0.269934   0.0130279
     1.03709    0.260255    0.286783   0.0127795
     1.22565    0.336367     0.40803   0.0142265
     1.41421    0.493011    0.421927   0.0155375
     1.60278    0.513635    0.496288   0.0163385
     1.79134    0.599568    0.444492   0.0123829
      1.9799    0.294137    0.411195   0.0132195
     2.16846    0.610371    0.410438   0.0113233
     2.35702    0.486627    0.384773   0.0223231
     2.54558    0.231283    0.389494   0.0290781
     2.73415    0.158608    0.288948   0.0164926
     2.92271   0.0834779    0.204204   0.0131632
     3.11127   0.0491046    0.178214   0.0105093
     3.29983   0.0982093   0.0995049  0.00863328
     3.48839   0.0574524   0.0798631  0.00578339
     3.67696    0.154189   0.0797507   0.0043242
     3.86552   0.0579435   0.0713733  0.00621194
     4.05408   0.0250434   0.0421767  0.00469181
     4.24264   0.0491046    0.013347  0.00239602
      4.4312           0    0.012643   0.0021145
     4.61976           0  0.00881517  0.00177222
     4.80833           0  0.00270963  0.00104667
     4.99689           0           0           0
     5.18545           0           0           0
     5.37401           0           0           0
     5.56257           0           0           0
   0.0942809           0  0.00862254    0.001643
    0.282843           0    0.047725  0.00495908
    0.471405    0.206239   0.0984606  0.00637546
    0.659966    0.107539    0.143771  0.00724928
    0.848528    0.423773    0.271765   0.0130009
     1.03709    0.218025    0.285964   0.0126535
     1.22565    0.426719    0.408252   0.0140589
     1.41421     0.46944    0.422493   0.0153628
     1.60278    0.538678    0.496793   0.0161518
     1.79134    0.586309     0.44618     0.01235
      1.9799    0.266638    0.409474   0.0131736
     2.16846    0.576979     0.41242   0.0113607
     2.35702    0.493011    0.386062   0.0220945
     2.54558    0.308377    0.388529    0.028748
     2.73415    0.130127    0.287058   0.0164043
     2.92271   0.0697286    0.202603   0.0131035
     3.11127   0.0991914    0.177274   0.0104262
     3.29983   0.0250434   0.0986185  0.00857589
     3.48839    0.110976   0.0802335  0.00572639
     3.67696    0.105084   0.0800523  0.00428322
     3.86552   0.0869152   0.0715583  0.00614074
     4.05408  0.00540151   0.0417389  0.00465634
     4.24264   0.0338822   0.0135915  0.00237994
      4.4312   0.0152224   0.0126737  0.00208955
     4.61976           0  0.00871023  0.00175423
     4.80833           0  0.00267737   0.0010347
     4.99689           0           0           0
     5.18545           0           0           0
     5.37401           0           0           0
     5.56257           0           0           0
   0.0942809           0   0.0085211   0.0016268
    0.282843   0.0348643   0.0475737  0.00490305
    0.471405    0.148296   0.0990469  0.00632735
    0.659966    0.144368    0.143778    0.007164
    0.848528    0.419845    0.273507   0.0129641
     1.03709    0.242086    0.285448   0.0125152
     1.22565    0.408551    0.408256   0.0138935
     1.41421    0.543097    0.423912   0.0152475
     1.60278    0.597112    0.497973   0.0160048
     1.79134    0.624611    0.448279   0.0123818
      1.9799    0.269093    0.407823   0.0131218
     2.16846     0.46944    0.413091   0.0112469
     2.35702    0.423773    0.386505    0.021839
     2.54558    0.260746    0.387025    0.028449
     2.73415    0.164501    0.285616   0.0162745
     2.92271    0.104593     0.20145       0.013
     3.11127   0.0608898    0.175904    0.010393
     3.29983  0.00147314   0.0974756  0.00855081
     3.48839    0.109994   0.0805836  0.00566972
     3.67696     0.14093   0.0807685  0.00429229
     3.86552   0.0761122   0.0716119  0.00606873
     4.05408  0.00982093   0.0413634  0.00461668
     4.24264           0   0.0134316   0.0023573
      4.4312   0.0491046   0.0131023  0.00210846
     4.61976           0  0.00860775  0.00173658
     4.80833           0  0.00264587  0.00102301
     4.99689           0           0           0
     5.18545           0           0           0
     5.37401           0           0           0
     5.56257           0           0           0
   0.0942809           0  0.00842202  0.00161089
    0.282843   0.0491046   0.0475915  0.00484607
    0.471405   0.0599077   0.0985918  0.00627013
    0.659966    0.203293     0.14447  0.00711404
    0.848528     0.38007    0.274746   0.0128725
     1.03709     0.36583    0.286383   0.0124045
     1.22565    0.399221    0.408151   0.0137324
     1.41421    0.502831    0.424829   0.0150978
     1.60278    0.728713    0.500656    0.016042
     1.79134    0.511179    0.449011   0.0122594
      1.9799    0.258781     0.40609   0.0130831
     2.16846     0.46011    0.413638   0.0111294
     2.35702    0.313779     0.38566   0.0216015
     2.54558    0.260746    0.385557   0.0281561
     2.73415    0.208204    0.284716   0.0161102
     2.92271    0.167938    0.201061   0.0128547
     3.11127   0.0407568    0.174333   0.0103903
     3.29983   0.0491046   0.0969131  0.00846986
     3.48839   0.0982093   0.0807885  0.00560749
     3.67696   0.0962451   0.0809484  0.00424615
     3.86552    0.100173    0.071944  0.00600725
     4.05408           0   0.0408825  0.00458798
     4.24264   0.0338822   0.0136694  0.00234185
      4.4312   0.0152224   0.0131269  0.00208409
     4.61976           0  0.00850766  0.00171927
     4.80833           0  0.00261511  0.00101158
     4.99689           0           0           0
     5.18545           0           0           0
     5.37401           0           0           0
     5.56257           0           0           0
   0.0942809           0  0.00832521  0.00159528
    0.282843   0.0692375   0.0478403  0.00479675
    0.471405     0.10803   0.0987003  0.00619899
    0.659966    0.171375     0.14478  0.00703899
    0.848528    0.301011    0.275048    0.012728
     1.03709    0.469931    0.288493     0.01244
     1.22565    0.334894    0.407309   0.0136003
     1.41421    0.570105    0.426499   0.0150163
     1.60278    0.552427    0.501251   0.0158687
     1.79134    0.487609    0.449454   0.0121266
      1.9799    0.453236    0.406632    0.012944
     2.16846    0.334403    0.412727   0.0110387
     2.35702    0.381052    0.385607   0.0213532
     2.54558    0.149278    0.382841   0.0279631
     2.73415    0.331456    0.285253   0.0159339
     2.92271    0.109012    0.200003   0.0127504
     3.11127    0.107048    0.173559   0.0102996
     3.29983   0.0918257   0.0968547  0.00837271
     3.48839   0.0358464    0.080272  0.00556678
     3.67696   0.0982093   0.0811468  0.00420198
     3.86552   0.0982093   0.0722459  0.00594578
     4.05408           0   0.0404126  0.00455924
     4.24264   0.0491046   0.0140767  0.00235009
      4.4312           0    0.012976  0.00206559
     4.61976           0  0.00840987  0.00170229
     4.80833           0  0.00258505  0.00100039
     4.99689           0           0           0
     5.18545           0           0           0
     5.37401           0           0           0
     5.56257           0           0           0
   0.0942809           0  0.00823061  0.00157996
    0.282843    0.138966   0.0488759  0.00485273
    0.471405   0.0574524   0.0982316  0.00614625
    0.659966    0.135038    0.144669  0.00695987
    0.848528    0.301994    0.275354   0.0125871
     1.03709    0.400694    0.289768   0.0123638
     1.22565    0.388909      0.4071   0.0134474
     1.41421    0.796968    0.430709   0.0154245
     1.60278     0.37565    0.499824   0.0157524
     1.79134    0.464039     0.44962   0.0119899
      1.9799    0.419354    0.406776   0.0127977
     2.16846    0.429175    0.412914   0.0109148
     2.35702    0.281861    0.384428   0.0211431
     2.54558    0.226372    0.381063   0.0277019
     2.73415    0.299538    0.285415   0.0157537
     2.92271    0.144368     0.19937   0.0126212
     3.11127    0.148296    0.173272   0.0101866
     3.29983   0.0491046   0.0963121  0.00829513
     3.48839   0.0191508   0.0795774  0.00554668
     3.67696   0.0667823   0.0809836   0.0041574
     3.86552    0.110485   0.0726804  0.00589407
     4.05408           0   0.0399533   0.0045305
     4.24264   0.0491046   0.0144747  0.00235685
      4.4312           0   0.0128286  0.00204737
     4.61976           0  0.00831431  0.00168562
     4.80833           0  0.00255567 0.000989457
     4.99689           0           0           0
     5.18545           0           0           0
     5.37401           0           0           0
     5.56257           0           0           0
   0.0942809           0  0.00813813  0.00156491
    0.282843    0.106557    0.049524  0.00484129
    0.471405    0.121288   0.0984907  0.00608264
    0.659966    0.115887    0.144346  0.00688918
    0.848528    0.299047     0.27562   0.0124485
     1.03709    0.343241    0.290368   0.0122395
     1.22565    0.490064    0.408032   0.0133286
     1.41421     0.64278    0.433092   0.0154341
     1.60278    0.483681    0.499642   0.0155764
     1.79134    0.510197    0.450301   0.0118745
      1.9799    0.376633    0.406437   0.0126584
     2.16846     0.43163    0.413124   0.0107942
     2.35702    0.265656    0.383093   0.0209476
     2.54558    0.216551    0.379215   0.0274522
     2.73415    0.303467    0.285618    0.015578
     2.92271    0.211641    0.199508   0.0124801
     3.11127   0.0903525    0.172341   0.0101146
     3.29983   0.0677644   0.0959913  0.00820813
     3.48839   0.0554882   0.0793067  0.00549096
     3.67696   0.0112941   0.0802006  0.00418378
     3.86552    0.110976   0.0731107  0.00584353
     4.05408  0.00589256   0.0395706  0.00449574
     4.24264   0.0432121   0.0147976  0.00235238
      4.4312           0   0.0126844  0.00202944
     4.61976           0  0.00822089  0.00166927
     4.80833           0  0.00252696 0.000978757
     4.99689           0           0           0
     5.18545           0           0           0
     5.37401           0           0           0
     5.56257           0           0           0
   0.0942809           0   0.0080477  0.00155013
    0.282843    0.123744   0.0503486  0.00485722
    0.471405    0.095754   0.0984603  0.00601514
    0.659966    0.214587    0.145126   0.0068567
    0.848528    0.233247     0.27515    0.012319
     1.03709    0.290208    0.290367   0.0121035
     1.22565    0.484172    0.408878   0.0132073
     1.41421    0.668805    0.435711   0.0154833
     1.60278    0.377615    0.498287   0.0154623
     1.79134    0.571087    0.451643   0.0118181
      1.9799    0.320162    0.405479    0.012554
     2.16846    0.512161    0.414225   0.0107302
     2.35702    0.227846    0.381368   0.0207858
     2.54558     0.24405    0.377713   0.0271882
     2.73415    0.298065    0.285756   0.0154055
     2.92271    0.289226    0.200505   0.0123812
     3.11127   0.0579435     0.17107   0.0100818
     3.29983   0.0545061   0.0955303  0.00812986
     3.48839   0.0928078   0.0794568    0.005432
     3.67696           0   0.0793094  0.00423113
     3.86552   0.0982093   0.0733896  0.00578525
     4.05408   0.0491046   0.0396765  0.00444703
     4.24264           0   0.0146332  0.00233199
      4.4312           0   0.0125435  0.00201178
     4.61976           0  0.00812955  0.00165322
     4.80833           0  0.00249888 0.000968284
     4.99689           0           0           0
     5.18545           0           0           0
     5.37401           0           0           0
     5.56257           0           0           0
   0.0942809           0  0.00795927  0.00153562
    0.282843    0.114905    0.051058  0.00485538
    0.471405   0.0942809   0.0984143  0.00594921
    0.659966    0.282843    0.146639  0.00694635
    0.848528    0.166465    0.273955   0.0122414
     1.03709    0.401185    0.291584   0.0120316
     1.22565     0.40806    0.408869   0.0130621
     1.41421    0.632959    0.437878   0.0154641
     1.60278    0.499885    0.498304   0.0152924
     1.79134    0.389891    0.450964   0.0117077
      1.9799    0.411006     0.40554   0.0124162
     2.16846    0.417389     0.41426   0.0106123
     2.35702    0.243068    0.379849   0.0206128
     2.54558    0.251416    0.376325   0.0269249
     2.73415    0.346188     0.28642   0.0152505
     2.92271    0.224408    0.200768   0.0122479
     3.11127    0.124726     0.17056  0.00998388
     3.29983   0.0903525   0.0954734  0.00804072
     3.48839   0.0569614   0.0792096  0.00537793
     3.67696           0   0.0784379  0.00427345
     3.86552   0.0692375    0.073344  0.00572186
     4.05408   0.0780764   0.0400985  0.00441814
     4.24264           0   0.0144724   0.0023119
      4.4312           0   0.0124057  0.00199439
     4.61976           0  0.00804021  0.00163746
     4.80833           0  0.00247142 0.000958033
     4.99689           0           0           0
     5.18545           0           0           0
     5.37401           0           0           0
     5.56257           0           0           0
   0.0942809           0  0.00787275  0.00152136
    0.282843   0.0982093   0.0515705  0.00482957
    0.471405    0.133074   0.0987911  0.00589646
    0.659966    0.274986    0.148034  0.00700954
    0.848528    0.129145    0.272381   0.0122092
     1.03709    0.428683    0.293075   0.0119928
     1.22565    0.351098    0.408241   0.0129353
     1.41421     0.62903    0.439956    0.015435
     1.60278    0.555864     0.49893   0.0151389
     1.79134    0.433103     0.45077   0.0115821
      1.9799    0.385962    0.405327    0.012283
     2.16846    0.464039    0.414801   0.0105108
     2.35702    0.248961    0.378426   0.0204378
     2.54558    0.242086    0.374866   0.0266717
     2.73415    0.340295    0.287006    0.015096
     2.92271    0.195928    0.200715   0.0121149
     3.11127   0.0908436    0.169694  0.00991289
     3.29983    0.105575   0.0955832  0.00795407
     3.48839   0.0063836    0.078418  0.00537742
     3.67696    0.042721   0.0780497   0.0042446
     3.86552    0.073657   0.0733474  0.00565967
     4.05408    0.073657   0.0404633  0.00438515
     4.24264           0   0.0143151  0.00229211
      4.4312           0   0.0122708  0.00197726
     4.61976           0  0.00795282    0.001622
     4.80833           0  0.00244456 0.000947996
     4.99689           0           0           0
     5.18545           0           0           0
     5.37401           0           0           0
     5.56257           0           0           0
   0.0942809           0   0.0077881  0.00150736
    0.282843   0.0982093    0.052072  0.00480361
    0.471405   0.0839689   0.0986317  0.00583521
    0.659966    0.256326    0.149199  0.00703022
    0.848528    0.194945    0.271549   0.0121062
     1.03709     0.37074     0.29391   0.0118929
     1.22565    0.371231    0.407843   0.0128023
     1.41421    0.524929     0.44087    0.015296
     1.60278     0.56765    0.499669   0.0149942
     1.79134    0.537696    0.451705   0.0114952
      1.9799    0.369267    0.404939   0.0121571
     2.16846     0.49743    0.415689   0.0104352
     2.35702    0.229319    0.376823   0.0202808
     2.54558     0.43163    0.375476   0.0263919
     2.73415     0.22981    0.286391   0.0149462
     2.92271    0.111468    0.199756   0.0120226
     3.11127   0.0800406     0.16873  0.00985306
     3.29983    0.152224   0.0961923  0.00789182
     3.48839   0.0206239   0.0777965  0.00535538
     3.67696   0.0284807   0.0775167  0.00423229
     3.86552   0.0491046   0.0730867  0.00560481
     4.05408   0.0982093   0.0410842  0.00438173
     4.24264           0   0.0141611  0.00227263
      4.4312           0   0.0121389   0.0019604
     4.61976           0   0.0078673  0.00160681
     4.80833           0  0.00241827 0.000938167
     4.99689           0           0           0
     5.18545           0           0           0
     5.37401           0           0           0
     5.56257           0           0           0
   0.0942809           0  0.00770525   0.0014936
    0.282843   0.0486136   0.0520352  0.00475265
    0.471405    0.074639   0.0983764  0.00577871
    0.659966    0.241104    0.150177  0.00702309
    0.848528    0.242577     0.27124   0.0119814
     1.03709    0.444888    0.295516   0.0118743
     1.22565    0.442433    0.408211   0.0126714
     1.41421    0.457164    0.441043   0.0151343
     1.60278    0.503323    0.499708   0.0148347
     1.79134    0.618227    0.453476   0.0115086
      1.9799    0.334894    0.404194   0.0120505
     2.16846    0.433103    0.415874   0.0103259
     2.35702    0.299047    0.375995    0.020082
     2.54558    0.476315    0.376549   0.0261329
     2.73415    0.159099    0.285037   0.0148484
     2.92271    0.106557    0.198764   0.0119355
     3.11127   0.0373195    0.167332  0.00984691
     3.29983    0.189544   0.0971854  0.00787011
     3.48839   0.0520509   0.0775226  0.00530541
     3.67696  0.00491046   0.0767443  0.00425716
     3.86552   0.0392837   0.0727271  0.00555671
     4.05408   0.0918257    0.041624  0.00436824
     4.24264   0.0063836   0.0140784  0.00224996
      4.4312           0   0.0120097  0.00194379
     4.61976           0  0.00778361  0.00159189
     4.80833           0  0.00239255 0.000928539
     4.99689           0           0           0
     5.18545           0           0           0
     5.37401           0           0           0
     5.56257           0           0           0
   0.0942809           0  0.00762414  0.00148008
    0.282843           0   0.0514875  0.00473408
    0.471405   0.0574524   0.0979457  0.00573392
    0.659966    0.311323    0.151873  0.00715108
    0.848528    0.353553    0.272107   0.0118865
     1.03709     0.24405    0.294974   0.0117617
     1.22565    0.521491    0.409403    0.012594
     1.41421    0.374177    0.440339   0.0149913
     1.60278     0.63836    0.501167   0.0147502
     1.79134    0.508233    0.454052   0.0114019
      1.9799    0.458146    0.404762   0.0119371
     2.16846    0.465512    0.416397   0.0102304
     2.35702    0.287753    0.375066    0.019892
     2.54558     0.35208    0.376291   0.0258591
     2.73415    0.170393     0.28383   0.0147411
     2.92271    0.159099    0.198347   0.0118172
     3.11127   0.0770943    0.166382  0.00978897
     3.29983    0.175304   0.0980077   0.0078301
     3.48839   0.0407568   0.0771356  0.00526366
     3.67696    0.010312    0.076045   0.0042694
     3.86552           0   0.0719616   0.0055507
     4.05408   0.0491046   0.0417028  0.00432297
     4.24264   0.0240613   0.0141835  0.00222873
      4.4312   0.0250434   0.0121469  0.00192817
     4.61976           0  0.00770167  0.00157724
     4.80833           0  0.00236736 0.000919106
     4.99689           0           0           0
     5.18545           0           0           0
     5.37401           0           0           0
     5.56257           0           0           0
   0.0942809           0  0.00754472  0.00146679
    0.282843           0   0.0509512  0.00471505
    0.471405    0.163027   0.0986236  0.00571413
    0.659966    0.200838    0.152383  0.00709476
    0.848528    0.259272    0.271973   0.0117635
     1.03709    0.443415     0.29652   0.0117403
     1.22565    0.436049    0.409681   0.0124658
     1.41421    0.452745    0.440469   0.0148357
     1.60278    0.595639    0.502151   0.0146293
     1.79134    0.513143    0.454668   0.0112997
      1.9799    0.397257    0.404684    0.011813
     2.16846    0.453236    0.416781    0.010131
     2.35702    0.415425    0.375487   0.0196893
     2.54558    0.293155    0.375425   0.0256042
     2.73415   0.0476315     0.28137   0.0147914
     2.92271    0.179232    0.198147   0.0116957
     3.11127    0.108521    0.165779  0.00970554
     3.29983    0.197401    0.099043  0.00781669
     3.48839   0.0117851   0.0764549  0.00525266
     3.67696  0.00785674   0.0753347   0.0042836
     3.86552   0.0294628   0.0715189  0.00551051
     4.05408   0.0491046   0.0417799  0.00427863
     4.24264   0.0240613   0.0142864  0.00220789
      4.4312   0.0250434   0.0122813  0.00191275
     4.61976           0  0.00762145  0.00156285
     4.80833           0   0.0023427 0.000909863
     4.99689           0           0           0
     5.18545           0           0           0
     5.37401           0           0           0
     5.56257           0           0           0
   0.0942809           0  0.00746694  0.00145373
    0.282843    0.052542   0.0509676  0.00466647
    0.471405    0.155662   0.0992116  0.00568539
    0.659966    0.205748    0.152933  0.00704291
    0.848528     0.18316    0.271058   0.0116778
     1.03709     0.49743    0.298592   0.0118006
     1.22565    0.419354    0.409781   0.0123377
     1.41421    0.562739    0.441729   0.0147362
     1.60278    0.514126    0.502275    0.014479
     1.79134    0.388418    0.453985   0.0112038
      1.9799     0.37565    0.404384    0.011695
     2.16846    0.502831    0.417668   0.0100653
     2.35702    0.533767    0.377119   0.0195538
     2.54558    0.280879    0.374451   0.0253588
     2.73415   0.0716928    0.279208    0.014796
     2.92271   0.0761122    0.196889   0.0116426
     3.11127   0.0903525    0.165002  0.00963658
     3.29983    0.209186    0.100179  0.00781814
     3.48839   0.0363374   0.0760413  0.00521477
     3.67696   0.0417389   0.0749884  0.00425342
     3.86552   0.0073657   0.0708575  0.00549324
     4.05408   0.0491046   0.0418554  0.00423518
     4.24264   0.0073657    0.014215  0.00218628
      4.4312   0.0417389    0.012585  0.00191699
     4.61976           0  0.00754288  0.00154871
     4.80833           0  0.00231855 0.000900804
     4.99689           0           0           0
     5.18545           0           0           0
     5.37401           0           0           0
     5.56257           0           0           0
   0.0942809           0  0.00739075  0.00144089
    0.282843   0.0491046   0.0509486  0.00461889
    0.471405    0.113432   0.0993567  0.00562923
    0.659966     0.23914    0.153813  0.00702577
    0.848528    0.268602    0.271033   0.0115586
     1.03709    0.527384    0.300926   0.0119089
     1.22565    0.350116    0.409172   0.0122268
     1.41421    0.508233    0.442408   0.0146015
     1.60278    0.545553    0.502716    0.014338
     1.79134    0.390873    0.453341    0.011108
      1.9799    0.334403     0.40367   0.0115974
     2.16846    0.602023    0.419549   0.0101369
     2.35702    0.489573    0.378266   0.0193879
     2.54558    0.249943     0.37318   0.0251319
     2.73415    0.101156    0.277391   0.0147562
     2.92271  0.00245523    0.194905   0.0116917
     3.11127    0.124235    0.164586  0.00954722
     3.29983    0.175795     0.10095  0.00777635
     3.48839   0.0569614   0.0758466  0.00516519
     3.67696   0.0648181   0.0748846  0.00421128
     3.86552   0.0500867   0.0706455  0.00544128
     4.05408    0.010312   0.0415335  0.00420418
     4.24264  0.00982093   0.0141702  0.00216443
      4.4312   0.0176777   0.0126369  0.00189813
     4.61976    0.021606  0.00768638  0.00153954
     4.80833           0  0.00229489 0.000891922
     4.99689           0           0           0
     5.18545           0           0           0
     5.37401           0           0           0
     5.56257           0           0           0
   0.0942809           0  0.00731609  0.00142827
    0.282843   0.0491046   0.0509299  0.00457227
    0.471405    0.105084   0.0994146  0.00557267
    0.659966    0.266638    0.154952  0.00704662
    0.848528    0.257308    0.270894   0.0114427
     1.03709    0.544079    0.303382   0.0120392
     1.22565     0.38498    0.408928   0.0121058
     1.41421    0.490064    0.442889   0.0144619
     1.60278    0.483681    0.502524   0.0141945
     1.79134      0.4881    0.453692   0.0110014
      1.9799    0.348152    0.403109   0.0114938
     2.16846    0.478279    0.420142   0.0100519
     2.35702    0.477297    0.379266   0.0192179
     2.54558    0.265656    0.372094   0.0249015
     2.73415    0.115396    0.275755   0.0146976
     2.92271    0.063345    0.193576   0.0116488
     3.11127     0.12669    0.164203  0.00945846
     3.29983    0.129636     0.10124   0.0077032
     3.48839    0.124235   0.0763354  0.00513609
     3.67696   0.0073657   0.0742026  0.00422361
     3.86552   0.0491046    0.070428  0.00539066
     4.05408           0    0.041114   0.0041826
     4.24264           0   0.0140271  0.00214729
      4.4312           0   0.0125093  0.00188325
     4.61976   0.0491046  0.00810475  0.00157982
     4.80833           0  0.00227171 0.000883214
     4.99689           0           0           0
     5.18545           0           0           0
     5.37401           0           0           0
     5.56257           0           0           0
   0.0942809           0  0.00724293  0.00141586
    0.282843   0.0235702   0.0506563  0.00453473
    0.471405    0.154189   0.0999623   0.0055438
    0.659966    0.166956    0.155072  0.00697718
    0.848528    0.396274    0.272148   0.0113968
     1.03709    0.415916    0.304508   0.0119713
     1.22565    0.420336    0.409042   0.0119853
     1.41421    0.350607    0.441966   0.0143467
     1.60278     0.56323    0.503131   0.0140655
     1.79134    0.461093    0.453766   0.0108916
      1.9799    0.485645    0.403935   0.0114085
     2.16846    0.476315    0.420704  0.00996702
     2.35702    0.350116    0.378975   0.0190279
     2.54558    0.259764    0.370971   0.0246778
     2.73415    0.143877    0.274436   0.0146097
     2.92271    0.104102    0.192682   0.0115667
     3.11127    0.143877       0.164  0.00936606
     3.29983    0.141912    0.101647  0.00763689
     3.48839    0.165974   0.0772318  0.00516236
     3.67696  0.00540151   0.0735146  0.00423704
     3.86552    0.053033    0.070254  0.00533956
     4.05408  0.00392837   0.0407421  0.00415727
     4.24264  0.00441942    0.013931  0.00212797
      4.4312  0.00785674   0.0124628  0.00186499
     4.61976  0.00491046   0.0080728  0.00156434
     4.80833           0  0.00224899 0.000874674
     4.99689           0           0           0
     5.18545           0           0           0
     5.37401           0           0           0
     5.56257           0           0           0
   0.0942809           0  0.00717122  0.00140365
    0.282843   0.0112941   0.0502666  0.00450654
    0.471405    0.221462    0.101165  0.00561791
    0.659966    0.186598    0.155385  0.00691508
    0.848528     0.26271    0.272054   0.0112843
     1.03709     0.29561     0.30442   0.0118531
     1.22565    0.649654    0.411424    0.012101
     1.41421    0.277932    0.440342   0.0142963
     1.60278    0.594166    0.504032   0.0139551
     1.79134     0.57256    0.454942   0.0108471
      1.9799    0.479261    0.404681   0.0113199
     2.16846    0.386945     0.42037  0.00987394
     2.35702    0.172357    0.376929   0.0189491
     2.54558    0.281861    0.370089   0.0244492
     2.73415    0.223426    0.273931   0.0144737
     2.92271    0.114414    0.191907   0.0114781
     3.11127    0.109012    0.163455  0.00928913
     3.29983    0.231774    0.102935  0.00766919
     3.48839    0.124235   0.0776971  0.00513218
     3.67696   0.0589256   0.0733701  0.00419755
     3.86552   0.0491046   0.0700446   0.0052908
     4.05408           0   0.0403387  0.00413563
     4.24264           0   0.0137931  0.00211136
      4.4312           0   0.0123394   0.0018506
     4.61976           0  0.00799287  0.00155089
     4.80833           0  0.00222673 0.000866297
     4.99689           0           0           0
     5.18545           0           0           0
     5.37401           0           0           0
     5.56257           0           0           0
   0.0942809           0  0.00710092  0.00139165
    0.282843  0.00883883   0.0498605  0.00448063
    0.471405    0.184633    0.101984  0.00562211
    0.659966    0.124726    0.155084  0.00685381
    0.848528    0.378106    0.273094   0.0112215
     1.03709    0.448816    0.305835   0.0118211
     1.22565    0.496939    0.412262   0.0120114
     1.41421    0.343241     0.43939   0.0141878
     1.60278    0.580417    0.504781   0.0138384
     1.79134    0.498412    0.455368   0.0107491
      1.9799     0.46011    0.405224   0.0112219
     2.16846    0.438995    0.420552  0.00977882
     2.35702    0.338822    0.376556   0.0187671
     2.54558    0.185616     0.36828   0.0242763
     2.73415    0.207222    0.273277   0.0143466
     2.92271   0.0918257    0.190926   0.0114074
     3.11127    0.124726    0.163076  0.00920582
     3.29983   0.0996824    0.102903  0.00759407
     3.48839     0.15959      0.0785  0.00514428
     3.67696   0.0653092   0.0732911  0.00415714
     3.86552   0.0672734   0.0700174    0.005239
     4.05408           0   0.0399433  0.00411395
     4.24264           0   0.0136578  0.00209499
      4.4312           0   0.0122184  0.00183641
     4.61976           0  0.00791451  0.00153767
     4.80833           0  0.00220489 0.000858079
     4.99689           0           0           0
     5.18545           0           0           0
     5.37401           0           0           0
     5.56257           0           0           0
   0.0942809           0  0.00703197  0.00137985
    0.282843           0   0.0493764   0.0044632
    0.471405    0.138475    0.102338  0.00557868
    0.659966    0.111959    0.154665  0.00680005
    0.848528    0.387436    0.274204   0.0111673
     1.03709    0.471405    0.307443   0.0118151
     1.22565    0.509215    0.413204   0.0119316
     1.41421    0.340295    0.438428   0.0140826
     1.60278    0.554391    0.505263   0.0137124
     1.79134    0.418863    0.455014   0.0106506
      1.9799      0.4223     0.40539   0.0111142
     2.16846    0.448325    0.420822   0.0096876
     2.35702    0.403149    0.376814   0.0185866
     2.54558    0.197892    0.366626   0.0240969
     2.73415    0.254853    0.273098   0.0142084
     2.92271    0.114414    0.190183   0.0113208
     3.11127    0.130618     0.16276  0.00912183
     3.29983    0.154189    0.103401  0.00753665
     3.48839   0.0982093   0.0786914  0.00509789
     3.67696   0.0559793    0.073123  0.00412018
     3.86552   0.0623629   0.0699431  0.00518866
     4.05408   0.0289717   0.0398367  0.00407539
     4.24264           0   0.0135252  0.00207884
      4.4312           0   0.0120998  0.00182241
     4.61976           0  0.00783767  0.00152466
     4.80833           0  0.00218349 0.000850015
     4.99689           0           0           0
     5.18545           0           0           0
     5.37401           0           0           0
     5.56257           0           0           0
   0.0942809           0  0.00696436  0.00136823
    0.282843           0   0.0489016  0.00444546
    0.471405   0.0982093    0.102298  0.00552518
    0.659966    0.203293    0.155133  0.00675072
    0.848528    0.415916    0.275567   0.0111428
     1.03709    0.454709    0.308859   0.0117861
     1.22565    0.439978    0.413461   0.0118197
     1.41421    0.386453    0.437928   0.0139561
     1.60278    0.502831     0.50524   0.0135805
     1.79134    0.447834    0.454945   0.0105484
      1.9799    0.407077    0.405406   0.0110074
     2.16846    0.479261    0.421384  0.00961073
     2.35702    0.403149    0.377067   0.0184096
     2.54558    0.234229    0.365353   0.0238988
     2.73415    0.223917    0.272625   0.0140797
     2.92271   0.0461584    0.188798   0.0112963
     3.11127    0.259272    0.163688  0.00908121
     3.29983   0.0363374    0.102756  0.00749171
     3.48839     0.11736   0.0790632  0.00506242
     3.67696   0.0805316   0.0731942  0.00408118
     3.86552   0.0392837   0.0696483  0.00514714
     4.05408    0.010312   0.0395528  0.00404608
     4.24264  0.00589256   0.0134518  0.00206015
      4.4312   0.0112941    0.012092   0.0018049
     4.61976           0  0.00776231  0.00151186
     4.80833           0  0.00216249 0.000842102
     4.99689           0           0           0
     5.18545           0           0           0
     5.37401           0           0           0
     5.56257           0           0           0
   0.0942809           0  0.00689803  0.00135681
    0.282843           0   0.0484359  0.00442745
    0.471405    0.149769     0.10275  0.00549103
    0.659966    0.162536    0.155203  0.00668679
    0.848528    0.458637     0.27731   0.0111722
     1.03709    0.381543    0.309551   0.0116941
     1.22565    0.351589    0.412872   0.0117218
     1.41421    0.577962    0.439262   0.0138867
     1.60278    0.467967    0.504885   0.0134558
     1.79134    0.321635    0.453675   0.0105241
      1.9799    0.434576    0.405684    0.010906
     2.16846    0.588765    0.422978   0.0096505
     2.35702    0.260255    0.375954   0.0182679
     2.54558    0.338822      0.3651   0.0236725
     2.73415    0.203293    0.271965   0.0139611
     2.92271    0.127672    0.188216   0.0112037
     3.11127    0.183651    0.163879  0.00899671
     3.29983   0.0402658    0.102161  0.00744397
     3.48839    0.107048   0.0793297  0.00502121
     3.67696   0.0982093   0.0734325  0.00404926
     3.86552           0    0.068985  0.00514068
     4.05408           0   0.0391761  0.00402504
     4.24264           0   0.0133237  0.00204451
      4.4312   0.0491046   0.0124445  0.00182181
     4.61976           0  0.00768838  0.00149926
     4.80833           0   0.0021419 0.000834333
     4.99689           0           0           0
     5.18545           0           0           0
     5.37401           0           0           0
     5.56257           0           0           0
   0.0942809           0  0.00683296  0.00134557
    0.282843   0.0417389   0.0483727  0.00438614
    0.471405    0.166465    0.103351  0.00547202
    0.659966    0.203784    0.155662   0.0066394
    0.848528     0.43163    0.278766   0.0111613
     1.03709    0.364847    0.310073   0.0115954
     1.22565    0.417389    0.412914   0.0116113
     1.41421     0.62412    0.441006   0.0138648
     1.60278    0.336367    0.503295   0.0134225
     1.79134    0.313288    0.452351   0.0105078
      1.9799    0.394801    0.405581   0.0108036
     2.16846    0.616263    0.424801   0.0097302
     2.35702    0.160572    0.373923   0.0182082
     2.54558    0.397257    0.365403   0.0234512
     2.73415    0.199365     0.27128   0.0138461
     2.92271    0.190526    0.188238   0.0110981
     3.11127    0.123744      0.1635   0.0089198
     3.29983   0.0270076    0.101452  0.00740743
     3.48839     0.13602   0.0798645  0.00500224
     3.67696    0.109012   0.0737681  0.00402494
     3.86552           0   0.0683342  0.00513321
     4.05408           0   0.0388066    0.004004
     4.24264   0.0073657   0.0132675  0.00202599
      4.4312   0.0417389   0.0127209  0.00182546
     4.61976           0  0.00761585  0.00148687
     4.80833           0  0.00212169 0.000826707
     4.99689           0           0           0
     5.18545           0           0           0
     5.37401           0           0           0
     5.56257           0           0           0
   0.0942809           0   0.0067691  0.00133451
    0.282843   0.0491046   0.0483795  0.00434515
    0.471405    0.144859    0.103739  0.00543462
    0.659966    0.240122    0.156451   0.0066241
    0.848528    0.474842    0.280599   0.0112064
     1.03709     0.25338    0.309543   0.0114992
     1.22565    0.497921    0.413709   0.0115299
     1.41421    0.756702    0.443956   0.0140457
     1.60278    0.184142    0.500312   0.0136244
     1.79134    0.329001    0.451198   0.0104726
      1.9799     0.37074    0.405256   0.0107076
     2.16846    0.587783    0.426325  0.00975776
     2.35702    0.142894    0.371763   0.0181656
     2.54558    0.366812    0.365417    0.023232
     2.73415    0.302485    0.271572   0.0137198
     2.92271    0.197892    0.188328   0.0109947
     3.11127   0.0608898    0.162541  0.00888784
     3.29983   0.0535241    0.101004  0.00735173
     3.48839    0.142894   0.0804536  0.00499006
     3.67696   0.0982093   0.0739966   0.0039938
     3.86552           0   0.0676956  0.00512481
     4.05408           0   0.0384439  0.00398297
     4.24264   0.0491046   0.0136024  0.00203455
      4.4312           0    0.012602  0.00181227
     4.61976           0  0.00754468  0.00147468
     4.80833           0  0.00210186 0.000819218
     4.99689           0           0           0
     5.18545           0           0           0
     5.37401           0           0           0
     5.56257           0           0           0
   0.0942809           0  0.00670642  0.00132362
    0.282843   0.0491046   0.0483863  0.00430492
    0.471405    0.111468    0.103811  0.00538477
    0.659966    0.275968    0.157558  0.00665457
    0.848528     0.46011    0.282261   0.0112252
     1.03709    0.238649    0.308886   0.0114114
     1.22565    0.527875    0.414766   0.0114715
     1.41421    0.636887    0.445743   0.0140287
     1.60278    0.302976    0.498485   0.0136202
     1.79134    0.391855    0.450649   0.0103901
      1.9799    0.414934    0.405345   0.0106088
     2.16846    0.451272    0.426556  0.00967014
     2.35702    0.158117    0.369785   0.0181048
     2.54558    0.298065    0.364793   0.0230252
     2.73415    0.392837    0.272694   0.0136386
     2.92271    0.153698    0.188007   0.0108976
     3.11127    0.095754    0.161923  0.00882703
     3.29983   0.0982093    0.100978   0.0072837
     3.48839   0.0982093    0.080618  0.00494656
     3.67696   0.0982093   0.0742208  0.00396311
     3.86552           0   0.0670688  0.00511555
     4.05408           0   0.0380879  0.00396197
     4.24264   0.0491046   0.0139312   0.0020421
      4.4312           0   0.0124853  0.00179924
     4.61976           0  0.00747482  0.00146268
     4.80833           0   0.0020824 0.000811864
     4.99689           0           0           0
     5.18545           0           0           0
     5.37401           0           0           0
     5.56257           0           0           0
   0.0942809           0  0.00664489  0.00131291
    0.282843   0.0692375   0.0485776  0.00426968
    0.471405    0.120306    0.103962  0.00533749
    0.659966     0.25338    0.158437  0.00665133
    0.848528    0.377615    0.283136   0.0111562
     1.03709    0.311814    0.308913   0.0113068
     1.22565    0.478279    0.415349   0.0113811
     1.41421    0.530821    0.446523   0.0139217
     1.60278    0.434576    0.497899   0.0135079
     1.79134    0.446852    0.450614   0.0102948
      1.9799    0.415425    0.405438   0.0105119
     2.16846    0.395292    0.426269  0.00958568
     2.35702    0.189544    0.368132    0.018014
     2.54558    0.312797    0.364316   0.0228189
     2.73415    0.343732    0.273346   0.0135291
     2.92271    0.174813    0.187886   0.0107983
     3.11127    0.105084    0.161401  0.00876143
     3.29983   0.0982093    0.100953  0.00721692
     3.48839   0.0982093   0.0807794  0.00490381
     3.67696   0.0982093   0.0744408  0.00393286
     3.86552           0   0.0664534  0.00510549
     4.05408           0   0.0377385    0.003941
     4.24264   0.0491046   0.0142539   0.0020487
      4.4312           0   0.0123708  0.00178638
     4.61976           0  0.00740624  0.00145087
     4.80833           0   0.0020633 0.000804641
     4.99689           0           0           0
     5.18545           0           0           0
     5.37401           0           0           0
     5.56257           0           0           0
   0.0942809  0.00441942  0.00662466  0.00130113
    0.282843    0.103611   0.0490779  0.00426007
    0.471405    0.105575    0.103977  0.00528899
    0.659966    0.235702    0.159139  0.00662785
    0.848528    0.370249    0.283927   0.0110829
     1.03709     0.41297    0.309859   0.0112435
     1.22565    0.456673    0.415724   0.0112838
     1.41421    0.424755    0.446325   0.0137966
     1.60278    0.472387    0.497667   0.0133871
     1.79134    0.390382    0.450066   0.0102158
      1.9799     0.50234    0.406319   0.0104532
     2.16846    0.299047    0.425112  0.00956805
     2.35702    0.252889    0.367084   0.0178807
     2.54558     0.33784    0.364075   0.0226128
     2.73415    0.270076    0.273316   0.0134061
     2.92271     0.22981    0.188267   0.0107068
     3.11127   0.0908436     0.16076  0.00870523
     3.29983   0.0982093    0.100928  0.00715136
     3.48839   0.0982093   0.0809378  0.00486179
     3.67696   0.0982093   0.0746569  0.00390304
     3.86552           0   0.0658493  0.00509469
     4.05408           0   0.0373954  0.00392007
     4.24264  0.00392837     0.01416  0.00203223
      4.4312   0.0451763    0.012669  0.00179486
     4.61976           0  0.00733891  0.00143924
     4.80833           0  0.00204454 0.000797544
     4.99689           0           0           0
     5.18545           0           0           0
     5.37401           0           0           0
     5.56257           0           0           0
   0.0942809           0  0.00656498  0.00129078
    0.282843           0   0.0486357  0.00424458
    0.471405    0.133074    0.104239  0.00524783
    0.659966    0.166465    0.159205  0.00656847
    0.848528    0.486627    0.285754   0.0111325
     1.03709    0.472387    0.311323   0.0112371
     1.22565    0.397748    0.415562   0.0111833
     1.41421    0.411988    0.446016   0.0136758
     1.60278    0.646217    0.499005   0.0133332
     1.79134    0.397257    0.449591   0.0101348
      1.9799    0.427701    0.406511   0.0103608
     2.16846    0.306413    0.424043  0.00954142
     2.35702    0.140439    0.365042   0.0178358
     2.54558    0.372213    0.364148   0.0224092
     2.73415    0.273022    0.273314   0.0132853
     2.92271    0.119815     0.18765   0.0106281
     3.11127    0.165483    0.160802  0.00862691
     3.29983   0.0805316    0.100744  0.00708929
     3.48839    0.149769   0.0815579  0.00485738
     3.67696   0.0790585   0.0746966  0.00386808
     3.86552   0.0279896   0.0655082   0.0050602
     4.05408           0   0.0370585  0.00389921
     4.24264           0   0.0140324  0.00201792
      4.4312   0.0491046   0.0129972  0.00180846
     4.61976           0  0.00727279  0.00142779
     4.80833           0  0.00202612 0.000790572
     4.99689           0           0           0
     5.18545           0           0           0
     5.37401           0           0           0
     5.56257           0           0           0
   0.0942809           0  0.00650636  0.00128058
    0.282843   0.0289717   0.0484601  0.00421031
    0.471405    0.074148     0.10397  0.00520785
    0.659966    0.211641    0.159673  0.00652648
    0.848528    0.463057    0.287337   0.0111451
     1.03709    0.363865    0.311793   0.0111466
     1.22565    0.393328    0.415364   0.0110852
     1.41421    0.560284    0.447036   0.0135917
     1.60278    0.571087    0.499648   0.0132297
     1.79134    0.529839    0.450307   0.0100696
      1.9799    0.335876    0.405881   0.0102874
     2.16846     0.37565    0.423611  0.00946601
     2.35702    0.154189    0.363159   0.0177757
     2.54558    0.306413    0.363633    0.022215
     2.73415    0.222444     0.27286   0.0131745
     2.92271    0.195436     0.18772   0.0105335
     3.11127    0.119815    0.160436  0.00855764
     3.29983   0.0584345    0.100366  0.00703605
     3.48839    0.119324   0.0818951   0.0048257
     3.67696    0.143386   0.0753099  0.00388185
     3.86552  0.00441942   0.0649628  0.00504433
     4.05408   0.0225881   0.0369293  0.00386653
     4.24264           0   0.0139071  0.00200379
      4.4312   0.0491046   0.0133196  0.00182082
     4.61976           0  0.00720786  0.00141652
     4.80833           0  0.00200803  0.00078372
     4.99689           0           0           0
     5.18545           0           0           0
     5.37401           0           0           0
     5.56257           0           0           0
   0.0942809           0  0.00644879  0.00127054
    0.282843   0.0618718   0.0485788  0.00417472
    0.471405   0.0500867    0.103493  0.00518355
    0.659966    0.149278    0.159581  0.00646937
    0.848528    0.483681    0.289074   0.0111811
     1.03709    0.341277    0.312053    0.011051
     1.22565    0.438504    0.415569    0.010989
     1.41421    0.547026    0.447921   0.0135001
     1.60278    0.554882    0.500137   0.0131216
     1.79134     0.50234    0.450768  0.00999102
      1.9799    0.335385    0.405257   0.0102153
     2.16846    0.392346    0.423334  0.00938628
     2.35702    0.209677    0.361801   0.0176702
     2.54558    0.257799    0.362696   0.0220382
     2.73415    0.253871    0.272692    0.013059
     2.92271    0.206731    0.187888   0.0104416
     3.11127    0.111468    0.160003  0.00849288
     3.29983   0.0766032    0.100156  0.00697693
     3.48839   0.0800406   0.0818787  0.00478302
     3.67696    0.102138   0.0755473  0.00385476
     3.86552   0.0908436   0.0651918  0.00500489
     4.05408  0.00834779   0.0366764  0.00384058
     4.24264           0   0.0137841  0.00198983
      4.4312   0.0491046   0.0136363  0.00183204
     4.61976           0  0.00714407  0.00140542
     4.80833           0  0.00199026 0.000776986
     4.99689           0           0           0
     5.18545           0           0           0
     5.37401           0           0           0
     5.56257           0           0           0
   0.0942809   0.0230792  0.00659467  0.00126774
    0.282843   0.0677644   0.0487471  0.00414149
    0.471405    0.109503    0.103546  0.00513835
    0.659966    0.106066    0.159112  0.00642963
    0.848528     0.47386    0.290695   0.0111999
     1.03709    0.289226    0.311853   0.0109559
     1.22565    0.297574    0.414534   0.0109412
     1.41421    0.685501    0.450005   0.0135416
     1.60278    0.580908    0.500846   0.0130257
     1.79134    0.466494    0.450905  0.00990433
      1.9799    0.429175    0.405466   0.0101278
     2.16846    0.301502    0.422265  0.00936459
     2.35702     0.22539    0.360605   0.0175556
     2.54558    0.273513    0.361914   0.0218587
     2.73415    0.269093     0.27266   0.0129445
     2.92271     0.18758    0.187886     0.01035
     3.11127    0.128163    0.159724  0.00842297
     3.29983    0.053033   0.0997427  0.00692796
     3.48839   0.0775853   0.0818411  0.00474121
     3.67696    0.162536   0.0763103  0.00389573
     3.86552   0.0289717   0.0648741  0.00497106
     4.05408   0.0176777   0.0365097  0.00381051
     4.24264           0   0.0136632  0.00197604
      4.4312   0.0491046   0.0139474   0.0018422
     4.61976           0  0.00708141  0.00139449
     4.80833           0   0.0019728 0.000770366
     4.99689           0           0           0
     5.18545           0           0           0
     5.37401           0           0           0
     5.56257           0           0           0
   0.0942809           0  0.00653732  0.00125802
    0.282843   0.0402658   0.0486734  0.00410613
    0.471405     0.11736    0.103666  0.00509507
    0.659966    0.172848    0.159231  0.00637483
    0.848528    0.379088    0.291464   0.0111288
     1.03709    0.451763     0.31307   0.0109279
     1.22565     0.39873    0.414396    0.010847
     1.41421    0.423282    0.449773   0.0134259
     1.60278     0.68059    0.502409   0.0130058
     1.79134    0.447834    0.450879  0.00981824
      1.9799    0.294628    0.404503   0.0100855
     2.16846    0.302976    0.421228  0.00934043
     2.35702    0.312305    0.360185    0.017408
     2.54558    0.296101    0.361342   0.0216761
     2.73415     0.30052    0.272902   0.0128342
     2.92271    0.228337    0.188237    0.010266
     3.11127    0.105575    0.159253  0.00836288
     3.29983   0.0702196    0.099486  0.00687247
     3.48839   0.0353553   0.0814368  0.00471718
     3.67696     0.10312   0.0765435  0.00386883
     3.86552   0.0878973   0.0650743  0.00493186
     4.05408  0.00540151   0.0362392  0.00378696
     4.24264           0   0.0135443  0.00196243
      4.4312   0.0491046   0.0142532  0.00185137
     4.61976           0  0.00701983  0.00138372
     4.80833           0  0.00195565 0.000763859
     4.99689           0           0           0
     5.18545           0           0           0
     5.37401           0           0           0
     5.56257           0           0           0
   0.0942809           0  0.00648097  0.00124843
    0.282843   0.0417389   0.0486136  0.00407117
    0.471405    0.073657    0.103408  0.00505771
    0.659966    0.203293    0.159611  0.00633118
    0.848528    0.324091    0.291745   0.0110364
     1.03709    0.529348    0.314934   0.0109916
     1.22565    0.453727    0.414735   0.0107588
     1.41421    0.329983     0.44874   0.0133498
     1.60278    0.420827    0.501705   0.0129127
     1.79134    0.632959    0.452448  0.00985828
      1.9799    0.279405    0.403424   0.0100561
     2.16846     0.47386    0.421682  0.00927092
     2.35702    0.343732    0.360043   0.0172585
     2.54558    0.209186     0.36003   0.0215289
     2.73415    0.406095     0.27405   0.0127748
     2.92271    0.122271    0.187669   0.0101932
     3.11127    0.139457    0.159082  0.00829252
     3.29983   0.0805316   0.0993226  0.00681517
     3.48839   0.0903525   0.0815137  0.00467714
     3.67696   0.0913346    0.076671  0.00383758
     3.86552  0.00834779   0.0645853  0.00491353
     4.05408           0   0.0359268  0.00376718
     4.24264           0   0.0134276  0.00194898
      4.4312   0.0491046   0.0145536  0.00185963
     4.61976           0  0.00695931  0.00137311
     4.80833           0  0.00193879  0.00075746
     4.99689           0           0           0
     5.18545           0           0           0
     5.37401           0           0           0
     5.56257           0           0           0
   0.0942809           0  0.00642557  0.00123899
    0.282843           0   0.0481981  0.00405752
    0.471405    0.104593    0.103418  0.00501449
    0.659966    0.251907      0.1604  0.00632603
    0.848528    0.313779    0.291933   0.0109437
     1.03709    0.545061    0.316901   0.0110723
     1.22565     0.38007    0.414439   0.0106709
     1.41421    0.332929     0.44775   0.0132723
     1.60278     0.37565    0.500628   0.0128472
     1.79134    0.653092    0.454163  0.00992206
      1.9799     0.35208    0.402985   0.0099797
     2.16846    0.555373    0.422825  0.00926184
     2.35702    0.278423    0.359345   0.0171251
     2.54558    0.340295    0.359861   0.0213456
     2.73415    0.279896      0.2741   0.0126657
     2.92271   0.0908436    0.186841   0.0101396
     3.11127    0.137002    0.158893   0.0082238
     3.29983   0.0839689   0.0991914  0.00675818
     3.48839    0.130127   0.0819292  0.00465559
     3.67696   0.0491046   0.0764354    0.003812
     3.86552           0   0.0640333  0.00490244
     4.05408           0   0.0356197  0.00374747
     4.24264           0   0.0133128   0.0019357
      4.4312   0.0117851   0.0145299  0.00184388
     4.61976   0.0373195   0.0072188  0.00138568
     4.80833           0  0.00192222 0.000751167
     4.99689           0           0           0
     5.18545           0           0           0
     5.37401           0           0           0
     5.56257           0           0           0
   0.0942809           0  0.00637112  0.00122969
    0.282843           0   0.0477896  0.00404364
    0.471405    0.109012    0.103465  0.00497222
    0.659966    0.175795    0.160531  0.00627376
    0.848528    0.373195    0.292622   0.0108726
     1.03709    0.513635    0.318568   0.0111032
     1.22565    0.410024    0.414402   0.0105805
     1.41421    0.316725     0.44664   0.0132062
     1.60278    0.463057     0.50031   0.0127423
     1.79134    0.564212    0.455096   0.0098817
      1.9799    0.381543    0.402804  0.00989678
     2.16846    0.468458    0.423211  0.00919142
     2.35702    0.418863     0.35985   0.0169874
     2.54558     0.33342    0.359637   0.0211659
     2.73415    0.199856    0.273471    0.012574
     2.92271   0.0677644    0.185832   0.0101038
     3.11127    0.169902    0.158987  0.00815463
     3.29983    0.102629   0.0992205  0.00670097
     3.48839      0.1316   0.0823501  0.00463512
     3.67696   0.0726749   0.0764035  0.00377983
     3.86552  0.00294628   0.0635156  0.00488815
     4.05408  0.00343732    0.035347  0.00372563
     4.24264  0.00343732   0.0132291  0.00192111
      4.4312  0.00491046   0.0144484  0.00183006
     4.61976   0.0162045  0.00729495  0.00137603
     4.80833           0  0.00190593 0.000744978
     4.99689           0           0           0
     5.18545           0           0           0
     5.37401           0           0           0
     5.56257           0           0           0
   0.0942809           0  0.00631758  0.00122052
    0.282843  0.00785674   0.0474541  0.00402356
    0.471405   0.0412479    0.102942  0.00495785
    0.659966    0.232756    0.161137  0.00625033
    0.848528    0.406586     0.29358   0.0108233
     1.03709    0.451272    0.319684   0.0110658
     1.22565    0.449798    0.414699   0.0104958
     1.41421    0.382034    0.446097   0.0131064
     1.60278    0.357482    0.499109   0.0126916
     1.79134    0.547026    0.455868  0.00982881
      1.9799    0.504305    0.403657   0.0098503
     2.16846    0.505778    0.423905  0.00914033
     2.35702    0.253871    0.358959    0.016868
     2.54558    0.362883    0.359665    0.020988
     2.73415    0.282843     0.27355   0.0124686
     2.92271    0.144859    0.185488   0.0100247
     3.11127   0.0618718    0.158171  0.00812684
     3.29983   0.0942809    0.099179  0.00664479
     3.48839     0.14535   0.0828796  0.00462631
     3.67696   0.0373195   0.0760751  0.00376231
     3.86552  0.00441942    0.063019  0.00487224
     4.05408  0.00491046   0.0350912  0.00370309
     4.24264   0.0063836   0.0131716  0.00190582
      4.4312  0.00687465   0.0143848  0.00181579
     4.61976   0.0112941  0.00732856  0.00136487
     4.80833           0  0.00188991  0.00073889
     4.99689           0           0           0
     5.18545           0           0           0
     5.37401           0           0           0
     5.56257           0           0           0
   0.0942809           0  0.00626493  0.00121148
    0.282843   0.0491046   0.0474678  0.00399006
    0.471405   0.0255344    0.102297  0.00495832
    0.659966    0.252398    0.161898  0.00624434
    0.848528    0.505778    0.295348   0.0108766
     1.03709    0.360428    0.320023   0.0109788
     1.22565    0.306904    0.413801   0.0104467
     1.41421    0.527875    0.446779   0.0130149
     1.60278    0.435067    0.498576   0.0125971
     1.79134    0.585327    0.456947  0.00980594
      1.9799    0.407077    0.403685  0.00976826
     2.16846    0.463057    0.424231  0.00906998
     2.35702    0.226863    0.357858   0.0167633
     2.54558    0.303958      0.3592   0.0208182
     2.73415    0.331456    0.274033    0.012374
     2.92271    0.112941    0.184883  0.00995942
     3.11127   0.0658002    0.157401  0.00809549
     3.29983    0.113432   0.0992978  0.00659048
     3.48839    0.084951   0.0828968  0.00458779
     3.67696   0.0260255    0.075658    0.003754
     3.86552   0.0702196    0.063079  0.00483201
     4.05408           0   0.0347988  0.00368376
     4.24264           0   0.0130618   0.0018931
      4.4312  0.00196419   0.0142813   0.0018036
     4.61976   0.0471405  0.00766032  0.00139324
     4.80833           0  0.00187416   0.0007329
     4.99689           0           0           0
     5.18545           0           0           0
     5.37401           0           0           0
     5.56257           0           0           0
   0.0942809           0  0.00621316  0.00120258
    0.282843   0.0491046   0.0474813   0.0039571
    0.471405   0.0491046    0.101858  0.00493679
    0.659966    0.196419    0.162183  0.00619925
    0.848528    0.470913    0.296799   0.0108831
     1.03709    0.332438    0.320126   0.0108885
     1.22565    0.379088    0.413514   0.0103643
     1.41421    0.494975    0.447177   0.0129134
     1.60278     0.37565     0.49756   0.0125339
     1.79134    0.729695    0.459201  0.00998061
      1.9799    0.377615     0.40347   0.0096899
     2.16846    0.431139    0.424288   0.0089952
     2.35702    0.285298    0.357259   0.0166355
     2.54558     0.25829    0.358366   0.0206629
     2.73415    0.241104     0.27376   0.0122747
     2.92271    0.227846    0.185238  0.00988343
     3.11127   0.0608898    0.156603  0.00806778
     3.29983    0.112941   0.0994105  0.00653698
     3.48839   0.0834779   0.0829016  0.00454988
     3.67696   0.0932988   0.0758038  0.00372581
     3.86552  0.00491046   0.0625983  0.00481593
     4.05408           0   0.0345112  0.00366452
     4.24264           0   0.0129539  0.00188053
      4.4312   0.0461584   0.0145447  0.00180784
     4.61976  0.00294628  0.00762136  0.00138227
     4.80833           0  0.00185867 0.000727007
     4.99689           0           0           0
     5.18545           0           0           0
     5.37401           0           0           0
     5.56257           0           0           0
   0.0942809   0.0466494   0.0065446  0.00123755
    0.282843   0.0412479   0.0474302    0.003925
    0.471405   0.0618718     0.10153  0.00490719
    0.659966    0.203784    0.162524   0.0061578
    0.848528    0.459619    0.298134   0.0108754
     1.03709     0.36583      0.3205   0.0108057
     1.22565    0.203293    0.411791   0.0104216
     1.41421    0.438013    0.447102   0.0128078
     1.60278    0.542606    0.497929   0.0124366
     1.79134    0.654074    0.460799   0.0100258
      1.9799    0.376633     0.40325  0.00961297
     2.16846    0.502831    0.424932  0.00894448
     2.35702    0.342259    0.357136   0.0164996
     2.54558    0.191999    0.357003   0.0205385
     2.73415    0.205748    0.273203   0.0121868
     2.92271    0.225881    0.185571  0.00980804
     3.11127    0.114905    0.156261  0.00800889
     3.29983   0.0805316   0.0992558  0.00648523
     3.48839   0.0653092   0.0827574  0.00451487
     3.67696    0.124726   0.0762048  0.00371679
     3.86552   0.0063836   0.0621375  0.00479844
     4.05408           0   0.0342283  0.00364539
     4.24264           0   0.0128477  0.00186811
      4.4312   0.0491046    0.014828  0.00181508
     4.61976           0  0.00755889  0.00137235
     4.80833           0  0.00184344 0.000721207
     4.99689           0           0           0
     5.18545           0           0           0
     5.37401           0           0           0
     5.56257           0           0           0
   0.0942809   0.0456673  0.00686267  0.00126771
    0.282843   0.0471405   0.0474279  0.00389309
    0.471405    0.109012    0.101591  0.00486767
    0.659966    0.139457    0.162337  0.00611059
    0.848528    0.442433    0.299307   0.0108501
     1.03709    0.331456    0.320589   0.0107182
     1.22565    0.221462    0.410243   0.0104511
     1.41421    0.556847    0.447994   0.0127347
     1.60278    0.429175     0.49737    0.012348
     1.79134    0.695322    0.462705    0.010124
      1.9799    0.411006    0.403313  0.00953503
     2.16846    0.545061    0.425909  0.00892492
     2.35702     0.28137     0.35652   0.0163769
     2.54558    0.197892    0.355709   0.0204122
     2.73415    0.156644    0.272255   0.0121245
     2.92271    0.183651    0.185556  0.00972831
     3.11127    0.181687    0.156468  0.00794644
     3.29983   0.0937899   0.0992113  0.00643265
     3.48839   0.0520509   0.0825078  0.00448506
     3.67696    0.074639    0.076192  0.00368659
     3.86552   0.0250434   0.0618359   0.0047689
     4.05408   0.0230792   0.0341377  0.00361688
     4.24264    0.010312   0.0128271  0.00185304
      4.4312   0.0491046   0.0151067  0.00182159
     4.61976           0  0.00749744  0.00136257
     4.80833           0  0.00182845 0.000715499
     4.99689           0           0           0
     5.18545           0           0           0
     5.37401           0           0           0
     5.56257           0           0           0
   0.0942809           0  0.00680733  0.00125869
    0.282843  0.00441942   0.0470811  0.00387711
    0.471405    0.139457    0.101896  0.00483799
    0.659966    0.253871    0.163075  0.00610574
    0.848528    0.257799    0.298972   0.0107678
     1.03709    0.407568    0.321291   0.0106547
     1.22565    0.376633    0.409972   0.0103703
     1.41421    0.496939    0.448389   0.0126381
     1.60278    0.599077     0.49819   0.0122756
     1.79134    0.510197    0.463088   0.0100496
      1.9799    0.236193    0.401965   0.0095529
     2.16846    0.615772     0.42744  0.00898333
     2.35702    0.332438    0.356325    0.016246
     2.54558     0.22048    0.354619   0.0202767
     2.73415    0.193472     0.27162   0.0120433
     2.92271    0.205257    0.185715  0.00965115
     3.11127    0.213114    0.156925  0.00789548
     3.29983   0.0599077   0.0988944  0.00638858
     3.48839   0.0402658   0.0821671   0.0044618
     3.67696   0.0304449   0.0758231  0.00367527
     3.86552  0.00294628    0.061361  0.00475403
     4.05408  0.00441942    0.033898  0.00359564
     4.24264   0.0535241   0.0131553  0.00186693
      4.4312   0.0491046   0.0153808  0.00182741
     4.61976           0  0.00743698  0.00135292
     4.80833           0   0.0018137 0.000709881
     4.99689           0           0           0
     5.18545           0           0           0
     5.37401           0           0           0
     5.56257           0           0           0
   0.0942809           0  0.00675287   0.0012498
    0.282843   0.0132583   0.0468105  0.00385553
    0.471405    0.133074    0.102146  0.00480571
    0.659966     0.15959    0.163047  0.00605696
    0.848528    0.310832    0.299067    0.010682
     1.03709    0.280387    0.320964   0.0105745
     1.22565    0.455691    0.410338   0.0102938
     1.41421    0.622647    0.449783   0.0126137
     1.60278    0.438013    0.497709   0.0121869
     1.79134    0.621665    0.464357   0.0100489
      1.9799    0.314761    0.401267  0.00950192
     2.16846    0.623629     0.42901  0.00904753
     2.35702    0.248469    0.355463   0.0161389
     2.54558    0.166956    0.353117     0.02017
     2.73415    0.231283    0.271297   0.0119513
     2.92271    0.223426    0.186016  0.00957866
     3.11127    0.225881    0.157477  0.00785156
     3.29983   0.0515599   0.0985157  0.00634869
     3.48839  0.00392837   0.0815412   0.0044698
     3.67696   0.0309359    0.075464  0.00366337
     3.86552           0   0.0608701  0.00474127
     4.05408   0.0648181   0.0341454  0.00357537
     4.24264   0.0333912   0.0133172    0.001859
      4.4312   0.0491046   0.0156506   0.0018326
     4.61976           0  0.00737748   0.0013434
     4.80833           0  0.00179919  0.00070435
     4.99689           0           0           0
     5.18545           0           0           0
     5.37401           0           0           0
     5.56257           0           0           0
   0.0942809 0.000982093  0.00670707  0.00124072
    0.282843   0.0363374   0.0467273  0.00382582
    0.471405    0.158608    0.102594  0.00478842
    0.659966    0.148787    0.162934  0.00600994
    0.848528    0.328019    0.299297   0.0105997
     1.03709    0.340295    0.321117   0.0104917
     1.22565    0.399221     0.41025   0.0102125
     1.41421    0.598094     0.45096   0.0125684
     1.60278    0.277932    0.495965   0.0122143
     1.79134     0.71349    0.466334   0.0101618
      1.9799    0.293155    0.400409  0.00946517
     2.16846    0.645235    0.430726  0.00913702
     2.35702    0.251416    0.354637    0.016032
     2.54558    0.246014    0.352267   0.0200278
     2.73415    0.219989     0.27089   0.0118634
     2.92271    0.226372    0.186337  0.00950799
     3.11127    0.182178    0.157673  0.00779169
     3.29983   0.0510688   0.0981391  0.00630946
     3.48839  0.00245523   0.0809135  0.00447818
     3.67696  0.00441942   0.0749002  0.00367743
     3.86552   0.0775853   0.0610028   0.0047055
     4.05408    0.052542   0.0342914  0.00354998
     4.24264           0   0.0132115  0.00184725
      4.4312   0.0491046   0.0159161  0.00183719
     4.61976           0  0.00731893  0.00133402
     4.80833           0  0.00178491 0.000698905
     4.99689           0           0           0
     5.18545           0           0           0
     5.37401           0           0           0
     5.56257           0           0           0
   0.0942809           0  0.00665426  0.00123207
    0.282843           0   0.0463594  0.00381335
    0.471405    0.207222    0.103417  0.00482106
    0.659966    0.186107    0.163116  0.00596539
    0.848528    0.243559    0.298858   0.0105253
     1.03709    0.393328    0.321686   0.0104245
     1.22565    0.396274     0.41014   0.0101327
     1.41421    0.561757    0.451832   0.0124996
     1.60278    0.271549    0.494198   0.0122453
     1.79134    0.685501     0.46806   0.0102273
      1.9799    0.413461    0.400512   0.0093912
     2.16846    0.592202    0.431997  0.00915312
     2.35702     0.25829    0.353878   0.0159237
     2.54558    0.335385    0.352134   0.0198705
     2.73415    0.118833    0.269693   0.0118302
     2.92271    0.243068    0.186783  0.00944361
     3.11127    0.148296    0.157599  0.00773069
     3.29983   0.0520509   0.0977762   0.0062702
     3.48839           0   0.0802764  0.00448801
     3.67696   0.0383016    0.074612  0.00365975
     3.86552   0.0564703   0.0609671  0.00466858
     4.05408   0.0343732    0.034292  0.00352202
     4.24264   0.0181687   0.0132505  0.00183312
      4.4312   0.0491046   0.0161775  0.00184122
     4.61976           0   0.0072613  0.00132476
     4.80833           0  0.00177086 0.000693543
     4.99689           0           0           0
     5.18545           0           0           0
     5.37401           0           0           0
     5.56257           0           0           0
   0.0942809   0.0112941  0.00669051  0.00122298
    0.282843   0.0127672    0.046097  0.00379258
    0.471405     0.14093    0.103711   0.0047923
    0.659966    0.210168    0.163484   0.0059301
    0.848528    0.212623    0.298184   0.0104647
     1.03709    0.419354    0.322449   0.0103709
     1.22565      0.4552    0.410492   0.0100596
     1.41421     0.55832    0.452664   0.0124296
     1.60278      0.3894    0.493379    0.012177
     1.79134    0.658002    0.469544   0.0102545
      1.9799    0.276459    0.399543  0.00936771
     2.16846    0.618227    0.433452  0.00919651
     2.35702    0.202802    0.352698   0.0158429
     2.54558    0.251907    0.351351   0.0197307
     2.73415    0.282352    0.269792   0.0117382
     2.92271    0.161554    0.186586  0.00937189
     3.11127    0.104102    0.157181  0.00768159
     3.29983    0.141421   0.0981172  0.00623048
     3.48839           0   0.0796493  0.00449655
     3.67696   0.0491046   0.0744127  0.00363658
     3.86552           0   0.0604908  0.00465634
     4.05408   0.0491046   0.0344078  0.00349641
     4.24264   0.0491046   0.0135306  0.00184007
      4.4312   0.0491046   0.0164347  0.00184471
     4.61976           0  0.00720457  0.00131562
     4.80833           0  0.00175703 0.000688263
     4.99689           0           0           0
     5.18545           0           0           0
     5.37401           0           0           0
     5.56257           0           0           0
   0.0942809   0.0063836  0.00668813   0.0012135
    0.282843    0.042721   0.0460708  0.00376327
    0.471405    0.109503    0.103755  0.00475536
    0.659966    0.195436    0.163732   0.0058893
    0.848528    0.190526     0.29735   0.0104168
     1.03709    0.355518    0.322705   0.0102937
     1.22565    0.610862    0.412045   0.0101009
     1.41421      0.3894    0.452174   0.0123429
     1.60278    0.674207    0.494781    0.012163
     1.79134    0.528366        0.47   0.0101851
      1.9799    0.351098    0.399167  0.00930261
     2.16846    0.550463    0.434359  0.00916985
     2.35702    0.178741    0.351349   0.0157774
     2.54558    0.213114     0.35028   0.0196069
     2.73415    0.350607    0.270418   0.0116639
     2.92271    0.114414    0.186027  0.00931592
     3.11127    0.104593    0.156773  0.00763285
     3.29983     0.14093   0.0984491  0.00619102
     3.48839           0   0.0790318  0.00450389
     3.67696   0.0535241   0.0742508  0.00361199
     3.86552   0.0157135   0.0601437  0.00463317
     4.05408   0.0289717   0.0343656  0.00346956
     4.24264   0.0201329   0.0135818  0.00182652
      4.4312   0.0461584   0.0166651  0.00184475
     4.61976    0.031918  0.00739615   0.0013193
     4.80833           0   0.0017434 0.000683062
     4.99689           0           0           0
     5.18545           0           0           0
     5.37401           0           0           0
     5.56257           0           0           0
   0.0942809           0  0.00663668  0.00120526
    0.282843  0.00491046   0.0457542  0.00374762
    0.471405    0.185124    0.104381  0.00475979
    0.659966     0.10803    0.163303  0.00585957
    0.848528    0.148296    0.296203   0.0103995
     1.03709    0.362392     0.32301   0.0102191
     1.22565    0.569123    0.413253   0.0100952
     1.41421    0.519036    0.452688   0.0122587
     1.60278    0.660948    0.496059   0.0121364
     1.79134    0.476806    0.470052   0.0101069
      1.9799    0.641307     0.40103  0.00941568
     2.16846    0.324582    0.433515  0.00913811
     2.35702    0.165483     0.34992   0.0157207
     2.54558    0.226372    0.349327   0.0194792
     2.73415     0.23914    0.270177   0.0115767
     2.92271    0.222935    0.186311  0.00924859
     3.11127    0.175304    0.156916  0.00757546
     3.29983   0.0898615    0.098383  0.00614375
     3.48839  0.00883883   0.0784919  0.00450149
     3.67696   0.0329001   0.0739327  0.00359819
     3.86552   0.0437031   0.0600172  0.00459925
     4.05408   0.0117851   0.0341919  0.00344721
     4.24264   0.0063836   0.0135264  0.00181331
      4.4312    0.010312   0.0166163   0.0018312
     4.61976   0.0697286  0.00787563  0.00139356
     4.80833           0  0.00172999 0.000677939
     4.99689           0           0           0
     5.18545           0           0           0
     5.37401           0           0           0
     5.56257           0           0           0
   0.0942809           0  0.00658602  0.00119712
    0.282843   0.0383016   0.0456973  0.00371944
    0.471405    0.156644     0.10478  0.00474015
    0.659966    0.118342     0.16296  0.00582488
    0.848528    0.215078    0.295584   0.0103386
     1.03709    0.357482    0.323273   0.0101444
     1.22565    0.483681    0.413791   0.0100324
     1.41421     0.46944    0.452816   0.0121658
     1.60278    0.641798    0.497171   0.0120947
     1.79134    0.508233    0.470344    0.010034
      1.9799    0.612335    0.402643  0.00948096
     2.16846    0.481716    0.433883  0.00907576
     2.35702   0.0795495    0.347856   0.0157356
     2.54558    0.158117    0.347867   0.0193851
     2.73415     0.27695    0.270229   0.0114884
     2.92271    0.249452    0.186793  0.00919054
     3.11127    0.166956    0.156992  0.00751802
     3.29983   0.0805316   0.0982468  0.00609836
     3.48839   0.0417389   0.0782113  0.00447586
     3.67696   0.0147314   0.0734808  0.00359899
     3.86552   0.0402658   0.0598664  0.00456662
     4.05408   0.0137493   0.0340359  0.00342443
     4.24264           0   0.0134232   0.0018024
      4.4312   0.0491046   0.0168643  0.00183394
     4.61976   0.0491046  0.00819035  0.00141802
     4.80833           0  0.00171679 0.000672893
     4.99689           0           0           0
     5.18545           0           0           0
     5.37401           0           0           0
     5.56257           0           0           0
   0.0942809           0  0.00653612  0.00118909
    0.282843   0.0265165    0.045552   0.0036941
    0.471405    0.181196    0.105359  0.00473946
    0.659966    0.122762    0.162655  0.00578871
    0.848528    0.348643    0.295986   0.0102681
     1.03709    0.250434    0.322722   0.0100826
     1.22565    0.383016    0.413558  0.00995912
     1.41421    0.646217    0.454281   0.0121615
     1.60278    0.617245    0.498081   0.0120372
     1.79134    0.446361    0.470162  0.00995961
      1.9799    0.580417     0.40399  0.00950431
     2.16846    0.376142    0.433445  0.00901754
     2.35702    0.245032    0.347077   0.0156356
     2.54558    0.238649     0.34704   0.0192559
     2.73415    0.195436    0.269663   0.0114154
     2.92271    0.219007    0.187037  0.00912415
     3.11127   0.0928078    0.156506  0.00747678
     3.29983    0.132583   0.0985069   0.0060577
     3.48839   0.0255344   0.0778123  0.00445971
     3.67696  0.00589256   0.0729687  0.00360796
     3.86552   0.0157135   0.0595319  0.00454425
     4.05408   0.0554882   0.0341984  0.00340234
     4.24264           0   0.0133215  0.00179161
      4.4312   0.0491046   0.0171085  0.00183624
     4.61976   0.0491046  0.00850031  0.00144075
     4.80833           0  0.00170378 0.000667921
     4.99689           0           0           0
     5.18545           0           0           0
     5.37401           0           0           0
     5.56257           0           0           0
   0.0942809           0  0.00648698  0.00118117
    0.282843   0.0117851   0.0452981  0.00367504
    0.471405    0.222444     0.10624  0.00478488
    0.659966    0.120797    0.162341  0.00575373
    0.848528    0.348152    0.296378   0.0101984
     1.03709    0.271058    0.322333   0.0100143
     1.22565    0.552427    0.414602  0.00993882
     1.41421      0.3236    0.453299   0.0121097
     1.60278    0.626084    0.499043   0.0119851
     1.79134    0.536714    0.470662  0.00989728
      1.9799    0.418863    0.404102   0.0094335
     2.16846     0.56765    0.434454  0.00900601
     2.35702    0.285298    0.346612    0.015525
     2.54558    0.213605    0.346036   0.0191372
     2.73415   0.0775853    0.268218   0.0114205
     2.92271    0.224408    0.187318  0.00905988
     3.11127    0.170884    0.156614  0.00742134
     3.29983    0.116378   0.0986412  0.00601365
     3.48839   0.0196419   0.0773749  0.00444757
     3.67696   0.0486136   0.0727856  0.00358548
     3.86552   0.0491046   0.0594535  0.00451076
     4.05408           0   0.0339413  0.00338646
     4.24264   0.0358464   0.0134909  0.00178613
      4.4312   0.0476315    0.017338  0.00183672
     4.61976   0.0147314  0.00854716  0.00143068
     4.80833           0  0.00169097 0.000663022
     4.99689           0           0           0
     5.18545           0           0           0
     5.37401           0           0           0
     5.56257           0           0           0
   0.0942809           0  0.00643857  0.00117334
    0.282843           0   0.0449601  0.00366313
    0.471405     0.19691    0.106916  0.00479678
    0.659966    0.165974    0.162368  0.00571086
    0.848528    0.340786    0.296709   0.0101276
     1.03709    0.222935    0.321591  0.00996695
     1.22565    0.696304    0.416704   0.0100845
     1.41421     0.21606    0.451528   0.0121481
     1.60278    0.425737    0.498496   0.0119081
     1.79134    0.578944     0.47147  0.00985636
      1.9799    0.536714    0.405091  0.00941487
     2.16846    0.482208    0.434811  0.00894585
     2.35702    0.354044    0.346668   0.0154092
     2.54558    0.338331    0.345979   0.0189945
     2.73415   0.0608898    0.266671   0.0114396
     2.92271    0.149769    0.187037   0.0089966
     3.11127    0.252398    0.157329   0.0074003
     3.29983   0.0888794   0.0985684  0.00596921
     3.48839    0.010312   0.0768744  0.00444245
     3.67696   0.0387927   0.0725319  0.00356769
     3.86552   0.0491046   0.0593763  0.00447776
     4.05408  0.00540151   0.0337283  0.00336788
     4.24264   0.0402658   0.0136907  0.00178394
      4.4312    0.052542   0.0176007  0.00184171
     4.61976           0  0.00848338  0.00142142
     4.80833           0  0.00167835 0.000658194
     4.99689           0           0           0
     5.18545           0           0           0
     5.37401           0           0           0
     5.56257           0           0           0
   0.0942809           0  0.00639088  0.00116562
    0.282843           0    0.044627   0.0036511
    0.471405    0.180705    0.107463  0.00479229
    0.659966    0.152224    0.162293  0.00566905
    0.848528    0.359937    0.297178   0.0100634
     1.03709    0.372213    0.321966  0.00990018
     1.22565    0.530821    0.417549   0.0100452
     1.41421    0.274495    0.450217   0.0121287
     1.60278    0.447834    0.498121   0.0118258
     1.79134    0.565685    0.472168  0.00980802
      1.9799    0.405113    0.405091  0.00934513
     2.16846    0.575506    0.435853  0.00894009
     2.35702    0.307395    0.346377   0.0152978
     2.54558    0.274986    0.345453   0.0188611
     2.73415    0.152715    0.265827    0.011386
     2.92271    0.195436      0.1871  0.00893017
     3.11127    0.248469    0.158004  0.00737622
     3.29983   0.0937899    0.098533   0.0059251
     3.48839   0.0603987   0.0767524  0.00441122
     3.67696  0.00343732   0.0720201  0.00357778
     3.86552    0.053033   0.0593293  0.00444484
     4.05408           0   0.0334785  0.00335219
     4.24264   0.0397748   0.0138839  0.00178116
      4.4312  0.00932988   0.0175394  0.00182908
     4.61976           0  0.00842054  0.00141228
     4.80833           0  0.00166592 0.000653436
     4.99689           0           0           0
     5.18545           0           0           0
     5.37401           0           0           0
     5.56257           0           0           0
   0.0942809           0  0.00634389    0.001158
    0.282843   0.0137493      0.0444  0.00363131
    0.471405    0.209186    0.108211  0.00481507
    0.659966    0.139457    0.162125  0.00562985
    0.848528    0.389891    0.297859   0.0100125
     1.03709    0.336367    0.322072  0.00982795
     1.22565    0.449307    0.417783  0.00997405
     1.41421    0.388418    0.449762    0.012048
     1.60278    0.439487     0.49769   0.0117467
     1.79134    0.578944    0.472953  0.00976728
      1.9799    0.488591    0.405705  0.00929656
     2.16846    0.479261    0.436172  0.00888005
     2.35702    0.358955    0.346469   0.0151856
     2.54558    0.243068      0.3447   0.0187374
     2.73415    0.167938    0.265107    0.011325
     2.92271    0.167447    0.186955  0.00886568
     3.11127    0.159099    0.158012  0.00732198
     3.29983    0.156153   0.0989567  0.00589666
     3.48839   0.0270076   0.0763866  0.00439392
     3.67696  0.00932988   0.0715592  0.00358105
     3.86552   0.0658002   0.0593769  0.00441241
     4.05408  0.00540151    0.033272  0.00333389
     4.24264   0.0073657    0.013836  0.00176871
      4.4312   0.0230792   0.0175802  0.00181609
     4.61976           0  0.00835862  0.00140326
     4.80833           0  0.00165367 0.000648746
     4.99689           0           0           0
     5.18545           0           0           0
     5.37401           0           0           0
     5.56257           0           0           0
   0.0942809           0  0.00629758  0.00115047
    0.282843   0.0491046   0.0444343  0.00360496
    0.471405    0.167447    0.108643  0.00479929
    0.659966     0.22048    0.162551  0.00560485
    0.848528    0.259272    0.297578  0.00994338
     1.03709    0.380561    0.322499  0.00976548
     1.22565    0.475824    0.418207  0.00991024
     1.41421    0.430648    0.449623   0.0119609
     1.60278    0.288735    0.496165   0.0117596
     1.79134    0.579926    0.473734  0.00972714
      1.9799     0.75081    0.408224   0.0095639
     2.16846     0.33784    0.435454  0.00884419
     2.35702    0.300029     0.34613   0.0150786
     2.54558    0.247487    0.343991   0.0186141
     2.73415     0.21115    0.264713   0.0112492
     2.92271    0.162045    0.186773  0.00880283
     3.11127    0.198874     0.15831  0.00727461
     3.29983    0.113432   0.0990623  0.00585457
     3.48839   0.0063836   0.0758756  0.00439146
     3.67696  0.00982093   0.0711085  0.00358315
     3.86552   0.0643271    0.059413  0.00438035
     4.05408           0   0.0330291  0.00331839
     4.24264           0    0.013735  0.00175868
      4.4312  0.00147314   0.0174626  0.00180663
     4.61976  0.00294628  0.00831911  0.00139357
     4.80833  0.00343732  0.00166669 0.000644141
     4.99689   0.0284807 0.000207888 0.000207128
     5.18545   0.0127672 9.31913e-05 9.28505e-05
     5.37401           0           0           0
     5.56257           0           0           0
   0.0942809           0  0.00625195  0.00114304
    0.282843   0.0333912   0.0443543  0.00357973
    0.471405    0.147805    0.108927   0.0047729
    0.659966    0.306904    0.163597    0.005661
    0.848528    0.129145    0.296357  0.00994595
     1.03709    0.390873    0.322995  0.00970727
     1.22565    0.519036    0.418937  0.00986532
     1.41421    0.383507    0.449144   0.0118838
     1.60278    0.243559    0.494334    0.011816
     1.79134    0.710544     0.47545  0.00980685
      1.9799    0.576979    0.409447  0.00957245
     2.16846     0.55832    0.436345   0.0088248
     2.35702    0.338822    0.346077   0.0149694
     2.54558    0.228337    0.343152    0.018498
     2.73415    0.131109    0.263745   0.0112092
     2.92271    0.109012     0.18621  0.00875706
     3.11127    0.260255    0.159049  0.00725931
     3.29983    0.137493   0.0993408  0.00581876
     3.48839           0   0.0753258  0.00439392
     3.67696           0   0.0705933  0.00359404
     3.86552   0.0491046   0.0593383  0.00434925
     4.05408           0   0.0327898  0.00330296
     4.24264           0   0.0136354  0.00174875
      4.4312           0   0.0173361  0.00179797
     4.61976           0  0.00825883  0.00138477
     4.80833   0.0446852  0.00197842 0.000710913
     4.99689  0.00441942 0.000238407 0.000207863
     5.18545           0  9.2516e-05 9.21802e-05
     5.37401           0           0           0
     5.56257           0           0           0
   0.0942809           0  0.00620697   0.0011357
    0.282843    0.094772    0.044717   0.0035723
    0.471405   0.0599077    0.108574  0.00475157
    0.659966    0.345697    0.164907  0.00576987
    0.848528    0.321144    0.296535  0.00987599
     1.03709    0.411497    0.323631   0.0096583
     1.22565    0.390873    0.418735  0.00979641
     1.41421     0.35208    0.448445   0.0118188
     1.60278    0.234229    0.492463   0.0118782
     1.79134    0.747864     0.47741  0.00993019
      1.9799    0.430648      0.4096   0.0095048
     2.16846    0.561757    0.437247  0.00880732
     2.35702    0.397748    0.346449   0.0148663
     2.54558    0.152715    0.341782   0.0184156
     2.73415    0.166956    0.263049   0.0111502
     2.92271    0.170884      0.1861  0.00869475
     3.11127    0.223426    0.159512  0.00722184
     3.29983    0.115887   0.0994599  0.00577812
     3.48839   0.0270076   0.0749782  0.00437604
     3.67696   0.0142403   0.0701878  0.00359098
     3.86552   0.0348643   0.0591623  0.00432152
     4.05408           0   0.0325539  0.00328761
     4.24264           0   0.0135373  0.00173892
      4.4312           0   0.0172114  0.00178935
     4.61976           0  0.00819941  0.00137609
     4.80833   0.0491046  0.00231746 0.000782477
     4.99689           0 0.000236691 0.000206375
     5.18545           0 9.18504e-05 9.15194e-05
     5.37401           0           0           0
     5.56257           0           0           0
   0.0942809           0  0.00616263  0.00112845
    0.282843   0.0628539   0.0448466  0.00354914
    0.471405   0.0353553    0.108051  0.00474633
    0.659966    0.353062    0.166251   0.0058831
    0.848528    0.351098    0.296925  0.00981314
     1.03709    0.362883    0.323912  0.00959338
     1.22565    0.279405     0.41774  0.00977686
     1.41421    0.431139    0.448322    0.011735
     1.60278    0.212623    0.490464   0.0119604
     1.79134      0.8117    0.479798   0.0101423
      1.9799      0.3894    0.409456  0.00943801
     2.16846    0.532785    0.437929   0.0087708
     2.35702    0.418372    0.346963    0.014769
     2.54558    0.287262    0.341393   0.0182882
     2.73415    0.226372    0.262787   0.0110736
     2.92271    0.074148      0.1853  0.00866934
     3.11127    0.283334    0.160397  0.00722421
     3.29983   0.0441942   0.0990651  0.00575031
     3.48839   0.0491046   0.0747934  0.00434868
     3.67696   0.0491046   0.0700372  0.00356849
     3.86552           0   0.0587397  0.00431126
     4.05408           0   0.0323214  0.00327234
     4.24264           0   0.0134406  0.00172918
      4.4312           0   0.0170884  0.00178079
     4.61976    0.042721    0.008446  0.00138817
     4.80833   0.0063836   0.0023465 0.000777427
     4.99689           0 0.000235001 0.000204908
     5.18545           0 9.11943e-05  9.0868e-05
     5.37401           0           0           0
     5.56257           0           0           0
   0.0942809           0  0.00611893  0.00112129
    0.282843   0.0491046   0.0448768  0.00352409
    0.471405   0.0702196    0.107783  0.00472024
    0.659966    0.299538    0.167196  0.00591684
    0.848528    0.360919    0.297379  0.00975403
     1.03709    0.405113    0.324488  0.00954261
     1.22565    0.364847    0.417365  0.00971472
     1.41421    0.388909      0.4479   0.0116594
     1.60278    0.290699    0.489047   0.0119592
     1.79134    0.846564    0.482399   0.0103986
      1.9799     0.22048    0.408115  0.00946575
     2.16846    0.477788    0.438212  0.00871315
     2.35702    0.407077    0.347389   0.0146704
     2.54558    0.338331    0.341371   0.0181585
     2.73415    0.290699    0.262985   0.0109969
     2.92271   0.0338822    0.184226  0.00867411
     3.11127    0.311814    0.161471  0.00725235
     3.29983           0   0.0983625  0.00575229
     3.48839   0.0353553   0.0745137  0.00432683
     3.67696   0.0628539   0.0699863  0.00354354
     3.86552           0   0.0583231  0.00430077
     4.05408           0   0.0320921  0.00325716
     4.24264           0   0.0133453  0.00171955
      4.4312           0   0.0169672  0.00177228
     4.61976   0.0491046  0.00873436  0.00140796
     4.80833           0  0.00232986 0.000772091
     4.99689           0 0.000233334 0.000203461
     5.18545           0 9.05476e-05 9.02259e-05
     5.37401           0           0           0
     5.56257           0           0           0
   0.0942809           0  0.00607583  0.00111423
    0.282843   0.0608898   0.0449895  0.00350108
    0.471405   0.0712017    0.107525  0.00469403
    0.659966    0.230792    0.167644  0.00589209
    0.848528    0.288244    0.297315  0.00968555
     1.03709    0.461093     0.32545  0.00952378
     1.22565    0.306904    0.416587   0.0096774
     1.41421    0.452254    0.447931   0.0115773
     1.60278    0.348643    0.488059   0.0119158
     1.79134    0.842145    0.484933   0.0106295
      1.9799    0.327037    0.407544   0.0094163
     2.16846    0.387927    0.437858  0.00865899
     2.35702    0.356991    0.347457   0.0145672
     2.54558    0.351589    0.341443   0.0180308
     2.73415    0.304449    0.263277   0.0109233
     2.92271   0.0712017     0.18343  0.00864947
     3.11127    0.283825    0.162332  0.00725229
     3.29983   0.0157135   0.0977805  0.00574116
     3.48839  0.00687465   0.0740373   0.0043225
     3.67696   0.0476315   0.0698289  0.00352208
     3.86552   0.0387927   0.0581855  0.00427268
     4.05408           0   0.0318661  0.00324205
     4.24264           0   0.0132513     0.00171
      4.4312           0   0.0168477  0.00176382
     4.61976  0.00982093  0.00874201  0.00139806
     4.80833   0.0392837   0.0025901 0.000809324
     4.99689           0 0.000231691 0.000202035
     5.18545           0 8.99099e-05 8.95928e-05
     5.37401           0           0           0
     5.56257           0           0           0
   0.0942809           0  0.00603335  0.00110724
    0.282843   0.0383016   0.0449428  0.00347691
    0.471405   0.0810227     0.10734  0.00466486
    0.659966    0.330965    0.168786  0.00596055
    0.848528    0.206239    0.296678  0.00963874
     1.03709    0.333912    0.325509  0.00945736
     1.22565    0.468949    0.416953  0.00961665
     1.41421    0.413461     0.44769   0.0114988
     1.60278    0.355027    0.487128   0.0118687
     1.79134    0.808262    0.487194   0.0107929
      1.9799    0.376142    0.407325  0.00935301
     2.16846    0.356991    0.437292  0.00861688
     2.35702    0.331947    0.347348   0.0144658
     2.54558    0.343732    0.341459   0.0179047
     2.73415    0.346679     0.26386   0.0108625
     2.92271   0.0878973    0.182762  0.00861474
     3.11127    0.272531    0.163103   0.0072424
     3.29983    0.053033   0.0974676  0.00570953
     3.48839           0   0.0735196  0.00432316
     3.67696           0   0.0693406  0.00353114
     3.86552   0.0333912   0.0580122  0.00424632
     4.05408   0.0157135   0.0317532  0.00322134
     4.24264           0   0.0131587  0.00170055
      4.4312           0   0.0167299  0.00175542
     4.61976           0  0.00868088  0.00138962
     4.80833   0.0491046  0.00291537 0.000866569
     4.99689           0 0.000230071 0.000200629
     5.18545           0 8.92812e-05 8.89684e-05
     5.37401           0           0           0
     5.56257           0           0           0
   0.0942809           0  0.00599145  0.00110035
    0.282843  0.00932988   0.0446955  0.00346155
    0.471405   0.0869152    0.107198  0.00463462
    0.659966    0.291191    0.169636  0.00597947
    0.848528    0.307886    0.296756  0.00957212
     1.03709    0.223426      0.3248  0.00941821
     1.22565    0.452745    0.417202  0.00955308
     1.41421    0.671751    0.449246   0.0115238
     1.60278    0.225881    0.485314   0.0119241
     1.79134    0.878973    0.489914   0.0110556
      1.9799    0.213114    0.405976  0.00938479
     2.16846    0.423773    0.437198  0.00855755
     2.35702     0.40364    0.347739   0.0143706
     2.54558    0.260746    0.340899   0.0177891
     2.73415    0.264674    0.263866   0.0107871
     2.92271    0.125708    0.182366  0.00856402
     3.11127    0.235211    0.163604  0.00720939
     3.29983    0.104102   0.0975136  0.00567006
     3.48839    0.031918   0.0732307  0.00430278
     3.67696   0.0122762   0.0689443  0.00352879
     3.86552   0.0162045   0.0577218  0.00422674
     4.05408   0.0147314    0.031635  0.00320114
     4.24264           0   0.0130673   0.0016912
      4.4312           0   0.0166137  0.00174707
     4.61976           0  0.00862059  0.00138128
     4.80833   0.0491046  0.00323613 0.000917998
     4.99689           0 0.000228473 0.000199242
     5.18545           0 8.86612e-05 8.83528e-05
     5.37401           0           0           0
     5.56257           0           0           0
   0.0942809           0  0.00595013  0.00109353
    0.282843  0.00785674   0.0444414  0.00344699
    0.471405   0.0731659    0.106963  0.00460859
    0.659966    0.356991    0.170928  0.00607623
    0.848528    0.349134    0.297117  0.00951292
     1.03709    0.339313      0.3249  0.00935379
     1.22565    0.270076    0.416187  0.00954093
     1.41421    0.686483    0.450882   0.0115599
     1.60278    0.241595    0.483633   0.0119598
     1.79134    0.820047    0.492191   0.0112113
      1.9799     0.23472    0.404795   0.0093941
     2.16846    0.367303    0.436716   0.0085121
     2.35702    0.481716    0.348663   0.0143012
     2.54558    0.257308    0.340322   0.0176758
     2.73415    0.276459    0.263953    0.010713
     2.92271   0.0854421    0.181697  0.00853101
     3.11127    0.178741    0.163708  0.00716043
     3.29983    0.137493   0.0977893  0.00563766
     3.48839   0.0132583   0.0728171  0.00429294
     3.67696   0.0186598   0.0685975  0.00352145
     3.86552   0.0171866   0.0574423  0.00420683
     4.05408   0.0412479   0.0317013  0.00317975
     4.24264           0   0.0129772  0.00168193
      4.4312           0   0.0164992  0.00173877
     4.61976           0  0.00856114  0.00137303
     4.80833   0.0491046  0.00355247 0.000964631
     4.99689           0 0.000226897 0.000197874
     5.18545           0 8.80497e-05 8.77456e-05
     5.37401           0           0           0
     5.56257           0           0           0
   0.0942809           0  0.00590937   0.0010868
    0.282843           0    0.044137  0.00343679
    0.471405   0.0888794     0.10684  0.00457869
    0.659966     0.30052    0.171816   0.0060991
    0.848528    0.382525    0.297702  0.00946573
     1.03709    0.292664    0.324679  0.00929233
     1.22565    0.240613    0.414985  0.00955106
     1.41421    0.573051    0.451719   0.0115109
     1.60278    0.442924    0.483354   0.0118811
     1.79134    0.813173     0.49439    0.011348
      1.9799     0.31918    0.404209  0.00934804
     2.16846    0.348152     0.43611  0.00847539
     2.35702    0.397257    0.348996   0.0142071
     2.54558     0.35208    0.340403   0.0175549
     2.73415    0.212132    0.263598   0.0106455
     2.92271   0.0712017     0.18094  0.00850608
     3.11127    0.161063     0.16369  0.00711141
     3.29983    0.202311   0.0985052  0.00564432
     3.48839   0.0073657   0.0723688  0.00428688
     3.67696           0   0.0681276  0.00352853
     3.86552   0.0368285   0.0573011  0.00418038
     4.05408   0.0122762   0.0315682  0.00316075
     4.24264           0   0.0128883  0.00167276
      4.4312           0   0.0163862  0.00173053
     4.61976           0   0.0085025  0.00136488
     4.80833   0.0491046  0.00386447  0.00100722
     4.99689           0 0.000225343 0.000196525
     5.18545           0 8.74466e-05 8.71466e-05
     5.37401           0           0           0
     5.56257           0           0           0
   0.0942809           0  0.00586917  0.00108015
    0.282843           0   0.0438367   0.0034265
    0.471405   0.0820047    0.106671  0.00455066
    0.659966    0.300029    0.172688  0.00611965
    0.848528    0.404622    0.298429  0.00942924
     1.03709    0.277932    0.324361  0.00923456
     1.22565     0.34275    0.414493  0.00949872
     1.41421    0.395292    0.451335    0.011439
     1.60278     0.56765    0.483928   0.0118141
     1.79134    0.822012    0.496618   0.0114876
      1.9799    0.285298      0.4034  0.00931938
     2.16846     0.36141    0.435602  0.00843295
     2.35702    0.391855    0.349288   0.0141134
     2.54558    0.282843    0.340011   0.0174399
     2.73415    0.223426    0.263324   0.0105766
     2.92271    0.116869    0.180505  0.00845938
     3.11127    0.189053    0.163863  0.00706512
     3.29983    0.153698   0.0988807   0.0056184
     3.48839   0.0162045   0.0719867  0.00427471
     3.67696  0.00147314   0.0676742  0.00353354
     3.86552   0.0500867    0.057252  0.00415223
     4.05408  0.00147314   0.0313635  0.00314588
     4.24264  0.00147314   0.0128106  0.00166318
      4.4312  0.00196419    0.016288  0.00172154
     4.61976  0.00294628   0.0084647  0.00135612
     4.80833   0.0132583  0.00392837  0.00100239
     4.99689   0.0176777 0.000344067 0.000228249
     5.18545           0 8.68517e-05 8.65558e-05
     5.37401           0           0           0
     5.56257           0           0           0
   0.0942809           0  0.00582952  0.00107358
    0.282843           0   0.0435406  0.00341613
    0.471405    0.137984    0.106882  0.00452483
    0.659966    0.336858    0.173797  0.00617802
    0.848528    0.302976     0.29846  0.00936558
     1.03709    0.408551     0.32493  0.00918967
     1.22565    0.306413    0.413763  0.00946257
     1.41421    0.513143    0.451753   0.0113694
     1.60278    0.346679    0.483001   0.0117706
     1.79134    0.717419     0.49811   0.0115065
      1.9799    0.444888     0.40368  0.00926062
     2.16846    0.326546    0.434865   0.0084081
     2.35702    0.386945    0.349542   0.0140204
     2.54558    0.341768    0.340023    0.017322
     2.73415    0.181687    0.262773   0.0105195
     2.92271    0.135038    0.180197  0.00840779
     3.11127    0.150751    0.163774  0.00701794
     3.29983   0.0928078   0.0988397  0.00558058
     3.48839   0.0766032   0.0720179  0.00424594
     3.67696 0.000982093   0.0672236  0.00353829
     3.86552   0.0500867   0.0572036  0.00412446
     4.05408  0.00147314   0.0311615   0.0031311
     4.24264  0.00196419   0.0127373  0.00165356
      4.4312  0.00196419   0.0161913  0.00171262
     4.61976  0.00343732  0.00843074  0.00134738
     4.80833   0.0363374  0.00414735  0.00101926
     4.99689           0 0.000341742 0.000226719
     5.18545           0 8.62649e-05  8.5973e-05
     5.37401           0           0           0
     5.56257           0           0           0
   0.0942809           0  0.00579039  0.00106709
    0.282843           0   0.0432483  0.00340567
    0.471405    0.240122    0.107776  0.00458197
    0.659966    0.153698    0.173662  0.00613803
    0.848528    0.392346     0.29909   0.0093239
     1.03709    0.362392    0.325181  0.00913143
     1.22565    0.259272    0.412726   0.0094557
     1.41421    0.541624    0.452356    0.011309
     1.60278    0.380561    0.482313   0.0117117
     1.79134    0.791076    0.500076    0.011596
      1.9799    0.325073    0.403152  0.00921349
     2.16846    0.303467    0.433983  0.00839779
     2.35702    0.446852    0.350195   0.0139415
     2.54558    0.340295    0.340025   0.0172058
     2.73415    0.184633    0.262248    0.010462
     2.92271   0.0918257    0.179604  0.00837226
     3.11127    0.197401       0.164  0.00697447
     3.29983    0.155171   0.0992177  0.00555592
     3.48839   0.0392837   0.0717982  0.00422313
     3.67696           0   0.0667724  0.00354319
     3.86552   0.0491046   0.0571492  0.00409714
     4.05408           0   0.0309524  0.00311706
     4.24264           0   0.0126519  0.00164467
      4.4312           0   0.0160826  0.00170457
     4.61976    0.031918  0.00858837  0.00134753
     4.80833   0.0171866  0.00423486  0.00101617
     4.99689           0 0.000339448 0.000225209
     5.18545           0 8.56859e-05 8.53979e-05
     5.37401           0           0           0
     5.56257           0           0           0
   0.0942809           0  0.00575179  0.00106067
    0.282843    0.111468   0.0437031   0.0034132
    0.471405    0.138475    0.107981  0.00455599
    0.659966    0.204275    0.173866   0.0061005
    0.848528    0.417389    0.299879  0.00929503
     1.03709    0.242577    0.324631  0.00908714
     1.22565    0.357482    0.412358  0.00939983
     1.41421    0.466985    0.452453   0.0112341
     1.60278    0.491537    0.482374   0.0116338
     1.79134    0.743444    0.501699   0.0116317
      1.9799    0.287753    0.402383  0.00918413
     2.16846    0.314761    0.433188  0.00837934
     2.35702    0.389891     0.35046    0.013851
     2.54558    0.348643    0.340082   0.0170912
     2.73415    0.198874    0.261826   0.0104008
     2.92271    0.119815    0.179206  0.00832593
     3.11127    0.237666    0.164491  0.00694524
     3.29983   0.0712017    0.099031  0.00552202
     3.48839   0.0628539   0.0717386  0.00419539
     3.67696           0   0.0663273  0.00354742
     3.86552   0.0491046   0.0570956  0.00407017
     4.05408           0   0.0307461   0.0031031
     4.24264           0   0.0125675  0.00163587
      4.4312           0   0.0159754  0.00169658
     4.61976   0.0491046  0.00885848  0.00136535
     4.80833           0  0.00420663  0.00100978
     4.99689           0 0.000337185 0.000223719
     5.18545           0 8.51147e-05 8.48305e-05
     5.37401           0           0           0
     5.56257           0           0           0
   0.0942809           0   0.0057137  0.00105433
    0.282843    0.147314   0.0443893  0.00345888
    0.471405    0.130618    0.108131  0.00452829
    0.659966    0.238157    0.174292  0.00607494
    0.848528    0.356991    0.300257  0.00924117
     1.03709     0.31427    0.324562  0.00902722
     1.22565    0.366321    0.412053  0.00934253
     1.41421    0.445379    0.452407   0.0111598
     1.60278    0.293646    0.481125   0.0116237
     1.79134     0.76014     0.50341   0.0116799
      1.9799    0.258781    0.401432  0.00917241
     2.16846    0.383507    0.432859   0.0083303
     2.35702    0.518545    0.351573    0.013804
     2.54558    0.313288    0.339905   0.0169789
     2.73415    0.252398    0.261763   0.0103321
     2.92271   0.0613808    0.178425  0.00830727
     3.11127    0.257799    0.165109  0.00692668
     3.29983   0.0432121   0.0986613  0.00549781
     3.48839   0.0255344   0.0714326  0.00417875
     3.67696   0.0378106   0.0661384  0.00352895
     3.86552   0.0491046   0.0570427  0.00404356
     4.05408           0   0.0305424  0.00308922
     4.24264           0   0.0124843  0.00162715
      4.4312           0   0.0158696  0.00168864
     4.61976   0.0491046  0.00912501  0.00138208
     4.80833           0  0.00417877  0.00100348
     4.99689           0 0.000334952 0.000222248
     5.18545           0  8.4551e-05 8.42706e-05
     5.37401           0           0           0
     5.56257           0           0           0
   0.0942809           0  0.00567611  0.00104807
    0.282843    0.112941   0.0448403   0.0034654
    0.471405    0.146823    0.108386  0.00450564
    0.659966    0.311323    0.175194   0.0061015
    0.848528    0.264183     0.30002  0.00918342
     1.03709     0.22981    0.323939  0.00898933
     1.22565    0.475824    0.412472  0.00929048
     1.41421     0.53033    0.452919   0.0110981
     1.60278    0.283334    0.479823   0.0116198
     1.79134    0.742953    0.504986   0.0117089
      1.9799    0.212623     0.40019  0.00919579
     2.16846     0.33784    0.432234  0.00829892
     2.35702    0.576979    0.353056   0.0137926
     2.54558    0.274986    0.339478   0.0168726
     2.73415    0.225881    0.261527   0.0102668
     2.92271    0.136511     0.17815  0.00825719
     3.11127    0.170884    0.165147  0.00688122
     3.29983   0.0667823   0.0984516  0.00546564
     3.48839    0.105084    0.071654  0.00415712
     3.67696           0   0.0657033  0.00353245
     3.86552   0.0491046   0.0569905   0.0040173
     4.05408           0   0.0303415  0.00307543
     4.24264           0   0.0124022  0.00161851
      4.4312           0   0.0157652  0.00168075
     4.61976   0.0491046  0.00938803  0.00139779
     4.80833           0  0.00415128 0.000997255
     4.99689           0 0.000332749 0.000220797
     5.18545           0 8.39948e-05  8.3718e-05
     5.37401           0           0           0
     5.56257           0           0           0
   0.0942809           0  0.00563901  0.00104187
    0.282843   0.0201329   0.0446788  0.00344651
    0.471405   0.0991914    0.108325   0.0044766
    0.659966    0.441942    0.176937  0.00630579
    0.848528    0.248961    0.299686  0.00912945
     1.03709     0.27695    0.323632  0.00893582
     1.22565      0.5539    0.413397  0.00927563
     1.41421    0.478279    0.453085   0.0110268
     1.60278    0.299047    0.478642   0.0116038
     1.79134    0.635414    0.505839   0.0116633
      1.9799    0.346188    0.399837  0.00914246
     2.16846     0.23914    0.430972  0.00834009
     2.35702    0.556847    0.354388   0.0137666
     2.54558    0.294628    0.339185   0.0167648
     2.73415    0.263692    0.261542   0.0101997
     2.92271    0.160572    0.178035  0.00820402
     3.11127   0.0761122    0.164565   0.0068608
     3.29983    0.140439    0.098726   0.0054368
     3.48839    0.073657   0.0716671  0.00412997
     3.67696           0   0.0652739  0.00353537
     3.86552   0.0491046   0.0569389  0.00399137
     4.05408           0   0.0301432  0.00306171
     4.24264           0   0.0123211  0.00160996
      4.4312           0   0.0156621  0.00167292
     4.61976   0.0491046  0.00964762  0.00141255
     4.80833           0  0.00412415 0.000991106
     4.99689           0 0.000330574 0.000219365
     5.18545           0 8.34458e-05 8.31726e-05
     5.37401           0           0           0
     5.56257           0           0           0
   0.0942809           0  0.00560239  0.00103575
    0.282843   0.0117851   0.0444652  0.00343075
    0.471405   0.0834779    0.108164  0.00445043
    0.659966    0.450781    0.178715  0.00651074
    0.848528    0.300029    0.299688  0.00907017
     1.03709    0.270567    0.323287  0.00888444
     1.22565    0.461584     0.41371  0.00922067
     1.41421    0.547517    0.453698   0.0109723
     1.60278    0.398239     0.47812   0.0115402
     1.79134    0.411497    0.505226   0.0116037
      1.9799    0.436049    0.400072  0.00908612
     2.16846    0.261728    0.429873  0.00835802
     2.35702    0.529839    0.355527   0.0137243
     2.54558     0.37074     0.33939   0.0166572
     2.73415    0.191999     0.26109   0.0101435
     2.92271     0.22981    0.178371  0.00815764
     3.11127    0.101647    0.164156  0.00682841
     3.29983   0.0628539   0.0984931  0.00540648
     3.48839    0.084951   0.0717534  0.00410405
     3.67696           0     0.06485  0.00353773
     3.86552   0.0491046    0.056888  0.00396578
     4.05408           0   0.0299475  0.00304808
     4.24264           0   0.0122411   0.0016015
      4.4312           0   0.0155604  0.00166515
     4.61976   0.0491046  0.00990383  0.00142642
     4.80833           0  0.00409737 0.000985032
     4.99689           0 0.000328427 0.000217951
     5.18545           0 8.29039e-05 8.26343e-05
     5.37401           0           0           0
     5.56257           0           0           0
   0.0942809           0  0.00556625   0.0010297
    0.282843           0   0.0441783  0.00342058
    0.471405   0.0589256    0.107846  0.00443304
    0.659966    0.367794    0.179935  0.00658202
    0.848528    0.378597    0.300197  0.00902593
     1.03709    0.224408    0.322649  0.00884999
     1.22565    0.519036    0.414389  0.00918619
     1.41421    0.589747    0.454576   0.0109365
     1.60278     0.49252    0.478213   0.0114661
     1.79134    0.305922     0.50394   0.0115998
      1.9799    0.494484    0.400681  0.00904789
     2.16846     0.28137    0.428915  0.00835883
     2.35702    0.534258     0.35668   0.0136841
     2.54558    0.309359    0.339196   0.0165509
     2.73415    0.173339    0.260524   0.0100938
     2.92271    0.169902    0.178316  0.00810519
     3.11127     0.22539    0.164551  0.00679577
     3.29983  0.00785674   0.0979083  0.00540313
     3.48839   0.0594166   0.0716738  0.00407835
     3.67696   0.0127672    0.064514  0.00353083
     3.86552   0.0491046   0.0568378  0.00394051
     4.05408           0   0.0297542  0.00303454
     4.24264           0   0.0121621  0.00159311
      4.4312           0     0.01546  0.00165743
     4.61976   0.0491046   0.0101567  0.00143947
     4.80833           0  0.00407093 0.000979032
     4.99689           0 0.000326308 0.000216555
     5.18545           0 8.23691e-05 8.21029e-05
     5.37401           0           0           0
     5.56257           0           0           0
   0.0942809           0  0.00553057  0.00102372
    0.282843           0   0.0438951  0.00341036
    0.471405    0.102138     0.10781  0.00440478
    0.659966    0.344224    0.180988  0.00662354
    0.848528    0.406586    0.300879   0.0089938
     1.03709    0.242086    0.322133  0.00880832
     1.22565    0.549481    0.415255  0.00916803
     1.41421    0.565685    0.455288   0.0108896
     1.60278    0.301994    0.477083   0.0114481
     1.79134    0.332438    0.502841   0.0115775
      1.9799    0.509706     0.40138  0.00901684
     2.16846    0.353062    0.428429  0.00831938
     2.35702    0.543588    0.357878   0.0136487
     2.54558    0.266638    0.338731   0.0164513
     2.73415    0.193472    0.260094   0.0100382
     2.92271     0.15026    0.178137  0.00805523
     3.11127    0.205748    0.164815  0.00675734
     3.29983   0.0417389   0.0975483  0.00538048
     3.48839    0.063345   0.0716204  0.00405255
     3.67696   0.0329001   0.0643113  0.00351401
     3.86552   0.0491046   0.0567883  0.00391556
     4.05408           0   0.0295635  0.00302107
     4.24264           0   0.0120841  0.00158481
      4.4312           0   0.0153609  0.00164977
     4.61976   0.0491046   0.0104064  0.00145173
     4.80833           0  0.00404484 0.000973104
     4.99689           0 0.000324217 0.000215177
     5.18545           0 8.18411e-05 8.15783e-05
     5.37401           0           0           0
     5.56257           0           0           0
   0.0942809           0  0.00549534   0.0010178
    0.282843           0   0.0436156  0.00340008
    0.471405    0.137984    0.108002  0.00438091
    0.659966    0.194945    0.181077  0.00658195
    0.848528    0.489573    0.302081  0.00901646
     1.03709    0.463548    0.323033  0.00879815
     1.22565    0.386453    0.415072  0.00911147
     1.41421    0.522964    0.455719   0.0108287
     1.60278    0.372704    0.476418   0.0113945
     1.79134    0.311814    0.501624   0.0115675
      1.9799    0.413461    0.401457  0.00895974
     2.16846    0.385471    0.428155  0.00827089
     2.35702     0.50676    0.358827   0.0135947
     2.54558    0.330965    0.338681   0.0163466
     2.73415    0.114905    0.259169   0.0100168
     2.92271    0.284316    0.178813  0.00803226
     3.11127    0.175304    0.164882  0.00671463
     3.29983   0.0820047   0.0974492  0.00534712
     3.48839    0.031918   0.0713675  0.00403462
     3.67696           0   0.0639017  0.00351542
     3.86552   0.0491046   0.0567393  0.00389093
     4.05408           0   0.0293752  0.00300769
     4.24264           0   0.0120072  0.00157658
      4.4312           0   0.0152631  0.00164216
     4.61976   0.0491046   0.0106529  0.00146326
     4.80833           0  0.00401907 0.000967247
     4.99689           0 0.000322151 0.000213816
     5.18545           0 8.13198e-05 8.10604e-05
     5.37401           0           0           0
     5.56257           0           0           0
   0.0942809           0  0.00546056  0.00101195
    0.282843           0   0.0433395  0.00338975
    0.471405   0.0982093     0.10794  0.00435362
    0.659966    0.224899    0.181355  0.00654614
    0.848528    0.401676    0.302711   0.0089814
     1.03709    0.361901    0.323279   0.0087459
     1.22565    0.608406    0.416295   0.0091356
     1.41421    0.610371    0.456698   0.0108044
     1.60278    0.231774     0.47487   0.0114271
     1.79134    0.423773    0.501131   0.0115048
      1.9799    0.329001    0.400998  0.00891476
     2.16846    0.359937    0.427723  0.00822981
     2.35702    0.489082    0.359651   0.0135336
     2.54558    0.278914    0.338303   0.0162475
     2.73415    0.245523    0.259083  0.00995378
     2.92271    0.227846    0.179123  0.00798742
     3.11127    0.215569    0.165203  0.00667979
     3.29983   0.0982093   0.0974541  0.00531328
     3.48839           0   0.0709158  0.00403429
     3.67696           0   0.0634973  0.00351636
     3.86552   0.0132583   0.0564641  0.00387602
     4.05408   0.0358464   0.0294162  0.00298893
     4.24264           0   0.0119312  0.00156843
      4.4312           0   0.0151665   0.0016346
     4.61976   0.0491046   0.0108963   0.0014741
     4.80833           0  0.00399364 0.000961459
     4.99689           0 0.000320113 0.000212473
     5.18545           0 8.08051e-05  8.0549e-05
     5.37401           0           0           0
     5.56257           0           0           0
   0.0942809           0  0.00542622  0.00100617
    0.282843           0   0.0430669  0.00337937
    0.471405    0.109994    0.107953  0.00432626
    0.659966    0.240122    0.181724  0.00651539
    0.848528    0.374668    0.303164  0.00893631
     1.03709    0.307395     0.32318  0.00869147
     1.22565    0.747373    0.418378  0.00931242
     1.41421    0.597112    0.457581   0.0107724
     1.60278    0.177759    0.473001    0.011507
     1.79134     0.36583    0.500281   0.0114638
      1.9799    0.366321     0.40078  0.00886136
     2.16846    0.414443     0.42764  0.00817847
     2.35702    0.404622    0.359934   0.0134514
     2.54558    0.269584    0.337871   0.0161511
     2.73415    0.229319    0.258896  0.00989294
     2.92271    0.241595    0.179516  0.00794684
     3.11127    0.211641    0.165495  0.00664416
     3.29983    0.147314   0.0977676  0.00528911
     3.48839           0   0.0704698   0.0040335
     3.67696           0   0.0630979  0.00351685
     3.86552           0    0.056109  0.00386788
     4.05408   0.0476315   0.0295307  0.00297233
     4.24264  0.00147314   0.0118654  0.00155995
      4.4312           0   0.0150711   0.0016271
     4.61976   0.0491046   0.0111366  0.00148428
     4.80833           0  0.00396852  0.00095574
     4.99689           0 0.000318099 0.000211146
     5.18545           0 8.02969e-05  8.0044e-05
     5.37401           0           0           0
     5.56257           0           0           0
   0.0942809           0   0.0053923  0.00100045
    0.282843           0   0.0427978  0.00336895
    0.471405   0.0491046    0.107585  0.00431483
    0.659966    0.330965    0.182657   0.0065411
    0.848528    0.324582    0.303298  0.00888146
     1.03709    0.396765    0.323639   0.0086493
     1.22565    0.672734    0.419967  0.00938892
     1.41421    0.636396    0.458699   0.0107629
     1.60278    0.191508    0.471242   0.0115688
     1.79134    0.367794    0.499452    0.011422
      1.9799    0.311323    0.400221  0.00882359
     2.16846    0.480734    0.427971  0.00813408
     2.35702    0.370249    0.359998   0.0133675
     2.54558     0.17825    0.336873   0.0160809
     2.73415    0.260746    0.258907  0.00983112
     2.92271    0.153206    0.179352  0.00789887
     3.11127    0.242577    0.165977  0.00662008
     3.29983    0.186107   0.0983198  0.00528479
     3.48839   0.0260255    0.070192  0.00401784
     3.67696   0.0063836   0.0627435  0.00351268
     3.86552   0.0206239   0.0558872  0.00385006
     4.05408   0.0220971   0.0294843  0.00295412
     4.24264   0.0348643   0.0120092   0.0015568
      4.4312   0.0063836   0.0150168  0.00161784
     4.61976   0.0338822   0.0112787   0.0014818
     4.80833           0  0.00394372 0.000950089
     4.99689           0 0.000316111 0.000209836
     5.18545           0  7.9795e-05 7.95453e-05
     5.37401           0           0           0
     5.56257           0           0           0
   0.0942809  0.00343732  0.00538016 0.000994315
    0.282843   0.0063836   0.0425716  0.00335561
    0.471405   0.0402658    0.107167  0.00430824
    0.659966    0.331456    0.183581  0.00656544
    0.848528    0.338822    0.303519  0.00882904
     1.03709    0.330474    0.323682  0.00859569
     1.22565    0.524438    0.420616    0.009353
     1.41421    0.600059    0.459577   0.0107318
     1.60278    0.416898    0.470904   0.0115018
     1.79134    0.383507    0.498732   0.0113738
      1.9799    0.335385    0.399818  0.00877797
     2.16846    0.382525    0.427689  0.00808846
     2.35702    0.470913    0.360687   0.0133022
     2.54558    0.152715    0.335729   0.0160217
     2.73415    0.269584    0.258974  0.00977028
     2.92271    0.171866    0.179305  0.00784995
     3.11127     0.20182    0.166199   0.0065827
     3.29983    0.156644    0.098682  0.00526437
     3.48839   0.0810227   0.0702593  0.00399345
     3.67696   0.0437031   0.0626252  0.00349286
     3.86552   0.0122762   0.0556163  0.00383566
     4.05408  0.00491046   0.0293316  0.00293971
     4.24264   0.0441942   0.0122091  0.00155992
      4.4312           0   0.0149235  0.00161048
     4.61976           0   0.0112087  0.00147425
     4.80833           0  0.00391922 0.000944503
     4.99689           0 0.000314148 0.000208541
     5.18545           0 7.92994e-05 7.90528e-05
     5.37401           0           0           0
     5.56257           0           0           0
   0.0942809  0.00343732  0.00536817 0.000988249
    0.282843  0.00441942   0.0423361  0.00334315
    0.471405   0.0353553    0.106724  0.00430439
    0.659966     0.23472    0.183897  0.00653249
    0.848528    0.382034    0.304003  0.00878783
     1.03709    0.223917    0.323066  0.00856466
     1.22565    0.558811    0.421469  0.00933409
     1.41421    0.595148    0.460414   0.0106982
     1.60278    0.423282     0.47061   0.0114346
     1.79134    0.472878    0.498573   0.0113047
      1.9799    0.229319    0.398766  0.00878666
     2.16846    0.382034    0.427407  0.00804344
     2.35702    0.499394    0.361544   0.0132477
     2.54558    0.243559     0.33516   0.0159329
     2.73415    0.278914    0.259097  0.00971074
     2.92271    0.275968    0.179902  0.00782414
     3.11127    0.255344     0.16675  0.00656503
     3.29983    0.124235   0.0988398  0.00523424
     3.48839    0.031427   0.0700196  0.00397599
     3.67696           0   0.0622386  0.00349262
     3.86552           0    0.055273  0.00382732
     4.05408           0   0.0291506  0.00292713
     4.24264   0.0289717   0.0123125  0.00155372
      4.4312   0.0201329   0.0149557  0.00160086
     4.61976           0   0.0111395  0.00146677
     4.80833           0  0.00389503 0.000938983
     4.99689           0 0.000312208 0.000207263
     5.18545           0 7.88099e-05 7.85663e-05
     5.37401           0           0           0
     5.56257           0           0           0
   0.0942809           0  0.00533523 0.000982735
    0.282843           0   0.0420763  0.00333271
    0.471405   0.0486136    0.106367  0.00429272
    0.659966    0.179723    0.183871  0.00649247
    0.848528    0.364356    0.304373  0.00874171
     1.03709     0.32851    0.323099  0.00851218
     1.22565    0.524929    0.422104  0.00929838
     1.41421    0.615772    0.461367   0.0106749
     1.60278    0.443415    0.470444   0.0113657
     1.79134    0.354535    0.497689   0.0112698
      1.9799    0.360428    0.398531   0.0087359
     2.16846    0.245523    0.426292  0.00807112
     2.35702    0.527384    0.362561   0.0132054
     2.54558    0.326055    0.335105   0.0158352
     2.73415    0.264183    0.259128  0.00965122
     2.92271    0.217534    0.180133  0.00777954
     3.11127     0.28628    0.167483  0.00656558
     3.29983    0.166956   0.0992576  0.00521878
     3.48839           0     0.06959  0.00397473
     3.67696           0   0.0618568  0.00349201
     3.86552           0   0.0549339  0.00381883
     4.05408           0   0.0289717  0.00291463
     4.24264   0.0206239   0.0123635  0.00154502
      4.4312   0.0284807   0.0150387  0.00159318
     4.61976           0   0.0110711  0.00145937
     4.80833           0  0.00387113 0.000933526
     4.99689           0 0.000310293    0.000206
     5.18545           0 7.83264e-05 7.80858e-05
     5.37401           0           0           0
     5.56257           0           0           0
   0.0942809           0   0.0053027 0.000977281
    0.282843  0.00540151   0.0418527  0.00331989
    0.471405   0.0687465    0.106138  0.00427267
    0.659966    0.162045    0.183738  0.00645424
    0.848528     0.29561     0.30432  0.00868857
     1.03709    0.202802    0.322366  0.00849182
     1.22565    0.735587    0.424016  0.00943611
     1.41421    0.595639    0.462185   0.0106412
     1.60278     0.37565    0.469866    0.011311
     1.79134    0.398239    0.497083   0.0112174
      1.9799    0.382525    0.398433  0.00868318
     2.16846     0.33784    0.425752  0.00803991
     2.35702    0.391855     0.36274   0.0131261
     2.54558    0.454709    0.335834   0.0157554
     2.73415    0.278914    0.259249  0.00959312
     2.92271    0.141421    0.179897  0.00773569
     3.11127    0.222935    0.167821  0.00653425
     3.29983    0.183651   0.0997722  0.00521227
     3.48839   0.0206239   0.0692914   0.0039617
     3.67696           0   0.0614796  0.00349102
     3.86552           0    0.054599  0.00381021
     4.05408           0   0.0287951  0.00290221
     4.24264   0.0491046   0.0125876  0.00155176
      4.4312           0    0.014947  0.00158611
     4.61976           0   0.0110036  0.00145203
     4.80833           0  0.00384753 0.000928132
     4.99689           0 0.000308401 0.000204753
     5.18545           0 7.78488e-05 7.76111e-05
     5.37401           0           0           0
     5.56257           0           0           0
   0.0942809           0  0.00527056 0.000971886
    0.282843  0.00785674   0.0416467  0.00330615
    0.471405   0.0662913    0.105896   0.0042536
    0.659966    0.174813    0.183684  0.00641535
    0.848528    0.304449    0.304321  0.00863592
     1.03709     0.22539    0.321778  0.00846067
     1.22565    0.654565    0.425413  0.00948181
     1.41421     0.43654     0.46203   0.0105778
     1.60278    0.499394    0.470044   0.0112439
     1.79134    0.458146    0.496847   0.0111519
      1.9799    0.381052    0.398328  0.00863119
     2.16846    0.403149    0.425615  0.00799235
     2.35702    0.470913    0.363395   0.0130629
     2.54558    0.360428    0.335983   0.0156607
     2.73415    0.254362    0.259219  0.00953503
     2.92271    0.187089     0.17994  0.00768893
     3.11127    0.129145    0.167587  0.00649885
     3.29983    0.147314     0.10006  0.00518863
     3.48839   0.0932988   0.0694369  0.00394036
     3.67696           0    0.061107  0.00348969
     3.86552           0   0.0542681  0.00380145
     4.05408           0   0.0286206  0.00288986
     4.24264   0.0491046   0.0128089  0.00155805
      4.4312           0   0.0148564  0.00157908
     4.61976           0   0.0109369  0.00144476
     4.80833           0  0.00382421   0.0009228
     4.99689           0 0.000306532 0.000203521
     5.18545           0  7.7377e-05 7.71422e-05
     5.37401           0           0           0
     5.56257           0           0           0
   0.0942809           0  0.00523881  0.00096655
    0.282843           0   0.0413958  0.00329574
    0.471405           0    0.105258  0.00427554
    0.659966    0.277441    0.184249  0.00640152
    0.848528    0.290208    0.304236  0.00858431
     1.03709     0.30052     0.32165  0.00841067
     1.22565    0.487609    0.425787  0.00943209
     1.41421    0.528857    0.462433   0.0105217
     1.60278    0.512161    0.470298    0.011179
     1.79134    0.449798    0.496563   0.0110883
      1.9799    0.334403    0.397943  0.00858778
     2.16846    0.440469    0.425705   0.0079447
     2.35702    0.383016    0.363513   0.0129847
     2.54558    0.501849    0.336982   0.0155982
     2.73415    0.242577    0.259119  0.00947812
     2.92271    0.205257    0.180093  0.00764412
     3.11127    0.100173    0.167181  0.00647237
     3.29983     0.12178    0.100191  0.00515903
     3.48839   0.0780764    0.069489  0.00391696
     3.67696           0   0.0607389  0.00348803
     3.86552           0   0.0539411  0.00379259
     4.05408           0   0.0284482  0.00287759
     4.24264   0.0491046   0.0130275  0.00156394
      4.4312           0   0.0147669   0.0015721
     4.61976           0   0.0108711  0.00143756
     4.80833           0  0.00380117 0.000917529
     4.99689           0 0.000304685 0.000202303
     5.18545           0 7.69109e-05 7.66789e-05
     5.37401           0           0           0
     5.56257           0           0           0
   0.0942809           0  0.00520744 0.000961271
    0.282843  0.00785674    0.041195  0.00328212
    0.471405  0.00834779    0.104678  0.00428914
    0.659966    0.186107     0.18426   0.0063632
    0.848528    0.399221    0.304805  0.00855173
     1.03709      0.3894    0.322056  0.00837009
     1.22565    0.401185     0.42564  0.00937676
     1.41421    0.491537    0.462607   0.0104602
     1.60278    0.500376    0.470478   0.0111135
     1.79134    0.418372    0.496095   0.0110318
      1.9799    0.429175     0.39813  0.00853839
     2.16846    0.355518    0.425284  0.00790824
     2.35702    0.456673    0.364071    0.012919
     2.54558    0.438504     0.33759   0.0155166
     2.73415     0.28137    0.259252   0.0094223
     2.92271    0.238157     0.18044  0.00760625
     3.11127    0.105084    0.166809  0.00644429
     3.29983   0.0491046   0.0998853   0.0051372
     3.48839   0.0982093    0.069661  0.00389728
     3.67696           0   0.0603752  0.00348606
     3.86552           0   0.0536181   0.0037836
     4.05408           0   0.0282778   0.0028654
     4.24264   0.0491046   0.0132436  0.00156942
      4.4312           0   0.0146785  0.00156517
     4.61976           0    0.010806  0.00143042
     4.80833           0  0.00377841 0.000912317
     4.99689           0 0.000302861   0.0002011
     5.18545           0 7.64503e-05 7.62211e-05
     5.37401           0           0           0
     5.56257           0           0           0
   0.0942809           0  0.00517645 0.000956049
    0.282843  0.00589256   0.0409848   0.0032693
    0.471405   0.0407568    0.104298  0.00428045
    0.659966    0.198874    0.184347  0.00632592
    0.848528    0.400694    0.305375  0.00851985
     1.03709    0.401676     0.32253  0.00833367
     1.22565    0.484663    0.425991  0.00932753
     1.41421    0.459128    0.462586   0.0103979
     1.60278    0.404131    0.470083   0.0110544
     1.79134    0.454709    0.495849   0.0109689
      1.9799    0.465512    0.398531  0.00849699
     2.16846    0.349625    0.424834  0.00787398
     2.35702    0.324091    0.363833   0.0128442
     2.54558    0.514126    0.338641   0.0154598
     2.73415    0.218516    0.259009  0.00936933
     2.92271    0.268111    0.180962  0.00757885
     3.11127    0.116378    0.166509  0.00641292
     3.29983   0.0491046    0.099583   0.0051155
     3.48839   0.0982093   0.0698309  0.00387779
     3.67696           0   0.0600158  0.00348378
     3.86552           0    0.053299  0.00377452
     4.05408           0   0.0281095  0.00285328
     4.24264   0.0491046    0.013457  0.00157453
      4.4312           0   0.0145911  0.00155829
     4.61976           0   0.0107416  0.00142335
     4.80833           0  0.00375592 0.000907164
     4.99689           0 0.000301058 0.000199911
     5.18545           0 7.59953e-05 7.57688e-05
     5.37401           0           0           0
     5.56257           0           0           0
   0.0942809           0  0.00514582 0.000950882
    0.282843           0   0.0407423  0.00325894
    0.471405    0.052542    0.103991  0.00426607
    0.659966     0.19249    0.184395  0.00628867
    0.848528    0.385471    0.305849  0.00848261
     1.03709    0.385471    0.322902  0.00829268
     1.22565    0.597603    0.427007  0.00932745
     1.41421    0.434085    0.462418   0.0103378
     1.60278    0.283334    0.468978   0.0110441
     1.79134    0.550954    0.496175   0.0109088
      1.9799    0.411497    0.398608  0.00844705
     2.16846    0.448816    0.424976  0.00782866
     2.35702     0.43163    0.364234   0.0127745
     2.54558    0.264183      0.3382   0.0153746
     2.73415    0.229319    0.258834  0.00931554
     2.92271    0.283334    0.181568  0.00755818
     3.11127    0.153698    0.166433  0.00637542
     3.29983   0.0564703   0.0993279  0.00509159
     3.48839   0.0697286   0.0698303  0.00385484
     3.67696   0.0235702   0.0598002  0.00346983
     3.86552           0   0.0529836  0.00376534
     4.05408           0   0.0279432  0.00284124
     4.24264   0.0491046   0.0136679  0.00157928
      4.4312           0   0.0145048  0.00155146
     4.61976           0   0.0106781  0.00141635
     4.80833           0   0.0037337 0.000902068
     4.99689           0 0.000299277 0.000198736
     5.18545           0 7.55456e-05 7.53218e-05
     5.37401           0           0           0
     5.56257           0           0           0
   0.0942809           0  0.00511555 0.000945771
    0.282843           0   0.0405027  0.00324857
    0.471405    0.126199    0.104122  0.00424297
    0.659966   0.0903525    0.183842  0.00627596
    0.848528     0.36141    0.306176  0.00843901
     1.03709    0.508233    0.323992  0.00831525
     1.22565    0.489082    0.427372  0.00927972
     1.41421    0.568141    0.463039   0.0102957
     1.60278    0.343732    0.468242   0.0110037
     1.79134    0.550463    0.496494   0.0108493
      1.9799    0.311323    0.398094  0.00841295
     2.16846    0.443906    0.425087   0.0077834
     2.35702    0.396765    0.364426   0.0127008
     2.54558    0.235702    0.337597    0.015296
     2.73415    0.158117    0.258241  0.00927956
     2.92271    0.318198    0.182372  0.00755633
     3.11127    0.161554    0.166404  0.00633798
     3.29983    0.104102    0.099356  0.00506172
     3.48839   0.0481225   0.0697026  0.00383428
     3.67696   0.0387927   0.0596766  0.00345162
     3.86552           0   0.0526719  0.00375607
     4.05408           0   0.0277788  0.00282928
     4.24264   0.0491046   0.0138764  0.00158368
      4.4312           0   0.0144194  0.00154468
     4.61976           0   0.0106153  0.00140941
     4.80833           0  0.00371173 0.000897029
     4.99689           0 0.000297516 0.000197575
     5.18545           0 7.51012e-05   7.488e-05
     5.37401           0           0           0
     5.56257           0           0           0
   0.0942809           0  0.00508563 0.000940713
    0.282843           0   0.0402658   0.0032382
    0.471405    0.115887    0.104191  0.00421872
    0.659966    0.161554    0.183712  0.00624061
    0.848528    0.293155      0.3061     0.00839
     1.03709    0.587291    0.325532  0.00840797
     1.22565    0.373686    0.427058  0.00923076
     1.41421    0.538678    0.463482   0.0102449
     1.60278      0.3894    0.467781    0.010949
     1.79134    0.560775     0.49687   0.0107924
      1.9799     0.27204    0.397357  0.00839599
     2.16846    0.655547    0.426435   0.0078537
     2.35702    0.281861    0.363943   0.0126357
     2.54558    0.221953    0.336921   0.0152215
     2.73415    0.158117    0.257656  0.00924375
     2.92271     0.29561    0.183034   0.0075411
     3.11127    0.158608    0.166358  0.00630108
     3.29983    0.123253   0.0994958  0.00503404
     3.48839   0.0265165     0.06945  0.00382016
     3.67696   0.0402658   0.0595631   0.0034333
     3.86552           0   0.0523639  0.00374671
     4.05408           0   0.0276163   0.0028174
     4.24264   0.0491046   0.0140824  0.00158777
      4.4312           0   0.0143351  0.00153794
     4.61976           0   0.0105532  0.00140253
     4.80833           0  0.00369003 0.000892046
     4.99689           0 0.000295776 0.000196427
     5.18545           0  7.4662e-05 7.44434e-05
     5.37401           0           0           0
     5.56257           0           0           0
   0.0942809           0  0.00505606 0.000935708
    0.282843           0   0.0400317  0.00322782
    0.471405   0.0982093    0.104156  0.00419433
    0.659966     0.23914    0.184034  0.00621264
    0.848528     0.19691    0.305465   0.0083652
     1.03709    0.572069    0.326966  0.00848039
     1.22565    0.391855    0.426853  0.00917937
     1.41421    0.476806    0.463559   0.0101857
     1.60278    0.428192     0.46755   0.0108877
     1.79134    0.597112    0.497453   0.0107454
      1.9799    0.319671    0.396905  0.00835932
     2.16846    0.589747    0.427384  0.00786523
     2.35702    0.237666    0.363209   0.0125835
     2.54558    0.349625    0.336995   0.0151331
     2.73415    0.141912    0.256983  0.00921447
     2.92271    0.320653    0.183834  0.00753958
     3.11127    0.147314    0.166248  0.00626542
     3.29983   0.0982093   0.0994883  0.00500478
     3.48839   0.0491046   0.0693318  0.00379979
     3.67696           0   0.0592168  0.00343076
     3.86552           0   0.0520595  0.00373727
     4.05408           0   0.0274558  0.00280559
     4.24264   0.0491046    0.014286  0.00159154
      4.4312           0   0.0142518  0.00153126
     4.61976           0   0.0104918  0.00139572
     4.80833           0  0.00366857 0.000887117
     4.99689           0 0.000294057 0.000195292
     5.18545           0 7.42279e-05 7.40118e-05
     5.37401           0           0           0
     5.56257           0           0           0
   0.0942809           0  0.00502684 0.000930756
    0.282843  0.00245523   0.0398145  0.00321646
    0.471405   0.0608898    0.103906  0.00417754
    0.659966    0.218025     0.18423  0.00617984
    0.848528    0.294628    0.305402  0.00831708
     1.03709    0.600059    0.328544  0.00857703
     1.22565    0.317707    0.426223  0.00914796
     1.41421     0.45029    0.463482   0.0101271
     1.60278    0.471896    0.467575   0.0108248
     1.79134    0.593675    0.498009   0.0106976
      1.9799     0.30494    0.396374  0.00832788
     2.16846     0.49743    0.427789  0.00783018
     2.35702    0.400694    0.363425   0.0125127
     2.54558    0.273513    0.336628   0.0150501
     2.73415    0.218516     0.25676  0.00916389
     2.92271    0.226372     0.18408  0.00750001
     3.11127    0.175795    0.166303  0.00622945
     3.29983   0.0982093   0.0994809  0.00497586
     3.48839   0.0491046   0.0692148  0.00377962
     3.67696           0   0.0588745  0.00342797
     3.86552           0   0.0517586  0.00372777
     4.05408           0   0.0272971  0.00279385
     4.24264   0.0491046   0.0144873  0.00159501
      4.4312           0   0.0141694  0.00152462
     4.61976           0   0.0104312  0.00138897
     4.80833           0  0.00364737 0.000882243
     4.99689           0 0.000292357 0.000194171
     5.18545           0 7.37989e-05 7.35853e-05
     5.37401           0           0           0
     5.56257           0           0           0
   0.0942809           0  0.00499795 0.000925855
    0.282843   0.0132583   0.0396619   0.0032016
    0.471405   0.0692375    0.103707  0.00415828
    0.659966    0.263692    0.184687  0.00616117
    0.848528    0.337349    0.305586  0.00827131
     1.03709    0.458146    0.329289  0.00856002
     1.22565    0.329492    0.425667  0.00911226
     1.41421    0.510197    0.463751   0.0100724
     1.60278    0.320162    0.466728   0.0107957
     1.79134    0.682554     0.49907   0.0106886
      1.9799    0.334894     0.39602  0.00828751
     2.16846    0.401185    0.427636  0.00778667
     2.35702    0.493993    0.364176   0.0124632
     2.54558    0.403149     0.33701   0.0149685
     2.73415    0.125708    0.256007  0.00914212
     2.92271    0.251907     0.18447  0.00746703
     3.11127    0.111959    0.165991  0.00620147
     3.29983   0.0982093   0.0994736  0.00494727
     3.48839   0.0491046   0.0690993  0.00375966
     3.67696           0   0.0585361  0.00342492
     3.86552           0   0.0514611  0.00371819
     4.05408           0   0.0271402   0.0027822
     4.24264   0.0491046   0.0146862  0.00159821
      4.4312           0    0.014088  0.00151803
     4.61976           0   0.0103712  0.00138228
     4.80833           0  0.00362641 0.000877422
     4.99689           0 0.000290677 0.000193062
     5.18545           0 7.33747e-05 7.31636e-05
     5.37401           0           0           0
     5.56257           0           0           0
   0.0942809  0.00147314  0.00497781 0.000920783
    0.282843   0.0574524   0.0397635  0.00318492
    0.471405     0.15026    0.103973  0.00414301
    0.659966    0.246996    0.185043  0.00613625
    0.848528    0.204275    0.305007  0.00824428
     1.03709    0.491046    0.330213  0.00856086
     1.22565    0.284316    0.424859  0.00909592
     1.41421    0.499885    0.463957    0.010017
     1.60278    0.224899    0.465346   0.0108221
     1.79134    0.645235    0.499905   0.0106601
      1.9799    0.441942    0.396283  0.00824431
     2.16846    0.421318      0.4276  0.00774226
     2.35702    0.527875    0.365111   0.0124271
     2.54558    0.446361    0.337635    0.014896
     2.73415     0.16892     0.25551  0.00910341
     2.92271   0.0982093    0.183977  0.00744061
     3.11127    0.196419    0.166164  0.00616847
     3.29983   0.0982093   0.0994664    0.004919
     3.48839   0.0491046    0.068985  0.00373992
     3.67696           0   0.0582016  0.00342165
     3.86552           0    0.051167  0.00370856
     4.05408           0   0.0269851  0.00277062
     4.24264   0.0491046   0.0148829  0.00160113
      4.4312           0   0.0140074  0.00151149
     4.61976           0    0.010312  0.00137565
     4.80833           0  0.00360568 0.000872652
     4.99689           0 0.000289016 0.000191966
     5.18545           0 7.29555e-05 7.27467e-05
     5.37401           0           0           0
     5.56257           0           0           0
   0.0942809  0.00343732  0.00496905 0.000915593
    0.282843    0.150751   0.0403941  0.00322865
    0.471405   0.0810227    0.103842  0.00412153
    0.659966    0.221953    0.185253  0.00610496
    0.848528    0.263201     0.30477  0.00820086
     1.03709    0.311814    0.330109  0.00851286
     1.22565    0.343732    0.424398  0.00905591
     1.41421    0.438504    0.463813  0.00996113
     1.60278    0.390382     0.46492    0.010769
     1.79134    0.597112    0.500457   0.0106139
      1.9799    0.430648    0.396478  0.00819978
     2.16846    0.479261    0.427894  0.00770383
     2.35702    0.482699    0.365779   0.0123744
     2.54558    0.505287    0.338588   0.0148418
     2.73415    0.150751    0.254914  0.00907113
     2.92271    0.104102    0.183523  0.00741216
     3.11127    0.139457    0.166013  0.00613529
     3.29983    0.110976   0.0995318  0.00489149
     3.48839   0.0491046    0.068872  0.00372037
     3.67696           0   0.0578709  0.00341815
     3.86552           0   0.0508763  0.00369886
     4.05408           0   0.0268318  0.00275912
     4.24264   0.0117851   0.0148653  0.00159213
      4.4312   0.0373195   0.0141399   0.0015087
     4.61976           0   0.0102534  0.00136908
     4.80833           0   0.0035852 0.000867935
     4.99689           0 0.000287374 0.000190883
     5.18545           0 7.25409e-05 7.23346e-05
     5.37401           0           0           0
     5.56257           0           0           0
   0.0942809           0  0.00494098 0.000910851
    0.282843    0.103611   0.0407513   0.0032301
    0.471405    0.184633    0.104299  0.00412344
    0.659966    0.226863    0.185488    0.006075
    0.848528    0.212132    0.304246  0.00817121
     1.03709    0.272531    0.329783  0.00847098
     1.22565    0.397748    0.424247    0.009006
     1.41421    0.356009    0.463204  0.00992345
     1.60278    0.345697    0.464247   0.0107292
     1.79134     0.63836    0.501236   0.0105824
      1.9799    0.420336    0.396613  0.00815456
     2.16846    0.615772    0.428955  0.00773308
     2.35702    0.471405    0.366376   0.0123189
     2.54558    0.423282    0.339066   0.0147656
     2.73415    0.160572    0.254381  0.00903552
     2.92271   0.0923167    0.183008  0.00738818
     3.11127    0.130127     0.16581  0.00610397
     3.29983    0.131109   0.0997102   0.0048671
     3.48839   0.0692375   0.0688741  0.00369935
     3.67696  0.00245523   0.0575578  0.00341315
     3.86552           0   0.0505889  0.00368912
     4.05408           0   0.0266802  0.00274769
     4.24264           0   0.0147813  0.00158535
      4.4312   0.0491046   0.0143374  0.00151305
     4.61976           0   0.0101955  0.00136257
     4.80833           0  0.00356494 0.000863267
     4.99689           0  0.00028575 0.000189811
     5.18545           0 7.21311e-05 7.19271e-05
     5.37401           0           0           0
     5.56257           0           0           0
   0.0942809           0  0.00491322 0.000906156
    0.282843   0.0775853   0.0409582  0.00321858
    0.471405    0.166956    0.104651  0.00411527
    0.659966    0.299538    0.186129  0.00607456
    0.848528    0.182669    0.303563   0.0081538
     1.03709     0.42721    0.330331  0.00844105
     1.22565    0.363374    0.423905   0.0089619
     1.41421    0.231283    0.461901  0.00995287
     1.60278    0.310341    0.463382   0.0107037
     1.79134    0.664386    0.502153   0.0105626
      1.9799    0.419354    0.396741  0.00810975
     2.16846    0.543588    0.429599  0.00771641
     2.35702    0.564703     0.36749      0.0123
     2.54558    0.463548    0.339765   0.0146992
     2.73415   0.0991914     0.25351  0.00902673
     2.92271    0.123253    0.182672  0.00735429
     3.11127    0.120797    0.165557  0.00607492
     3.29983   0.0982093   0.0997017  0.00483977
     3.48839   0.0491046    0.068763  0.00368024
     3.67696   0.0491046   0.0575104   0.0033943
     3.86552           0   0.0503047  0.00367932
     4.05408           0   0.0265303  0.00273634
     4.24264           0   0.0146983  0.00157861
      4.4312   0.0491046   0.0145328   0.0015171
     4.61976           0   0.0101382  0.00135612
     4.80833           0  0.00354491  0.00085865
     4.99689           0 0.000284145 0.000188751
     5.18545           0 7.17259e-05 7.15241e-05
     5.37401           0           0           0
     5.56257           0           0           0
   0.0942809           0  0.00488577  0.00090151
    0.282843  0.00294628   0.0407459  0.00320759
    0.471405    0.180705    0.105076  0.00411416
    0.659966    0.367303    0.187141  0.00612437
    0.848528    0.236684     0.30319  0.00811681
     1.03709    0.482208    0.331179  0.00843643
     1.22565     0.17825    0.422533   0.0090163
     1.41421    0.191999    0.460393   0.0100108
     1.60278    0.518054    0.463688   0.0106483
     1.79134     0.59122     0.50265   0.0105153
      1.9799    0.461584    0.397103  0.00807253
     2.16846    0.650636    0.430834  0.00777148
     2.35702    0.448325    0.367942   0.0122395
     2.54558    0.343732    0.339788   0.0146171
     2.73415    0.141912    0.252886   0.0089978
     2.92271    0.102138    0.182222  0.00732696
     3.11127    0.173339    0.165601  0.00604113
     3.29983    0.084951   0.0996193  0.00481343
     3.48839   0.0800406    0.068826  0.00366022
     3.67696   0.0181687   0.0572906  0.00338245
     3.86552           0   0.0500236  0.00366948
     4.05408           0   0.0263821  0.00272506
     4.24264           0   0.0146162  0.00157193
      4.4312   0.0491046   0.0147259  0.00152087
     4.61976           0   0.0100815  0.00134973
     4.80833           0  0.00352511 0.000854081
     4.99689           0 0.000282557 0.000187704
     5.18545           0 7.13252e-05 7.11257e-05
     5.37401           0           0           0
     5.56257           0           0           0
   0.0942809           0  0.00485863  0.00089691
    0.282843   0.0265165   0.0406668  0.00319075
    0.471405    0.243068    0.105842  0.00416211
    0.659966    0.241104    0.187441  0.00609768
    0.848528    0.221953    0.302738  0.00808425
     1.03709    0.511179    0.332179  0.00844862
     1.22565    0.146823    0.421001  0.00909538
     1.41421    0.241595    0.459177   0.0100287
     1.60278    0.499885    0.463889    0.010591
     1.79134    0.658002    0.503513   0.0104923
      1.9799    0.493011    0.397636  0.00804525
     2.16846    0.592693    0.431733  0.00778015
     2.35702    0.401185    0.368127   0.0121729
     2.54558    0.349134     0.33984    0.014536
     2.73415    0.197401    0.252578  0.00895309
     2.92271   0.0874063    0.181695  0.00730516
     3.11127    0.171866    0.165635  0.00600767
     3.29983    0.063836   0.0994205  0.00479079
     3.48839   0.0481225    0.068711  0.00364169
     3.67696   0.0520509   0.0572615  0.00336378
     3.86552   0.0073657   0.0497866  0.00365674
     4.05408           0   0.0262355  0.00271386
     4.24264           0    0.014535  0.00156529
      4.4312   0.0491046   0.0149169  0.00152437
     4.61976           0   0.0100255  0.00134339
     4.80833           0  0.00350553 0.000849561
     4.99689           0 0.000280988 0.000186667
     5.18545           0 7.09289e-05 7.07316e-05
     5.37401           0           0           0
     5.56257           0           0           0
   0.0942809  0.00540151  0.00486163  0.00089196
    0.282843   0.0898615   0.0409386  0.00318467
    0.471405    0.189544    0.106305  0.00416473
    0.659966    0.299047    0.188057  0.00609509
    0.848528     0.23472    0.302362  0.00804831
     1.03709    0.385471    0.332474  0.00840707
     1.22565    0.189053     0.41972  0.00913496
     1.41421    0.332438    0.458477  0.00999775
     1.60278    0.569123     0.46447   0.0105484
     1.79134    0.599568    0.504044   0.0104477
      1.9799    0.451763    0.397935  0.00800635
     2.16846    0.468458    0.431936  0.00773981
     2.35702    0.439978    0.368524   0.0121121
     2.54558    0.366321    0.339986   0.0144564
     2.73415    0.199856    0.252287  0.00890837
     2.92271    0.151242    0.181527  0.00726674
     3.11127    0.102629    0.165287  0.00598456
     3.29983     0.10312    0.099441  0.00476437
     3.48839   0.0127672   0.0684019  0.00363466
     3.67696   0.0554882   0.0572517  0.00334521
     3.86552  0.00834779   0.0495577   0.0036437
     4.05408           0   0.0260906  0.00270274
     4.24264           0   0.0144547   0.0015587
      4.4312   0.0491046   0.0151058  0.00152761
     4.61976           0  0.00997014  0.00133711
     4.80833           0  0.00348616 0.000845088
     4.99689           0 0.000279435 0.000185643
     5.18545           0  7.0537e-05 7.03419e-05
     5.37401           0           0           0
     5.56257           0           0           0
   0.0942809   0.0491046  0.00510472 0.000919588
    0.282843   0.0888794    0.041202  0.00317805
    0.471405    0.102629    0.106285  0.00414189
    0.659966    0.205748    0.188154  0.00606237
    0.848528     0.31427    0.302428  0.00800436
     1.03709    0.350116    0.332571  0.00836144
     1.22565    0.287262    0.418992  0.00911372
     1.41421    0.352571    0.457895  0.00995974
     1.60278    0.623629    0.465345   0.0105267
     1.79134    0.602514    0.504585   0.0104043
      1.9799    0.501358    0.398503   0.0079825
     2.16846    0.288244    0.431147  0.00773745
     2.35702    0.463057    0.369043   0.0120567
     2.54558    0.269093    0.339596   0.0143822
     2.73415    0.290699    0.252498  0.00886192
     2.92271    0.186598    0.181555  0.00722687
     3.11127   0.0726749    0.164778  0.00597327
     3.29983     0.11245   0.0995124  0.00473873
     3.48839   0.0564703   0.0683364  0.00361528
     3.67696  0.00441942   0.0569614   0.0033394
     3.86552    0.010312   0.0493421  0.00363005
     4.05408   0.0220971   0.0260686  0.00268798
     4.24264           0   0.0143752  0.00155216
      4.4312   0.0491046   0.0152926  0.00153059
     4.61976           0  0.00991536  0.00133088
     4.80833           0    0.003467 0.000840662
     4.99689           0   0.0002779 0.000184629
     5.18545           0 7.01495e-05 6.99565e-05
     5.37401           0           0           0
     5.56257           0           0           0
   0.0942809   0.0147314  0.00515733 0.000916067
    0.282843    0.148296   0.0417872  0.00321411
    0.471405   0.0962451     0.10623  0.00411962
    0.659966    0.233738    0.188403  0.00603436
    0.848528    0.208695    0.301916  0.00797699
     1.03709    0.319671      0.3325  0.00831604
     1.22565    0.367303     0.41871  0.00906829
     1.41421    0.405113    0.457607  0.00990949
     1.60278    0.619209    0.466185   0.0105027
     1.79134    0.614299    0.505185   0.0103647
      1.9799     0.56765    0.399427  0.00799222
     2.16846    0.332438    0.430607  0.00771395
     2.35702    0.301994    0.368677   0.0119964
     2.54558    0.280879    0.339275   0.0143072
     2.73415    0.292173    0.252714  0.00881615
     2.92271   0.0697286    0.180944  0.00721316
     3.11127     0.10312    0.164442  0.00595012
     3.29983    0.129636    0.099677  0.00471569
     3.48839    0.101156   0.0685157  0.00359997
     3.67696   0.0206239   0.0567628  0.00332705
     3.86552   0.0274986   0.0492227  0.00361218
     4.05408           0   0.0259262  0.00267706
     4.24264           0   0.0142967  0.00154566
      4.4312   0.0491046   0.0154774  0.00153334
     4.61976           0  0.00986118  0.00132471
     4.80833           0  0.00344806 0.000836281
     4.99689           0 0.000276381 0.000183626
     5.18545           0 6.97662e-05 6.95753e-05
     5.37401           0           0           0
     5.56257           0           0           0
   0.0942809   0.0127672  0.00519869 0.000912021
    0.282843    0.162045   0.0424408  0.00326242
    0.471405    0.116378    0.106285   0.0040976
    0.659966    0.157626    0.188236  0.00600388
    0.848528    0.217042    0.301454  0.00794696
     1.03709    0.432612    0.333044  0.00828863
     1.22565    0.431139    0.418777  0.00901926
     1.41421    0.334403    0.456937  0.00987823
     1.60278     0.72724    0.467604    0.010541
     1.79134    0.479261    0.505044   0.0103093
      1.9799    0.566668    0.400336   0.0080003
     2.16846     0.30985    0.429951  0.00769989
     2.35702    0.117851    0.367313   0.0120084
     2.54558    0.422791    0.339729   0.0142367
     2.73415    0.134056     0.25207  0.00879179
     2.92271    0.190526    0.180996  0.00717415
     3.11127   0.0667823    0.163911  0.00594141
     3.29983    0.201329     0.10023  0.00472231
     3.48839   0.0756211   0.0685543  0.00358061
     3.67696   0.0491046   0.0567212  0.00330923
     3.86552   0.0491046   0.0492221  0.00359255
     4.05408           0   0.0257853  0.00266622
     4.24264           0    0.014219  0.00153922
      4.4312  0.00785674   0.0154359  0.00152556
     4.61976   0.0412479   0.0100318  0.00132845
     4.80833           0  0.00342932 0.000831946
     4.99689           0 0.000274879 0.000182634
     5.18545           0  6.9387e-05 6.91982e-05
     5.37401           0           0           0
     5.56257           0           0           0
   0.0942809           0  0.00517059 0.000907524
    0.282843    0.147314   0.0430077  0.00329367
    0.471405   0.0883883    0.106188   0.0040766
    0.659966    0.214587    0.188379  0.00597312
    0.848528    0.127672    0.300515  0.00795933
     1.03709    0.602023    0.334498  0.00837037
     1.22565    0.393328     0.41864  0.00897155
     1.41421    0.297574    0.456076  0.00986232
     1.60278    0.699741    0.468859   0.0105584
     1.79134    0.545061     0.50526   0.0102559
      1.9799    0.428683    0.400489  0.00795852
     2.16846    0.345697    0.429496  0.00767173
     2.35702    0.128654    0.366023   0.0120126
     2.54558    0.438013    0.340261   0.0141696
     2.73415    0.186107    0.251713  0.00875149
     2.92271    0.133565     0.18074  0.00713995
     3.11127    0.133074    0.163744  0.00591163
     3.29983     0.13602    0.100423  0.00470075
     3.48839    0.153698   0.0690146  0.00359072
     3.67696   0.0500867   0.0566853  0.00329154
     3.86552  0.00491046   0.0489825  0.00358111
     4.05408           0   0.0256459  0.00265544
     4.24264   0.0235702   0.0142695  0.00153173
      4.4312   0.0181687   0.0154507  0.00151739
     4.61976   0.0073657   0.0100173  0.00132135
     4.80833           0  0.00341078 0.000827656
     4.99689           0 0.000273393 0.000181653
     5.18545           0 6.90119e-05 6.88252e-05
     5.37401           0           0           0
     5.56257           0           0           0
   0.0942809           0  0.00514279 0.000903071
    0.282843    0.141912   0.0435394  0.00331861
    0.471405   0.0545061     0.10591  0.00406414
    0.659966    0.303467    0.188997  0.00597297
    0.848528    0.186107      0.2999  0.00794027
     1.03709    0.523455    0.335514  0.00838679
     1.22565    0.476806    0.418952  0.00892877
     1.41421    0.274986    0.455102  0.00985724
     1.60278    0.728713    0.470256   0.0105937
     1.79134    0.419354    0.504798   0.0102111
      1.9799    0.416898    0.400578  0.00791622
     2.16846     0.28628    0.428726  0.00766902
     2.35702     0.25829    0.365444    0.011962
     2.54558    0.428192    0.340733   0.0141013
     2.73415    0.174813      0.2513   0.0087142
     2.92271   0.0535241    0.180056  0.00713425
     3.11127   0.0702196    0.163241   0.0059012
     3.29983     0.21606    0.101045  0.00471641
     3.48839    0.202802   0.0697339  0.00364274
     3.67696   0.0378106   0.0565839   0.0032754
     3.86552           0   0.0487192  0.00357152
     4.05408           0    0.025508  0.00264474
     4.24264           0   0.0141928  0.00152541
      4.4312   0.0491046   0.0156316  0.00151998
     4.61976           0  0.00996349  0.00131534
     4.80833           0  0.00339244 0.000823409
     4.99689           0 0.000271924 0.000180683
     5.18545           0 6.86409e-05 6.84561e-05
     5.37401           0           0           0
     5.56257           0           0           0
   0.0942809   0.0181687  0.00521244 0.000900924
    0.282843    0.108521   0.0438869    0.003319
    0.471405    0.122762       0.106   0.0040434
    0.659966    0.199856    0.189055  0.00594131
    0.848528    0.229319    0.299523  0.00790678
     1.03709    0.415425    0.335941  0.00835282
     1.22565    0.401676     0.41886   0.0088815
     1.41421    0.409042    0.454856   0.0098076
     1.60278    0.669787    0.471323   0.0105906
     1.79134    0.530821    0.504937   0.0101575
      1.9799    0.353062    0.400324  0.00787796
     2.16846     0.30985     0.42809  0.00765431
     2.35702    0.338822    0.365302   0.0118989
     2.54558    0.383016    0.340959   0.0140277
     2.73415     0.11736    0.250583  0.00869699
     2.92271    0.106557    0.179663  0.00710691
     3.11127    0.127672    0.163051   0.0058727
     3.29983    0.214096    0.101649  0.00472977
     3.48839    0.149278   0.0701592  0.00364801
     3.67696   0.0491046   0.0565439  0.00325813
     3.86552           0   0.0484587  0.00356191
     4.05408           0   0.0253716  0.00263412
     4.24264           0   0.0141169  0.00151914
      4.4312   0.0491046   0.0158106  0.00152236
     4.61976           0  0.00991021  0.00130939
     4.80833           0   0.0033743 0.000819206
     4.99689           0 0.000270469 0.000179722
     5.18545           0 6.82738e-05  6.8091e-05
     5.37401           0           0           0
     5.56257           0           0           0
   0.0942809   0.0343732  0.00536755 0.000909386
    0.282843    0.106557   0.0442203  0.00331805
    0.471405    0.107048    0.106006   0.0040219
    0.659966    0.207222    0.189152  0.00591049
    0.848528    0.238157    0.299196  0.00787145
     1.03709    0.427701    0.336429  0.00832264
     1.22565     0.32851    0.418379  0.00884725
     1.41421    0.515108    0.455176  0.00976067
     1.60278    0.662422     0.47234    0.010583
     1.79134     0.39431    0.504349   0.0101205
      1.9799    0.401185    0.400328  0.00783606
     2.16846    0.392837    0.427903   0.0076159
     2.35702    0.254362    0.364712   0.0118502
     2.54558    0.400694    0.341277   0.0139567
     2.73415   0.0888794    0.249723  0.00869315
     2.92271    0.191017    0.179723  0.00706937
     3.11127   0.0893704    0.162659  0.00585453
     3.29983    0.250925    0.102443   0.0047708
     3.48839    0.114414   0.0703946   0.0036362
     3.67696   0.0491046   0.0565043  0.00324104
     3.86552           0   0.0482009  0.00355228
     4.05408           0   0.0252366  0.00262356
     4.24264           0   0.0140418  0.00151291
      4.4312   0.0491046   0.0159877  0.00152452
     4.61976           0  0.00985749  0.00130348
     4.80833           0  0.00335635 0.000815045
     4.99689           0 0.000269031 0.000178772
     5.18545           0 6.79107e-05 6.77298e-05
     5.37401           0           0           0
     5.56257           0           0           0
   0.0942809           0  0.00533916 0.000905018
    0.282843   0.0982093   0.0445059  0.00331276
    0.471405     0.11245     0.10604  0.00400076
    0.659966    0.280387    0.189635   0.0058989
    0.848528    0.214587    0.298748  0.00784252
     1.03709    0.445379    0.337006  0.00829855
     1.22565     0.42721    0.418426  0.00880056
     1.41421    0.441942    0.455106  0.00970928
     1.60278    0.755229    0.473836   0.0106323
     1.79134    0.390873    0.503749   0.0100847
      1.9799    0.383016    0.400237  0.00779514
     2.16846    0.271549    0.427075   0.0076204
     2.35702    0.278914    0.364258   0.0117962
     2.54558    0.431139    0.341753    0.013891
     2.73415   0.0441942    0.248636  0.00871491
     2.92271    0.197401    0.179817  0.00703258
     3.11127   0.0864242    0.162256  0.00583743
     3.29983    0.228828    0.103112  0.00479219
     3.48839    0.104102    0.070573  0.00362133
     3.67696    0.052542   0.0564833  0.00322396
     3.86552  0.00441942   0.0479693  0.00354103
     4.05408  0.00540151   0.0251317  0.00261178
     4.24264           0   0.0139675  0.00150673
      4.4312   0.0491046    0.016163  0.00152649
     4.61976           0  0.00980534  0.00129763
     4.80833           0   0.0033386 0.000810926
     4.99689           0 0.000267607 0.000177832
     5.18545           0 6.75514e-05 6.73724e-05
     5.37401           0           0           0
     5.56257           0           0           0
   0.0942809   0.0127672  0.00537825 0.000901099
    0.282843   0.0378106   0.0444707  0.00329552
    0.471405    0.141421    0.106226  0.00398404
    0.659966     0.28628    0.190143  0.00588974
    0.848528    0.266147    0.298577  0.00780312
     1.03709    0.403149    0.337354  0.00826217
     1.22565    0.370249    0.418173   0.0087579
     1.41421    0.529839      0.4555  0.00966614
     1.60278    0.693357    0.474992   0.0106389
     1.79134    0.468458    0.503563   0.0100333
      1.9799    0.274004    0.399572  0.00778237
     2.16846    0.282843    0.426316  0.00761801
     2.35702    0.268111    0.363752   0.0117449
     2.54558     0.48319    0.342497   0.0138378
     2.73415   0.0942809    0.247823  0.00870683
     2.92271    0.137493    0.179594   0.0069991
     3.11127   0.0628539    0.161733   0.0058301
     3.29983    0.160572    0.103414   0.0047765
     3.48839     0.18316   0.0711655  0.00365043
     3.67696   0.0491046   0.0564445  0.00320723
     3.86552           0   0.0477168  0.00353138
     4.05408   0.0191508   0.0251002  0.00259822
     4.24264   0.0299538   0.0140517  0.00150115
      4.4312   0.0491046   0.0163363  0.00152827
     4.61976           0  0.00975373  0.00129183
     4.80833           0  0.00332102 0.000806848
     4.99689           0 0.000266199 0.000176901
     5.18545           0 6.71958e-05 6.70188e-05
     5.37401           0           0           0
     5.56257           0           0           0
   0.0942809   0.0265165  0.00548892 0.000903152
    0.282843   0.0225881   0.0443561  0.00328025
    0.471405   0.0692375    0.106033  0.00396788
    0.659966    0.396274    0.191223  0.00595696
    0.848528    0.256817    0.298358  0.00776533
     1.03709    0.430157     0.33784  0.00823318
     1.22565     0.39431    0.418048  0.00871293
     1.41421    0.496448    0.455714  0.00961791
     1.60278    0.649654    0.475906   0.0106225
     1.79134    0.459619    0.503333  0.00998345
      1.9799    0.236193    0.398717  0.00778849
     2.16846    0.368285    0.426012  0.00758418
     2.35702    0.434085     0.36412   0.0116892
     2.54558    0.270076    0.342118   0.0137705
     2.73415    0.181196    0.247475  0.00866822
     2.92271   0.0898615    0.179124   0.0069782
     3.11127     0.08446    0.161328   0.0058136
     3.29983    0.139948    0.103606  0.00475532
     3.48839    0.103611   0.0713354  0.00363527
     3.67696    0.095754   0.0566503  0.00319703
     3.86552   0.0358464   0.0476546  0.00351344
     4.05408   0.0132583   0.0250382  0.00258536
     4.24264   0.0235702   0.0141015  0.00149412
      4.4312   0.0255344   0.0163845  0.00152103
     4.61976           0  0.00970267  0.00128607
     4.80833           0  0.00330364 0.000802811
     4.99689           0 0.000264805 0.000175981
     5.18545           0  6.6844e-05 6.66688e-05
     5.37401           0           0           0
     5.56257           0           0           0
   0.0942809 0.000982093  0.00546545 0.000898753
    0.282843   0.0603987   0.0444397  0.00326423
    0.471405   0.0859331    0.105928   0.0039486
    0.659966    0.311323    0.191848  0.00595869
    0.848528    0.320162    0.298472  0.00772572
     1.03709    0.507251    0.338722  0.00823745
     1.22565    0.284316    0.417351  0.00869535
     1.41421    0.458146    0.455727  0.00956782
     1.60278    0.727731    0.477218   0.0106478
     1.79134    0.547026     0.50356  0.00993405
      1.9799    0.163027    0.397489  0.00784407
     2.16846    0.313288    0.425425  0.00756737
     2.35702    0.452745    0.364581   0.0116374
     2.54558    0.298065    0.341888   0.0137007
     2.73415    0.148296    0.246958  0.00863846
     2.92271     0.08446    0.178631  0.00695925
     3.11127   0.0982093    0.160999  0.00579261
     3.29983   0.0716928    0.103439  0.00473346
     3.48839    0.180214   0.0719025  0.00366029
     3.67696    0.138966    0.057079    0.003209
     3.86552  0.00196419   0.0474167  0.00350319
     4.05408           0   0.0249078  0.00257518
     4.24264   0.0491046   0.0142838  0.00149742
      4.4312           0   0.0162992   0.0015155
     4.61976           0  0.00965213  0.00128036
     4.80833           0  0.00328643 0.000798814
     4.99689           0 0.000263426  0.00017507
     5.18545           0 6.64959e-05 6.63225e-05
     5.37401           0           0           0
     5.56257           0           0           0
   0.0942809    0.010312  0.00549056 0.000894447
    0.282843    0.101156   0.0447336  0.00326052
    0.471405     0.10803    0.105939  0.00392815
    0.659966    0.239631    0.192096  0.00593295
    0.848528    0.318689    0.298577   0.0076864
     1.03709    0.521982    0.339672  0.00824931
     1.22565    0.325073    0.416873  0.00866343
     1.41421    0.306413    0.454953  0.00954948
     1.60278    0.680099    0.478269   0.0106444
     1.79134    0.599568    0.504058  0.00989503
      1.9799     0.15026    0.396208  0.00790733
     2.16846    0.329001    0.424926  0.00754463
     2.35702    0.511179    0.365341   0.0116019
     2.54558     0.34717    0.341916   0.0136298
     2.73415    0.095754    0.246175  0.00862915
     2.92271    0.124235    0.178349   0.0069289
     3.11127    0.101647    0.160692  0.00577075
     3.29983    0.101156    0.103428  0.00470895
     3.48839    0.227846   0.0727105  0.00372944
     3.67696   0.0549972   0.0570682  0.00319239
     3.86552           0    0.047171  0.00349364
     4.05408           0   0.0247788  0.00256507
     4.24264   0.0491046   0.0144642  0.00150049
      4.4312           0   0.0162147     0.00151
     4.61976           0  0.00960212  0.00127471
     4.80833           0   0.0032694 0.000794857
     4.99689           0 0.000262061 0.000174168
     5.18545           0 6.61513e-05 6.59797e-05
     5.37401           0           0           0
     5.56257           0           0           0
   0.0942809   0.0162045  0.00554579  0.00089154
    0.282843    0.122762   0.0451358  0.00326843
    0.471405    0.102629    0.105922  0.00390794
    0.659966    0.215569    0.192217   0.0059036
    0.848528    0.218025    0.298161  0.00765799
     1.03709    0.493993    0.340467  0.00824505
     1.22565    0.523946    0.417425  0.00863634
     1.41421     0.27695    0.454036  0.00954423
     1.60278    0.653583    0.479173   0.0106278
     1.79134    0.698759    0.505061  0.00989479
      1.9799    0.128163    0.394827  0.00798637
     2.16846    0.378106    0.424684   0.0075096
     2.35702    0.456182    0.365809   0.0115516
     2.54558    0.235211    0.341366   0.0135706
     2.73415    0.105575     0.24545  0.00861505
     2.92271     0.10312    0.177961  0.00690403
     3.11127    0.104102      0.1604  0.00574837
     3.29983    0.129636    0.103563  0.00468661
     3.48839    0.113432   0.0729204  0.00371612
     3.67696    0.176286   0.0576828  0.00323454
     3.86552  0.00196419    0.046938   0.0034834
     4.05408           0    0.024651  0.00255502
     4.24264   0.0491046   0.0146428  0.00150334
      4.4312           0   0.0161311  0.00150453
     4.61976           0  0.00955262   0.0012691
     4.80833           0  0.00325255 0.000790938
     4.99689           0  0.00026071 0.000173275
     5.18545           0 6.58103e-05 6.56405e-05
     5.37401           0           0           0
     5.56257           0           0           0
   0.0942809           0  0.00551735 0.000887421
    0.282843    0.163518   0.0457429  0.00330757
    0.471405    0.106066    0.105922   0.0038879
    0.659966    0.175304     0.19213  0.00587397
    0.848528    0.248469    0.297907  0.00762295
     1.03709    0.385962    0.340701  0.00820607
     1.22565    0.463548    0.417661  0.00859529
     1.41421     0.47877    0.454162  0.00949613
     1.60278    0.743935     0.48053   0.0106597
     1.79134    0.498903     0.50503  0.00984409
      1.9799    0.147805     0.39356  0.00804525
     2.16846    0.433103    0.424727  0.00747122
     2.35702    0.333912    0.365646   0.0114935
     2.54558    0.252889    0.340912   0.0135086
     2.73415    0.124726    0.244831  0.00859309
     2.92271    0.157135    0.177854  0.00686945
     3.11127    0.149278    0.160343  0.00571918
     3.29983    0.116378    0.103628  0.00466304
     3.48839   0.0888794   0.0730022  0.00369797
     3.67696    0.124235   0.0580241  0.00323591
     3.86552   0.0613808    0.047012  0.00346632
     4.05408           0   0.0245246  0.00254505
     4.24264   0.0491046   0.0148195  0.00150598
      4.4312           0   0.0160484  0.00149909
     4.61976           0  0.00950364  0.00126353
     4.80833           0  0.00323587 0.000787058
     4.99689           0 0.000259373 0.000172392
     5.18545           0 6.54729e-05 6.53048e-05
     5.37401           0           0           0
     5.56257           0           0           0
   0.0942809   0.0461584   0.0057247 0.000906795
    0.282843   0.0554882   0.0457926  0.00329106
    0.471405    0.042721      0.1056  0.00388142
    0.659966     0.33342    0.192851  0.00588807
    0.848528    0.274495    0.297787    0.007585
     1.03709    0.272531    0.340353  0.00817157
     1.22565    0.500867    0.418086  0.00856191
     1.41421     0.60546    0.454934    0.009479
     1.60278    0.577962    0.481028   0.0106169
     1.79134     0.50676    0.505039  0.00979387
      1.9799    0.124235    0.392186  0.00812071
     2.16846    0.489573    0.425058  0.00744042
     2.35702    0.340786    0.365519   0.0114355
     2.54558    0.259764    0.340498    0.013446
     2.73415    0.185616    0.244529  0.00855455
     2.92271    0.124726    0.177583  0.00683974
     3.11127    0.162045    0.160352  0.00569001
     3.29983    0.156153    0.103896  0.00464694
     3.48839   0.0820047   0.0730482  0.00367938
     3.67696    0.105575   0.0582667  0.00322848
     3.86552  0.00785674   0.0468123  0.00345439
     4.05408           0   0.0243995  0.00253514
     4.24264   0.0491046   0.0149945  0.00150842
      4.4312           0   0.0159665  0.00149367
     4.61976           0  0.00945515  0.00125802
     4.80833           0  0.00321936 0.000783215
     4.99689           0  0.00025805 0.000171517
     5.18545           0 6.51388e-05 6.49724e-05
     5.37401           0           0           0
     5.56257           0           0           0
   0.0942809   0.0373195  0.00588508 0.000916264
    0.282843   0.0608898   0.0458692  0.00327525
    0.471405   0.0284807    0.105209   0.0038814
    0.659966    0.250434    0.193143  0.00586543
    0.848528    0.469931    0.298661  0.00759666
     1.03709    0.274004    0.340016  0.00813703
     1.22565     0.46453    0.418322  0.00852169
     1.41421    0.578944    0.455564  0.00945176
     1.60278    0.535732    0.481305   0.0105666
     1.79134     0.40364    0.504524  0.00975767
      1.9799    0.297574    0.391705  0.00809367
     2.16846    0.395783     0.42491  0.00740413
     2.35702    0.326546    0.365321   0.0113792
     2.54558    0.207713    0.339824   0.0133946
     2.73415    0.191999    0.244262  0.00851528
     2.92271    0.184142    0.177617  0.00680511
     3.11127    0.139948    0.160248  0.00566206
     3.29983    0.269093    0.104735  0.00469841
     3.48839   0.0545061    0.072954  0.00366191
     3.67696   0.0829868   0.0583921  0.00321453
     3.86552           0   0.0465746  0.00344502
     4.05408           0   0.0242756  0.00252529
     4.24264  0.00491046   0.0149433  0.00150163
      4.4312   0.0441942   0.0161098  0.00149295
     4.61976           0  0.00940715  0.00125255
     4.80833           0  0.00320302  0.00077941
     4.99689           0  0.00025674 0.000170652
     5.18545           0 6.48082e-05 6.46435e-05
     5.37401           0           0           0
     5.56257           0           0           0
   0.0942809           0  0.00585536 0.000912119
    0.282843   0.0618718     0.04595  0.00325971
    0.471405   0.0368285    0.104863  0.00387713
    0.659966     0.22539    0.193306  0.00583806
    0.848528    0.443906    0.299394  0.00759363
     1.03709    0.381543    0.340226  0.00809864
     1.22565    0.439978    0.418431  0.00847936
     1.41421    0.562248    0.456103  0.00941937
     1.60278    0.464039    0.481218   0.0105136
     1.79134    0.491537    0.504458  0.00970861
      1.9799    0.202802    0.390751  0.00810883
     2.16846    0.397257     0.42477  0.00736806
     2.35702    0.378106    0.365386   0.0113219
     2.54558    0.253871     0.33939    0.013334
     2.73415    0.150751     0.24379  0.00848536
     2.92271     0.22048    0.177833  0.00677418
     3.11127    0.162536     0.16026  0.00563348
     3.29983    0.282843    0.105634  0.00476001
     3.48839   0.0456673   0.0728162  0.00364601
     3.67696   0.0491046   0.0583452  0.00319864
     3.86552  0.00343732   0.0463568   0.0034345
     4.05408           0    0.024153  0.00251551
     4.24264   0.0196419    0.014967  0.00149424
      4.4312   0.0294628   0.0161773  0.00148693
     4.61976           0  0.00935964  0.00124712
     4.80833           0  0.00318684 0.000775642
     4.99689           0 0.000255443 0.000169795
     5.18545           0 6.44808e-05 6.43178e-05
     5.37401           0           0           0
     5.56257           0           0           0
   0.0942809           0  0.00582593  0.00090801
    0.282843   0.0491046   0.0459659  0.00324336
    0.471405   0.0230792    0.104452  0.00387937
    0.659966    0.348152    0.194084  0.00586035
    0.848528    0.273022    0.299262  0.00755663
     1.03709    0.419845    0.340626  0.00806782
     1.22565    0.490064    0.418791  0.00844438
     1.41421    0.505778    0.456352  0.00937535
     1.60278    0.508724    0.481356   0.0104617
     1.79134    0.631977    0.505099  0.00968095
      1.9799    0.137984    0.389481  0.00816696
     2.16846    0.454709     0.42492  0.00733257
     2.35702     0.32851      0.3652   0.0112665
     2.54558    0.170884    0.338543   0.0132939
     2.73415    0.270076    0.243922  0.00844375
     2.92271    0.120797    0.177547   0.0067462
     3.11127    0.315252    0.161039  0.00565876
     3.29983     0.10803    0.105647   0.0047361
     3.48839   0.0491046   0.0726971  0.00362963
     3.67696  0.00147314   0.0580594  0.00319531
     3.86552   0.0476315   0.0463632  0.00341725
     4.05408           0   0.0240317   0.0025058
     4.24264   0.0491046   0.0151385  0.00149654
      4.4312           0    0.016096  0.00148168
     4.61976           0  0.00931261  0.00124174
     4.80833           0  0.00317083 0.000771909
     4.99689           0  0.00025416 0.000168946
     5.18545           0 6.41568e-05 6.39954e-05
     5.37401           0           0           0
     5.56257           0           0           0
   0.0942809           0   0.0057968 0.000903937
    0.282843   0.0491046   0.0459816  0.00322719
    0.471405    0.131109    0.104586  0.00386226
    0.659966    0.279405    0.194511  0.00584656
    0.848528    0.169902    0.298615  0.00754647
     1.03709    0.419845    0.341022  0.00803719
     1.22565    0.416898    0.418782  0.00840217
     1.41421    0.660457    0.457373  0.00938385
     1.60278    0.456182     0.48123   0.0104101
     1.79134    0.506269    0.505105  0.00963255
      1.9799    0.257308     0.38882  0.00815282
     2.16846    0.366321    0.424627  0.00730176
     2.35702     0.40364    0.365393   0.0112118
     2.54558    0.238649    0.338044   0.0132368
     2.73415    0.263201    0.244018  0.00840208
     2.92271     0.17383    0.177528  0.00671249
     3.11127    0.270076    0.161584  0.00565666
     3.29983    0.129145    0.105764  0.00471388
     3.48839   0.0412479   0.0725398  0.00361489
     3.67696    0.021606   0.0578772  0.00318452
     3.86552           0   0.0461314  0.00340801
     4.05408           0   0.0239115  0.00249615
     4.24264   0.0491046   0.0153084  0.00149867
      4.4312           0   0.0160155  0.00147645
     4.61976           0  0.00926605  0.00123641
     4.80833           0  0.00315497 0.000768212
     4.99689           0 0.000252889 0.000168106
     5.18545           0  6.3836e-05 6.36762e-05
     5.37401           0           0           0
     5.56257           0           0           0
   0.0942809           0  0.00576796   0.0008999
    0.282843   0.0491046   0.0459971  0.00321117
    0.471405    0.147314    0.104798  0.00384889
    0.659966    0.180705    0.194442  0.00581787
    0.848528    0.142894     0.29784  0.00754859
     1.03709    0.472878    0.341678  0.00802393
     1.22565    0.261728       0.418  0.00839662
     1.41421    0.688447    0.458522  0.00940732
     1.60278    0.603005    0.481836    0.010376
     1.79134     0.60055     0.50558  0.00959632
      1.9799     0.24405      0.3881  0.00814401
     2.16846    0.319671    0.424105  0.00728408
     2.35702    0.473369     0.36593   0.0111689
     2.54558    0.247978    0.337596   0.0131785
     2.73415    0.237666    0.243987  0.00836034
     2.92271     0.22981    0.177788  0.00668414
     3.11127    0.132091    0.161437  0.00563042
     3.29983    0.185124    0.106159  0.00470694
     3.48839   0.0270076   0.0723133    0.003604
     3.67696    0.010803    0.057643  0.00317728
     3.86552           0   0.0459018  0.00339878
     4.05408           0   0.0237925  0.00248656
     4.24264   0.0491046   0.0154765  0.00150061
      4.4312           0   0.0159358  0.00147126
     4.61976           0  0.00921995  0.00123111
     4.80833           0  0.00313928 0.000764551
     4.99689           0 0.000251631 0.000167275
     5.18545           0 6.35184e-05 6.33602e-05
     5.37401           0           0           0
     5.56257           0           0           0
   0.0942809           0  0.00573941 0.000895898
    0.282843   0.0903525   0.0462167  0.00320277
    0.471405    0.176286    0.105152  0.00384608
    0.659966     0.13602    0.194153  0.00579626
    0.848528    0.215569    0.297433   0.0075222
     1.03709    0.406095    0.341997  0.00799055
     1.22565    0.286771    0.417351  0.00838015
     1.41421     0.68992    0.459668  0.00943024
     1.60278    0.536714    0.482108   0.0103282
     1.79134    0.508724    0.505595  0.00954883
      1.9799    0.323109    0.387778  0.00811005
     2.16846    0.429666    0.424133  0.00724807
     2.35702    0.337349    0.365788   0.0111145
     2.54558    0.283334    0.337327    0.013116
     2.73415    0.387927    0.244699  0.00834927
     2.92271   0.0549972     0.17718  0.00667863
     3.11127    0.152715    0.161394  0.00560272
     3.29983    0.185124     0.10655  0.00469984
     3.48839   0.0535241   0.0722203  0.00358735
     3.67696           0   0.0573576  0.00317434
     3.86552           0   0.0456746  0.00338954
     4.05408           0   0.0236748  0.00247704
     4.24264   0.0491046    0.015643  0.00150239
      4.4312           0   0.0158569  0.00146609
     4.61976           0   0.0091743  0.00122586
     4.80833           0  0.00312374 0.000760924
     4.99689           0 0.000250385 0.000166451
     5.18545           0  6.3204e-05 6.30473e-05
     5.37401           0           0           0
     5.56257           0           0           0
   0.0942809 0.000982093  0.00571597 0.000891791
    0.282843   0.0751301   0.0463591  0.00319016
    0.471405    0.214587    0.105691  0.00386473
    0.659966    0.151733    0.193944  0.00577147
    0.848528    0.329001    0.297589  0.00748675
     1.03709     0.36141    0.342092  0.00795176
     1.22565    0.283334     0.41669  0.00836483
     1.41421    0.548499    0.460106  0.00939393
     1.60278    0.498412    0.482188   0.0102776
     1.79134    0.595148    0.506037  0.00951197
      1.9799    0.316725    0.387428  0.00807765
     2.16846    0.425737    0.424141  0.00721237
     2.35702    0.354044     0.36573   0.0110599
     2.54558    0.288244    0.337085   0.0130536
     2.73415    0.369267    0.245313  0.00833066
     2.92271   0.0491046    0.176549  0.00667546
     3.11127    0.135529    0.161266  0.00557656
     3.29983    0.181687     0.10692  0.00469124
     3.48839   0.0618718   0.0721693  0.00357005
     3.67696   0.0137493   0.0571428  0.00316596
     3.86552           0   0.0454496   0.0033803
     4.05408           0   0.0235581  0.00246758
     4.24264   0.0491046   0.0158078    0.001504
      4.4312           0   0.0157788  0.00146094
     4.61976           0  0.00912911  0.00122066
     4.80833           0  0.00310835 0.000757331
     4.99689           0 0.000249152 0.000165636
     5.18545           0 6.28926e-05 6.27375e-05
     5.37401           0           0           0
     5.56257           0           0           0
   0.0942809           0  0.00568795 0.000887859
    0.282843   0.0491046   0.0463726  0.00317455
    0.471405    0.183651    0.106073  0.00386463
    0.659966     0.11736    0.193569  0.00575538
    0.848528    0.387927    0.298031  0.00746314
     1.03709    0.411497    0.342433  0.00792005
     1.22565    0.403149    0.416624  0.00832409
     1.41421    0.441942    0.460017   0.0093483
     1.60278    0.415916    0.481863   0.0102323
     1.79134    0.608898    0.506541   0.0094787
      1.9799    0.422791    0.387602  0.00803991
     2.16846    0.426228    0.424151  0.00717702
     2.35702     0.31427    0.365478   0.0110086
     2.54558    0.296592    0.336887   0.0129912
     2.73415    0.332929    0.245742  0.00830088
     2.92271   0.0491046    0.175925  0.00667191
     3.11127    0.147314    0.161198  0.00554965
     3.29983    0.119324    0.106981  0.00466864
     3.48839   0.0770943   0.0721934  0.00355263
     3.67696   0.0491046   0.0571034  0.00315069
     3.86552           0   0.0452268  0.00337107
     4.05408           0   0.0234427  0.00245819
     4.24264  0.00147314   0.0157376  0.00149827
      4.4312   0.0476315   0.0159349   0.0014621
     4.61976           0  0.00908436  0.00121549
     4.80833           0  0.00309311 0.000753772
     4.99689           0  0.00024793 0.000164828
     5.18545           0 6.25843e-05 6.24308e-05
     5.37401           0           0           0
     5.56257           0           0           0
   0.0942809           0  0.00566021 0.000883962
    0.282843    0.010803   0.0461991   0.0031638
    0.471405    0.206239    0.106562  0.00387654
    0.659966    0.197401    0.193587  0.00572733
    0.848528    0.227846    0.297689  0.00743458
     1.03709    0.602514    0.343701  0.00798238
     1.22565    0.383016     0.41646   0.0082851
     1.41421    0.378106    0.459617  0.00931124
     1.60278    0.334894    0.481146   0.0102075
     1.79134     0.51167    0.506566   0.0094325
      1.9799     0.57256    0.388504  0.00805116
     2.16846    0.480734    0.424427  0.00714732
     2.35702    0.292173    0.365121   0.0109607
     2.54558    0.264183    0.336532   0.0129326
     2.73415    0.356009     0.24628   0.0082778
     2.92271   0.0672734    0.175395  0.00666038
     3.11127    0.152224    0.161154  0.00552275
     3.29983   0.0677644    0.106789  0.00464978
     3.48839   0.0996824   0.0723275  0.00353783
     3.67696   0.0491046   0.0570644  0.00313556
     3.86552  0.00491046   0.0450302  0.00336035
     4.05408  0.00441942   0.0233499  0.00244795
     4.24264  0.00589256   0.0156895  0.00149173
      4.4312   0.0289717   0.0159985  0.00145635
     4.61976  0.00491046    0.009064  0.00120974
     4.80833           0  0.00307802 0.000750246
     4.99689           0 0.000246721 0.000164029
     5.18545           0 6.22791e-05  6.2127e-05
     5.37401           0           0           0
     5.56257           0           0           0
   0.0942809  0.00540151  0.00565895 0.000879672
    0.282843   0.0731659     0.04633  0.00315115
    0.471405    0.210168    0.107065  0.00389021
    0.659966    0.232265    0.193775   0.0057026
    0.848528    0.205748    0.297243  0.00741188
     1.03709    0.556847    0.344736  0.00801041
     1.22565    0.316234    0.415973  0.00825915
     1.41421    0.300029    0.458842  0.00929821
     1.60278    0.359937    0.480558   0.0101749
     1.79134    0.558811    0.506819  0.00939012
      1.9799    0.733623    0.390179  0.00818452
     2.16846     0.41788    0.424395  0.00711269
     2.35702    0.228337    0.364457   0.0109276
     2.54558    0.199856    0.335869   0.0128869
     2.73415    0.360428    0.246834  0.00825614
     2.92271     0.12669    0.175158  0.00663225
     3.11127    0.119815    0.160954  0.00549958
     3.29983    0.152224     0.10701  0.00463244
     3.48839   0.0289717   0.0721171  0.00352691
     3.67696   0.0515599   0.0570377  0.00312045
     3.86552   0.0653092   0.0451286  0.00334548
     4.05408           0   0.0232365  0.00243869
     4.24264           0   0.0156134  0.00148644
      4.4312           0   0.0159209  0.00145135
     4.61976           0     0.00902  0.00120466
     4.80833           0  0.00306308 0.000746753
     4.99689           0 0.000245523 0.000163237
     5.18545           0 6.19767e-05 6.18261e-05
     5.37401           0           0           0
     5.56257           0           0           0
   0.0942809           0  0.00563161 0.000875847
    0.282843   0.0378106   0.0462888  0.00313619
    0.471405    0.256817    0.107788  0.00393811
    0.659966    0.147314    0.193551  0.00567947
    0.848528    0.254853    0.297038   0.0073789
     1.03709    0.590238    0.345922  0.00805904
     1.22565    0.268111    0.415259  0.00825008
     1.41421    0.274986    0.457954  0.00929561
     1.60278    0.401676    0.480177   0.0101329
     1.79134    0.720365    0.507851  0.00940125
      1.9799    0.459619    0.390515  0.00815186
     2.16846    0.504796    0.424784  0.00708893
     2.35702    0.287753    0.364086   0.0108811
     2.54558    0.206731    0.335245   0.0128397
     2.73415    0.362392    0.247392  0.00823511
     2.92271   0.0898615    0.174746  0.00661299
     3.11127    0.118833     0.16075  0.00547678
     3.29983     0.17383    0.107333  0.00462129
     3.48839   0.0491046   0.0720059  0.00351162
     3.67696   0.0348643   0.0569305  0.00310722
     3.86552    0.063345   0.0452166  0.00333048
     4.05408           0   0.0231243  0.00242949
     4.24264           0   0.0155379  0.00148117
      4.4312           0    0.015844  0.00144638
     4.61976           0  0.00897642  0.00119963
     4.80833           0  0.00304828 0.000743292
     4.99689           0 0.000244337 0.000162453
     5.18545           0 6.16773e-05 6.15282e-05
     5.37401           0           0           0
     5.56257           0           0           0
   0.0942809           0  0.00560454 0.000872054
    0.282843           0   0.0460663    0.003129
    0.471405     0.30052    0.108715  0.00402671
    0.659966    0.183651    0.193503  0.00565237
    0.848528    0.466003     0.29785    0.007388
     1.03709    0.305431    0.345727  0.00802264
     1.22565    0.252398    0.414476  0.00824749
     1.41421    0.247487    0.456942  0.00930583
     1.60278    0.475824    0.480156   0.0100842
     1.79134    0.820047    0.509352  0.00947511
      1.9799    0.478279    0.390937  0.00812358
     2.16846    0.363865    0.424491  0.00706089
     2.35702    0.363865    0.364085   0.0108288
     2.54558    0.114905    0.334185   0.0128216
     2.73415    0.302976     0.24766  0.00819985
     2.92271    0.235211    0.175037  0.00658759
     3.11127   0.0491046    0.160213  0.00547669
     3.29983    0.204766    0.107801  0.00462275
     3.48839   0.0672734   0.0719831  0.00349481
     3.67696   0.0225881   0.0567654  0.00309666
     3.86552   0.0491046   0.0452353  0.00331452
     4.05408           0   0.0230131  0.00242035
     4.24264           0   0.0154632  0.00147593
      4.4312           0   0.0157678  0.00144143
     4.61976           0  0.00893327  0.00119464
     4.80833           0  0.00303363 0.000739863
     4.99689           0 0.000243162 0.000161676
     5.18545           0 6.13808e-05 6.12331e-05
     5.37401           0           0           0
     5.56257           0           0           0
   0.0942809           0  0.00557772 0.000868294
    0.282843   0.0824958   0.0462406  0.00311888
    0.471405    0.259272    0.109435  0.00407137
    0.659966    0.230792    0.193681  0.00562814
    0.848528    0.486136    0.298751  0.00740738
     1.03709    0.280879    0.345417  0.00799025
     1.22565    0.210659    0.413501  0.00826548
     1.41421    0.262219    0.456011  0.00930783
     1.60278    0.459128    0.480055   0.0100364
     1.79134    0.733623    0.510425  0.00949034
      1.9799    0.534258    0.391622   0.0081136
     2.16846    0.226863    0.423545  0.00709014
     2.35702    0.350607     0.36402   0.0107771
     2.54558    0.176286     0.33343   0.0127825
     2.73415    0.340786    0.248105  0.00817272
     2.92271    0.287753    0.175576  0.00657811
     3.11127   0.0545061    0.159708  0.00547379
     3.29983    0.187089    0.108181  0.00461618
     3.48839   0.0908436   0.0720734  0.00347926
     3.67696           0   0.0564938  0.00309373
     3.86552   0.0491046   0.0452538  0.00329871
     4.05408           0    0.022903  0.00241127
     4.24264           0   0.0153893  0.00147072
      4.4312           0   0.0156923   0.0014365
     4.61976           0  0.00889052  0.00118969
     4.80833           0  0.00301911 0.000736465
     4.99689           0 0.000241999 0.000160907
     5.18545           0 6.10871e-05 6.09408e-05
     5.37401           0           0           0
     5.56257           0           0           0
   0.0942809   0.0299538   0.0056938 0.000871883
    0.282843   0.0682554   0.0463454  0.00310579
    0.471405    0.223917     0.10998  0.00408832
    0.659966    0.313288    0.194251  0.00563008
    0.848528    0.433594    0.299393  0.00739988
     1.03709    0.348152     0.34543  0.00795221
     1.22565    0.163027    0.412308  0.00831174
     1.41421    0.254853    0.455053  0.00931267
     1.60278    0.508724    0.480192  0.00998958
     1.79134    0.630504    0.510997  0.00946236
      1.9799    0.611353    0.392669  0.00814215
     2.16846    0.240122    0.422672  0.00710998
     2.35702    0.270076    0.363573   0.0107351
     2.54558    0.186107    0.332728   0.0127408
     2.73415    0.355027    0.248614  0.00814964
     2.92271    0.306904    0.176201  0.00657644
     3.11127   0.0648181    0.159256  0.00546634
     3.29983    0.196419    0.108601  0.00461328
     3.48839   0.0491046    0.071964  0.00346441
     3.67696  0.00147314   0.0562318  0.00309008
     3.86552   0.0476315   0.0452651  0.00328302
     4.05408           0   0.0227939  0.00240225
     4.24264           0    0.015316  0.00146554
      4.4312           0   0.0156176  0.00143161
     4.61976           0  0.00884819  0.00118478
     4.80833           0  0.00300474 0.000733099
     4.99689           0 0.000240847 0.000160144
     5.18545           0 6.07962e-05 6.06513e-05
     5.37401           0           0           0
     5.56257           0           0           0
   0.0942809   0.0491046  0.00589954 0.000891695
    0.282843   0.0417389   0.0463236  0.00309115
    0.471405    0.239631    0.110595  0.00411486
    0.659966    0.272531    0.194622  0.00561561
    0.848528    0.434576    0.300034  0.00739249
     1.03709    0.345697    0.345431  0.00791453
     1.22565    0.217042    0.411383   0.0083237
     1.41421    0.301994    0.454327  0.00929674
     1.60278    0.430157    0.479955  0.00994505
     1.79134    0.705143    0.511917  0.00946215
      1.9799    0.539169    0.393363  0.00813311
     2.16846    0.291191    0.422049  0.00710353
     2.35702    0.158608    0.362602   0.0107281
     2.54558    0.232265    0.332252   0.0126894
     2.73415    0.311323    0.248912  0.00811644
     2.92271    0.296592    0.176772  0.00656998
     3.11127    0.116869    0.159055  0.00544412
     3.29983     0.19691    0.109019  0.00461036
     3.48839    0.073657    0.071972    0.003448
     3.67696   0.0491046    0.056198  0.00307562
     3.86552           0   0.0450506  0.00327447
     4.05408           0   0.0226859   0.0023933
     4.24264           0   0.0152434  0.00146039
      4.4312           0   0.0155436  0.00142673
     4.61976           0  0.00880625   0.0011799
     4.80833           0   0.0029905 0.000729762
     4.99689           0 0.000239705  0.00015939
     5.18545           0 6.05081e-05 6.03645e-05
     5.37401           0           0           0
     5.56257           0           0           0
   0.0942809   0.0309359  0.00601763 0.000895275
    0.282843   0.0456673   0.0463205  0.00307657
    0.471405    0.249452     0.11125  0.00414725
    0.659966    0.301994    0.195128  0.00561191
    0.848528    0.384489    0.300432  0.00736835
     1.03709    0.321144    0.345317  0.00787802
     1.22565    0.268602    0.410709  0.00831164
     1.41421    0.298556    0.453593  0.00928188
     1.60278    0.363374    0.479405  0.00991333
     1.79134    0.756702    0.513072   0.0094877
      1.9799    0.673716    0.394685  0.00820156
     2.16846    0.282843    0.421392  0.00710031
     2.35702    0.104593    0.361385   0.0107463
     2.54558    0.156153    0.331422   0.0126567
     2.73415    0.471896    0.249963  0.00814602
     2.92271    0.158117    0.176684  0.00653958
     3.11127    0.101647    0.158784  0.00542517
     3.29983    0.158608    0.109253  0.00459454
     3.48839    0.125708   0.0722255  0.00344104
     3.67696   0.0491046   0.0561646  0.00306129
     3.86552           0   0.0448381  0.00326591
     4.05408           0   0.0225789   0.0023844
     4.24264           0   0.0151715  0.00145527
      4.4312           0   0.0154703  0.00142189
     4.61976           0  0.00876471  0.00117507
     4.80833           0  0.00297639 0.000726456
     4.99689           0 0.000238574 0.000158642
     5.18545           0 6.02227e-05 6.00805e-05
     5.37401           0           0           0
     5.56257           0           0           0
   0.0942809  0.00343732  0.00600552 0.000891154
    0.282843   0.0972272   0.0465595   0.0030714
    0.471405    0.323109    0.112244  0.00424538
    0.659966    0.116378    0.194759  0.00559773
    0.848528    0.434085     0.30106  0.00736042
     1.03709    0.265165     0.34494  0.00785002
     1.22565    0.357973    0.410462  0.00827631
     1.41421    0.294137    0.452844  0.00926844
     1.60278    0.454709    0.479289  0.00986746
     1.79134    0.760631    0.514234  0.00951408
      1.9799    0.531803    0.395329  0.00818828
     2.16846    0.367303    0.421138  0.00707151
     2.35702    0.203293    0.360642   0.0107214
     2.54558     0.19249    0.330769    0.012614
     2.73415    0.307886    0.250235  0.00811231
     2.92271     0.17383    0.176671  0.00650889
     3.11127    0.138475    0.158689  0.00540054
     3.29983    0.158117    0.109483  0.00457869
     3.48839   0.0584345   0.0721608  0.00342549
     3.67696   0.0579435   0.0561729  0.00304693
     3.86552  0.00687465   0.0446599  0.00325543
     4.05408           0   0.0224729  0.00237556
     4.24264           0   0.0151003  0.00145018
      4.4312           0   0.0153976  0.00141706
     4.61976           0  0.00872357  0.00117027
     4.80833           0  0.00296242  0.00072318
     4.99689           0 0.000237454 0.000157901
     5.18545           0 5.99399e-05 5.97991e-05
     5.37401           0           0           0
     5.56257           0           0           0
   0.0942809   0.0491046  0.00620692 0.000909462
    0.282843   0.0854421   0.0467412  0.00306241
    0.471405    0.278423    0.113021  0.00429598
    0.659966     0.16892    0.194638  0.00557287
    0.848528    0.370249    0.301383  0.00733313
     1.03709    0.246505    0.344481   0.0078268
     1.22565    0.457164     0.41068  0.00824051
     1.41421    0.244541    0.451871   0.0092761
     1.60278    0.453236    0.479167  0.00982211
     1.79134    0.666841    0.514947  0.00949631
      1.9799    0.547026    0.396038  0.00818064
     2.16846    0.388909    0.420987  0.00704007
     2.35702    0.305431    0.360384   0.0106744
     2.54558    0.172848    0.330031   0.0125767
     2.73415    0.244541    0.250209  0.00807445
     2.92271    0.166465    0.176623  0.00647865
     3.11127    0.119815    0.158507  0.00537836
     3.29983    0.190526    0.109861  0.00457293
     3.48839   0.0343732   0.0719842  0.00341403
     3.67696   0.0913346   0.0563372  0.00303712
     3.86552    0.021606   0.0445521    0.003242
     4.05408           0   0.0223679  0.00236678
     4.24264           0   0.0150297  0.00144512
      4.4312           0   0.0153257  0.00141227
     4.61976           0   0.0086828  0.00116551
     4.80833           0  0.00294857 0.000719933
     4.99689           0 0.000236345 0.000157167
     5.18545           0 5.96598e-05 5.95203e-05
     5.37401           0           0           0
     5.56257           0           0           0
   0.0942809   0.0437031  0.00638132 0.000921803
    0.282843    0.131109   0.0471336  0.00307321
    0.471405    0.267129    0.113738  0.00433538
    0.659966    0.204275    0.194683  0.00554713
    0.848528    0.358464    0.301649  0.00730382
     1.03709    0.198383    0.343801  0.00781984
     1.22565    0.426228    0.410752   0.0082025
     1.41421    0.308868    0.451205  0.00925677
     1.60278    0.455691    0.479058  0.00977703
     1.79134    0.580908    0.515254   0.0094571
      1.9799    0.562248    0.396811  0.00817904
     2.16846    0.284807    0.420354  0.00703577
     2.35702    0.438504    0.360748    0.010631
     2.54558    0.228337    0.329558   0.0125271
     2.73415     0.22539    0.250093  0.00803772
     2.92271    0.147314    0.176487  0.00644995
     3.11127   0.0982093    0.158227  0.00536065
     3.29983    0.202311    0.110291  0.00457184
     3.48839   0.0574524   0.0719166  0.00339882
     3.67696   0.0839689   0.0564658  0.00302571
     3.86552           0   0.0443449  0.00323354
     4.05408           0   0.0222638  0.00235806
     4.24264           0   0.0149598  0.00144009
      4.4312           0   0.0152544   0.0014075
     4.61976           0  0.00864242  0.00116079
     4.80833           0  0.00293486 0.000716715
     4.99689           0 0.000235245  0.00015644
     5.18545           0 5.93824e-05 5.92441e-05
     5.37401           0           0           0
     5.56257           0           0           0
   0.0942809           0  0.00635178 0.000918008
    0.282843    0.144859    0.047586   0.0030921
    0.471405    0.185124    0.114068  0.00432789
    0.659966    0.313779    0.195234  0.00554879
    0.848528    0.372213    0.301975  0.00727731
     1.03709    0.224408    0.343248  0.00780315
     1.22565     0.36141    0.410524   0.0081677
     1.41421     0.38007    0.450876  0.00921977
     1.60278    0.429666    0.478829  0.00973444
     1.79134    0.567159    0.515494  0.00941637
      1.9799    0.551936    0.397529  0.00817264
     2.16846     0.32851    0.419929  0.00701603
     2.35702    0.367794     0.36078   0.0105818
     2.54558    0.327528    0.329549   0.0124691
     2.73415    0.143877    0.249602  0.00801553
     2.92271    0.152224    0.176374  0.00642107
     3.11127    0.109012    0.157999  0.00534067
     3.29983    0.210168    0.110754  0.00457399
     3.48839     0.08446   0.0719747  0.00338358
     3.67696   0.0491046   0.0564317  0.00301189
     3.86552           0   0.0441396  0.00322508
     4.05408           0   0.0221607  0.00234939
     4.24264           0   0.0148905  0.00143509
      4.4312           0   0.0151838  0.00140275
     4.61976           0  0.00860241  0.00115611
     4.80833           0  0.00292127 0.000713526
     4.99689           0 0.000234156 0.000155719
     5.18545           0 5.91074e-05 5.89705e-05
     5.37401           0           0           0
     5.56257           0           0           0
   0.0942809           0   0.0063225 0.000914244
    0.282843   0.0392837   0.0475478  0.00307809
    0.471405    0.201329     0.11447  0.00432658
    0.659966     0.25829    0.195525  0.00553082
    0.848528    0.470913    0.302754   0.0072853
     1.03709     0.31427    0.343115  0.00776833
     1.22565    0.411988    0.410531  0.00813007
     1.41421    0.311323    0.450233  0.00919969
     1.60278    0.446361     0.47868  0.00969073
     1.79134    0.446852    0.515178  0.00937828
      1.9799    0.623138    0.398569  0.00820084
     2.16846     0.34717    0.419593   0.0069917
     2.35702     0.37565    0.360849   0.0105333
     2.54558    0.297574    0.329402   0.0124125
     2.73415     0.14093    0.249101  0.00799422
     2.92271    0.199365     0.17648  0.00639235
     3.11127   0.0554882    0.157526  0.00533691
     3.29983    0.210168    0.111212   0.0045758
     3.48839    0.104102   0.0721227  0.00337123
     3.67696   0.0491046   0.0563979   0.0029982
     3.86552           0   0.0439362  0.00321663
     4.05408           0   0.0220586  0.00234078
     4.24264           0   0.0148219  0.00143011
      4.4312           0   0.0151138  0.00139803
     4.61976           0  0.00856276  0.00115146
     4.80833           0  0.00290781 0.000710365
     4.99689           0 0.000233077 0.000155005
     5.18545           0  5.8835e-05 5.86993e-05
     5.37401           0           0           0
     5.56257           0           0           0
   0.0942809  0.00147314  0.00630026 0.000910321
    0.282843  0.00343732   0.0473454  0.00307061
    0.471405    0.188071    0.114808  0.00431989
    0.659966    0.236684    0.195714  0.00550867
    0.848528    0.546044     0.30387  0.00733686
     1.03709    0.255344    0.342712  0.00774312
     1.22565    0.481716    0.410857  0.00809933
     1.41421    0.259272    0.449357   0.0091991
     1.60278    0.339313     0.47804  0.00966734
     1.79134    0.579926    0.515475  0.00933997
      1.9799    0.570596    0.399358   0.0082011
     2.16846    0.407077    0.419536  0.00695987
     2.35702    0.418863    0.361115   0.0104883
     2.54558    0.237175    0.328979   0.0123627
     2.73415    0.199856    0.248875  0.00796074
     2.92271    0.167447    0.176439  0.00636316
     3.11127    0.113923    0.157326  0.00531618
     3.29983    0.152224      0.1114  0.00455868
     3.48839   0.0618718   0.0720757  0.00335609
     3.67696   0.0829868   0.0565199  0.00298693
     3.86552           0   0.0437347  0.00320818
     4.05408           0   0.0219574  0.00233223
     4.24264           0   0.0147539  0.00142517
      4.4312           0   0.0150445  0.00139334
     4.61976           0  0.00852348  0.00114685
     4.80833           0  0.00289447 0.000707232
     4.99689           0 0.000232008 0.000154298
     5.18545           0 5.85652e-05 5.84307e-05
     5.37401           0           0           0
     5.56257           0           0           0
   0.0942809           0  0.00627149 0.000906619
    0.282843   0.0073657   0.0471629  0.00306201
    0.471405    0.157135    0.115001  0.00430449
    0.659966    0.216551    0.195809  0.00548434
    0.848528    0.577962    0.305121  0.00740934
     1.03709    0.176777    0.341954  0.00774475
     1.22565    0.491537    0.411226  0.00807072
     1.41421    0.263692    0.448509  0.00919607
     1.60278    0.313779     0.47729  0.00965225
     1.79134    0.663404     0.51615  0.00932171
      1.9799    0.397257    0.399349  0.00816366
     2.16846     0.70858    0.420856  0.00705212
     2.35702     0.30052    0.360838   0.0104441
     2.54558    0.228337    0.328519   0.0123148
     2.73415    0.264183    0.248945   0.0079247
     2.92271    0.186107    0.176483  0.00633426
     3.11127    0.102138    0.157074  0.00529787
     3.29983    0.149769    0.111575  0.00454123
     3.48839   0.0491046   0.0719708   0.0033424
     3.67696   0.0491046    0.056486  0.00297348
     3.86552           0    0.043535  0.00319974
     4.05408           0   0.0218572  0.00232374
     4.24264           0   0.0146865  0.00142025
      4.4312           0   0.0149758  0.00138867
     4.61976           0  0.00848456  0.00114227
     4.80833           0  0.00288125 0.000704126
     4.99689           0 0.000230949 0.000153597
     5.18545           0 5.82977e-05 5.81645e-05
     5.37401           0           0           0
     5.56257           0           0           0
   0.0942809           0  0.00624299 0.000902946
    0.282843   0.0270076   0.0470713  0.00304947
    0.471405    0.176286     0.11528  0.00429392
    0.659966    0.209677    0.195872  0.00545977
    0.848528    0.490555    0.305964  0.00742345
     1.03709    0.229319    0.341442  0.00772645
     1.22565    0.372704     0.41105  0.00803593
     1.41421     0.29561    0.447814   0.0091805
     1.60278    0.365339    0.476781  0.00962178
     1.79134    0.652601    0.516771  0.00929995
      1.9799    0.435558    0.399513  0.00812821
     2.16846     0.71791    0.422206  0.00714816
     2.35702     0.29561    0.360542   0.0104008
     2.54558     0.21115    0.327985   0.0122704
     2.73415    0.246014    0.248931  0.00788869
     2.92271    0.234229    0.176745   0.0063109
     3.11127   0.0982093    0.156807  0.00528055
     3.29983    0.147314    0.111738  0.00452349
     3.48839   0.0491046   0.0718669  0.00332883
     3.67696   0.0491046   0.0564525  0.00296016
     3.86552           0   0.0433371  0.00319131
     4.05408           0   0.0217578   0.0023153
     4.24264           0   0.0146198  0.00141536
      4.4312           0   0.0149077  0.00138402
     4.61976           0    0.008446  0.00113773
     4.80833           0  0.00286816 0.000701047
     4.99689           0 0.000229899 0.000152903
     5.18545           0 5.80328e-05 5.79007e-05
     5.37401           0           0           0
     5.56257           0           0           0
   0.0942809           0  0.00621474 0.000899302
    0.282843   0.0481225    0.047076  0.00303567
    0.471405    0.153698    0.115454  0.00427801
    0.659966    0.260746    0.196165  0.00544295
    0.848528    0.354044    0.306182  0.00739305
     1.03709    0.194454    0.340777  0.00772006
     1.22565    0.488591    0.411401  0.00800723
     1.41421    0.416407    0.447672  0.00914006
     1.60278    0.274004    0.475864  0.00962189
     1.79134    0.651619    0.517381  0.00927786
      1.9799    0.504796    0.399989  0.00810538
     2.16846    0.674207    0.423346  0.00720619
     2.35702    0.198383    0.359808   0.0103796
     2.54558    0.291191    0.327819    0.012216
     2.73415    0.223917    0.248818  0.00785381
     2.92271    0.207713    0.176886   0.0062839
     3.11127    0.100665    0.156553  0.00526276
     3.29983    0.138966    0.111861   0.0045047
     3.48839   0.0726749   0.0718705  0.00331377
     3.67696   0.0491046   0.0564192  0.00294695
     3.86552           0    0.043141  0.00318289
     4.05408           0   0.0216594  0.00230691
     4.24264           0   0.0145536  0.00141051
      4.4312           0   0.0148403   0.0013794
     4.61976           0  0.00840778  0.00113322
     4.80833           0  0.00285518 0.000697995
     4.99689           0 0.000228859 0.000152214
     5.18545           0 5.77702e-05 5.76393e-05
     5.37401           0           0           0
     5.56257           0           0           0
   0.0942809           0  0.00618674 0.000895687
    0.282843 0.000491046   0.0468662  0.00302924
    0.471405     0.24405    0.116033  0.00429778
    0.659966    0.340786    0.196817  0.00545728
    0.848528    0.235702    0.305864  0.00736656
     1.03709    0.204766    0.340165  0.00770956
     1.22565    0.442924    0.411543  0.00797242
     1.41421    0.396274    0.447441  0.00910182
     1.60278    0.325564    0.475187  0.00960234
     1.79134    0.545061    0.517505  0.00923691
      1.9799    0.618718    0.400975  0.00812853
     2.16846    0.701705      0.4246    0.007282
     2.35702    0.271549    0.359411   0.0103404
     2.54558    0.222935    0.327347   0.0121701
     2.73415    0.282843    0.248972  0.00781992
     2.92271   0.0770943    0.176436  0.00627165
     3.11127    0.095263    0.156277  0.00524629
     3.29983     0.14093    0.111992  0.00448631
     3.48839    0.107539   0.0720312  0.00330273
     3.67696   0.0491046   0.0563863  0.00293386
     3.86552           0   0.0429467  0.00317448
     4.05408           0   0.0215618  0.00229858
     4.24264           0   0.0144881  0.00140567
      4.4312           0   0.0147734  0.00137481
     4.61976           0  0.00836991  0.00112875
     4.80833           0  0.00284232 0.000694969
     4.99689           0 0.000227828 0.000151532
     5.18545           0 5.75099e-05 5.73803e-05
     5.37401           0           0           0
     5.56257           0           0           0
   0.0942809           0    0.006159   0.0008921
    0.282843           0    0.046656  0.00302294
    0.471405    0.226372    0.116528   0.0043069
    0.659966    0.181687    0.196749  0.00543323
    0.848528    0.299047    0.305834  0.00733359
     1.03709    0.311814    0.340038  0.00767604
     1.22565     0.45029    0.411717  0.00793856
     1.41421    0.366812    0.447079  0.00906818
     1.60278    0.202802    0.473965  0.00963665
     1.79134    0.545061    0.517629  0.00919632
      1.9799    0.637378    0.402035  0.00816091
     2.16846    0.710053     0.42588  0.00736099
     2.35702    0.329983    0.359279   0.0102949
     2.54558    0.309359    0.327266   0.0121158
     2.73415    0.212623    0.248809  0.00778656
     2.92271    0.144368    0.176292  0.00624518
     3.11127   0.0599077    0.155844  0.00524053
     3.29983    0.167447     0.11224  0.00447308
     3.48839   0.0785674   0.0720605  0.00328805
     3.67696   0.0697286   0.0564461  0.00292131
     3.86552           0   0.0427541  0.00316608
     4.05408           0   0.0214651  0.00229031
     4.24264           0   0.0144231  0.00140087
      4.4312           0   0.0147072  0.00137024
     4.61976           0  0.00833237  0.00112431
     4.80833           0  0.00282957  0.00069197
     4.99689           0 0.000226806 0.000150856
     5.18545           0  5.7252e-05 5.71235e-05
     5.37401           0           0           0
     5.56257           0           0           0
   0.0942809           0   0.0061315 0.000888541
    0.282843   0.0417389   0.0466341  0.00300952
    0.471405    0.212132    0.116955  0.00430876
    0.659966    0.164009    0.196603  0.00541094
    0.848528    0.266638    0.305659  0.00730294
     1.03709    0.487118    0.340694   0.0076698
     1.22565    0.318198      0.4113  0.00791409
     1.41421    0.359937     0.44669  0.00903604
     1.60278    0.193963    0.472715  0.00967437
     1.79134    0.542606     0.51774  0.00915594
      1.9799    0.665859    0.403213  0.00820903
     2.16846    0.547517    0.426423  0.00734813
     2.35702    0.456182    0.359711    0.010258
     2.54558    0.284807    0.327076   0.0120632
     2.73415     0.27204    0.248912  0.00775248
     2.92271   0.0996824     0.17595  0.00622666
     3.11127     0.11245    0.155651  0.00522072
     3.29983    0.151733    0.112417  0.00445658
     3.48839   0.0775853   0.0720852  0.00327347
     3.67696   0.0491046   0.0564133  0.00290845
     3.86552           0   0.0425632  0.00315769
     4.05408           0   0.0213693  0.00228209
     4.24264           0   0.0143587   0.0013961
      4.4312           0   0.0146415  0.00136569
     4.61976           0  0.00829518  0.00111991
     4.80833           0  0.00281694 0.000688996
     4.99689           0 0.000225794 0.000150186
     5.18545           0 5.69965e-05 5.68691e-05
     5.37401           0           0           0
     5.56257           0           0           0
   0.0942809           0  0.00610425 0.000885009
    0.282843    0.052542   0.0466603  0.00299626
    0.471405    0.187089    0.117266  0.00430087
    0.659966    0.200347    0.196619  0.00538692
    0.848528    0.279896    0.305544  0.00727138
     1.03709    0.454218    0.341199  0.00765229
     1.22565    0.314761    0.410871  0.00789054
     1.41421    0.345206    0.446239  0.00900713
     1.60278    0.434576    0.472546  0.00963285
     1.79134    0.343241    0.516965  0.00914803
      1.9799    0.658002    0.404345  0.00825028
     2.16846    0.411006    0.426355  0.00731579
     2.35702    0.453236    0.360127   0.0102209
     2.54558    0.362883    0.327235   0.0120106
     2.73415    0.228828    0.248823  0.00771854
     2.92271     0.16892    0.175919  0.00619906
     3.11127   0.0677644     0.15526   0.0052121
     3.29983    0.163518    0.112644  0.00444256
     3.48839    0.128163   0.0723344  0.00326839
     3.67696   0.0387927    0.056335  0.00289658
     3.86552    0.010312   0.0424199  0.00314691
     4.05408           0   0.0212743  0.00227392
     4.24264           0   0.0142949  0.00139135
      4.4312           0   0.0145764  0.00136117
     4.61976           0  0.00825831  0.00111554
     4.80833           0  0.00280442 0.000686047
     4.99689           0  0.00022479 0.000149522
     5.18545           0 5.67431e-05 5.66169e-05
     5.37401           0           0           0
     5.56257           0           0           0
   0.0942809           0  0.00607724 0.000881506
    0.282843   0.0255344   0.0465668  0.00298446
    0.471405    0.258781    0.117892  0.00432719
    0.659966    0.234229    0.196786  0.00536565
    0.848528     0.27204    0.305396  0.00724071
     1.03709    0.436049    0.341618  0.00762993
     1.22565    0.366321    0.410673  0.00785809
     1.41421    0.402167    0.446044  0.00896939
     1.60278    0.427701    0.472348  0.00959227
     1.79134    0.368776    0.516309  0.00913102
      1.9799    0.607424    0.405244  0.00826257
     2.16846    0.259764    0.425618  0.00732046
     2.35702    0.416898    0.360378   0.0101787
     2.54558    0.321144    0.327209   0.0119575
     2.73415    0.241595    0.248791  0.00768446
     2.92271    0.214096    0.176088  0.00617393
     3.11127   0.0658002    0.154864  0.00520405
     3.29983    0.112941    0.112645   0.0044229
     3.48839    0.143386   0.0726488  0.00326902
     3.67696   0.0402658   0.0562639  0.00288464
     3.86552   0.0540151   0.0424712   0.0031334
     4.05408   0.0343732   0.0213323   0.0022646
     4.24264           0   0.0142317  0.00138663
      4.4312           0   0.0145119  0.00135668
     4.61976           0  0.00822177   0.0011112
     4.80833           0  0.00279201 0.000683124
     4.99689           0 0.000223795 0.000148864
     5.18545           0 5.64921e-05 5.63669e-05
     5.37401           0           0           0
     5.56257           0           0           0
   0.0942809           0  0.00605047 0.000878029
    0.282843   0.0152224   0.0464288  0.00297451
    0.471405    0.226863    0.118372  0.00433467
    0.659966    0.275477    0.197132   0.0053532
    0.848528     0.26271    0.305208  0.00721126
     1.03709    0.451272    0.342101  0.00761159
     1.22565    0.274495    0.410073  0.00784634
     1.41421    0.454218     0.44608  0.00892994
     1.60278    0.386945    0.471971  0.00955739
     1.79134    0.554391    0.516477  0.00909234
      1.9799    0.567159    0.405957   0.0082569
     2.16846    0.219007    0.424708  0.00734458
     2.35702    0.366812    0.360406   0.0101339
     2.54558    0.433594    0.327677    0.011914
     2.73415    0.245032    0.248774  0.00765062
     2.92271    0.150751    0.175976  0.00614774
     3.11127   0.0363374    0.154342  0.00520725
     3.29983    0.106557    0.112618   0.0044035
     3.48839  0.00491046   0.0723504  0.00326821
     3.67696    0.155662   0.0567018  0.00290497
     3.86552   0.0795495   0.0426345  0.00312385
     4.05408   0.0363374   0.0213984  0.00225559
     4.24264           0    0.014169  0.00138194
      4.4312           0    0.014448   0.0013522
     4.61976           0  0.00818555   0.0011069
     4.80833           0  0.00277971 0.000680225
     4.99689           0  0.00022281 0.000148211
     5.18545           0 5.62432e-05 5.61192e-05
     5.37401           0           0           0
     5.56257           0           0           0
   0.0942809           0  0.00602393 0.000874579
    0.282843   0.0540151    0.046462  0.00296165
    0.471405    0.181687     0.11865  0.00432454
    0.659966    0.349625    0.197801  0.00537134
    0.848528    0.270567    0.305056  0.00718123
     1.03709    0.380561     0.34227  0.00758008
     1.22565     0.20182     0.40916  0.00786491
     1.41421    0.503323    0.446331  0.00889431
     1.60278    0.477297    0.471995   0.0095155
     1.79134     0.53966    0.516579  0.00905303
      1.9799    0.508233    0.406405  0.00823286
     2.16846    0.292173    0.424126  0.00733533
     2.35702    0.385471    0.360516   0.0100901
     2.54558    0.316234    0.327627   0.0118619
     2.73415    0.331947    0.249139  0.00762576
     2.92271   0.0441942    0.175398  0.00614789
     3.11127   0.0584345    0.153922  0.00520138
     3.29983   0.0667823    0.112417  0.00438877
     3.48839   0.0977182   0.0724616  0.00325576
     3.67696    0.164501   0.0571746  0.00293046
     3.86552   0.0594166   0.0427081  0.00311102
     4.05408   0.0196419   0.0213907  0.00224571
     4.24264           0   0.0141068  0.00137727
      4.4312           0   0.0143846  0.00134776
     4.61976           0  0.00814965  0.00110262
     4.80833           0  0.00276752 0.000677351
     4.99689           0 0.000221832 0.000147564
     5.18545           0 5.59965e-05 5.58736e-05
     5.37401           0           0           0
     5.56257           0           0           0
   0.0942809           0  0.00599763 0.000871155
    0.282843    0.140439   0.0468724  0.00297701
    0.471405   0.0559793    0.118376  0.00431431
    0.659966    0.274004    0.198134  0.00535818
    0.848528    0.354535    0.305272  0.00715312
     1.03709     0.33342    0.342231  0.00754708
     1.22565    0.415425    0.409187  0.00783061
     1.41421    0.432612    0.446271  0.00885567
     1.60278    0.448816    0.471893  0.00947449
     1.79134    0.570105    0.516812  0.00901651
      1.9799    0.435067    0.406531  0.00819786
     2.16846    0.306904    0.423614  0.00732114
     2.35702     0.44587    0.360889   0.0100529
     2.54558     0.33784    0.327672   0.0118102
     2.73415    0.262219    0.249196  0.00759267
     2.92271   0.0829868    0.174995  0.00613427
     3.11127   0.0142403    0.153312  0.00521431
     3.29983   0.0491046    0.112141  0.00437831
     3.48839   0.0908436   0.0725419  0.00324254
     3.67696    0.155662   0.0576047  0.00294905
     3.86552   0.0682554   0.0428197  0.00309943
     4.05408   0.0289717   0.0214238  0.00223614
     4.24264           0   0.0140452  0.00137264
      4.4312           0   0.0143218  0.00134334
     4.61976           0  0.00811406  0.00109838
     4.80833           0  0.00275543 0.000674501
     4.99689           0 0.000220864 0.000146923
     5.18545           0  5.5752e-05 5.56301e-05
     5.37401           0           0           0
     5.56257           0           0           0
   0.0942809           0  0.00597155 0.000867758
    0.282843    0.128163   0.0472259  0.00298497
    0.471405   0.0800406     0.11821  0.00429877
    0.659966    0.243068    0.198329  0.00533845
    0.848528     0.39431    0.305659  0.00713249
     1.03709    0.297574    0.342037  0.00751676
     1.22565    0.368776    0.409012  0.00779854
     1.41421    0.555373    0.446745  0.00882986
     1.60278    0.426719    0.471697  0.00943533
     1.79134    0.495466     0.51672  0.00897779
      1.9799       0.521    0.407028  0.00817731
     2.16846     0.36141    0.423344   0.0072943
     2.35702    0.354044    0.360859   0.0100092
     2.54558    0.364847    0.327833   0.0117599
     2.73415    0.264674    0.249264  0.00755996
     2.92271   0.0407568    0.174411   0.0061353
     3.11127   0.0196419     0.15273  0.00522392
     3.29983   0.0554882    0.111895  0.00436619
     3.48839     0.12178    0.072756   0.0032355
     3.67696    0.110976   0.0578367  0.00294534
     3.86552   0.0564703    0.042879  0.00308653
     4.05408    0.042721   0.0215164  0.00222834
     4.24264           0   0.0139841  0.00136803
      4.4312           0   0.0142596  0.00133894
     4.61976           0  0.00807878  0.00109417
     4.80833           0  0.00274345 0.000671675
     4.99689           0 0.000219903 0.000146287
     5.18545           0 5.55096e-05 5.53888e-05
     5.37401           0           0           0
     5.56257           0           0           0
   0.0942809           0   0.0059457 0.000864386
    0.282843   0.0982093   0.0474466   0.0029802
    0.471405    0.103611    0.118147  0.00428063
    0.659966    0.137493    0.198066  0.00532183
    0.848528    0.424755    0.306175  0.00712022
     1.03709    0.378597    0.342196  0.00748589
     1.22565    0.425737    0.409084  0.00776511
     1.41421     0.47386    0.446863  0.00879242
     1.60278    0.420336    0.471475   0.0093971
     1.79134    0.528366     0.51677  0.00893906
      1.9799    0.624611     0.40797  0.00819598
     2.16846     0.28628    0.422751  0.00728682
     2.35702    0.446361    0.361229  0.00997274
     2.54558    0.355518    0.327953   0.0117096
     2.73415    0.143877    0.248807  0.00754099
     2.92271   0.0628539    0.173928  0.00612772
     3.11127   0.0491046    0.152282  0.00522053
     3.29983   0.0579435    0.111661  0.00435353
     3.48839   0.0893704   0.0728279  0.00322229
     3.67696   0.0594166   0.0578436   0.0029326
     3.86552   0.0265165   0.0428082  0.00307398
     4.05408    0.110485   0.0219015  0.00225173
     4.24264           0   0.0139236  0.00136344
      4.4312           0   0.0141978  0.00133456
     4.61976           0  0.00804381  0.00108999
     4.80833           0  0.00273158 0.000668872
     4.99689           0 0.000218951 0.000145657
     5.18545           0 5.52693e-05 5.51495e-05
     5.37401           0           0           0
     5.56257           0           0           0
   0.0942809           0  0.00592007  0.00086104
    0.282843   0.0982093   0.0476654  0.00297538
    0.471405   0.0824958    0.117993  0.00426493
    0.659966    0.194454     0.19805  0.00529891
    0.848528    0.250925    0.305937  0.00709351
     1.03709    0.521491    0.342968  0.00749341
     1.22565    0.377124    0.408946  0.00773286
     1.41421    0.477788    0.446996  0.00875553
     1.60278    0.404131    0.471184  0.00936108
     1.79134     0.63345    0.517273  0.00891467
      1.9799    0.557829    0.408616  0.00818607
     2.16846    0.278423    0.422128  0.00728192
     2.35702    0.420336    0.361484  0.00993301
     2.54558     0.37565    0.328159    0.011661
     2.73415    0.108521    0.248203  0.00753269
     2.92271    0.130127    0.173739  0.00610422
     3.11127   0.0486136    0.151835  0.00521712
     3.29983    0.132091    0.111749  0.00433566
     3.48839   0.0628539   0.0727849  0.00320869
     3.67696   0.0505778   0.0578122  0.00292013
     3.86552   0.0147314   0.0426872  0.00306311
     4.05408   0.0834779   0.0221669  0.00225761
     4.24264           0   0.0138636  0.00135889
      4.4312           0   0.0141366  0.00133021
     4.61976           0  0.00800914  0.00108585
     4.80833           0   0.0027198 0.000666093
     4.99689           0 0.000218008 0.000145032
     5.18545           0 5.50311e-05 5.49123e-05
     5.37401           0           0           0
     5.56257           0           0           0
   0.0942809           0  0.00589466 0.000857719
    0.282843   0.0982093   0.0478823   0.0029705
    0.471405   0.0878973    0.117864  0.00424858
    0.659966    0.141912    0.197809  0.00528165
    0.848528    0.270567    0.305785  0.00706469
     1.03709    0.555373     0.34388  0.00751649
     1.22565    0.374177    0.408797  0.00770111
     1.41421    0.489573    0.447179  0.00871986
     1.60278    0.311323    0.470498  0.00934601
     1.79134     0.81661    0.518558   0.0089685
      1.9799    0.386945    0.408523  0.00815146
     2.16846    0.374668    0.421925  0.00725351
     2.35702    0.429175    0.361775  0.00989463
     2.54558    0.341277    0.328215    0.011611
     2.73415    0.121288    0.247658  0.00752002
     2.92271   0.0623629    0.173261  0.00609671
     3.11127   0.0785674     0.15152   0.0052042
     3.29983    0.166956    0.111986  0.00432352
     3.48839   0.0491046   0.0726833  0.00319653
     3.67696   0.0770943    0.057895  0.00290877
     3.86552    0.021115   0.0425946  0.00305136
     4.05408   0.0491046   0.0222825  0.00225088
     4.24264           0   0.0138041  0.00135436
      4.4312           0    0.014076  0.00132589
     4.61976           0  0.00797476  0.00108173
     4.80833           0  0.00270813 0.000663336
     4.99689           0 0.000217072 0.000144413
     5.18545           0 5.47949e-05 5.46772e-05
     5.37401           0           0           0
     5.56257           0           0           0
   0.0942809           0  0.00586947 0.000854424
    0.282843   0.0677644   0.0479673  0.00295902
    0.471405    0.128654     0.11791  0.00423068
    0.659966    0.204275    0.197837  0.00525915
    0.848528    0.186107    0.305273  0.00705299
     1.03709    0.436049    0.344274  0.00749468
     1.22565    0.366321    0.408616  0.00767034
     1.41421     0.64278    0.448015  0.00872257
     1.60278    0.441942    0.470376  0.00930687
     1.79134    0.625102    0.519013  0.00894173
      1.9799    0.370249     0.40836  0.00811827
     2.16846    0.343732    0.421591  0.00723021
     2.35702    0.556356    0.362606  0.00988722
     2.54558    0.336858    0.328252   0.0115615
     2.73415    0.173339     0.24734  0.00749459
     2.92271   0.0117851    0.172571  0.00610958
     3.11127   0.0839689    0.151232  0.00518996
     3.29983      0.1316     0.11207  0.00430586
     3.48839   0.0864242    0.072742  0.00318341
     3.67696   0.0608898   0.0579078  0.00289636
     3.86552           0   0.0424126  0.00304375
     4.05408   0.0491046   0.0223972  0.00224418
     4.24264           0   0.0137451  0.00134985
      4.4312           0   0.0140158  0.00132158
     4.61976           0  0.00794068  0.00107765
     4.80833           0  0.00269656 0.000660602
     4.99689           0 0.000216144 0.000143799
     5.18545           0 5.45607e-05  5.4444e-05
     5.37401           0           0           0
     5.56257           0           0           0
   0.0942809           0   0.0058445 0.000851153
    0.282843   0.0338822   0.0479073  0.00294704
    0.471405    0.180705    0.118177  0.00422111
    0.659966    0.199365    0.197844  0.00523677
    0.848528    0.190035    0.304783     0.00704
     1.03709    0.388909    0.344464   0.0074652
     1.22565    0.311814    0.408204  0.00764876
     1.41421     0.58189    0.448584  0.00870403
     1.60278    0.515599    0.470569  0.00926926
     1.79134    0.548008    0.519136  0.00890453
      1.9799      0.3565    0.408139  0.00808672
     2.16846    0.505778    0.421949  0.00720831
     2.35702    0.485645     0.36313    0.009859
     2.54558    0.458146    0.328805   0.0115255
     2.73415    0.195436     0.24712  0.00746595
     2.92271   0.0353553    0.171987  0.00611142
     3.11127    0.021606     0.15068   0.0051971
     3.29983    0.136511    0.112174  0.00428879
     3.48839   0.0599077   0.0726874  0.00317033
     3.67696   0.0491046   0.0578703  0.00288428
     3.86552           0   0.0422321  0.00303614
     4.05408   0.0491046   0.0225108   0.0022375
     4.24264           0   0.0136866  0.00134537
      4.4312           0   0.0139562  0.00131731
     4.61976           0  0.00790689  0.00107359
     4.80833           0  0.00268508 0.000657891
     4.99689           0 0.000215225  0.00014319
     5.18545           0 5.43285e-05 5.42128e-05
     5.37401           0           0           0
     5.56257           0           0           0
   0.0942809           0  0.00581973 0.000847907
    0.282843   0.0137493   0.0477626   0.0029381
    0.471405    0.169902    0.118396  0.00420891
    0.659966    0.185616    0.197792  0.00521484
    0.848528     0.26762    0.304626  0.00701193
     1.03709    0.422791    0.344796  0.00744094
     1.22565    0.374177     0.40806   0.0076177
     1.41421     0.55832    0.449049  0.00867956
     1.60278    0.371231    0.470148  0.00923953
     1.79134    0.503323    0.519069  0.00886705
      1.9799    0.439978    0.408274  0.00805358
     2.16846    0.562739    0.422545  0.00720241
     2.35702    0.370249     0.36316  0.00981727
     2.54558    0.513143    0.329586   0.0115031
     2.73415    0.179723    0.246834  0.00743978
     2.92271   0.0761122    0.171581  0.00609901
     3.11127   0.0324091    0.150179  0.00519919
     3.29983    0.114905    0.112185  0.00427063
     3.48839   0.0491046   0.0725875  0.00315847
     3.67696   0.0491046   0.0578332   0.0028723
     3.86552           0   0.0420531  0.00302854
     4.05408   0.0491046   0.0226235  0.00223086
     4.24264           0   0.0136286  0.00134092
      4.4312           0    0.013897  0.00131305
     4.61976           0  0.00787339  0.00106956
     4.80833           0  0.00267371 0.000655202
     4.99689           0 0.000214313 0.000142586
     5.18545           0 5.40983e-05 5.39836e-05
     5.37401           0           0           0
     5.56257           0           0           0
   0.0942809  0.00147314  0.00580139 0.000844527
    0.282843  0.00883883   0.0475983  0.00293029
    0.471405    0.106557    0.118346  0.00419144
    0.659966    0.204766    0.197821  0.00519292
    0.848528    0.262219    0.304447  0.00698463
     1.03709    0.418372    0.345106  0.00741602
     1.22565    0.359937    0.407856  0.00758827
     1.41421    0.602514    0.449697  0.00866706
     1.60278    0.300029     0.46943  0.00922839
     1.79134    0.515599    0.519055  0.00882965
      1.9799     0.47877    0.408571  0.00802509
     2.16846    0.632468    0.423431  0.00722628
     2.35702    0.432612    0.363453  0.00978022
     2.54558    0.367794    0.329747   0.0114557
     2.73415    0.218516    0.246715  0.00740935
     2.92271    0.102629     0.17129  0.00608021
     3.11127   0.0446852    0.149734  0.00519627
     3.29983   0.0982093    0.112126  0.00425302
     3.48839   0.0491046   0.0724884  0.00314669
     3.67696   0.0491046   0.0577964  0.00286042
     3.86552 0.000982093   0.0418798  0.00302072
     4.05408   0.0481225   0.0227311  0.00222404
     4.24264           0   0.0135711   0.0013365
      4.4312           0   0.0138384  0.00130882
     4.61976           0  0.00784017  0.00106557
     4.80833           0  0.00266242 0.000652534
     4.99689           0 0.000213408 0.000141987
     5.18545           0 5.38701e-05 5.37563e-05
     5.37401           0           0           0
     5.56257           0           0           0
   0.0942809           0  0.00577702 0.000841331
    0.282843           0   0.0473984   0.0029248
    0.471405    0.063345    0.118115   0.0041802
    0.659966    0.159099    0.197659  0.00517365
    0.848528    0.353553    0.304653  0.00695833
     1.03709    0.361901    0.345177  0.00738519
     1.22565    0.347661    0.407604   0.0075606
     1.41421    0.633941    0.450471  0.00866515
     1.60278    0.340786    0.468889  0.00920543
     1.79134     0.53033    0.519102  0.00879268
      1.9799    0.480243    0.408872  0.00799702
     2.16846    0.527384    0.423868  0.00720911
     2.35702    0.549972    0.364237  0.00977047
     2.54558    0.246505    0.329397   0.0114129
     2.73415    0.272531    0.246823  0.00737901
     2.92271    0.130618    0.171119  0.00605707
     3.11127   0.0353553    0.149253  0.00519661
     3.29983    0.122762    0.112171  0.00423539
     3.48839    0.095754   0.0725861  0.00313499
     3.67696  0.00245523   0.0575638  0.00285783
     3.86552   0.0491046   0.0419102  0.00300818
     4.05408           0   0.0226356  0.00221674
     4.24264           0   0.0135141   0.0013321
      4.4312           0   0.0137802  0.00130461
     4.61976           0  0.00780722   0.0010616
     4.80833           0  0.00265124 0.000649888
     4.99689           0 0.000212512 0.000141393
     5.18545           0 5.36437e-05 5.35309e-05
     5.37401           0           0           0
     5.56257           0           0           0
   0.0942809           0  0.00575284 0.000838157
    0.282843           0      0.0472  0.00291928
    0.471405   0.0500867    0.117831  0.00417239
    0.659966   0.0716928    0.197131  0.00517878
    0.848528     0.34717    0.304831  0.00693149
     1.03709    0.511179    0.345871  0.00738688
     1.22565    0.450781    0.407784  0.00753112
     1.41421     0.51167    0.450727  0.00863268
     1.60278    0.322126    0.468275  0.00918737
     1.79134    0.538187    0.519182  0.00875625
      1.9799    0.545553    0.409444  0.00798398
     2.16846    0.549972    0.424396  0.00719823
     2.35702    0.520018    0.364889  0.00975131
     2.54558    0.324582    0.329377   0.0113652
     2.73415    0.109012    0.246246  0.00737063
     2.92271    0.107539    0.170853  0.00603756
     3.11127   0.0491046    0.148834  0.00519174
     3.29983    0.142894      0.1123  0.00421961
     3.48839    0.102629   0.0727118  0.00312439
     3.67696           0    0.057323  0.00285601
     3.86552   0.0491046   0.0419403  0.00299574
     4.05408           0   0.0225409  0.00220949
     4.24264           0   0.0134575  0.00132772
      4.4312           0   0.0137226  0.00130043
     4.61976           0  0.00777456  0.00105766
     4.80833           0  0.00264014 0.000647264
     4.99689           0 0.000211622 0.000140805
     5.18545           0 5.34193e-05 5.33074e-05
     5.37401           0           0           0
     5.56257           0           0           0
   0.0942809           0  0.00572887 0.000835008
    0.282843    0.031427   0.0471343  0.00290785
    0.471405   0.0358464    0.117489  0.00416896
    0.659966   0.0603987    0.196562  0.00518844
    0.848528    0.153698    0.304201  0.00693115
     1.03709    0.761613    0.347604  0.00755648
     1.22565    0.482699    0.408096  0.00750621
     1.41421     0.44587    0.450707  0.00859673
     1.60278    0.327037    0.467687  0.00916792
     1.79134    0.672242     0.51982  0.00874296
      1.9799    0.470913      0.4097  0.00795482
     2.16846    0.362392    0.424137  0.00717287
     2.35702    0.458637    0.365279   0.0097185
     2.54558    0.406586    0.329699   0.0113223
     2.73415    0.106066    0.245662  0.00736302
     2.92271    0.173339    0.170864  0.00601241
     3.11127   0.0761122    0.148531  0.00517894
     3.29983    0.164992    0.112519  0.00420774
     3.48839   0.0643271   0.0726769  0.00311157
     3.67696           0   0.0570841  0.00285408
     3.86552   0.0491046   0.0419701  0.00298341
     4.05408           0    0.022447  0.00220228
     4.24264           0   0.0134015  0.00132338
      4.4312           0   0.0136654  0.00129626
     4.61976           0  0.00774216  0.00105375
     4.80833           0  0.00262914  0.00064466
     4.99689           0 0.000210741 0.000140221
     5.18545           0 5.31967e-05 5.30857e-05
     5.37401           0           0           0
     5.56257           0           0           0
   0.0942809           0   0.0057051 0.000831881
    0.282843   0.0491046   0.0471425   0.0028958
    0.471405   0.0309359     0.11713   0.0041671
    0.659966   0.0751301    0.196058  0.00519132
    0.848528   0.0972272    0.303342  0.00695539
     1.03709    0.703178    0.349079  0.00766781
     1.22565    0.601532    0.408899  0.00751785
     1.41421    0.417389    0.450569  0.00856217
     1.60278    0.415916    0.467472  0.00913239
     1.79134    0.548008    0.519937  0.00870746
      1.9799    0.437031    0.409814  0.00792262
     2.16846    0.564703     0.42472  0.00716678
     2.35702    0.360428    0.365259   0.0096782
     2.54558    0.387436    0.329938   0.0112779
     2.73415    0.148787     0.24526  0.00734344
     2.92271    0.073657     0.17046  0.00600098
     3.11127    0.105084    0.148351  0.00516059
     3.29983    0.165483    0.112739  0.00419602
     3.48839   0.0731659   0.0726789  0.00309866
     3.67696           0   0.0568473  0.00285205
     3.86552   0.0363374   0.0419468  0.00297112
     4.05408   0.0127672   0.0224068  0.00219351
     4.24264           0   0.0133459  0.00131905
      4.4312           0   0.0136087  0.00129212
     4.61976           0  0.00771004  0.00104986
     4.80833           0  0.00261823 0.000642078
     4.99689           0 0.000209866 0.000139642
     5.18545           0  5.2976e-05 5.28659e-05
     5.37401           0           0           0
     5.56257           0           0           0
   0.0942809           0  0.00568153 0.000828778
    0.282843   0.0491046   0.0471506  0.00288384
    0.471405   0.0491046    0.116849  0.00415935
    0.659966   0.0859331    0.195603  0.00518978
    0.848528     0.17383    0.302807  0.00694721
     1.03709     0.56323    0.349964  0.00768702
     1.22565    0.658493     0.40993   0.0075572
     1.41421    0.432612    0.450494  0.00852711
     1.60278    0.425737      0.4673  0.00909628
     1.79134    0.549972    0.520061  0.00867237
      1.9799     0.54899    0.410389  0.00791073
     2.16846    0.486627    0.424976  0.00714173
     2.35702    0.289226    0.364945   0.0096433
     2.54558     0.41297    0.330281   0.0112365
     2.73415    0.053033    0.244466  0.00735593
     2.92271   0.0697286    0.170044   0.0059906
     3.11127   0.0810227    0.148073  0.00514676
     3.29983     0.22539    0.113204  0.00420442
     3.48839   0.0991914   0.0727885  0.00308779
     3.67696           0   0.0566124  0.00284992
     3.86552           0   0.0417734   0.0029639
     4.05408   0.0491046   0.0225171  0.00218722
     4.24264           0   0.0132907  0.00131475
      4.4312           0   0.0135525  0.00128801
     4.61976           0  0.00767818  0.00104601
     4.80833           0  0.00260742 0.000639516
     4.99689           0 0.000208999 0.000139067
     5.18545           0  5.2757e-05 5.26479e-05
     5.37401           0           0           0
     5.56257           0           0           0
   0.0942809           0  0.00565815 0.000825697
    0.282843   0.0063836   0.0469828  0.00287685
    0.471405    0.074148    0.116673  0.00414595
    0.659966    0.138475    0.195368  0.00517374
    0.848528    0.178741    0.302297  0.00693736
     1.03709    0.444397    0.350352  0.00766521
     1.22565    0.656038    0.410943  0.00759367
     1.41421    0.557829    0.450936  0.00850345
     1.60278    0.317216    0.466682   0.0090798
     1.79134    0.618718    0.520467  0.00864618
      1.9799    0.640816    0.411337   0.0079348
     2.16846    0.378106    0.424783  0.00711494
     2.35702     0.37074    0.364969  0.00960365
     2.54558     0.31427    0.330216   0.0111905
     2.73415   0.0982093    0.243864  0.00735024
     2.92271   0.0908436    0.169718  0.00597481
     3.11127    0.135529    0.148021  0.00512583
     3.29983     0.19249    0.113531  0.00419976
     3.48839   0.0712017    0.072782  0.00307509
     3.67696  0.00540151   0.0564016  0.00284597
     3.86552   0.0063836   0.0416278  0.00295528
     4.05408   0.0073657   0.0224548   0.0021791
     4.24264           0    0.013236  0.00131048
      4.4312           0   0.0134967  0.00128392
     4.61976           0  0.00764658  0.00104218
     4.80833           0  0.00259669 0.000636974
     4.99689           0 0.000208139 0.000138498
     5.18545           0 5.25399e-05 5.24317e-05
     5.37401           0           0           0
     5.56257           0           0           0
   0.0942809           0  0.00563496 0.000822638
    0.282843   0.0279896    0.046905  0.00286611
    0.471405   0.0162045    0.116261  0.00414935
    0.659966    0.155171    0.195203  0.00515516
    0.848528    0.184633    0.301814  0.00692567
     1.03709      0.4552    0.350782  0.00764583
     1.22565    0.543097    0.411485  0.00758184
     1.41421    0.537205     0.45129  0.00847595
     1.60278    0.405604    0.466432  0.00904603
     1.79134    0.746882    0.521395  0.00866039
      1.9799    0.392346    0.411259  0.00790267
     2.16846    0.454218    0.424904  0.00708681
     2.35702    0.405604    0.365135  0.00956573
     2.54558    0.366321    0.330364   0.0111456
     2.73415   0.0923167    0.243243  0.00734631
     2.92271     0.15468    0.169657  0.00595064
     3.11127    0.101156    0.147829  0.00510842
     3.29983    0.103611     0.11349  0.00418274
     3.48839    0.161063   0.0731438   0.0030837
     3.67696           0   0.0561705  0.00284368
     3.86552           0   0.0414572  0.00294809
     4.05408           0   0.0223627  0.00217212
     4.24264           0   0.0131818  0.00130623
      4.4312           0   0.0134414  0.00127984
     4.61976           0  0.00761524  0.00103838
     4.80833           0  0.00258604 0.000634452
     4.99689           0 0.000207286 0.000137933
     5.18545           0 5.23246e-05 5.22173e-05
     5.37401           0           0           0
     5.56257           0           0           0
   0.0942809           0  0.00561196 0.000819602
    0.282843  0.00589256   0.0467376   0.0028593
    0.471405  0.00883883    0.115823  0.00415552
    0.659966    0.107539    0.194845  0.00514652
    0.848528    0.178741    0.301312  0.00691559
     1.03709     0.46453    0.351246   0.0076287
     1.22565    0.458146    0.411675  0.00755328
     1.41421    0.696795    0.452292  0.00850038
     1.60278    0.572069    0.466863  0.00901938
     1.79134    0.601041     0.52172  0.00863114
      1.9799    0.322617    0.410898  0.00787869
     2.16846    0.485154     0.42515  0.00706215
     2.35702    0.414934    0.365339  0.00952885
     2.54558     0.34275    0.330414   0.0111002
     2.73415    0.147314    0.242851  0.00732675
     2.92271   0.0923167    0.169341  0.00593472
     3.11127    0.147805    0.147829  0.00508757
     3.29983    0.109503    0.113474   0.0041657
     3.48839    0.112941   0.0733062  0.00307539
     3.67696   0.0343732   0.0560815  0.00283346
     3.86552           0    0.041288   0.0029409
     4.05408           0   0.0222715  0.00216517
     4.24264           0    0.013128  0.00130201
      4.4312           0   0.0133865   0.0012758
     4.61976           0  0.00758416  0.00103461
     4.80833           0  0.00257549  0.00063195
     4.99689           0  0.00020644 0.000137372
     5.18545           0  5.2111e-05 5.20046e-05
     5.37401           0           0           0
     5.56257           0           0           0
   0.0942809           0  0.00558915 0.000816588
    0.282843  0.00196419   0.0465556  0.00285346
    0.471405  0.00245523    0.115362   0.0041641
    0.659966     0.11245     0.19451  0.00513649
    0.848528    0.223426    0.300995  0.00689472
     1.03709    0.387436    0.351394  0.00759911
     1.22565      0.5868    0.412387  0.00755605
     1.41421    0.784201    0.453641  0.00857224
     1.60278    0.562248    0.467251  0.00899105
     1.79134    0.474351    0.521527   0.0085982
      1.9799    0.407568    0.410884  0.00784667
     2.16846    0.331456    0.424769   0.0070437
     2.35702    0.453727    0.365698  0.00949688
     2.54558    0.305922    0.330315   0.0110555
     2.73415     0.15959    0.242513  0.00730478
     2.92271    0.132091    0.169189  0.00591253
     3.11127   0.0898615    0.147593  0.00507235
     3.29983    0.140439    0.113583  0.00415021
     3.48839   0.0491046   0.0732078  0.00306446
     3.67696   0.0982093   0.0562528  0.00282712
     3.86552           0   0.0411201  0.00293373
     4.05408           0   0.0221809  0.00215826
     4.24264           0   0.0130746  0.00129781
      4.4312           0   0.0133321  0.00127177
     4.61976           0  0.00755333  0.00103086
     4.80833           0  0.00256502 0.000629468
     4.99689           0 0.000205601 0.000136816
     5.18545           0 5.18992e-05 5.17936e-05
     5.37401           0           0           0
     5.56257           0           0           0
   0.0942809           0  0.00556652 0.000813595
    0.282843           0   0.0463671  0.00284813
    0.471405   0.0186598     0.11497  0.00416561
    0.659966    0.166465    0.194397  0.00511695
    0.848528    0.195436    0.300568  0.00688004
     1.03709    0.338331    0.351341  0.00756853
     1.22565    0.509706    0.412781  0.00753572
     1.41421    0.837725    0.455196  0.00867742
     1.60278    0.590729     0.46775  0.00896853
     1.79134    0.485645    0.521382  0.00856462
      1.9799    0.372704    0.410729  0.00781643
     2.16846    0.271058    0.424147  0.00704262
     2.35702    0.462566     0.36609  0.00946653
     2.54558    0.226372    0.329894   0.0110188
     2.73415    0.330965    0.242871  0.00728398
     2.92271    0.157626    0.169143  0.00588877
     3.11127   0.0937899    0.147376  0.00505649
     3.29983   0.0599077    0.113366  0.00413909
     3.48839   0.0874063   0.0732653  0.00305259
     3.67696   0.0623629   0.0562775  0.00281578
     3.86552   0.0358464   0.0410988  0.00292193
     4.05408           0   0.0220911  0.00215139
     4.24264           0   0.0130217  0.00129363
      4.4312           0   0.0132781  0.00126777
     4.61976           0  0.00752275  0.00102714
     4.80833           0  0.00255463 0.000627006
     4.99689           0 0.000204768 0.000136265
     5.18545           0 5.16891e-05 5.15844e-05
     5.37401           0           0           0
     5.56257           0           0           0
   0.0942809           0  0.00554407 0.000810624
    0.282843  0.00932988   0.0462178  0.00284056
    0.471405   0.0476315    0.114699  0.00415765
    0.659966   0.0603987    0.193856  0.00512476
    0.848528    0.309359    0.300604  0.00685239
     1.03709    0.242577    0.350902  0.00755071
     1.22565    0.548499    0.413328  0.00752518
     1.41421    0.790585    0.456548  0.00874718
     1.60278     0.57256    0.468173  0.00894232
     1.79134    0.561266    0.521543   0.0085316
      1.9799    0.276459    0.410188  0.00780364
     2.16846     0.40364    0.424064  0.00701471
     2.35702     0.38498    0.366166  0.00942866
     2.54558    0.409533    0.330215    0.010979
     2.73415    0.233738    0.242834   0.0072547
     2.92271    0.158117    0.169098   0.0058652
     3.11127   0.0491046    0.146979   0.0050516
     3.29983   0.0491046    0.113107  0.00413051
     3.48839   0.0726749   0.0732629  0.00304029
     3.67696    0.074639   0.0563515   0.0028054
     3.86552   0.0491046   0.0411311  0.00291033
     4.05408           0    0.022002  0.00214456
     4.24264           0   0.0129692  0.00128948
      4.4312           0   0.0132246  0.00126378
     4.61976           0  0.00749242  0.00102345
     4.80833           0  0.00254433 0.000624562
     4.99689           0 0.000203943 0.000135718
     5.18545           0 5.14807e-05 5.13768e-05
     5.37401           0           0           0
     5.56257           0           0           0
   0.0942809           0  0.00552181 0.000807675
    0.282843   0.0491046   0.0462294  0.00282917
    0.471405           0    0.114238  0.00416639
    0.659966   0.0996824    0.193478  0.00511812
    0.848528    0.224899      0.3003  0.00683161
     1.03709    0.311323    0.350743  0.00752205
     1.22565    0.585327    0.414019   0.0075266
     1.41421     0.69925    0.457523  0.00876619
     1.60278    0.419845    0.467979  0.00890851
     1.79134    0.662913     0.52211   0.0085162
      1.9799    0.255835    0.409568  0.00779688
     2.16846    0.552918    0.424582   0.0070056
     2.35702    0.535241    0.366845  0.00941522
     2.54558    0.219498     0.32977   0.0109439
     2.73415    0.215569    0.242725  0.00722639
     2.92271    0.177268    0.169131  0.00584173
     3.11127   0.0491046    0.146586  0.00504658
     3.29983   0.0491046     0.11285  0.00412191
     3.48839   0.0584345   0.0732034  0.00302866
     3.67696   0.0888794   0.0564822  0.00279717
     3.86552   0.0491046   0.0411631  0.00289882
     4.05408           0   0.0219137  0.00213776
     4.24264           0   0.0129171  0.00128535
      4.4312           0   0.0131715  0.00125982
     4.61976           0  0.00746233  0.00101978
     4.80833           0  0.00253411 0.000622137
     4.99689           0 0.000203124 0.000135175
     5.18545           0 5.12739e-05 5.11709e-05
     5.37401           0           0           0
     5.56257           0           0           0
   0.0942809           0  0.00549972 0.000804746
    0.282843   0.0491046   0.0462409  0.00281788
    0.471405 0.000491046    0.113783   0.0041745
    0.659966    0.151242    0.193309  0.00510043
    0.848528     0.34717    0.300487  0.00680686
     1.03709    0.227846    0.350252  0.00750801
     1.22565    0.575997    0.414667  0.00752433
     1.41421     0.68992    0.458453  0.00878027
     1.60278    0.329492    0.467425  0.00889009
     1.79134    0.630995    0.522546  0.00849327
      1.9799    0.321144    0.409214  0.00777371
     2.16846    0.565194    0.425144  0.00700012
     2.35702     0.45029    0.367179  0.00938347
     2.54558    0.260255    0.329492   0.0109037
     2.73415    0.184633    0.242492  0.00720122
     2.92271    0.199365    0.169252  0.00581962
     3.11127   0.0383016    0.146153  0.00504495
     3.29983    0.094772    0.112778  0.00410605
     3.48839   0.0731659   0.0732032  0.00301654
     3.67696   0.0623629   0.0565057  0.00278608
     3.86552   0.0515599   0.0412047  0.00288752
     4.05408           0    0.021826  0.00213101
     4.24264           0   0.0128654  0.00128125
      4.4312           0   0.0131188  0.00125589
     4.61976           0  0.00743248  0.00101614
     4.80833           0  0.00252398 0.000619731
     4.99689           0 0.000202311 0.000134637
     5.18545           0 5.10688e-05 5.09666e-05
     5.37401           0           0           0
     5.56257           0           0           0
   0.0942809           0  0.00547781 0.000801838
    0.282843   0.0368285   0.0462034   0.0028069
    0.471405   0.0613808    0.113575  0.00416308
    0.659966    0.173339     0.19323  0.00508073
    0.848528    0.406095    0.300908  0.00679273
     1.03709    0.232265    0.349782   0.0074928
     1.22565    0.572069    0.415294  0.00752044
     1.41421    0.587783    0.458968   0.0087604
     1.60278    0.347661    0.466948  0.00886746
     1.79134    0.643271    0.523027  0.00847304
      1.9799    0.269584    0.408658  0.00776262
     2.16846    0.425246    0.425144  0.00697223
     2.35702    0.498412    0.367702  0.00936064
     2.54558    0.268602     0.32925   0.0108629
     2.73415    0.318689    0.242796  0.00717893
     2.92271    0.118342    0.169049  0.00579997
     3.11127   0.0982093    0.145962  0.00502846
     3.29983   0.0491046    0.112524  0.00409752
     3.48839  0.00294628   0.0729233  0.00301748
     3.67696    0.144368   0.0568557  0.00279689
     3.86552  0.00540151    0.041062  0.00287954
     4.05408   0.0437031   0.0219132   0.0021243
     4.24264           0   0.0128142  0.00127717
      4.4312           0   0.0130665  0.00125197
     4.61976           0  0.00740287  0.00101252
     4.80833           0  0.00251392 0.000617344
     4.99689           0 0.000201505 0.000134103
     5.18545           0 5.08654e-05 5.07639e-05
     5.37401           0           0           0
     5.56257           0           0           0
   0.0942809           0  0.00545607 0.000798951
    0.282843           0     0.04602  0.00280175
    0.471405   0.0800406    0.113441  0.00414869
    0.659966    0.207222    0.193285  0.00506087
    0.848528    0.346679    0.301089   0.0067682
     1.03709      0.3565    0.349808  0.00746311
     1.22565    0.482699    0.415562  0.00749535
     1.41421    0.566668    0.459395  0.00873605
     1.60278    0.277932    0.466198  0.00886394
     1.79134    0.770943    0.524011  0.00849634
      1.9799     0.41788    0.408695   0.0077319
     2.16846    0.324091    0.424743  0.00695608
     2.35702    0.300029    0.367433  0.00932735
     2.54558    0.449798    0.329728   0.0108304
     2.73415    0.205257    0.242647  0.00715198
     2.92271    0.171375    0.169058  0.00577696
     3.11127   0.0574524    0.145611  0.00502076
     3.29983   0.0923167    0.112444  0.00408205
     3.48839           0   0.0726339  0.00301935
     3.67696    0.147314   0.0572147  0.00280873
     3.86552   0.0491046    0.041094  0.00286829
     4.05408           0   0.0218262  0.00211765
     4.24264           0   0.0127633  0.00127312
      4.4312           0   0.0130147  0.00124807
     4.61976           0  0.00737349  0.00100893
     4.80833           0  0.00250395 0.000614975
     4.99689           0 0.000200705 0.000133573
     5.18545           0 5.06635e-05 5.05629e-05
     5.37401           0           0           0
     5.56257           0           0           0
   0.0942809           0  0.00543451 0.000796084
    0.282843           0   0.0458381  0.00279657
    0.471405   0.0540151    0.113207  0.00413893
    0.659966    0.204275    0.193329  0.00504106
    0.848528    0.265165    0.300947  0.00674294
     1.03709    0.410515    0.350048  0.00743747
     1.22565    0.505778    0.415918   0.0074742
     1.41421    0.537205    0.459703  0.00870694
     1.60278    0.407077    0.465964  0.00883198
     1.79134     0.68059     0.52463  0.00848526
      1.9799    0.471896    0.408945  0.00770537
     2.16846    0.345697    0.424431   0.0069356
     2.35702    0.220971    0.366854  0.00930843
     2.54558    0.487609    0.330352   0.0108055
     2.73415    0.215569     0.24254  0.00712452
     2.92271    0.104102    0.168802  0.00575983
     3.11127    0.052542    0.145243  0.00501437
     3.29983    0.143877    0.112568   0.0040678
     3.48839           0   0.0723469  0.00302104
     3.67696    0.160081   0.0576213   0.0028269
     3.86552   0.0363374   0.0410752  0.00285701
     4.05408           0     0.02174  0.00211104
     4.24264           0   0.0127129  0.00126908
      4.4312           0   0.0129632   0.0012442
     4.61976           0  0.00734435  0.00100536
     4.80833           0  0.00249405 0.000612623
     4.99689           0 0.000199912 0.000133048
     5.18545           0 5.04633e-05 5.03634e-05
     5.37401           0           0           0
     5.56257           0           0           0
   0.0942809           0  0.00541311 0.000793237
    0.282843           0   0.0456576  0.00279138
    0.471405    0.114905    0.113213  0.00412264
    0.659966    0.173339     0.19325  0.00502182
    0.848528    0.255344    0.300768  0.00671878
     1.03709    0.477788    0.350551  0.00742517
     1.22565     0.51167    0.416295  0.00745427
     1.41421    0.531803    0.459987  0.00867728
     1.60278    0.470422    0.465982  0.00879723
     1.79134    0.526893    0.524639  0.00845186
      1.9799    0.476806    0.409212  0.00767967
     2.16846    0.438013    0.424484   0.0069085
     2.35702    0.241595    0.366361  0.00928483
     2.54558    0.357482    0.330459   0.0107635
     2.73415    0.236193    0.242515  0.00709651
     2.92271   0.0982093    0.168524  0.00574385
     3.11127   0.0491046    0.144864   0.0050089
     3.29983   0.0982093    0.112511  0.00405218
     3.48839   0.0073657    0.072091  0.00301996
     3.67696    0.157626    0.058015  0.00284306
     3.86552   0.0584345   0.0411435  0.00284658
     4.05408   0.0220971   0.0217414  0.00210272
     4.24264           0   0.0126628  0.00126507
      4.4312           0   0.0129122  0.00124035
     4.61976           0  0.00731543  0.00100182
     4.80833           0  0.00248423  0.00061029
     4.99689           0 0.000199125 0.000132526
     5.18545           0 5.02646e-05 5.01655e-05
     5.37401           0           0           0
     5.56257           0           0           0
   0.0942809           0  0.00539188  0.00079041
    0.282843           0   0.0454786  0.00278617
    0.471405   0.0515599    0.112971  0.00411356
    0.659966    0.146332    0.193066   0.0050055
    0.848528    0.390382    0.301119  0.00670162
     1.03709     0.46944    0.351017  0.00741068
     1.22565    0.477297    0.416534  0.00742888
     1.41421    0.560284     0.46038  0.00865216
     1.60278    0.362883    0.465577  0.00877202
     1.79134    0.557338    0.524767  0.00841969
      1.9799    0.547517    0.409754  0.00766868
     2.16846    0.306904    0.424023  0.00689678
     2.35702     0.37074    0.366378  0.00924844
     2.54558     0.35208    0.330544   0.0107216
     2.73415    0.160572    0.242194  0.00707595
     2.92271    0.156644    0.168477  0.00572151
     3.11127   0.0495957    0.144491  0.00500317
     3.29983   0.0982093    0.112455  0.00403668
     3.48839           0   0.0718083  0.00302132
     3.67696    0.196419   0.0585578  0.00288325
     3.86552   0.0363374   0.0411247  0.00283548
     4.05408   0.0127672   0.0217062  0.00209477
     4.24264           0   0.0126132  0.00126109
      4.4312           0   0.0128616  0.00123652
     4.61976           0  0.00728674 0.000998302
     4.80833           0  0.00247449 0.000607975
     4.99689           0 0.000198344 0.000132009
     5.18545           0 5.00675e-05 4.99692e-05
     5.37401           0           0           0
     5.56257           0           0           0
   0.0942809           0  0.00537082 0.000787603
    0.282843           0   0.0453009  0.00278094
    0.471405   0.0726749    0.112814   0.0041005
    0.659966    0.114414    0.192759  0.00499537
    0.848528    0.413952     0.30156  0.00668992
     1.03709    0.453727    0.351418  0.00739258
     1.22565     0.44587    0.416649  0.00740074
     1.41421    0.663404    0.461173  0.00865464
     1.60278    0.368285    0.465197  0.00874598
     1.79134    0.535241    0.524808   0.0083869
      1.9799    0.564212    0.410357  0.00766242
     2.16846    0.254362    0.423361  0.00690161
     2.35702    0.427701    0.366618  0.00921541
     2.54558    0.331947    0.330549   0.0106798
     2.73415   0.0770943    0.241549  0.00707764
     2.92271    0.128163     0.16832  0.00570133
     3.11127    0.108521     0.14435   0.0049856
     3.29983   0.0982093      0.1124  0.00402129
     3.48839           0   0.0715278  0.00302251
     3.67696    0.221953    0.059196  0.00294178
     3.86552   0.0235702   0.0410561  0.00282524
     4.05408           0   0.0216214  0.00208831
     4.24264           0   0.0125639  0.00125712
      4.4312           0   0.0128113  0.00123271
     4.61976           0  0.00725828 0.000994808
     4.80833           0  0.00246482 0.000605677
     4.99689           0 0.000197569 0.000131496
     5.18545           0 4.98719e-05 4.97744e-05
     5.37401           0           0           0
     5.56257           0           0           0
   0.0942809           0  0.00534992 0.000784816
    0.282843           0   0.0451247   0.0027757
    0.471405   0.0780764    0.112679  0.00408677
    0.659966    0.201329    0.192792  0.00497604
    0.848528    0.214587    0.301222  0.00667244
     1.03709    0.496939    0.351985  0.00738547
     1.22565    0.470422    0.416858   0.0073749
     1.41421     0.69434     0.46208  0.00866838
     1.60278    0.360919    0.464792  0.00872136
     1.79134    0.629521    0.525215  0.00836416
      1.9799     0.44587    0.410496  0.00763385
     2.16846    0.392837    0.423242  0.00687578
     2.35702    0.284316    0.366298  0.00918512
     2.54558     0.30494    0.330449   0.0106387
     2.73415    0.107539    0.241027  0.00706928
     2.92271    0.158608    0.168282  0.00567927
     3.11127   0.0996824    0.144177  0.00496923
     3.29983    0.117851    0.112421   0.0040057
     3.48839           0   0.0712495  0.00302353
     3.67696    0.245523    0.059921  0.00301836
     3.86552           0   0.0408963  0.00281876
     4.05408           0   0.0215373  0.00208187
     4.24264           0    0.012515  0.00125318
      4.4312           0   0.0127615  0.00122892
     4.61976           0  0.00723004 0.000991338
     4.80833           0  0.00245523 0.000603396
     4.99689           0 0.000196801 0.000130986
     5.18545           0 4.96778e-05 4.95811e-05
     5.37401           0           0           0
     5.56257           0           0           0
   0.0942809           0  0.00532919 0.000782048
    0.282843   0.0245523   0.0450449  0.00276609
    0.471405   0.0775853    0.112543   0.0040732
    0.659966    0.199856    0.192819  0.00495683
    0.848528    0.157626    0.300665  0.00666975
     1.03709    0.520018    0.352636  0.00738551
     1.22565    0.529348    0.417294   0.0073592
     1.41421    0.602514    0.462625  0.00865186
     1.60278    0.412479    0.464589  0.00868991
     1.79134    0.642289    0.525669  0.00834404
      1.9799     0.44096    0.410614  0.00760518
     2.16846    0.402167     0.42316  0.00684961
     2.35702     0.30052    0.366043  0.00915305
     2.54558    0.259764    0.330175    0.010601
     2.73415    0.152224    0.240683  0.00705026
     2.92271    0.139457     0.16817  0.00565836
     3.11127   0.0491046    0.143808  0.00496361
     3.29983   0.0805316    0.112297  0.00399208
     3.48839   0.0643271   0.0712227  0.00301193
     3.67696    0.247978   0.0606499  0.00309342
     3.86552           0   0.0407378  0.00281228
     4.05408           0   0.0214538  0.00207548
     4.24264           0   0.0124665  0.00124926
      4.4312           0    0.012712  0.00122515
     4.61976           0  0.00720201 0.000987891
     4.80833           0  0.00244572 0.000601132
     4.99689           0 0.000196038 0.000130481
     5.18545           0 4.94853e-05 4.93893e-05
     5.37401           0           0           0
     5.56257           0           0           0
   0.0942809           0  0.00530861 0.000779299
    0.282843   0.0535241   0.0450777   0.0027556
    0.471405   0.0962451     0.11248  0.00405796
    0.659966    0.217534    0.192915  0.00493861
    0.848528    0.202311    0.300285   0.0066548
     1.03709    0.404131    0.352835  0.00735967
     1.22565    0.562248    0.417854  0.00735203
     1.41421    0.614299     0.46321  0.00863825
     1.60278    0.463057    0.464583  0.00865636
     1.79134    0.568141    0.525833  0.00831343
      1.9799    0.394801    0.410553  0.00757606
     2.16846    0.405604    0.423092   0.0068235
     2.35702    0.376142    0.366082   0.0091178
     2.54558    0.143877    0.329456   0.0105844
     2.73415    0.219989    0.240603  0.00702349
     2.92271    0.114414    0.167963  0.00564032
     3.11127    0.074148    0.143539  0.00495173
     3.29983   0.0491046    0.112053  0.00398412
     3.48839   0.0491046   0.0711373  0.00300152
     3.67696    0.288735   0.0615306  0.00320437
     3.86552  0.00589256   0.0406033  0.00280464
     4.05408           0   0.0213709  0.00206912
     4.24264           0   0.0124184  0.00124537
      4.4312           0   0.0126629   0.0012214
     4.61976           0  0.00717421 0.000984468
     4.80833           0  0.00243627 0.000598885
     4.99689           0 0.000195281 0.000129979
     5.18545           0 4.92942e-05  4.9199e-05
     5.37401           0           0           0
     5.56257           0           0           0
   0.0942809           0  0.00528819 0.000776569
    0.282843  0.00196419   0.0449119  0.00274999
    0.471405    0.152715    0.112635   0.0040453
    0.659966    0.172357    0.192836  0.00492025
    0.848528    0.280879    0.300211  0.00662963
     1.03709    0.299047    0.352628  0.00733427
     1.22565    0.674698    0.418842  0.00738983
     1.41421    0.594657    0.463716  0.00861981
     1.60278    0.529348    0.464832  0.00862665
     1.79134    0.487118    0.525684  0.00828279
      1.9799    0.434576    0.410645  0.00754748
     2.16846    0.266638    0.422491  0.00682374
     2.35702    0.392837    0.366185  0.00908331
     2.54558    0.160572    0.328807   0.0105636
     2.73415    0.261237    0.240683  0.00699692
     2.92271    0.164992    0.167951  0.00561864
     3.11127   0.0667823    0.143244  0.00494147
     3.29983   0.0800406     0.11193   0.0039707
     3.48839   0.0476315   0.0710469  0.00299133
     3.67696    0.165974   0.0619323  0.00321713
     3.86552   0.0692375   0.0407134  0.00279602
     4.05408           0   0.0212887  0.00206279
     4.24264           0   0.0123706  0.00124149
      4.4312           0   0.0126142  0.00121768
     4.61976           0  0.00714661 0.000981068
     4.80833           0   0.0024269 0.000596655
     4.99689           0  0.00019453 0.000129481
     5.18545           0 4.91046e-05 4.90101e-05
     5.37401           0           0           0
     5.56257           0           0           0
   0.0942809           0  0.00526793 0.000773858
    0.282843   0.0466494   0.0449185  0.00273946
    0.471405    0.128654    0.112696  0.00403027
    0.659966    0.191017    0.192829   0.0049014
    0.848528    0.308377    0.300242   0.0066043
     1.03709    0.266638    0.352298  0.00731356
     1.22565    0.603005    0.419547  0.00739512
     1.41421    0.587783    0.464191  0.00859988
     1.60278      0.4881    0.464921  0.00859406
     1.79134    0.733132    0.526479  0.00828911
      1.9799    0.284807    0.410163  0.00753395
     2.16846    0.346188    0.422198  0.00680385
     2.35702    0.304449    0.365948  0.00905159
     2.54558    0.205748    0.328335   0.0105336
     2.73415    0.207222    0.240554  0.00697129
     2.92271    0.158608    0.167915  0.00559722
     3.11127   0.0751301    0.142983  0.00492943
     3.29983    0.111468    0.111928  0.00395549
     3.48839   0.0505778   0.0709684   0.0029809
     3.67696    0.119324   0.0621522  0.00321231
     3.86552   0.0628539   0.0407982  0.00278659
     4.05408  0.00294628   0.0212185  0.00205608
     4.24264  0.00540151   0.0123439  0.00123702
      4.4312   0.0152224   0.0126242  0.00121305
     4.61976           0  0.00711923 0.000977692
     4.80833           0   0.0024176 0.000594442
     4.99689           0 0.000193785 0.000128987
     5.18545           0 4.89165e-05 4.88227e-05
     5.37401           0           0           0
     5.56257           0           0           0
   0.0942809  0.00883883  0.00528156 0.000771024
    0.282843    0.052542   0.0449476  0.00272916
    0.471405    0.184142    0.112969   0.0040241
    0.659966    0.206239     0.19288  0.00488296
    0.848528    0.224899    0.299954  0.00658535
     1.03709    0.351098    0.352294  0.00728565
     1.22565    0.500867    0.419858  0.00737341
     1.41421    0.639833    0.464862  0.00859314
     1.60278    0.619701    0.465512  0.00858154
     1.79134    0.447343    0.526177  0.00826297
      1.9799    0.324582    0.409836  0.00751227
     2.16846    0.355518    0.421944  0.00678264
     2.35702    0.359937    0.365925  0.00901707
     2.54558     0.21115    0.327888   0.0105029
     2.73415    0.233738    0.240528  0.00694473
     2.92271   0.0918257    0.167625  0.00558339
     3.11127   0.0982093    0.142812  0.00491357
     3.29983    0.115396    0.111942  0.00394041
     3.48839   0.0147314   0.0707538  0.00297724
     3.67696    0.172848   0.0625747  0.00322771
     3.86552   0.0206239   0.0407212  0.00277702
     4.05408   0.0201329   0.0212143  0.00204824
     4.24264   0.0333912   0.0124242  0.00123491
      4.4312   0.0157135    0.012636  0.00120848
     4.61976           0  0.00709206 0.000974337
     4.80833           0  0.00240838 0.000592244
     4.99689           0 0.000193045 0.000128497
     5.18545           0 4.87298e-05 4.86367e-05
     5.37401           0           0           0
     5.56257           0           0           0
   0.0942809    0.031427  0.00538097 0.000774475
    0.282843   0.0176777   0.0448439  0.00272075
    0.471405    0.165974     0.11317  0.00401384
    0.659966    0.179723     0.19283  0.00486465
    0.848528     0.21606    0.299635  0.00656803
     1.03709    0.331947    0.352217  0.00725836
     1.22565    0.495957    0.420147  0.00735105
     1.41421    0.732641     0.46588  0.00862058
     1.60278    0.611844    0.466068  0.00856693
     1.79134    0.470913    0.525967  0.00823422
      1.9799     0.37074    0.409688  0.00748518
     2.16846    0.315743     0.42154  0.00676886
     2.35702     0.37565    0.365962  0.00898286
     2.54558     0.15026    0.327212   0.0104847
     2.73415    0.245032    0.240546  0.00691835
     2.92271    0.115887    0.167428  0.00556562
     3.11127    0.116869    0.142713  0.00489588
     3.29983    0.120797    0.111975  0.00392557
     3.48839    0.052542   0.0706845  0.00296672
     3.67696    0.136511   0.0628558  0.00322766
     3.86552           0   0.0405664  0.00277077
     4.05408           0   0.0211337  0.00204204
     4.24264    0.042721   0.0125394  0.00123557
      4.4312   0.0063836   0.0126122  0.00120412
     4.61976           0  0.00706509 0.000971006
     4.80833           0  0.00239922 0.000590063
     4.99689           0 0.000192311 0.000128011
     5.18545           0 4.85445e-05 4.84521e-05
     5.37401           0           0           0
     5.56257           0           0           0
   0.0942809           0  0.00536059  0.00077181
    0.282843   0.0491046   0.0448601  0.00271049
    0.471405    0.102629     0.11313  0.00399884
    0.659966    0.247978    0.193039  0.00485071
    0.848528     0.16892     0.29914  0.00656179
     1.03709    0.310832     0.35206  0.00723256
     1.22565    0.530821    0.420566  0.00733515
     1.41421    0.677153     0.46668  0.00862499
     1.60278    0.614299     0.46663  0.00855286
     1.79134    0.472387    0.525764  0.00820553
      1.9799    0.408551    0.409683  0.00745683
     2.16846    0.269584    0.420964  0.00676765
     2.35702    0.483681    0.366408  0.00895989
     2.54558   0.0878973    0.326306   0.0104841
     2.73415    0.218516    0.240462  0.00689264
     2.92271    0.183651     0.16749  0.00554488
     3.11127    0.141912     0.14271  0.00487734
     3.29983    0.138966    0.112078  0.00391203
     3.48839   0.0599077   0.0706437  0.00295577
     3.67696    0.111959   0.0630418  0.00322079
     3.86552  0.00589256   0.0404351  0.00276339
     4.05408  0.00392837   0.0210685  0.00203534
     4.24264    0.010803   0.0125328  0.00123091
      4.4312  0.00392837   0.0125793  0.00120001
     4.61976           0  0.00703833 0.000967697
     4.80833           0  0.00239013 0.000587898
     4.99689           0 0.000191582 0.000127528
     5.18545           0 4.83606e-05 4.82689e-05
     5.37401           0           0           0
     5.56257           0           0           0
   0.0942809           0  0.00534036 0.000769162
    0.282843   0.0441942   0.0448575  0.00270027
    0.471405   0.0972272     0.11307   0.0039842
    0.659966    0.242577    0.193226    0.004836
    0.848528    0.183651    0.298704  0.00655148
     1.03709    0.181196    0.351415  0.00723395
     1.22565    0.557829    0.421084  0.00732573
     1.41421    0.777326    0.467852  0.00867174
     1.60278    0.598094    0.467126  0.00853496
     1.79134    0.517072    0.525731  0.00817463
      1.9799    0.362392    0.409505  0.00743082
     2.16846    0.383998    0.420825  0.00674355
     2.35702     0.30985    0.366195  0.00892862
     2.54558    0.191999    0.325799   0.0104568
     2.73415    0.170884      0.2402  0.00687163
     2.92271    0.233247    0.167738  0.00552951
     3.11127     0.10803    0.142579  0.00486069
     3.29983    0.147314    0.112211  0.00389953
     3.48839   0.0962451   0.0707403  0.00294619
     3.67696   0.0800406   0.0631059  0.00320927
     3.86552   0.0201329   0.0403585  0.00275402
     4.05408           0    0.020989  0.00202922
     4.24264           0   0.0124855  0.00122717
      4.4312           0   0.0125319  0.00119642
     4.61976           0  0.00701177 0.000964409
     4.80833           0  0.00238111 0.000585749
     4.99689           0  0.00019086 0.000127049
     5.18545           0 4.81781e-05 4.80871e-05
     5.37401           0           0           0
     5.56257           0           0           0
   0.0942809           0  0.00532028 0.000766532
    0.282843           0   0.0446889  0.00269537
    0.471405   0.0967361    0.113009  0.00396969
    0.659966    0.197892    0.193243  0.00481785
    0.848528    0.143386    0.298121  0.00655282
     1.03709    0.230301     0.35096  0.00722107
     1.22565    0.570596    0.421646  0.00731972
     1.41421    0.841653    0.469258  0.00875226
     1.60278    0.653583    0.467827  0.00853161
     1.79134    0.513143    0.525684  0.00814404
      1.9799    0.426228    0.409568  0.00740316
     2.16846    0.338822    0.420517  0.00672524
     2.35702    0.260255    0.365796  0.00890394
     2.54558    0.188562    0.325283   0.0104302
     2.73415    0.182669    0.239983   0.0068492
     2.92271    0.240122     0.16801  0.00551541
     3.11127   0.0613808    0.142274  0.00485199
     3.29983    0.167938     0.11242  0.00389049
     3.48839   0.0918257   0.0708196  0.00293618
     3.67696   0.0982093   0.0632379  0.00319992
     3.86552           0   0.0402067  0.00274784
     4.05408           0   0.0209101  0.00202312
     4.24264           0   0.0124386  0.00122346
      4.4312           0   0.0124848  0.00119285
     4.61976           0  0.00698541 0.000961144
     4.80833           0  0.00237216 0.000583615
     4.99689           0 0.000190142 0.000126573
     5.18545           0  4.7997e-05 4.79067e-05
     5.37401           0           0           0
     5.56257           0           0           0
   0.0942809           0  0.00530036 0.000763921
    0.282843  0.00982093   0.0445583  0.00268844
    0.471405   0.0618718    0.112817  0.00395944
    0.659966    0.250925    0.193459  0.00480465
    0.848528    0.179232    0.297675  0.00654339
     1.03709     0.34717    0.350946  0.00719404
     1.22565    0.614299    0.422368  0.00732778
     1.41421    0.479752    0.469297  0.00871957
     1.60278    0.827904    0.469176  0.00860558
     1.79134    0.458637    0.525432  0.00811741
      1.9799    0.347661    0.409336  0.00737906
     2.16846    0.505778    0.420836  0.00670763
     2.35702    0.198383    0.365169  0.00889264
     2.54558    0.135038    0.324571   0.0104154
     2.73415    0.232265    0.239954  0.00682361
     2.92271    0.232756    0.168252  0.00550008
     3.11127   0.0628539    0.141977  0.00484293
     3.29983    0.162536    0.112608  0.00388045
     3.48839   0.0618718   0.0707861  0.00292538
     3.67696    0.134547    0.063505  0.00319906
     3.86552           0   0.0400561  0.00274168
     4.05408           0   0.0208318  0.00201706
     4.24264           0    0.012392  0.00121976
      4.4312           0    0.012438  0.00118929
     4.61976           0  0.00695925   0.0009579
     4.80833           0  0.00236328 0.000581497
     4.99689           0  0.00018943 0.000126101
     5.18545           0 4.78173e-05 4.77276e-05
     5.37401           0           0           0
     5.56257           0           0           0
   0.0942809           0  0.00528058 0.000761326
    0.282843  0.00245523   0.0444012    0.002683
    0.471405   0.0628539    0.112631  0.00394905
    0.659966    0.203784    0.193498  0.00478688
    0.848528    0.293155    0.297658    0.006519
     1.03709    0.340786    0.350908  0.00716729
     1.22565     0.53966    0.422806   0.0073135
     1.41421    0.643271    0.469946  0.00871117
     1.60278    0.767505    0.470289  0.00864517
     1.79134      0.4223    0.525048  0.00809623
      1.9799    0.310341    0.408967  0.00736076
     2.16846    0.514126    0.421184  0.00669163
     2.35702    0.256326    0.364763  0.00886873
     2.54558    0.122271    0.323816   0.0104039
     2.73415    0.198383    0.239799  0.00679991
     2.92271    0.187089    0.168323  0.00548001
     3.11127   0.0697286    0.141707  0.00483235
     3.29983    0.172848    0.112833  0.00387247
     3.48839           0    0.070522  0.00292636
     3.67696    0.189544   0.0639753  0.00322151
     3.86552  0.00687465   0.0399323  0.00273424
     4.05408           0    0.020754  0.00201103
     4.24264           0   0.0123458  0.00121609
      4.4312           0   0.0123916  0.00118576
     4.61976           0  0.00693328 0.000954678
     4.80833           0  0.00235446 0.000579394
     4.99689           0 0.000188723 0.000125632
     5.18545           0 4.76388e-05 4.75499e-05
     5.37401           0           0           0
     5.56257           0           0           0
   0.0942809           0  0.00526095 0.000758749
    0.282843           0   0.0442362  0.00267809
    0.471405   0.0520509    0.112406  0.00394079
    0.659966      0.1316    0.193268  0.00477461
    0.848528    0.349134     0.29785  0.00649757
     1.03709    0.424755    0.351182  0.00714591
     1.22565    0.479261    0.423015  0.00728932
     1.41421    0.744426    0.470966  0.00873834
     1.60278    0.690411    0.471107  0.00865167
     1.79134    0.356009    0.524419  0.00809049
      1.9799    0.334894    0.408691  0.00733855
     2.16846    0.484663     0.42142  0.00667091
     2.35702    0.409533     0.36493  0.00883732
     2.54558   0.0279896    0.322716   0.0104232
     2.73415    0.174813    0.239558  0.00677892
     2.92271    0.169902    0.168329  0.00545964
     3.11127    0.132091    0.141671  0.00481452
     3.29983   0.0982093    0.112778  0.00385846
     3.48839   0.0603987   0.0704843  0.00291572
     3.67696    0.134056   0.0642358  0.00322005
     3.86552   0.0491046   0.0399664  0.00272429
     4.05408           0   0.0206769  0.00200503
     4.24264           0   0.0122999  0.00121243
      4.4312           0   0.0123455  0.00118225
     4.61976           0  0.00690751 0.000951477
     4.80833           0   0.0023457 0.000577306
     4.99689           0 0.000188021 0.000125167
     5.18545           0 4.74617e-05 4.73734e-05
     5.37401           0           0           0
     5.56257           0           0           0
   0.0942809           0  0.00524147 0.000756189
    0.282843           0   0.0440723  0.00267318
    0.471405   0.0878973    0.112315  0.00392724
    0.659966    0.115887    0.192981  0.00476552
    0.848528    0.293155    0.297832  0.00647353
     1.03709    0.442924    0.351522  0.00712751
     1.22565    0.623138    0.423757  0.00729991
     1.41421    0.661931    0.471674  0.00873455
     1.60278    0.612335     0.47163  0.00863542
     1.79134    0.287262    0.523541  0.00810806
      1.9799    0.427701    0.408762  0.00731171
     2.16846    0.438995    0.421485  0.00664652
     2.35702    0.452254    0.365253   0.0088105
     2.54558    0.133074    0.322014   0.0104082
     2.73415   0.0780764     0.23896  0.00678015
     2.92271    0.146823    0.168249     0.00544
     3.11127    0.123744    0.141605  0.00479715
     3.29983    0.124235    0.112821   0.0038444
     3.48839   0.0702196   0.0704833  0.00290493
     3.67696    0.134547   0.0644962  0.00321864
     3.86552   0.0441942   0.0399821  0.00271424
     4.05408  0.00491046   0.0206185  0.00199846
     4.24264           0   0.0122543   0.0012088
      4.4312           0   0.0122998  0.00117875
     4.61976           0  0.00688192 0.000948296
     4.80833           0  0.00233702 0.000575234
     4.99689           0 0.000187325 0.000124706
     5.18545           0 4.72859e-05 4.71983e-05
     5.37401           0           0           0
     5.56257           0           0           0
   0.0942809           0  0.00522212 0.000753646
    0.282843           0   0.0439097  0.00266826
    0.471405   0.0883883    0.112227  0.00391374
    0.659966     0.10803    0.192668  0.00475823
    0.848528    0.207222    0.297498  0.00645827
     1.03709    0.593184    0.352414  0.00715678
     1.22565    0.542115    0.424193  0.00728603
     1.41421    0.759649    0.472736  0.00876672
     1.60278    0.550954    0.471923  0.00860852
     1.79134    0.383507    0.523024  0.00809459
      1.9799    0.364356    0.408598  0.00728656
     2.16846    0.303958    0.421051  0.00663613
     2.35702    0.489573    0.365712  0.00878993
     2.54558    0.186107    0.321512   0.0103819
     2.73415   0.0510688    0.238266  0.00679049
     2.92271    0.113432    0.168047  0.00542368
     3.11127    0.165974    0.141695  0.00478029
     3.29983    0.101156    0.112778  0.00383046
     3.48839    0.137984   0.0707324  0.00290487
     3.67696    0.107539    0.064655  0.00321068
     3.86552           0   0.0398346  0.00270823
     4.05408   0.0491046   0.0207236  0.00199385
     4.24264           0   0.0122091  0.00120518
      4.4312           0   0.0122544  0.00117528
     4.61976           0  0.00685653 0.000945137
     4.80833           0  0.00232839 0.000573176
     4.99689           0 0.000186634 0.000124248
     5.18545           0 4.71115e-05 4.70245e-05
     5.37401           0           0           0
     5.56257           0           0           0
   0.0942809           0  0.00520293  0.00075112
    0.282843           0   0.0437483  0.00266333
    0.471405           0    0.111814  0.00392104
    0.659966    0.213605    0.192745  0.00474136
    0.848528    0.210659    0.297179  0.00644241
     1.03709    0.495957    0.352941   0.0071499
     1.22565    0.556847    0.424681  0.00727554
     1.41421    0.822994    0.474024  0.00882856
     1.60278     0.55832     0.47224  0.00858273
     1.79134    0.395783    0.522556  0.00807834
      1.9799    0.381543    0.408498  0.00726045
     2.16846    0.325564      0.4207  0.00662101
     2.35702    0.292664    0.365443  0.00876171
     2.54558    0.230792    0.321179   0.0103491
     2.73415    0.181196    0.238056  0.00676876
     2.92271    0.101647    0.167802  0.00540924
     3.11127    0.179723    0.141835  0.00476476
     3.29983    0.154189     0.11293   0.0038194
     3.48839   0.0073657   0.0704995  0.00290351
     3.67696     0.14535   0.0649517  0.00321255
     3.86552   0.0402658   0.0398361  0.00269828
     4.05408  0.00883883   0.0206799  0.00198699
     4.24264           0   0.0121642  0.00120158
      4.4312           0   0.0122094  0.00117182
     4.61976           0  0.00683132 0.000941999
     4.80833           0  0.00231983 0.000571132
     4.99689           0 0.000185948 0.000123793
     5.18545           0 4.69383e-05 4.68519e-05
     5.37401           0           0           0
     5.56257           0           0           0
   0.0942809           0  0.00518387  0.00074861
    0.282843           0    0.043588  0.00265839
    0.471405  0.00834779    0.111435  0.00392495
    0.659966    0.283825    0.193078  0.00473572
    0.848528    0.148787    0.296635  0.00644171
     1.03709    0.244541    0.352544  0.00713472
     1.22565    0.725275    0.425782  0.00733174
     1.41421     0.86817    0.475468  0.00891349
     1.60278    0.655056     0.47291  0.00857737
     1.79134     0.34275    0.521898  0.00807555
      1.9799    0.392346    0.408439   0.0072341
     2.16846    0.259272    0.420109  0.00662311
     2.35702    0.276459    0.365117  0.00873568
     2.54558    0.184633    0.320678   0.0103232
     2.73415    0.241104    0.238068  0.00674398
     2.92271   0.0859331    0.167503  0.00539773
     3.11127     0.16892    0.141934  0.00474834
     3.29983     0.17383    0.113153  0.00381192
     3.48839   0.0721838   0.0705056  0.00289288
     3.67696    0.122762   0.0651635  0.00320775
     3.86552   0.0491046   0.0398701  0.00268861
     4.05408           0   0.0206042  0.00198116
     4.24264           0   0.0121197  0.00119801
      4.4312           0   0.0121646  0.00116838
     4.61976           0   0.0068063  0.00093888
     4.80833           0  0.00231134 0.000569103
     4.99689           0 0.000185267 0.000123341
     5.18545           0 4.67663e-05 4.66806e-05
     5.37401           0           0           0
     5.56257           0           0           0
   0.0942809           0  0.00516495 0.000746117
    0.282843           0   0.0434289  0.00265344
    0.471405   0.0432121    0.111186  0.00391851
    0.659966    0.248469    0.193281  0.00472275
    0.848528    0.102629    0.295927  0.00645699
     1.03709    0.223426    0.352073  0.00712423
     1.22565    0.589256    0.426379  0.00732922
     1.41421    0.879955    0.476944  0.00900237
     1.60278    0.653583    0.473569  0.00857138
     1.79134    0.584345    0.522126   0.0080493
      1.9799      0.3894     0.40837  0.00720803
     2.16846    0.277932     0.41959  0.00661924
     2.35702    0.188071    0.364471  0.00872766
     2.54558    0.293155    0.320578    0.010286
     2.73415    0.114414    0.237616  0.00673445
     2.92271    0.147314    0.167429  0.00537853
     3.11127    0.218516    0.142213  0.00473923
     3.29983   0.0623629    0.112968  0.00380251
     3.48839    0.095754   0.0705978  0.00288379
     3.67696    0.125217   0.0653826  0.00320353
     3.86552   0.0584345   0.0399378  0.00267965
     4.05408  0.00785674   0.0205576  0.00197447
     4.24264           0   0.0120754  0.00119445
      4.4312           0   0.0121202  0.00116496
     4.61976           0  0.00678146 0.000935782
     4.80833           0   0.0023029 0.000567089
     4.99689           0  0.00018459 0.000122893
     5.18545           0 4.65956e-05 4.65105e-05
     5.37401           0           0           0
     5.56257           0           0           0
   0.0942809           0  0.00514617  0.00074364
    0.282843   0.0387927   0.0434121  0.00264385
    0.471405   0.0854421    0.111093  0.00390538
    0.659966    0.197892    0.193297   0.0047056
    0.848528    0.157135    0.295422  0.00645321
     1.03709    0.294628    0.351864  0.00710139
     1.22565    0.474351    0.426553  0.00730464
     1.41421    0.780273    0.478047  0.00903696
     1.60278    0.599568    0.474028  0.00855244
     1.79134     0.56765    0.522291  0.00802173
      1.9799     0.47386    0.408608  0.00718575
     2.16846    0.258781    0.419005  0.00662094
     2.35702    0.268602    0.364122  0.00870288
     2.54558    0.272531    0.320403   0.0102501
     2.73415    0.120306     0.23719  0.00672346
     2.92271   0.0913346    0.167152  0.00536609
     3.11127    0.226372     0.14252  0.00473186
     3.29983    0.121288    0.112998   0.0037888
     3.48839    0.074639   0.0706125  0.00287334
     3.67696   0.0859331   0.0654574  0.00319275
     3.86552   0.0874063   0.0401105  0.00267546
     4.05408   0.0171866   0.0205454  0.00196733
     4.24264  0.00834779   0.0120619  0.00119019
      4.4312 0.000982093   0.0120797  0.00116143
     4.61976           0   0.0067568 0.000932704
     4.80833           0  0.00229453 0.000565089
     4.99689           0 0.000183919 0.000122448
     5.18545           0 4.64262e-05 4.63417e-05
     5.37401           0           0           0
     5.56257           0           0           0
   0.0942809           0  0.00512752 0.000741179
    0.282843    0.010803   0.0432939  0.00263691
    0.471405   0.0874063    0.111007  0.00389218
    0.659966     0.22048    0.193396  0.00468958
    0.848528    0.225881     0.29517  0.00643474
     1.03709    0.357973    0.351886  0.00707569
     1.22565     0.43654    0.426589  0.00727826
     1.41421    0.826922    0.479311  0.00909219
     1.60278    0.598586    0.474479  0.00853336
     1.79134    0.476806    0.522126  0.00799436
      1.9799    0.275968    0.408127  0.00717577
     2.16846    0.292664    0.418548  0.00661276
     2.35702    0.412479    0.364298  0.00867312
     2.54558    0.251416    0.320153    0.010216
     2.73415   0.0761122    0.236606  0.00672438
     2.92271    0.117851    0.166974  0.00534962
     3.11127    0.220971    0.142804  0.00472325
     3.29983    0.118833    0.113019  0.00377513
     3.48839   0.0991914    0.070716   0.0028648
     3.67696   0.0491046   0.0653981  0.00318173
     3.86552   0.0662913   0.0402053  0.00266745
     4.05408    0.031918   0.0205866  0.00196064
     4.24264   0.0368285   0.0121516  0.00118925
      4.4312   0.0122762   0.0120805  0.00115722
     4.61976           0  0.00673232 0.000929646
     4.80833           0  0.00228621 0.000563102
     4.99689           0 0.000183253 0.000122006
     5.18545           0  4.6258e-05 4.61741e-05
     5.37401           0           0           0
     5.56257           0           0           0
   0.0942809           0  0.00510901 0.000738735
    0.282843   0.0240613   0.0432245   0.0026283
    0.471405    0.074148    0.110874   0.0038804
    0.659966    0.194454      0.1934  0.00467266
    0.848528    0.274495    0.295096  0.00641195
     1.03709    0.285789    0.351648  0.00705417
     1.22565    0.500867    0.426858  0.00725693
     1.41421    0.771434    0.480366  0.00912032
     1.60278    0.643271    0.475088  0.00852428
     1.79134     0.40806    0.521715  0.00797609
      1.9799    0.374177    0.408005  0.00715091
     2.16846     0.25338    0.417951  0.00661572
     2.35702    0.318689    0.364133  0.00864337
     2.54558    0.223426    0.319804   0.0101851
     2.73415    0.186107    0.236424  0.00670257
     2.92271    0.113923    0.166782  0.00533373
     3.11127    0.215569    0.143066   0.0047135
     3.29983    0.143877     0.11313  0.00376315
     3.48839   0.0712017   0.0707178  0.00285446
     3.67696   0.0790585   0.0654474  0.00317063
     3.86552   0.0491046   0.0402374  0.00265801
     4.05408   0.0977182    0.020865  0.00197323
     4.24264 0.000491046   0.0121095   0.0011857
      4.4312           0   0.0120368  0.00115386
     4.61976           0  0.00670801 0.000926608
     4.80833           0  0.00227796  0.00056113
     4.99689           0 0.000182591 0.000121567
     5.18545           0  4.6091e-05 4.60077e-05
     5.37401           0           0           0
     5.56257           0           0           0
   0.0942809           0  0.00509063 0.000736306
    0.282843   0.0491046   0.0432456  0.00261893
    0.471405   0.0245523    0.110563  0.00387884
    0.659966     0.15026    0.193244  0.00465842
    0.848528    0.321635    0.295191  0.00638959
     1.03709    0.379088    0.351746  0.00702948
     1.22565     0.59613    0.427466  0.00725632
     1.41421    0.578944     0.48072   0.0090944
     1.60278    0.579435    0.475464  0.00850188
     1.79134    0.525911     0.52173  0.00794742
      1.9799    0.272531    0.407517  0.00714177
     2.16846    0.349134    0.417704  0.00659655
     2.35702    0.302976    0.363913  0.00861508
     2.54558    0.289717    0.319696    0.010149
     2.73415    0.157626     0.23614  0.00668445
     2.92271   0.0977182    0.166534  0.00532033
     3.11127    0.189544    0.143234  0.00469951
     3.29983    0.164009    0.113313  0.00375406
     3.48839   0.0515599   0.0706489  0.00284502
     3.67696    0.063345   0.0654399  0.00315923
     3.86552   0.0618718   0.0403153  0.00264959
     4.05408   0.0672734    0.021032  0.00197318
     4.24264   0.0309359   0.0121772  0.00118337
      4.4312           0   0.0119935  0.00115052
     4.61976           0  0.00668388 0.000923589
     4.80833           0  0.00226976 0.000559171
     4.99689           0 0.000181934 0.000121132
     5.18545           0 4.59252e-05 4.58425e-05
     5.37401           0           0           0
     5.56257           0           0           0
   0.0942809           0  0.00507239 0.000733893
    0.282843  0.00392837   0.0431047  0.00261334
    0.471405   0.0338822    0.110288  0.00387467
    0.659966    0.238157    0.193405  0.00464451
    0.848528    0.270567    0.295103   0.0063673
     1.03709    0.476806    0.352195  0.00701857
     1.22565     0.56765    0.427969  0.00724769
     1.41421    0.656038    0.481349  0.00908349
     1.60278    0.485154    0.475498  0.00847147
     1.79134    0.451272    0.521477  0.00792294
      1.9799     0.31918    0.407201  0.00712319
     2.16846    0.269093    0.417171  0.00659438
     2.35702    0.421809    0.364121   0.0085867
     2.54558    0.203784     0.31928   0.0101212
     2.73415    0.111959    0.235695   0.0066753
     2.92271   0.0908436    0.166262  0.00530817
     3.11127    0.239631    0.143579  0.00469535
     3.29983    0.115396    0.113321  0.00374061
     3.48839   0.0751301   0.0706649  0.00283487
     3.67696   0.0834779   0.0655045  0.00314857
     3.86552   0.0913346   0.0404981  0.00264639
     4.05408   0.0520509   0.0211432  0.00196924
     4.24264   0.0461584    0.012299  0.00118538
      4.4312           0   0.0119506   0.0011472
     4.61976           0  0.00665993 0.000920589
     4.80833           0  0.00226163 0.000557226
     4.99689           0 0.000181282 0.000120699
     5.18545           0 4.57606e-05 4.56785e-05
     5.37401           0           0           0
     5.56257           0           0           0
   0.0942809           0  0.00505427 0.000731495
    0.282843   0.0112941   0.0429911  0.00260647
    0.471405  0.00589256    0.109915  0.00387873
    0.659966    0.268602    0.193674  0.00463568
    0.848528    0.269584    0.295012  0.00634521
     1.03709    0.487118    0.352677  0.00701002
     1.22565    0.606933    0.428608  0.00724993
     1.41421    0.649163    0.481948   0.0090708
     1.60278    0.511179    0.475626  0.00844218
     1.79134    0.402658    0.521053    0.007906
      1.9799    0.219007    0.406529  0.00712939
     2.16846    0.245032    0.416556  0.00659942
     2.35702    0.457164    0.364453  0.00856246
     2.54558    0.258781    0.319064   0.0100873
     2.73415   0.0893704    0.235173  0.00667188
     2.92271    0.137493     0.16616  0.00529021
     3.11127    0.261728    0.144001   0.0046975
     3.29983    0.102138    0.113281  0.00372747
     3.48839   0.0486136   0.0705862  0.00282584
     3.67696    0.109503   0.0656617  0.00314124
     3.86552   0.0716928   0.0406095  0.00263929
     4.05408    0.063836   0.0212956   0.0019681
     4.24264   0.0137493   0.0123042  0.00118116
      4.4312   0.0127672   0.0119535  0.00114311
     4.61976           0  0.00663614 0.000917608
     4.80833           0  0.00225355 0.000555295
     4.99689           0 0.000180635  0.00012027
     5.18545           0 4.55972e-05 4.55157e-05
     5.37401           0           0           0
     5.56257           0           0           0
   0.0942809           0  0.00503628 0.000729113
    0.282843   0.0206239   0.0429115  0.00259841
    0.471405   0.0166956    0.109584  0.00387908
    0.659966    0.242577    0.193848  0.00462245
    0.848528    0.268602    0.294918  0.00632333
     1.03709    0.442924    0.352998  0.00699243
     1.22565    0.716437    0.429632  0.00729613
     1.41421    0.573542    0.482274  0.00904437
     1.60278     0.59613    0.476055  0.00842302
     1.79134    0.335385    0.520392  0.00790543
      1.9799    0.313288    0.406197  0.00711174
     2.16846    0.254853    0.415981  0.00660098
     2.35702     0.27695    0.364141  0.00853765
     2.54558    0.273022    0.318901   0.0100528
     2.73415    0.218025    0.235112  0.00664842
     2.92271    0.147805    0.166094  0.00527178
     3.11127    0.223917    0.144286  0.00468938
     3.29983   0.0878973    0.113191  0.00371529
     3.48839   0.0491046   0.0705097  0.00281681
     3.67696    0.104102   0.0657985  0.00313304
     3.86552   0.0432121   0.0406188  0.00262991
     4.05408   0.0176777   0.0212828  0.00196114
     4.24264    0.063836   0.0124876  0.00119111
      4.4312   0.0166956   0.0119703  0.00113917
     4.61976           0  0.00661252 0.000914647
     4.80833           0  0.00224553 0.000553376
     4.99689           0 0.000179992 0.000119844
     5.18545           0 4.54349e-05  4.5354e-05
     5.37401           0           0           0
     5.56257           0           0           0
   0.0942809           0  0.00501842 0.000726747
    0.282843 0.000491046   0.0427611  0.00259355
    0.471405   0.0417389    0.109343  0.00387278
    0.659966    0.301502     0.19423  0.00462179
    0.848528    0.274004    0.294844  0.00630134
     1.03709    0.318689    0.352876  0.00696869
     1.22565    0.748355    0.430763  0.00735728
     1.41421    0.493502    0.482314  0.00901239
     1.60278    0.684028    0.476792  0.00842537
     1.79134    0.403149    0.519976  0.00788832
      1.9799    0.237175    0.405597  0.00711173
     2.16846    0.324091    0.415655  0.00658561
     2.35702    0.187089    0.363514  0.00853042
     2.54558    0.321144    0.318909   0.0100171
     2.73415    0.128654    0.234734  0.00663555
     2.92271    0.311814    0.166611  0.00527835
     3.11127    0.227846    0.144582  0.00468211
     3.29983  0.00540151    0.112808  0.00372173
     3.48839    0.052542    0.070446  0.00280755
     3.67696    0.115887   0.0659761  0.00312696
     3.86552   0.0284807   0.0405758  0.00262094
     4.05408  0.00343732   0.0212195  0.00195521
     4.24264   0.0790585   0.0127237  0.00121005
      4.4312   0.0152224   0.0119819  0.00113519
     4.61976           0  0.00658908 0.000911704
     4.80833           0  0.00223757 0.000551471
     4.99689           0 0.000179354  0.00011942
     5.18545           0 4.52738e-05 4.51934e-05
     5.37401           0           0           0
     5.56257           0           0           0
   0.0942809           0  0.00500069 0.000724395
    0.282843           0     0.04261  0.00258878
    0.471405    0.121288    0.109385  0.00385933
    0.659966    0.206731    0.194274  0.00460567
    0.848528    0.335385    0.294987   0.0062807
     1.03709    0.390873     0.35301  0.00694536
     1.22565    0.406095    0.430675   0.0073318
     1.41421    0.724293    0.483169  0.00902101
     1.60278    0.617736     0.47729  0.00841031
     1.79134    0.421809    0.519629  0.00786807
      1.9799    0.179723    0.404799  0.00713125
     2.16846    0.421318    0.415675  0.00656237
     2.35702    0.188562    0.362895  0.00852265
     2.54558    0.259764      0.3187   0.0099839
     2.73415    0.241595    0.234758  0.00661215
     2.92271    0.287753    0.167039  0.00527703
     3.11127    0.194945     0.14476  0.00466894
     3.29983   0.0373195    0.112542  0.00371813
     3.48839    0.108521   0.0705805  0.00280085
     3.67696    0.108521   0.0661264  0.00311952
     3.86552  0.00196419   0.0404393  0.00261522
     4.05408           0   0.0211445  0.00194973
     4.24264   0.0491046   0.0128522  0.00121258
      4.4312           0   0.0119395  0.00113196
     4.61976           0  0.00656579 0.000908779
     4.80833           0  0.00222966 0.000549579
     4.99689           0  0.00017872    0.000119
     5.18545           0 4.51138e-05  4.5034e-05
     5.37401           0           0           0
     5.56257           0           0           0
   0.0942809           0  0.00498308 0.000722058
    0.282843           0     0.04246  0.00258401
    0.471405    0.144859     0.10951  0.00384776
    0.659966    0.233247    0.194411   0.0045915
    0.848528    0.279405    0.294932  0.00625882
     1.03709    0.355027    0.353017  0.00692091
     1.22565    0.408551    0.430598  0.00730639
     1.41421    0.815137    0.484338  0.00906466
     1.60278    0.498412    0.477365  0.00838103
     1.79134    0.432612    0.519323  0.00784633
      1.9799    0.243068     0.40423  0.00712884
     2.16846    0.379579    0.415548  0.00654049
     2.35702    0.246505    0.362486  0.00850249
     2.54558     0.25338     0.31847   0.0099514
     2.73415     0.24405    0.234791  0.00658895
     2.92271    0.161554     0.16702  0.00525848
     3.11127    0.208204    0.144983  0.00465784
     3.29983    0.141912    0.112645  0.00370647
     3.48839    0.110485   0.0707211  0.00279451
     3.67696   0.0982093   0.0662394  0.00311058
     3.86552           0   0.0402969  0.00260989
     4.05408           0     0.02107  0.00194429
     4.24264   0.0491046   0.0129799  0.00121501
      4.4312           0   0.0118975  0.00112876
     4.61976           0  0.00654267 0.000905874
     4.80833           0  0.00222181   0.0005477
     4.99689           0 0.000178091 0.000118583
     5.18545           0 4.49549e-05 4.48757e-05
     5.37401           0           0           0
     5.56257           0           0           0
   0.0942809           0   0.0049656 0.000719736
    0.282843   0.0137493   0.0423592   0.0025769
    0.471405    0.134547    0.109598  0.00383526
    0.659966    0.274004     0.19469  0.00458387
    0.848528    0.219989    0.294669  0.00624239
     1.03709    0.292664    0.352806  0.00689986
     1.22565    0.398239    0.430484  0.00728164
     1.41421    0.720365    0.485166  0.00907061
     1.60278    0.666841    0.478029  0.00837795
     1.79134    0.322126    0.518631  0.00784925
      1.9799     0.39431    0.404195  0.00710391
     2.16846    0.356991    0.415343  0.00652077
     2.35702    0.332438     0.36238  0.00847331
     2.54558    0.226372    0.318146  0.00992173
     2.73415    0.259764    0.234879  0.00656641
     2.92271    0.193472    0.167113  0.00524085
     3.11127   0.0618718    0.144692  0.00465062
     3.29983    0.166465    0.112834  0.00369827
     3.48839     0.12178   0.0709002  0.00279044
     3.67696   0.0982093   0.0663516  0.00310169
     3.86552           0   0.0401555  0.00260456
     4.05408   0.0142403   0.0210461  0.00193762
     4.24264   0.0348643   0.0130567  0.00121317
      4.4312           0   0.0118558  0.00112557
     4.61976           0  0.00651972 0.000902986
     4.80833           0  0.00221402 0.000545834
     4.99689           0 0.000177466 0.000118168
     5.18545           0 4.47972e-05 4.47186e-05
     5.37401           0           0           0
     5.56257           0           0           0
   0.0942809           0  0.00494824 0.000717429
    0.282843   0.0152224   0.0422643  0.00256964
    0.471405    0.126199    0.109656  0.00382229
    0.659966    0.301502    0.195064  0.00458304
    0.848528    0.224899    0.294425  0.00622532
     1.03709    0.225881    0.352362     0.00689
     1.22565     0.41788     0.43044  0.00725631
     1.41421    0.651127    0.485746  0.00905744
     1.60278     0.79795    0.479148    0.008423
     1.79134    0.279896    0.517796  0.00786606
      1.9799    0.286771    0.403784  0.00709093
     2.16846    0.501358    0.415643   0.0065049
     2.35702    0.209677    0.361846  0.00846049
     2.54558    0.249452    0.317906  0.00988994
     2.73415    0.257308    0.234957  0.00654392
     2.92271    0.267129    0.167462  0.00523418
     3.11127   0.0623629    0.144404  0.00464326
     3.29983    0.146332    0.112951   0.0036872
     3.48839    0.135038   0.0711245  0.00278968
     3.67696   0.0982093    0.066463  0.00309285
     3.86552           0   0.0400151  0.00259923
     4.05408   0.0491046   0.0211442  0.00193332
     4.24264           0    0.013011  0.00120979
      4.4312           0   0.0118143   0.0011224
     4.61976           0  0.00649692 0.000900116
     4.80833           0  0.00220627  0.00054398
     4.99689           0 0.000176845 0.000117757
     5.18545           0 4.46406e-05 4.45625e-05
     5.37401           0           0           0
     5.56257           0           0           0
   0.0942809   0.0122762  0.00497377 0.000715384
    0.282843   0.0162045   0.0421735  0.00256229
    0.471405    0.107539    0.109649  0.00380898
    0.659966    0.264674    0.195306  0.00457348
    0.848528    0.248469    0.294265  0.00620569
     1.03709    0.158608    0.351687  0.00689898
     1.22565    0.467967    0.430571  0.00723221
     1.41421    0.719383     0.48656  0.00906239
     1.60278    0.805316    0.480284  0.00846997
     1.79134    0.290208    0.517003  0.00787853
      1.9799    0.333912    0.403541   0.0070704
     2.16846    0.482208    0.415875  0.00648637
     2.35702    0.174321    0.361193   0.0084562
     2.54558    0.280387    0.317775  0.00985635
     2.73415    0.253871    0.235023  0.00652145
     2.92271     0.19691    0.167565  0.00521695
     3.11127   0.0579435    0.144102  0.00463684
     3.29983    0.163518    0.113127  0.00367856
     3.48839    0.122271   0.0713027  0.00278565
     3.67696   0.0982093   0.0665736  0.00308405
     3.86552           0   0.0398757  0.00259391
     4.05408   0.0491046   0.0212416  0.00192904
     4.24264           0   0.0129657  0.00120643
      4.4312           0   0.0117731  0.00111924
     4.61976           0  0.00647428 0.000897265
     4.80833           0  0.00219859 0.000542139
     4.99689           0 0.000176229 0.000117348
     5.18545           0  4.4485e-05 4.44075e-05
     5.37401           0           0           0
     5.56257           0           0           0
   0.0942809  0.00687465  0.00498037  0.00071293
    0.282843     0.04223   0.0421737  0.00255339
    0.471405   0.0982093    0.109609  0.00379596
    0.659966    0.199856    0.195322  0.00455763
    0.848528    0.261237     0.29415   0.0061852
     1.03709    0.217534    0.351221  0.00689074
     1.22565    0.497921    0.430805  0.00721088
     1.41421    0.635905    0.487079  0.00904575
     1.60278    0.577471    0.480622  0.00844728
     1.79134     0.53475    0.517065  0.00785141
      1.9799    0.262219     0.40305  0.00706285
     2.16846    0.480734      0.4161  0.00646775
     2.35702    0.371722    0.361229  0.00842692
     2.54558    0.196419    0.317354  0.00983113
     2.73415    0.248961    0.235071  0.00649898
     2.92271    0.105575     0.16735  0.00520327
     3.11127    0.185616    0.144247  0.00462298
     3.29983    0.114905    0.113133  0.00366579
     3.48839    0.117851   0.0714643  0.00278066
     3.67696   0.0982093   0.0666834  0.00307529
     3.86552   0.0466494   0.0398992  0.00258501
     4.05408  0.00245523   0.0211764  0.00192344
     4.24264           0   0.0129207  0.00120308
      4.4312           0   0.0117323   0.0011161
     4.61976           0   0.0064518 0.000894431
     4.80833           0  0.00219095 0.000540311
     4.99689           0 0.000175617 0.000116942
     5.18545           0 4.43306e-05 4.42535e-05
     5.37401           0           0           0
     5.56257           0           0           0
   0.0942809           0  0.00496314 0.000710671
    0.282843  0.00932988   0.0420601  0.00254709
    0.471405    0.144859    0.109731  0.00378478
    0.659966    0.326055    0.195775  0.00456425
    0.848528    0.171866    0.293727  0.00617826
     1.03709    0.317707    0.351105  0.00686787
     1.22565    0.401185    0.430702  0.00718665
     1.41421    0.625102    0.487556  0.00902704
     1.60278    0.564212    0.480911    0.008423
     1.79134    0.441942    0.516805  0.00782854
      1.9799    0.520509    0.403457   0.0070501
     2.16846    0.293155    0.415675  0.00645935
     2.35702    0.487118    0.361665  0.00840901
     2.54558   0.0805316    0.316535   0.0098312
     2.73415    0.187089    0.234905  0.00647862
     2.92271    0.128163    0.167214  0.00518704
     3.11127     0.25829    0.144641   0.0046238
     3.29983    0.100665     0.11309  0.00365336
     3.48839    0.100173   0.0715636  0.00277281
     3.67696   0.0962451   0.0667857  0.00306635
     3.86552   0.0491046   0.0399311  0.00257626
     4.05408           0   0.0211031  0.00191818
     4.24264           0   0.0128759  0.00119974
      4.4312           0   0.0116917  0.00111298
     4.61976           0  0.00642948 0.000891614
     4.80833           0  0.00218337 0.000538494
     4.99689           0  0.00017501 0.000116539
     5.18545           0 4.41772e-05 4.41007e-05
     5.37401           0           0           0
     5.56257           0           0           0
   0.0942809           0  0.00494602 0.000708427
    0.282843           0    0.041915  0.00254243
    0.471405     0.11245     0.10974  0.00377174
    0.659966    0.416898    0.196537  0.00461176
    0.848528    0.317707     0.29381  0.00615751
     1.03709    0.144859    0.350394  0.00688091
     1.22565    0.379579    0.430526  0.00716403
     1.41421    0.654074    0.488131  0.00901416
     1.60278    0.597112    0.481312  0.00840348
     1.79134    0.377124    0.516323  0.00781635
      1.9799    0.486136    0.403742  0.00703155
     2.16846    0.301994    0.415283  0.00644896
     2.35702    0.489082    0.362104  0.00839149
     2.54558    0.128163    0.315885  0.00981874
     2.73415    0.179232    0.234713  0.00645912
     2.92271    0.161063    0.167193  0.00516919
     3.11127    0.265165    0.145057  0.00462649
     3.29983   0.0471405    0.112863  0.00364783
     3.48839   0.0982093   0.0716555  0.00276477
     3.67696   0.0982093   0.0668941  0.00305769
     3.86552  0.00785674   0.0398205  0.00256975
     4.05408   0.0412479   0.0211726  0.00191283
     4.24264           0   0.0128315  0.00119643
      4.4312           0   0.0116513  0.00110987
     4.61976           0  0.00640731 0.000888815
     4.80833           0  0.00217584  0.00053669
     4.99689           0 0.000174406 0.000116139
     5.18545           0 4.40248e-05 4.39489e-05
     5.37401           0           0           0
     5.56257           0           0           0
   0.0942809           0  0.00492903 0.000706196
    0.282843   0.0554882   0.0419617  0.00253412
    0.471405    0.162045     0.10992  0.00376306
    0.659966    0.317216    0.196952  0.00461452
    0.848528    0.359446    0.294036  0.00614048
     1.03709    0.200347    0.349878  0.00687656
     1.22565    0.389891    0.430386  0.00714077
     1.41421     0.68501    0.488807  0.00900854
     1.60278    0.499885    0.481376  0.00837485
     1.79134    0.335876    0.515703  0.00781405
      1.9799    0.373195    0.403637  0.00700817
     2.16846    0.350607    0.415061  0.00643063
     2.35702    0.542606    0.362725  0.00838554
     2.54558   0.0658002    0.315026  0.00982253
     2.73415    0.144368    0.234403  0.00644438
     2.92271    0.175304    0.167221  0.00515151
     3.11127    0.378597    0.145859  0.00467969
     3.29983   0.0220971    0.112551  0.00364861
     3.48839   0.0839689   0.0716978  0.00275559
     3.67696    0.111468   0.0670472  0.00305102
     3.86552 0.000982093    0.039687  0.00256439
     4.05408   0.0491046   0.0212686  0.00190866
     4.24264           0   0.0127875  0.00119313
      4.4312           0   0.0116113  0.00110678
     4.61976           0  0.00638529 0.000886034
     4.80833           0  0.00216837 0.000534898
     4.99689           0 0.000173807 0.000115741
     5.18545           0 4.38736e-05 4.37981e-05
     5.37401           0           0           0
     5.56257           0           0           0
   0.0942809           0  0.00491215 0.000703979
    0.282843   0.0716928   0.0420635  0.00252749
    0.471405    0.102138    0.109893  0.00375027
    0.659966    0.395783    0.197633  0.00464869
    0.848528    0.171866    0.293617  0.00613368
     1.03709    0.363374    0.349924  0.00685316
     1.22565    0.426719    0.430374  0.00711633
     1.41421    0.630013    0.489291  0.00899066
     1.60278     0.54899    0.481607  0.00834937
     1.79134    0.306413    0.514987  0.00782009
      1.9799     0.36583    0.403507  0.00698537
     2.16846    0.389891    0.414975  0.00640918
     2.35702    0.422791     0.36293  0.00835935
     2.54558    0.158117    0.314488  0.00980358
     2.73415    0.142403    0.234088  0.00643001
     2.92271    0.185124    0.167282  0.00513423
     3.11127    0.311814    0.146428  0.00469804
     3.29983   0.0599077    0.112371  0.00364056
     3.48839   0.0235702    0.071533  0.00275108
     3.67696    0.128654   0.0672582  0.00304786
     3.86552   0.0491046   0.0397193  0.00255581
     4.05408   0.0491046   0.0213639   0.0019045
     4.24264           0   0.0127437  0.00118985
      4.4312           0   0.0115715   0.0011037
     4.61976           0  0.00636342 0.000883269
     4.80833           0  0.00216094 0.000533118
     4.99689           0 0.000173212 0.000115346
     5.18545           0 4.37233e-05 4.36484e-05
     5.37401           0           0           0
     5.56257           0           0           0
   0.0942809           0  0.00489538 0.000701776
    0.282843    0.021115    0.041992  0.00251987
    0.471405    0.094772    0.109842  0.00373783
    0.659966    0.404622    0.198339  0.00468619
    0.848528    0.296592    0.293627  0.00611276
     1.03709    0.352571    0.349933  0.00682978
     1.22565    0.582872    0.430894  0.00711105
     1.41421    0.431139    0.489092  0.00896216
     1.60278    0.521982    0.481745  0.00832201
     1.79134    0.385962    0.514546  0.00780579
      1.9799    0.396274    0.403483  0.00696157
     2.16846    0.271549    0.414485  0.00640597
     2.35702    0.414443    0.363106  0.00833267
     2.54558    0.205257    0.314115  0.00977721
     2.73415    0.138475    0.233762  0.00641634
     2.92271    0.147314    0.167214  0.00511716
     3.11127    0.296592     0.14694  0.00470988
     3.29983   0.0564703     0.11218  0.00363313
     3.48839   0.0353553   0.0714095  0.00274446
     3.67696    0.149278   0.0675381  0.00305028
     3.86552   0.0515599   0.0397597   0.0025474
     4.05408   0.0491046   0.0214586  0.00190036
     4.24264           0   0.0127002  0.00118658
      4.4312           0    0.011532  0.00110064
     4.61976           0   0.0063417 0.000880522
     4.80833           0  0.00215357 0.000531349
     4.99689           0  0.00017262 0.000114954
     5.18545           0 4.35741e-05 4.34997e-05
     5.37401           0           0           0
     5.56257           0           0           0
   0.0942809           0  0.00487873 0.000699587
    0.282843   0.0491046   0.0420162  0.00251142
    0.471405    0.100665    0.109811  0.00372524
    0.659966    0.466494    0.199251  0.00475819
    0.848528     0.21115    0.293347   0.0060984
     1.03709    0.401676    0.350109  0.00680882
     1.22565    0.634923    0.431588  0.00712065
     1.41421    0.374177    0.488701   0.0089402
     1.60278    0.496939    0.481797  0.00829386
     1.79134    0.338822    0.513949  0.00780209
      1.9799    0.399712     0.40347   0.0069379
     2.16846     0.30052    0.414097   0.0063959
     2.35702    0.350116    0.363062  0.00830444
     2.54558    0.293646    0.314046   0.0097442
     2.73415    0.103611    0.233319  0.00640977
     2.92271    0.149769    0.167155   0.0051001
     3.11127     0.34717    0.147621  0.00474285
     3.29983   0.0063836     0.11182  0.00363855
     3.48839  0.00392837     0.07118  0.00274471
     3.67696    0.138966   0.0677811  0.00304957
     3.86552    0.101647   0.0399702  0.00254742
     4.05408   0.0333912   0.0214991  0.00189432
     4.24264 0.000491046   0.0126586  0.00118327
      4.4312           0   0.0114928  0.00109759
     4.61976           0  0.00632013 0.000877791
     4.80833           0  0.00214624 0.000529592
     4.99689           0 0.000172033 0.000114565
     5.18545           0 4.34259e-05  4.3352e-05
     5.37401           0           0           0
     5.56257           0           0           0
   0.0942809   0.0397748  0.00499702 0.000707146
    0.282843   0.0648181   0.0420935  0.00250409
    0.471405   0.0574524    0.109633  0.00371684
    0.659966    0.521491    0.200344  0.00486583
    0.848528   0.0903525    0.292659  0.00611643
     1.03709    0.575015    0.350872  0.00682828
     1.22565    0.453727    0.431663   0.0070969
     1.41421    0.426719    0.488491  0.00891236
     1.60278     0.48319    0.481801  0.00826575
     1.79134    0.409533    0.513595  0.00778367
      1.9799    0.363374    0.403334  0.00691571
     2.16846    0.217042    0.413429  0.00640901
     2.35702    0.416407    0.363243  0.00827826
     2.54558    0.248961    0.313825  0.00971367
     2.73415    0.173339    0.233116  0.00639126
     2.92271    0.138966    0.167059   0.0050837
     3.11127     0.32851    0.148234  0.00476624
     3.29983   0.0491046    0.111607  0.00363243
     3.48839   0.0378106   0.0710669  0.00273773
     3.67696   0.0805316   0.0678243  0.00303954
     3.86552   0.0829868    0.040116  0.00254296
     4.05408   0.0122762   0.0214679  0.00188816
     4.24264    0.031918   0.0127239  0.00118106
      4.4312           0   0.0114539  0.00109457
     4.61976           0  0.00629871 0.000875077
     4.80833           0  0.00213896 0.000527847
     4.99689           0  0.00017145 0.000114178
     5.18545           0 4.32787e-05 4.32052e-05
     5.37401           0           0           0
     5.56257           0           0           0
   0.0942809  0.00589256  0.00500005 0.000704763
    0.282843    0.143386   0.0424357  0.00251891
    0.471405   0.0559793    0.109452   0.0037087
    0.659966    0.503814    0.201369  0.00495622
    0.848528     0.25338    0.292526   0.0060972
     1.03709    0.521982     0.35145  0.00682964
     1.22565    0.373686    0.431467  0.00707563
     1.41421    0.416407    0.488248  0.00888558
     1.60278    0.548008    0.482025  0.00824085
     1.79134    0.379088     0.51314  0.00777063
      1.9799    0.295119    0.402968  0.00690201
     2.16846    0.164992     0.41259  0.00644208
     2.35702    0.504796    0.363721  0.00826409
     2.54558     0.18316    0.313384  0.00969087
     2.73415    0.177759    0.232929  0.00637241
     2.92271    0.189544    0.167135   0.0050671
     3.11127    0.297083    0.148737  0.00477659
     3.29983   0.0329001    0.111341  0.00362987
     3.48839   0.0599077   0.0710292  0.00272874
     3.67696   0.0721838   0.0678391   0.0030293
     3.86552   0.0726749    0.040226  0.00253674
     4.05408  0.00441942   0.0214103  0.00188266
     4.24264  0.00491046   0.0126975  0.00117736
      4.4312     0.04223   0.0115578  0.00109579
     4.61976           0  0.00627743 0.000872379
     4.80833           0  0.00213174 0.000526113
     4.99689           0 0.000170871 0.000113794
     5.18545           0 4.31325e-05 4.30595e-05
     5.37401           0           0           0
     5.56257           0           0           0
   0.0942809           0  0.00498321 0.000702591
    0.282843    0.142894   0.0427739  0.00253303
    0.471405   0.0967361    0.109409  0.00369646
    0.659966    0.487609    0.202333  0.00503237
    0.848528    0.233738    0.292328  0.00607989
     1.03709     0.56765    0.352178  0.00684533
     1.22565    0.348152    0.431187  0.00705737
     1.41421    0.533276    0.488399  0.00885695
     1.60278    0.428192    0.481844   0.0082151
     1.79134    0.309359    0.512454  0.00777469
      1.9799    0.294628    0.402603   0.0068884
     2.16846    0.226863    0.411965  0.00645067
     2.35702    0.463548    0.364057   0.0082431
     2.54558    0.240613    0.313139  0.00966134
     2.73415     0.21115    0.232855  0.00635137
     2.92271    0.143877    0.167057  0.00505064
     3.11127    0.269093    0.149143  0.00477767
     3.29983   0.0304449    0.111069  0.00362786
     3.48839   0.0761122   0.0710463  0.00271961
     3.67696   0.0520509   0.0677859  0.00301957
     3.86552   0.0491046   0.0402559  0.00252838
     4.05408   0.0417389   0.0214787  0.00187757
     4.24264    0.010803   0.0126912  0.00117342
      4.4312   0.0456673   0.0116727  0.00109811
     4.61976           0  0.00625629 0.000869698
     4.80833           0  0.00212456 0.000524391
     4.99689           0 0.000170296 0.000113412
     5.18545           0 4.29872e-05 4.29148e-05
     5.37401           0           0           0
     5.56257           0           0           0
   0.0942809           0  0.00496649 0.000700432
    0.282843   0.0495957   0.0427968  0.00252464
    0.471405    0.119815    0.109444  0.00368422
    0.659966     0.51609    0.203385  0.00512444
    0.848528    0.205748    0.292037  0.00606642
     1.03709    0.539169    0.352805  0.00685106
     1.22565    0.510688    0.431453  0.00703872
     1.41421    0.415916    0.488156  0.00883057
     1.60278      0.3894    0.481534  0.00819338
     1.79134    0.469931    0.512311  0.00774991
      1.9799    0.306904    0.402282  0.00687277
     2.16846     0.24405    0.411401  0.00645359
     2.35702    0.362392    0.364052  0.00821544
     2.54558    0.202802    0.312769  0.00963601
     2.73415    0.276459    0.233002  0.00633174
     2.92271    0.123744    0.166911  0.00503578
     3.11127    0.213114    0.149357  0.00476646
     3.29983     0.08446     0.11098  0.00361678
     3.48839   0.0967361   0.0711325  0.00271185
     3.67696   0.0594166   0.0677578  0.00300957
     3.86552   0.0206239     0.04019  0.00252075
     4.05408   0.0265165   0.0214956  0.00187134
     4.24264   0.0667823   0.0128727  0.00118344
      4.4312  0.00294628   0.0116434  0.00109481
     4.61976           0   0.0062353 0.000867033
     4.80833           0  0.00211743 0.000522679
     4.99689           0 0.000169724 0.000113033
     5.18545           0  4.2843e-05  4.2771e-05
     5.37401           0           0           0
     5.56257           0           0           0
   0.0942809           0  0.00494988 0.000698287
    0.282843           0   0.0426537  0.00252025
    0.471405    0.161554    0.109618  0.00367602
    0.659966    0.501849    0.204384  0.00520361
    0.848528    0.245523    0.291882  0.00604813
     1.03709    0.500376    0.353299   0.0068459
     1.22565    0.461093    0.431553  0.00701588
     1.41421     0.47386    0.488108  0.00880117
     1.60278    0.326546    0.481015  0.00818236
     1.79134    0.449798    0.512102  0.00772681
      1.9799    0.491046    0.402579  0.00685619
     2.16846    0.326546    0.411117  0.00643824
     2.35702     0.37565     0.36409  0.00818806
     2.54558     0.22539    0.312476  0.00960822
     2.73415    0.180214    0.232825  0.00631303
     2.92271   0.0903525    0.166655  0.00502545
     3.11127    0.175304    0.149444  0.00475131
     3.29983    0.118342    0.111004  0.00360477
     3.48839    0.052542   0.0710703  0.00270349
     3.67696           0   0.0675312  0.00300802
     3.86552  0.00294628   0.0400654   0.0025154
     4.05408  0.00343732   0.0214352  0.00186606
     4.24264   0.0535241   0.0130086  0.00118726
      4.4312   0.0289717   0.0117014  0.00109268
     4.61976   0.0127672  0.00625715 0.000864408
     4.80833  0.00441942  0.00212513 0.000520988
     4.99689   0.0412479 0.000307109  0.00017749
     5.18545           0 4.26997e-05 4.26282e-05
     5.37401           0           0           0
     5.56257           0           0           0
   0.0942809           0  0.00493338 0.000696154
    0.282843           0   0.0425115  0.00251585
    0.471405    0.128163     0.10968  0.00366429
    0.659966     0.35208    0.204876  0.00520951
    0.848528    0.444888    0.292392  0.00604943
     1.03709    0.444888    0.353604  0.00682989
     1.22565    0.488591    0.431743  0.00699507
     1.41421    0.449307    0.487979  0.00877278
     1.60278    0.289226    0.480376  0.00818002
     1.79134    0.484663    0.512011   0.0077016
      1.9799    0.377124    0.402494  0.00683386
     2.16846    0.410024    0.411114  0.00641678
     2.35702    0.406586    0.364232  0.00816199
     2.54558    0.279405    0.312366  0.00957682
     2.73415    0.137493    0.232507  0.00629998
     2.92271   0.0707107    0.166335  0.00501886
     3.11127    0.206731    0.149635   0.0047393
     3.29983    0.127181    0.111058  0.00359316
     3.48839   0.0122762   0.0708744  0.00270158
     3.67696   0.0466494   0.0674616   0.0029988
     3.86552           0   0.0399319  0.00251055
     4.05408   0.0363374   0.0214849   0.0018605
     4.24264    0.053033    0.013142  0.00119078
      4.4312  0.00883883   0.0116918  0.00108908
     4.61976           0  0.00623629 0.000861778
     4.80833   0.0432121  0.00226209 0.000536951
     4.99689  0.00589256 0.000325727 0.000177872
     5.18545           0 4.25574e-05 4.24864e-05
     5.37401           0           0           0
     5.56257           0           0           0
   0.0942809           0  0.00491699 0.000694034
    0.282843  0.00441942    0.042385  0.00251068
    0.471405    0.107048    0.109671  0.00365212
    0.659966     0.45029    0.205691  0.00525561
    0.848528    0.305922    0.292437   0.0060295
     1.03709    0.464039    0.353971  0.00681704
     1.22565    0.568141    0.432196  0.00698649
     1.41421    0.330965    0.487457  0.00875913
     1.60278    0.453236    0.480286  0.00815334
     1.79134    0.606933    0.512326  0.00768247
      1.9799    0.229319    0.401919  0.00683533
     2.16846    0.401676    0.411082  0.00639554
     2.35702     0.36583    0.364237  0.00813487
     2.54558     0.24405    0.312139  0.00954769
     2.73415    0.170884    0.232302  0.00628237
     2.92271   0.0795495    0.166047  0.00501046
     3.11127    0.226372     0.14989  0.00473041
     3.29983   0.0491046    0.110852  0.00358711
     3.48839   0.0284807   0.0707335  0.00269627
     3.67696   0.0697286   0.0674691  0.00298885
     3.86552           0   0.0397992  0.00250572
     4.05408   0.0982093   0.0217398   0.0018717
     4.24264           0   0.0130984  0.00118762
      4.4312           0    0.011653  0.00108616
     4.61976   0.0432121  0.00635913 0.000867626
     4.80833  0.00589256  0.00227415 0.000535303
     4.99689           0 0.000324645 0.000177284
     5.18545           0  4.2416e-05 4.23454e-05
     5.37401           0           0           0
     5.56257           0           0           0
   0.0942809           0  0.00490071 0.000691927
    0.282843           0   0.0422446  0.00250628
    0.471405   0.0545061    0.109489  0.00364459
    0.659966    0.504796    0.206682  0.00533072
    0.848528    0.193963    0.292111  0.00601835
     1.03709    0.465021    0.354339  0.00680438
     1.22565    0.657511    0.432942  0.00700308
     1.41421    0.305431    0.486855  0.00875084
     1.60278    0.482699    0.480294  0.00812635
     1.79134    0.573051    0.512527  0.00765966
      1.9799     0.28137     0.40152  0.00682435
     2.16846    0.428192    0.411139  0.00637461
     2.35702    0.269093    0.363922  0.00811404
     2.54558    0.312797    0.312141  0.00951608
     2.73415    0.105575    0.231883  0.00627557
     2.92271    0.197401    0.166151  0.00499495
     3.11127    0.169411    0.149955  0.00471519
     3.29983    0.100665    0.110819  0.00357539
     3.48839  0.00540151   0.0705172  0.00269601
     3.67696   0.0491046   0.0674083  0.00297957
     3.86552   0.0368285   0.0397894  0.00249744
     4.05408   0.0613808   0.0218711   0.0018701
     4.24264           0    0.013055  0.00118448
      4.4312           0   0.0116144  0.00108325
     4.61976   0.0491046  0.00650067 0.000876223
     4.80833           0  0.00226662 0.000533583
     4.99689           0  0.00032357 0.000176701
     5.18545           0 4.22755e-05 4.22055e-05
     5.37401           0           0           0
     5.56257           0           0           0
   0.0942809   0.0147314  0.00493315 0.000690404
    0.282843   0.0112941   0.0421425  0.00250009
    0.471405   0.0549972    0.109309    0.003637
    0.659966    0.451272    0.207489  0.00537389
    0.848528    0.325564    0.292221   0.0059995
     1.03709     0.47877    0.354749   0.0067943
     1.22565    0.590729    0.433463   0.0069993
     1.41421    0.358955    0.486432  0.00873213
     1.60278     0.39873    0.480025  0.00810399
     1.79134     0.60055    0.512818  0.00763989
      1.9799    0.278423    0.401114   0.0068139
     2.16846    0.368285    0.410998  0.00635514
     2.35702    0.202311    0.363389  0.00810477
     2.54558    0.352571    0.312275  0.00948561
     2.73415    0.134547    0.231562  0.00626308
     2.92271    0.200838    0.166265  0.00497977
     3.11127    0.191017     0.15009  0.00470158
     3.29983   0.0898615     0.11075  0.00356426
     3.48839  0.00343732   0.0702958  0.00269618
     3.67696   0.0608898   0.0673868  0.00296981
     3.86552   0.0373195   0.0397812  0.00248921
     4.05408   0.0122762   0.0218394  0.00186419
     4.24264   0.0368285   0.0131335  0.00118317
      4.4312           0   0.0115761  0.00108035
     4.61976   0.0491046  0.00664128 0.000884541
     4.80833           0  0.00225914 0.000531875
     4.99689           0 0.000322502 0.000176121
     5.18545           0  4.2136e-05 4.20664e-05
     5.37401           0           0           0
     5.56257           0           0           0
   0.0942809   0.0112941  0.00495408  0.00068845
    0.282843   0.0378106   0.0421282  0.00249191
    0.471405   0.0491046    0.109111  0.00363042
    0.659966    0.313288    0.207837  0.00536747
    0.848528    0.358955    0.292441  0.00598378
     1.03709    0.513143     0.35527   0.0067919
     1.22565    0.469931    0.433583  0.00697731
     1.41421    0.522964    0.486553  0.00870424
     1.60278    0.466003    0.479978  0.00807746
     1.79134     0.46011    0.512644  0.00761672
      1.9799    0.359446    0.400977  0.00679287
     2.16846    0.261237    0.410505   0.0063533
     2.35702    0.225881    0.362937  0.00809072
     2.54558    0.306413    0.312255  0.00945443
     2.73415    0.343241    0.231929  0.00625324
     2.92271    0.209186    0.166407  0.00496539
     3.11127    0.118342    0.149986  0.00468727
     3.29983   0.0712017     0.11062  0.00355491
     3.48839   0.0152224   0.0701146  0.00269339
     3.67696   0.0923167   0.0674688  0.00296118
     3.86552  0.00196419   0.0396568  0.00248413
     4.05408  0.00294628   0.0217773   0.0018591
     4.24264    0.021115   0.0131597  0.00117957
      4.4312   0.0230792   0.0116139  0.00107746
     4.61976   0.0491046  0.00678096 0.000892592
     4.80833           0  0.00225171 0.000530177
     4.99689           0 0.000321442 0.000175545
     5.18545           0 4.19974e-05 4.19283e-05
     5.37401           0           0           0
     5.56257           0           0           0
   0.0942809   0.0441942  0.00508273  0.00069811
    0.282843   0.0373195   0.0421125  0.00248379
    0.471405   0.0712017    0.108987  0.00362065
    0.659966    0.288244    0.208101  0.00535635
    0.848528    0.397748    0.292786  0.00597411
     1.03709    0.409533    0.355448  0.00677196
     1.22565    0.532785    0.433908  0.00696201
     1.41421    0.531312    0.486699  0.00867693
     1.60278    0.473369    0.479957  0.00805101
     1.79134    0.382034    0.512216  0.00760378
      1.9799    0.381052    0.400911  0.00677091
     2.16846    0.288244    0.410104   0.0063451
     2.35702     0.18758    0.362362   0.0080846
     2.54558    0.419354    0.312607  0.00942995
     2.73415    0.352571    0.232325  0.00624523
     2.92271    0.180214    0.166452  0.00494932
     3.11127    0.139457    0.149951  0.00467203
     3.29983  0.00294628    0.110266  0.00356074
     3.48839   0.0515599   0.0700538  0.00268525
     3.67696    0.052542   0.0674199  0.00295187
     3.86552  0.00147314   0.0395316  0.00247914
     4.05408  0.00196419   0.0217123  0.00185413
     4.24264  0.00294628   0.0131262  0.00117617
      4.4312  0.00441942   0.0115903  0.00107418
     4.61976   0.0692375  0.00698574 0.000912852
     4.80833           0  0.00224432  0.00052849
     4.99689           0 0.000320388 0.000174972
     5.18545           0 4.18597e-05  4.1791e-05
     5.37401           0           0           0
     5.56257           0           0           0
   0.0942809           0  0.00506612 0.000696027
    0.282843   0.0392837   0.0421032  0.00247569
    0.471405     0.10803    0.108983  0.00360882
    0.659966     0.29561    0.208387  0.00534647
    0.848528    0.313288    0.292853  0.00595496
     1.03709    0.541624    0.356057  0.00677711
     1.22565    0.576979    0.434375  0.00695494
     1.41421    0.367794    0.486311  0.00865728
     1.60278    0.545061     0.48017  0.00802751
     1.79134    0.485645    0.512129  0.00757943
      1.9799    0.331947    0.400686  0.00675253
     2.16846    0.186598    0.409374  0.00636627
     2.35702    0.196419    0.361819  0.00807634
     2.54558      0.3894    0.312858  0.00940247
     2.73415    0.237175     0.23234  0.00622484
     2.92271    0.326055    0.166973  0.00496055
     3.11127    0.132091    0.149893  0.00465712
     3.29983    0.073657    0.110147  0.00355111
     3.48839   0.0127672   0.0698666  0.00268299
     3.67696   0.0545061   0.0673777  0.00294253
     3.86552  0.00540151   0.0394201  0.00247354
     4.05408  0.00687465   0.0216638  0.00184871
     4.24264  0.00834779   0.0131106  0.00117243
      4.4312   0.0127672   0.0115942  0.00107068
     4.61976   0.0559793  0.00714585 0.000923804
     4.80833           0  0.00223699 0.000526814
     4.99689           0 0.000319341 0.000174403
     5.18545           0 4.17229e-05 4.16547e-05
     5.37401           0           0           0
     5.56257           0           0           0
   0.0942809           0  0.00504962 0.000693955
    0.282843   0.0491046    0.042126  0.00246773
    0.471405   0.0928078    0.108931  0.00359745
    0.659966    0.312305    0.208725  0.00533976
    0.848528    0.299047    0.292873   0.0059356
     1.03709    0.498412     0.35652  0.00677088
     1.22565    0.599077    0.434912  0.00695295
     1.41421    0.335876    0.485821  0.00864293
     1.60278    0.712999    0.480928   0.0080371
     1.79134    0.481716     0.51203  0.00755538
      1.9799    0.189053    0.399996  0.00676563
     2.16846    0.210659    0.408727  0.00637835
     2.35702    0.188071    0.361253  0.00806984
     2.54558    0.405113    0.313158  0.00937664
     2.73415    0.363865    0.232769  0.00621929
     2.92271     0.14093    0.166889  0.00494512
     3.11127    0.155171     0.14991  0.00464199
     3.29983     0.12178    0.110185  0.00353975
     3.48839           0    0.069639  0.00268389
     3.67696   0.0491046   0.0673181  0.00293354
     3.86552           0   0.0392917  0.00246882
     4.05408           0   0.0215932  0.00184403
     4.24264           0   0.0130679  0.00116939
      4.4312   0.0353553   0.0116715  0.00106999
     4.61976   0.0628539  0.00732731 0.000938447
     4.80833           0   0.0022297 0.000525148
     4.99689           0   0.0003183 0.000173839
     5.18545           0  4.1587e-05 4.15192e-05
     5.37401           0           0           0
     5.56257           0           0           0
   0.0942809           0  0.00503323 0.000691895
    0.282843   0.0240613   0.0420674  0.00246041
    0.471405    0.120306    0.108968  0.00358596
    0.659966    0.170393    0.208601  0.00532387
    0.848528    0.355518    0.293077  0.00591981
     1.03709     0.46011    0.356857  0.00675724
     1.22565    0.682063    0.435714  0.00697652
     1.41421    0.411988    0.485581  0.00861819
     1.60278    0.632959    0.481422  0.00802615
     1.79134    0.462075    0.511868  0.00753259
      1.9799    0.275968    0.399594  0.00675564
     2.16846     0.27204    0.408283  0.00637307
     2.35702    0.222444    0.360803  0.00805622
     2.54558    0.310341    0.313149   0.0093462
     2.73415    0.419845    0.233376  0.00622869
     2.92271    0.111468    0.166709  0.00493234
     3.11127    0.106066    0.149768   0.0046291
     3.29983    0.105575     0.11017  0.00352829
     3.48839   0.0127672   0.0694544  0.00268152
     3.67696   0.0491046    0.067259  0.00292462
     3.86552           0   0.0391641  0.00246409
     4.05408           0   0.0215231  0.00183938
     4.24264           0   0.0130255  0.00116636
      4.4312   0.0491046   0.0117931  0.00107339
     4.61976   0.0491046  0.00746295 0.000945152
     4.80833           0  0.00222246 0.000523493
     4.99689           0 0.000317267 0.000173277
     5.18545           0  4.1452e-05 4.13846e-05
     5.37401           0           0           0
     5.56257           0           0           0
   0.0942809           0  0.00501694 0.000689848
    0.282843           0   0.0419312  0.00245622
    0.471405   0.0584345    0.108804  0.00357808
    0.659966    0.210168    0.208606  0.00530665
    0.848528    0.262219    0.292977   0.0059015
     1.03709    0.443415    0.357137  0.00674118
     1.22565    0.684519     0.43652  0.00700026
     1.41421    0.506269    0.485648  0.00859056
     1.60278     0.65702     0.48199  0.00802027
     1.79134    0.491046    0.511801  0.00750852
      1.9799    0.309359    0.399302  0.00674009
     2.16846    0.331456    0.408034  0.00635729
     2.35702    0.268602    0.360504  0.00803567
     2.54558    0.401676    0.313435  0.00932035
     2.73415    0.199365    0.233266   0.0062095
     2.92271     0.13602    0.166609  0.00491737
     3.11127    0.137002    0.149726   0.0046143
     3.29983    0.010312    0.109847  0.00353164
     3.48839   0.0387927   0.0693551  0.00267467
     3.67696   0.0594166   0.0672336  0.00291526
     3.86552           0   0.0390374  0.00245938
     4.05408           0   0.0214535  0.00183474
     4.24264           0   0.0129833  0.00116335
      4.4312   0.0491046   0.0119138  0.00107669
     4.61976   0.0491046  0.00759771 0.000951652
     4.80833           0  0.00221527 0.000521848
     4.99689           0  0.00031624 0.000172719
     5.18545           0 4.13178e-05 4.12509e-05
     5.37401           0           0           0
     5.56257           0           0           0
   0.0942809           0  0.00500075 0.000687813
    0.282843  0.00687465   0.0418181  0.00245089
    0.471405   0.0594166    0.108645  0.00357008
    0.659966    0.259764    0.208771  0.00529209
    0.848528    0.230792    0.292776  0.00588587
     1.03709    0.362392    0.357154  0.00671945
     1.22565    0.630504    0.437145  0.00700559
     1.41421    0.485645    0.485648  0.00856285
     1.60278    0.655056    0.482548  0.00801381
     1.79134    0.637869    0.512207   0.0074953
      1.9799    0.264674    0.398867  0.00673232
     2.16846    0.359446    0.407877  0.00633871
     2.35702    0.278914    0.360241  0.00801406
     2.54558    0.338331    0.313516  0.00929063
     2.73415    0.289717    0.233448  0.00619214
     2.92271    0.118342    0.166454  0.00490398
     3.11127     0.15468    0.149742  0.00459944
     3.29983  0.00834779    0.109519  0.00353539
     3.48839   0.0132583   0.0691742  0.00267216
     3.67696   0.0510688   0.0671815  0.00290632
     3.86552           0   0.0389115  0.00245467
     4.05408           0   0.0213843  0.00183013
     4.24264           0   0.0129414  0.00116035
      4.4312   0.0491046   0.0120338  0.00107988
     4.61976   0.0491046   0.0077316 0.000957955
     4.80833           0  0.00220812 0.000520214
     4.99689           0  0.00031522 0.000172165
     5.18545           0 4.11845e-05 4.11181e-05
     5.37401           0           0           0
     5.56257           0           0           0
   0.0942809           0  0.00498467 0.000685789
    0.282843   0.0186598   0.0417437  0.00244414
    0.471405   0.0603987     0.10849  0.00356197
    0.659966    0.185616    0.208696   0.0052756
    0.848528    0.332438    0.292904  0.00586832
     1.03709    0.423773    0.357368  0.00670126
     1.22565    0.447834     0.43718  0.00698314
     1.41421    0.582381    0.485959  0.00854097
     1.60278    0.709071    0.483276  0.00802107
     1.79134    0.651619    0.512656  0.00748459
      1.9799    0.331947    0.398652  0.00671411
     2.16846    0.239631    0.407336  0.00634137
     2.35702    0.314761    0.360095  0.00798962
     2.54558    0.246505      0.3133  0.00926325
     2.73415    0.289717    0.233629  0.00617488
     2.92271   0.0987003    0.166236  0.00489304
     3.11127     0.17383     0.14982  0.00458531
     3.29983           0    0.109167  0.00354151
     3.48839  0.00491046   0.0689675  0.00267155
     3.67696   0.0932988   0.0672655  0.00289819
     3.86552           0   0.0387863  0.00244996
     4.05408           0   0.0213155  0.00182554
     4.24264           0   0.0128998  0.00115737
      4.4312   0.0491046    0.012153  0.00108297
     4.61976   0.0491046  0.00786464 0.000964068
     4.80833           0  0.00220102  0.00051859
     4.99689           0 0.000314207 0.000171615
     5.18545           0 4.10521e-05 4.09861e-05
     5.37401           0           0           0
     5.56257           0           0           0
   0.0942809           0   0.0049687 0.000683777
    0.282843   0.0171866    0.041665  0.00243758
    0.471405   0.0461584     0.10829  0.00355615
    0.659966    0.224899    0.208748  0.00525895
    0.848528    0.247978     0.29276  0.00585128
     1.03709    0.513635    0.357869  0.00669847
     1.22565     0.37565    0.436982  0.00696355
     1.41421    0.639342    0.486451  0.00852773
     1.60278    0.603005     0.48366  0.00800454
     1.79134     0.72282    0.513329  0.00749086
      1.9799    0.379579    0.398591  0.00669287
     2.16846    0.248961    0.406829  0.00634133
     2.35702    0.202311    0.359589     0.00798
     2.54558     0.30494    0.313273   0.0092336
     2.73415    0.191508    0.233494  0.00615656
     2.92271    0.181687    0.166285  0.00487761
     3.11127    0.167447    0.149876  0.00457096
     3.29983   0.0397748    0.108945  0.00353714
     3.48839   0.0284807   0.0688378  0.00266613
     3.67696   0.0697286   0.0672734  0.00288891
     3.86552           0    0.038662  0.00244526
     4.05408           0   0.0212472  0.00182096
     4.24264           0   0.0128585   0.0011544
      4.4312   0.0491046   0.0122714  0.00108595
     4.61976   0.0491046  0.00799682 0.000969997
     4.80833           0  0.00219397 0.000516975
     4.99689           0 0.000313199 0.000171068
     5.18545           0 4.09205e-05 4.08549e-05
     5.37401           0           0           0
     5.56257           0           0           0
   0.0942809           0  0.00495282 0.000681777
    0.282843   0.0265165   0.0416166  0.00243027
    0.471405   0.0481225    0.108098  0.00354998
    0.659966    0.156644    0.208582  0.00524478
    0.848528    0.460602    0.293296  0.00585711
     1.03709      0.3236    0.357759  0.00667797
     1.22565    0.401185    0.436868  0.00694224
     1.41421    0.646708    0.486963  0.00851584
     1.60278    0.658984     0.48422  0.00799854
     1.79134     0.75081    0.514088  0.00750525
      1.9799    0.343241    0.398414  0.00667382
     2.16846    0.284316    0.406437  0.00633314
     2.35702    0.171375    0.358988  0.00797713
     2.54558    0.286771    0.313189  0.00920449
     2.73415    0.106066    0.233087  0.00615034
     2.92271    0.226863    0.166479  0.00486587
     3.11127    0.116869    0.149771  0.00455757
     3.29983   0.0982093     0.10891  0.00352601
     3.48839   0.0653092   0.0688265  0.00265764
     3.67696   0.0329001   0.0671635  0.00288177
     3.86552           0   0.0385385  0.00244056
     4.05408           0   0.0211793  0.00181641
     4.24264           0   0.0128174  0.00115144
      4.4312   0.0491046   0.0123891  0.00108884
     4.61976   0.0491046  0.00812815 0.000975749
     4.80833           0  0.00218696 0.000515371
     4.99689           0 0.000312199 0.000170524
     5.18545           0 4.07898e-05 4.07246e-05
     5.37401           0           0           0
     5.56257           0           0           0
   0.0942809           0  0.00493705 0.000679788
    0.282843           0    0.041484  0.00242614
    0.471405    0.084951    0.108024  0.00353944
    0.659966    0.221953    0.208624  0.00522825
    0.848528    0.326055      0.2934  0.00583938
     1.03709    0.390382    0.357863  0.00665751
     1.22565    0.480243    0.437006   0.0069215
     1.41421    0.725275    0.487722  0.00852247
     1.60278    0.458146    0.484137   0.0079735
     1.79134    0.615281     0.51441  0.00748826
      1.9799    0.411006    0.398454  0.00665269
     2.16846     0.27204    0.406009  0.00632742
     2.35702    0.317216    0.358855  0.00795283
     2.54558    0.246996    0.312978  0.00917759
     2.73415     0.14093    0.232794  0.00613775
     2.92271    0.186598    0.166543  0.00485079
     3.11127    0.169411    0.149833  0.00454349
     3.29983   0.0603987    0.108756  0.00351816
     3.48839   0.0982093   0.0689201  0.00265082
     3.67696           0   0.0669496  0.00288052
     3.86552           0   0.0384158  0.00243588
     4.05408           0   0.0211119  0.00181188
     4.24264           0   0.0127766  0.00114849
      4.4312   0.0491046    0.012506  0.00109163
     4.61976   0.0491046  0.00825865 0.000981329
     4.80833           0     0.00218 0.000513777
     4.99689           0 0.000311205 0.000169984
     5.18545           0 4.06599e-05 4.05951e-05
     5.37401           0           0           0
     5.56257           0           0           0
   0.0942809           0  0.00492138  0.00067781
    0.282843   0.0333912   0.0414583  0.00241858
    0.471405    0.137493    0.108117  0.00352944
    0.659966    0.193472    0.208576  0.00521187
    0.848528    0.298065    0.293415  0.00582086
     1.03709    0.409042    0.358026  0.00663836
     1.22565      0.4881    0.437168  0.00690143
     1.41421    0.813173    0.488755  0.00855781
     1.60278    0.346679    0.483701  0.00796011
     1.79134    0.534258    0.514473  0.00746476
      1.9799    0.448325    0.398613  0.00663345
     2.16846    0.296592    0.405662  0.00631686
     2.35702    0.305431    0.358685   0.0079294
     2.54558    0.227354    0.312706  0.00915248
     2.73415    0.199365    0.232687  0.00611918
     2.92271    0.127181    0.166418    0.004837
     3.11127    0.145841    0.149821  0.00452908
     3.29983     0.10312    0.108738  0.00350704
     3.48839   0.0982093   0.0690131  0.00264404
     3.67696           0   0.0667371  0.00287921
     3.86552           0   0.0382938  0.00243119
     4.05408           0   0.0210448  0.00180737
     4.24264           0    0.012736  0.00114556
      4.4312   0.0491046   0.0126222  0.00109433
     4.61976   0.0491046  0.00838832 0.000986743
     4.80833           0  0.00217308 0.000512193
     4.99689           0 0.000310217 0.000169447
     5.18545           0 4.05308e-05 4.04664e-05
     5.37401           0           0           0
     5.56257           0           0           0
   0.0942809           0   0.0049058 0.000675844
    0.282843   0.0417389   0.0414592  0.00241092
    0.471405    0.185124    0.108361  0.00352668
    0.659966    0.254853    0.208723  0.00519744
    0.848528    0.318198    0.293493  0.00580297
     1.03709    0.312797    0.357883  0.00661889
     1.22565     0.46453    0.437255  0.00688013
     1.41421    0.688447    0.489387  0.00855403
     1.60278    0.369758     0.48334  0.00794309
     1.79134    0.505778    0.514446  0.00744118
      1.9799    0.384489    0.398568  0.00661261
     2.16846    0.513143    0.406002  0.00630602
     2.35702     0.30494    0.358515  0.00790613
     2.54558    0.209677     0.31238  0.00912932
     2.73415    0.218025    0.232641  0.00609999
     2.92271    0.179723     0.16646  0.00482188
     3.11127   0.0574524    0.149528  0.00452417
     3.29983    0.031427    0.108493  0.00350446
     3.48839    0.164992   0.0693168  0.00265306
     3.67696           0   0.0665259  0.00287783
     3.86552           0   0.0381726  0.00242652
     4.05408           0   0.0209782  0.00180287
     4.24264           0   0.0126957  0.00114265
      4.4312   0.0491046   0.0127377  0.00109694
     4.61976   0.0491046  0.00851717 0.000991998
     4.80833           0   0.0021662 0.000510618
     4.99689           0 0.000309235 0.000168914
     5.18545           0 4.04025e-05 4.03386e-05
     5.37401           0           0           0
     5.56257           0           0           0
   0.0942809  0.00441942  0.00490427 0.000673714
    0.282843   0.0702196     0.04155  0.00240502
    0.471405    0.165483    0.108541  0.00352015
    0.659966    0.191508    0.208668  0.00518133
    0.848528    0.363374    0.293714  0.00578885
     1.03709     0.37074    0.357923  0.00659814
     1.22565    0.529348    0.437546  0.00686456
     1.41421    0.566176    0.489629  0.00853048
     1.60278    0.411006    0.483112  0.00792131
     1.79134     0.54457    0.514541  0.00741832
      1.9799    0.419845    0.398635  0.00659209
     2.16846    0.486136    0.406255  0.00629119
     2.35702    0.245032    0.358157  0.00788929
     2.54558    0.169411    0.311929  0.00911165
     2.73415    0.206239    0.232558  0.00608132
     2.92271    0.194945     0.16655   0.0048075
     3.11127   0.0378106    0.149176   0.0045236
     3.29983   0.0702196    0.108373  0.00349549
     3.48839    0.158608   0.0695985   0.0026596
     3.67696           0    0.066316  0.00287639
     3.86552           0   0.0380522  0.00242185
     4.05408           0   0.0209121   0.0017984
     4.24264           0   0.0126557  0.00113975
      4.4312   0.0491046   0.0128524  0.00109946
     4.61976  0.00441942  0.00850424 0.000988953
     4.80833   0.0446852  0.00230033 0.000526329
     4.99689           0 0.000308259 0.000168384
     5.18545           0 4.02751e-05 4.02115e-05
     5.37401           0           0           0
     5.56257           0           0           0
   0.0942809   0.0304449  0.00498458 0.000676366
    0.282843   0.0186598    0.041478  0.00239854
    0.471405   0.0770943    0.108442  0.00351047
    0.659966    0.295119     0.20894  0.00517216
    0.848528     0.35208    0.293897  0.00577356
     1.03709    0.498412    0.358365  0.00659216
     1.22565    0.457655    0.437609  0.00684327
     1.41421    0.498903    0.489658   0.0085037
     1.60278    0.419354    0.482912  0.00789893
     1.79134    0.592202    0.514785  0.00739901
      1.9799    0.374177    0.398558  0.00657181
     2.16846    0.383998    0.406185   0.0062718
     2.35702    0.373195    0.358204  0.00786462
     2.54558    0.101156    0.311266  0.00910708
     2.73415    0.248469    0.232608   0.0060624
     2.92271    0.161063    0.166533  0.00479242
     3.11127    0.095263    0.149006  0.00451255
     3.29983    0.124235    0.108422  0.00348485
     3.48839    0.103611   0.0697054  0.00265339
     3.67696  0.00245523   0.0661152  0.00287435
     3.86552  0.00392837   0.0379449  0.00241661
     4.05408  0.00294628   0.0208556  0.00179363
     4.24264  0.00294628   0.0126251  0.00113657
      4.4312    0.053033   0.0129788  0.00110324
     4.61976  0.00491046  0.00849294 0.000985907
     4.80833   0.0279896  0.00238111 0.000530837
     4.99689           0  0.00030729 0.000167857
     5.18545           0 4.01484e-05 4.00853e-05
     5.37401           0           0           0
     5.56257           0           0           0
   0.0942809   0.0491046  0.00512289 0.000688241
    0.282843   0.0063836    0.041368  0.00239354
    0.471405   0.0687465    0.108318  0.00350167
    0.659966    0.302976    0.209235  0.00516434
    0.848528    0.378597    0.294163  0.00576156
     1.03709    0.586309     0.35908  0.00661011
     1.22565     0.36141     0.43737  0.00682598
     1.41421     0.52542     0.48977  0.00847778
     1.60278    0.257308    0.482204  0.00790577
     1.79134     0.49743    0.514731  0.00737601
      1.9799    0.483681    0.398825  0.00655663
     2.16846    0.356009    0.406028  0.00625411
     2.35702    0.451763    0.358498  0.00784543
     2.54558    0.105084     0.31062  0.00910143
     2.73415    0.279405    0.232754  0.00604517
     2.92271    0.115887    0.166374  0.00478002
     3.11127    0.224899    0.149244  0.00450468
     3.29983   0.0564703     0.10826  0.00347773
     3.48839   0.0982093   0.0697948  0.00264657
     3.67696   0.0270076   0.0659926  0.00286795
     3.86552   0.0220971   0.0378952  0.00240954
     4.05408           0   0.0207902   0.0017892
     4.24264           0   0.0125856   0.0011337
      4.4312   0.0491046    0.013092  0.00110558
     4.61976           0  0.00846632 0.000983176
     4.80833           0  0.00237365 0.000529226
     4.99689           0 0.000306327 0.000167333
     5.18545           0 4.00226e-05 3.99598e-05
     5.37401           0           0           0
     5.56257           0           0           0
   0.0942809   0.0491046  0.00526033  0.00069968
    0.282843           0   0.0412387  0.00238955
    0.471405    0.100173    0.108293  0.00349082
    0.659966    0.233247     0.20931  0.00514875
    0.848528    0.351589    0.294342  0.00574635
     1.03709    0.652601    0.359997  0.00665279
     1.22565    0.429666    0.437346  0.00680469
     1.41421    0.494975    0.489787  0.00845131
     1.60278    0.228828    0.481413  0.00792062
     1.79134     0.47877    0.514618  0.00735382
      1.9799    0.400694    0.398831  0.00653614
     2.16846    0.466003    0.406215  0.00623737
     2.35702    0.366321    0.358522  0.00782095
     2.54558    0.216551    0.310326  0.00907774
     2.73415    0.180214     0.23259  0.00602851
     2.92271    0.249452    0.166634  0.00477213
     3.11127    0.208695     0.14943  0.00449443
     3.29983   0.0299538    0.108015  0.00347546
     3.48839   0.0682554     0.06979  0.00263831
     3.67696   0.0491046   0.0659399  0.00285948
     3.86552           0   0.0377768  0.00240492
     4.05408           0   0.0207252  0.00178479
     4.24264           0   0.0125462  0.00113084
      4.4312  0.00245523   0.0130588  0.00110263
     4.61976   0.0466494  0.00858564 0.000987318
     4.80833           0  0.00236623 0.000527624
     4.99689           0 0.000305369 0.000166813
     5.18545           0 3.98975e-05 3.98351e-05
     5.37401           0           0           0
     5.56257           0           0           0
   0.0942809   0.0491046  0.00539692 0.000710707
    0.282843   0.0147314   0.0411561  0.00238353
    0.471405   0.0972272    0.108258  0.00348012
    0.659966    0.183651     0.20923  0.00513333
    0.848528     0.43654    0.294785   0.0057455
     1.03709     0.63345    0.360849  0.00668638
     1.22565    0.290208    0.436887  0.00679891
     1.41421    0.570596    0.490038  0.00842873
     1.60278     0.30494    0.480863    0.007915
     1.79134    0.426719    0.514344  0.00733601
      1.9799    0.433594    0.398939  0.00651667
     2.16846    0.410024    0.406227  0.00621795
     2.35702    0.350607    0.358498  0.00779663
     2.54558     0.27695    0.310222  0.00905005
     2.73415    0.157626    0.232357  0.00601425
     2.92271    0.226372     0.16682  0.00476089
     3.11127    0.235211    0.149697  0.00448836
     3.29983   0.0618718    0.107871   0.0034676
     3.48839   0.0456673   0.0697148  0.00263116
     3.67696   0.0491046   0.0658874  0.00285105
     3.86552           0   0.0376591  0.00240031
     4.05408           0   0.0206607  0.00178039
     4.24264           0   0.0125072  0.00112799
      4.4312           0   0.0130181  0.00109994
     4.61976   0.0491046  0.00871187 0.000992278
     4.80833           0  0.00235886 0.000526032
     4.99689           0 0.000304418 0.000166296
     5.18545           0 3.97732e-05 3.97112e-05
     5.37401           0           0           0
     5.56257           0           0           0
   0.0942809   0.0491046  0.00553266 0.000721346
    0.282843   0.0491046   0.0411808  0.00237626
    0.471405   0.0491046    0.108074  0.00347415
    0.659966     0.21606    0.209251  0.00511743
    0.848528    0.426228    0.295194  0.00574214
     1.03709    0.599568     0.36159  0.00670659
     1.22565    0.349625    0.436616   0.0067832
     1.41421    0.552427    0.490232  0.00840478
     1.60278    0.358955    0.480484  0.00789947
     1.79134    0.403149    0.513999  0.00732135
      1.9799    0.381052    0.398884  0.00649667
     2.16846    0.317707    0.405952  0.00620472
     2.35702    0.341277    0.358444   0.0077726
     2.54558    0.180214    0.309818  0.00903095
     2.73415    0.324582    0.232643  0.00600239
     2.92271    0.186107     0.16688  0.00474648
     3.11127    0.232756    0.149955  0.00448183
     3.29983    0.167938    0.108058  0.00346185
     3.48839   0.0441942   0.0696356  0.00262418
     3.67696   0.0250434   0.0657606  0.00284501
     3.86552           0   0.0375422   0.0023957
     4.05408           0   0.0205965  0.00177602
     4.24264           0   0.0124683  0.00112515
      4.4312           0   0.0129777  0.00109727
     4.61976  0.00589256  0.00870311 0.000989235
     4.80833   0.0432121  0.00248573 0.000539481
     4.99689           0 0.000303473 0.000165783
     5.18545           0 3.96497e-05 3.95881e-05
     5.37401           0           0           0
     5.56257           0           0           0
   0.0942809   0.0373195  0.00563107 0.000725794
    0.282843    0.063836   0.0412509  0.00236993
    0.471405  0.00982093     0.10777  0.00347669
    0.659966    0.378597    0.209776  0.00512837
    0.848528    0.225881    0.294979  0.00572837
     1.03709    0.665859    0.362532  0.00675166
     1.22565     0.34275    0.436326  0.00676842
     1.41421    0.525911    0.490342  0.00837948
     1.60278    0.336367    0.480038   0.0078876
     1.79134    0.536223    0.514068    0.007299
      1.9799    0.429175    0.398977  0.00647724
     2.16846    0.303958    0.405636  0.00619354
     2.35702    0.364356    0.358462  0.00774856
     2.54558    0.103611     0.30918  0.00902553
     2.73415    0.215569     0.23259  0.00598404
     2.92271    0.292173    0.167267  0.00474761
     3.11127    0.152224    0.149962  0.00446796
     3.29983    0.116869    0.108085  0.00345124
     3.48839    0.132583   0.0698304  0.00262328
     3.67696   0.0063836   0.0655767  0.00284214
     3.86552   0.0147314   0.0374716  0.00238933
     4.05408           0   0.0205327  0.00177167
     4.24264           0   0.0124297  0.00112233
      4.4312           0   0.0129375  0.00109461
     4.61976           0  0.00867617 0.000986539
     4.80833   0.0491046  0.00263006 0.000556783
     4.99689           0 0.000302533 0.000165272
     5.18545           0  3.9527e-05 3.94657e-05
     5.37401           0           0           0
     5.56257           0           0           0
   0.0942809           0  0.00561369 0.000723762
    0.282843    0.101647   0.0414373  0.00236994
    0.471405   0.0682554    0.107648   0.0034681
    0.659966    0.382034    0.210307  0.00514003
    0.848528    0.215078    0.294732  0.00571599
     1.03709    0.632959    0.363367  0.00678222
     1.22565    0.247487    0.435743  0.00677258
     1.41421    0.569614    0.490587  0.00835719
     1.60278    0.418863    0.479849  0.00786552
     1.79134    0.521491    0.514091  0.00727651
      1.9799    0.456673    0.399156  0.00645969
     2.16846    0.291191    0.405283  0.00618449
     2.35702    0.247978    0.358121  0.00773214
     2.54558    0.208695     0.30887    0.009003
     2.73415    0.234229    0.232595  0.00596557
     2.92271    0.227846    0.167454  0.00473664
     3.11127    0.208695    0.150143  0.00445785
     3.29983    0.121288    0.108126  0.00344083
     3.48839   0.0166956   0.0696664  0.00262031
     3.67696   0.0820047   0.0656274  0.00283382
     3.86552  0.00147314   0.0373604  0.00238453
     4.05408           0   0.0204694  0.00176733
     4.24264           0   0.0123913  0.00111952
      4.4312           0   0.0128975  0.00109196
     4.61976   0.0122762  0.00868728 0.000983557
     4.80833   0.0368285  0.00273561 0.000564981
     4.99689           0 0.000301599 0.000164765
     5.18545           0  3.9405e-05 3.93441e-05
     5.37401           0           0           0
     5.56257           0           0           0
   0.0942809           0  0.00559642 0.000721741
    0.282843   0.0982093    0.041612  0.00236908
    0.471405   0.0751301    0.107548  0.00345887
    0.659966    0.407568    0.210914  0.00515992
    0.848528    0.214096    0.294484  0.00570379
     1.03709    0.640816     0.36422  0.00681487
     1.22565    0.217534    0.435072  0.00678494
     1.41421    0.562739    0.490809  0.00833442
     1.60278    0.356991    0.479471  0.00785039
     1.79134    0.644744    0.514493  0.00726522
      1.9799    0.375159    0.399082  0.00644024
     2.16846    0.255344    0.404822  0.00618264
     2.35702    0.251907    0.357795  0.00771525
     2.54558    0.248469    0.308684  0.00897721
     2.73415    0.169902    0.232402  0.00595033
     2.92271    0.318198    0.167918  0.00474472
     3.11127    0.193472    0.150277  0.00444612
     3.29983    0.125708     0.10818  0.00343067
     3.48839   0.0171866    0.069505  0.00261721
     3.67696   0.0810227   0.0656748   0.0028255
     3.86552           0   0.0372455  0.00237997
     4.05408           0   0.0204064  0.00176302
     4.24264           0   0.0123532  0.00111673
      4.4312           0   0.0128579  0.00108932
     4.61976   0.0491046  0.00881164 0.000988362
     4.80833           0   0.0027272 0.000563305
     4.99689           0 0.000300671  0.00016426
     5.18545           0 3.92837e-05 3.92232e-05
     5.37401           0           0           0
     5.56257           0           0           0
   0.0942809           0  0.00557925 0.000719731
    0.282843   0.0495957   0.0416365  0.00236194
    0.471405    0.209677    0.107861  0.00346242
    0.659966    0.279896    0.211126  0.00514843
    0.848528    0.310341    0.294533   0.0056865
     1.03709    0.555373    0.364807  0.00681914
     1.22565    0.305431    0.434674  0.00677577
     1.41421    0.617245    0.491197  0.00831788
     1.60278    0.298065    0.478915  0.00784601
     1.79134    0.550954    0.514605  0.00724379
      1.9799    0.554391    0.399558  0.00643808
     2.16846    0.263201    0.404387  0.00617892
     2.35702    0.175795    0.357236  0.00771176
     2.54558    0.167938    0.308252  0.00896005
     2.73415     0.22048    0.232366  0.00593219
     2.92271    0.282843    0.168271  0.00474324
     3.11127    0.200347     0.15043  0.00443514
     3.29983   0.0942809    0.108137  0.00342041
     3.48839    0.114414   0.0696427  0.00261281
     3.67696  0.00392837   0.0654854  0.00282317
     3.86552           0   0.0371312  0.00237541
     4.05408           0   0.0203438  0.00175872
     4.24264           0   0.0123153  0.00111394
      4.4312           0   0.0128184  0.00108669
     4.61976   0.0491046  0.00893524 0.000993028
     4.80833           0  0.00271883  0.00056164
     4.99689           0 0.000299749 0.000163759
     5.18545           0 3.91632e-05 3.91031e-05
     5.37401           0           0           0
     5.56257           0           0           0
   0.0942809           0  0.00556219 0.000717733
    0.282843   0.0716928   0.0417284   0.0023565
    0.471405    0.153206       0.108   0.0034546
    0.659966    0.435558    0.211812  0.00517823
    0.848528    0.234229    0.294349   0.0056721
     1.03709    0.491046    0.365193  0.00680921
     1.22565    0.368285    0.434471  0.00675809
     1.41421    0.541624    0.491351  0.00829387
     1.60278    0.406095    0.478692  0.00782517
     1.79134     0.51167    0.514596  0.00722165
      1.9799    0.405604    0.399577  0.00641842
     2.16846    0.269093    0.403973  0.00617386
     2.35702    0.372704    0.357284  0.00768832
     2.54558    0.126199    0.307695  0.00894993
     2.73415    0.197401    0.232259  0.00591501
     2.92271    0.300029    0.168674  0.00474582
     3.11127    0.124235     0.15035   0.0044223
     3.29983   0.0505778    0.107961  0.00341447
     3.48839    0.137984   0.0698517  0.00261316
     3.67696   0.0569614   0.0654593  0.00281466
     3.86552           0   0.0370177  0.00237085
     4.05408           0   0.0202816  0.00175444
     4.24264           0   0.0122777  0.00111117
      4.4312           0   0.0127792  0.00108407
     4.61976   0.0491046  0.00905808  0.00099756
     4.80833           0  0.00271052 0.000559984
     4.99689           0 0.000298833 0.000163261
     5.18545           0 3.90434e-05 3.89837e-05
     5.37401           0           0           0
     5.56257           0           0           0
   0.0942809           0  0.00554523 0.000715745
    0.282843   0.0491046   0.0417509  0.00234942
    0.471405    0.142403    0.108105  0.00344566
    0.659966    0.415425    0.212433  0.00519952
    0.848528    0.288244     0.29433  0.00565484
     1.03709    0.442924     0.36543  0.00679257
     1.22565     0.54899     0.43482   0.0067465
     1.41421    0.551445    0.491534  0.00827061
     1.60278    0.371231    0.478365  0.00780817
     1.79134    0.373686    0.514166   0.0072124
      1.9799    0.489573    0.399851  0.00640471
     2.16846    0.267129    0.403556  0.00616912
     2.35702    0.316725     0.35716  0.00766587
     2.54558    0.063836    0.306952  0.00895347
     2.73415    0.200838    0.232163  0.00589776
     2.92271    0.387927    0.169342   0.0047782
     3.11127   0.0996824    0.150196  0.00441151
     3.29983     0.14535    0.108075  0.00340597
     3.48839   0.0206239   0.0697016   0.0026095
     3.67696   0.0540151   0.0654244  0.00280629
     3.86552  0.00785674   0.0369288  0.00236529
     4.05408   0.0171866   0.0202721  0.00174912
     4.24264           0   0.0122402  0.00110842
      4.4312           0   0.0127403  0.00108147
     4.61976   0.0491046  0.00918017  0.00100196
     4.80833           0  0.00270225 0.000558337
     4.99689           0 0.000297921 0.000162765
     5.18545           0 3.89244e-05  3.8865e-05
     5.37401           0           0           0
     5.56257           0           0           0
   0.0942809           0  0.00552838 0.000713768
    0.282843   0.0491046   0.0417733  0.00234239
    0.471405    0.174813    0.108308  0.00344115
    0.659966    0.237666     0.21251  0.00518428
    0.848528     0.44587    0.294791  0.00565638
     1.03709    0.427701    0.365619  0.00677456
     1.22565    0.676662    0.435555  0.00676592
     1.41421    0.485645    0.491517  0.00824549
     1.60278    0.300029    0.477822  0.00780323
     1.79134    0.386945    0.513779  0.00720083
      1.9799    0.434576    0.399957  0.00638611
     2.16846     0.28628      0.4032  0.00616066
     2.35702    0.340295    0.357109  0.00764275
     2.54558    0.108521    0.306349  0.00894655
     2.73415    0.242086    0.232193  0.00587991
     2.92271    0.288735    0.169705  0.00477743
     3.11127    0.142403    0.150172  0.00439817
     3.29983   0.0795495    0.107988  0.00339672
     3.48839    0.021606   0.0695555  0.00260566
     3.67696   0.0574524   0.0654002  0.00279787
     3.86552   0.0564703   0.0369882  0.00235885
     4.05408   0.0117851   0.0202463  0.00174399
     4.24264           0    0.012203  0.00110567
      4.4312           0   0.0127015  0.00107887
     4.61976   0.0289717  0.00924033  0.00100072
     4.80833   0.0201329  0.00275523 0.000559148
     4.99689           0 0.000297016 0.000162273
     5.18545           0 3.88061e-05 3.87471e-05
     5.37401           0           0           0
     5.56257           0           0           0
   0.0942809  0.00147314  0.00551609 0.000711711
    0.282843   0.0515599   0.0418029  0.00233548
    0.471405   0.0780764    0.108216  0.00343194
    0.659966    0.268111    0.212678  0.00517131
    0.848528    0.492028    0.295388  0.00567073
     1.03709    0.632468    0.366428  0.00680212
     1.22565    0.507251    0.435772   0.0067489
     1.41421    0.504305    0.491555  0.00822059
     1.60278    0.232756     0.47708  0.00781484
     1.79134    0.359446    0.513312  0.00719418
      1.9799    0.411988    0.399993  0.00636687
     2.16846    0.543097    0.403624  0.00615656
     2.35702    0.251416    0.356788  0.00762629
     2.54558    0.166465    0.305925  0.00892947
     2.73415    0.125217    0.231869  0.00587102
     2.92271    0.235702    0.169905  0.00476714
     3.11127    0.137984    0.150135  0.00438499
     3.29983   0.0707107    0.107875   0.0033883
     3.48839   0.0815137   0.0695917  0.00259802
     3.67696   0.0397748   0.0653226  0.00279047
     3.86552   0.0628539   0.0370666    0.002353
     4.05408           0    0.020185  0.00173978
     4.24264           0    0.012166  0.00110294
      4.4312           0    0.012663  0.00107629
     4.61976           0  0.00921233 0.000998081
     4.80833   0.0491046  0.00289569 0.000574823
     4.99689           0 0.000296116 0.000161784
     5.18545           0 3.86885e-05 3.86298e-05
     5.37401           0           0           0
     5.56257           0           0           0
   0.0942809           0  0.00549942 0.000709755
    0.282843   0.0491046    0.041825  0.00232853
    0.471405   0.0491046    0.108038  0.00342622
    0.659966    0.281861    0.212887  0.00515991
    0.848528    0.540151    0.296128   0.0057016
     1.03709    0.539169     0.36695  0.00680156
     1.22565    0.540642    0.436089  0.00673595
     1.41421    0.460602    0.491462  0.00819629
     1.60278    0.142403    0.476069  0.00785637
     1.79134    0.363865     0.51286   0.0071866
      1.9799    0.426719    0.400074  0.00634814
     2.16846    0.563721    0.404107  0.00615693
     2.35702    0.255835    0.356483  0.00760935
     2.54558    0.245523    0.305742  0.00890436
     2.73415    0.202311     0.23178  0.00585396
     2.92271    0.179723    0.169935  0.00475283
     3.11127    0.157135    0.150156   0.0043718
     3.29983    0.109012    0.107879  0.00337807
     3.48839   0.0756211   0.0696099  0.00259023
     3.67696   0.0225881   0.0651935  0.00278502
     3.86552   0.0491046   0.0371029  0.00234617
     4.05408           0    0.020124   0.0017356
     4.24264  0.00540151   0.0121456   0.0010998
      4.4312   0.0333912   0.0127257  0.00107486
     4.61976   0.0073657  0.00920675 0.000995081
     4.80833  0.00294628  0.00289584 0.000573087
     4.99689           0 0.000295221 0.000161298
     5.18545           0 3.85716e-05 3.85133e-05
     5.37401           0           0           0
     5.56257           0           0           0
   0.0942809           0  0.00548286 0.000707811
    0.282843   0.0491046   0.0418469  0.00232162
    0.471405   0.0491046     0.10786  0.00342049
    0.659966    0.296101    0.213138  0.00515045
    0.848528    0.437031    0.296552   0.0057002
     1.03709    0.568141    0.367556  0.00680802
     1.22565    0.584345    0.436536  0.00673044
     1.41421    0.437522    0.491299  0.00817321
     1.60278     0.21115    0.475271  0.00787313
     1.79134    0.351098    0.512373  0.00718145
      1.9799    0.419845    0.400133   0.0063293
     2.16846    0.561266    0.404581  0.00615655
     2.35702    0.227354    0.356094  0.00759636
     2.54558    0.191017    0.305397  0.00888424
     2.73415    0.275968    0.231913  0.00583784
     2.92271    0.151242    0.169878  0.00473885
     3.11127    0.179723    0.150245  0.00435954
     3.29983   0.0908436    0.107828  0.00336828
     3.48839    0.133565   0.0698025  0.00258958
     3.67696  0.00392837   0.0650089  0.00278274
     3.86552    0.053033   0.0371509   0.0023396
     4.05408  0.00540151   0.0200797  0.00173094
     4.24264  0.00687465   0.0121297   0.0010966
      4.4312   0.0127672   0.0127258  0.00107162
     4.61976  0.00392837  0.00919085 0.000992211
     4.80833  0.00294628  0.00289599 0.000571361
     4.99689           0 0.000294332 0.000160814
     5.18545           0 3.84554e-05 3.83975e-05
     5.37401           0           0           0
     5.56257           0           0           0
   0.0942809  0.00196419  0.00547229 0.000705764
    0.282843   0.0569614   0.0418923  0.00231509
    0.471405   0.0608898    0.107719  0.00341313
    0.659966    0.383507    0.213649  0.00516033
    0.848528    0.291191    0.296536  0.00568311
     1.03709    0.476315    0.367882   0.0067954
     1.22565     0.60546    0.437043  0.00672932
     1.41421    0.532294    0.491422  0.00814959
     1.60278    0.338822    0.474861  0.00786014
     1.79134    0.327528    0.511818  0.00718131
      1.9799    0.413952    0.400175  0.00631043
     2.16846    0.453727    0.404728  0.00613983
     2.35702    0.179723    0.355565  0.00759199
     2.54558    0.234229    0.305183  0.00886014
     2.73415     0.22539    0.231893  0.00582034
     2.92271     0.23472    0.170073  0.00472862
     3.11127    0.144368    0.150228  0.00434648
     3.29983    0.168429     0.10801  0.00336308
     3.48839   0.0864242   0.0698525  0.00258229
     3.67696  0.00392837   0.0648255  0.00278042
     3.86552   0.0540151   0.0372016  0.00233312
     4.05408  0.00245523   0.0200267  0.00172655
     4.24264  0.00196419   0.0120992  0.00109373
      4.4312  0.00294628   0.0126964  0.00106881
     4.61976  0.00392837  0.00917505 0.000989357
     4.80833   0.0181687  0.00294185 0.000571483
     4.99689           0 0.000293448 0.000160334
     5.18545           0   3.834e-05 3.82823e-05
     5.37401           0           0           0
     5.56257           0           0           0
   0.0942809           0  0.00545591 0.000703841
    0.282843   0.0491046   0.0419139  0.00230826
    0.471405   0.0903525    0.107667  0.00340331
    0.659966    0.318689    0.213964  0.00515446
    0.848528    0.293646    0.296527   0.0056661
     1.03709    0.453727    0.368139  0.00677991
     1.22565    0.543588    0.437362  0.00671673
     1.41421    0.494484    0.491432   0.0081252
     1.60278    0.575015    0.475161  0.00784232
     1.79134    0.245032    0.511019  0.00720409
      1.9799    0.366812    0.400075  0.00629233
     2.16846    0.494975    0.404999  0.00612739
     2.35702    0.301994    0.355404  0.00757096
     2.54558    0.148296    0.304713  0.00884605
     2.73415    0.124726    0.231572  0.00581175
     2.92271     0.26762    0.170365  0.00472347
     3.11127   0.0932988    0.150057  0.00433681
     3.29983    0.294628    0.108568  0.00339911
     3.48839   0.0491046   0.0697903  0.00257531
     3.67696           0   0.0646314  0.00277886
     3.86552   0.0491046   0.0372372  0.00232641
     4.05408  0.00343732   0.0199771  0.00172209
     4.24264   0.0456673   0.0121997  0.00109506
      4.4312           0   0.0126584  0.00106628
     4.61976           0  0.00914758 0.000986776
     4.80833           0  0.00293305  0.00056984
     4.99689           0  0.00029257 0.000159856
     5.18545           0 3.82252e-05 3.81679e-05
     5.37401           0           0           0
     5.56257           0           0           0
   0.0942809           0  0.00543962 0.000701929
    0.282843   0.0805316   0.0420292  0.00230424
    0.471405    0.139948    0.107763  0.00339451
    0.659966    0.336858    0.214331  0.00515211
    0.848528     0.42721    0.296917   0.0056626
     1.03709    0.332438    0.368033  0.00676051
     1.22565    0.491537    0.437524  0.00669863
     1.41421    0.435067    0.491263  0.00810269
     1.60278    0.486627    0.475195  0.00781899
     1.79134    0.301011    0.510392  0.00720981
      1.9799    0.471896    0.400289   0.0062772
     2.16846    0.499394     0.40528  0.00611558
     2.35702    0.209186    0.354968  0.00756093
     2.54558    0.127672    0.304185  0.00883542
     2.73415    0.136511    0.231289  0.00580133
     2.92271     0.22539    0.170529  0.00471223
     3.11127    0.179232    0.150144  0.00432474
     3.29983    0.275477    0.109067  0.00342528
     3.48839   0.0491046   0.0697286  0.00256836
     3.67696           0   0.0644385  0.00277726
     3.86552   0.0491046   0.0372726  0.00231973
     4.05408           0   0.0199174  0.00171798
     4.24264   0.0491046   0.0123099  0.00109732
      4.4312           0   0.0126206  0.00106377
     4.61976           0  0.00912027 0.000984208
     4.80833           0  0.00292429 0.000568206
     4.99689           0 0.000291696 0.000159381
     5.18545           0 3.81111e-05 3.80541e-05
     5.37401           0           0           0
     5.56257           0           0           0
   0.0942809   0.0333912  0.00552281 0.000704752
    0.282843   0.0648181    0.042097  0.00229838
    0.471405     0.10803    0.107764  0.00338441
    0.659966      0.3236    0.214656  0.00514703
    0.848528    0.422791    0.297292  0.00565812
     1.03709    0.299538    0.367829  0.00674346
     1.22565    0.399712    0.437411  0.00667964
     1.41421    0.475333    0.491216  0.00807871
     1.60278    0.494975    0.475254  0.00779594
     1.79134    0.403149    0.510073  0.00719542
      1.9799    0.520509    0.400647   0.0062687
     2.16846    0.497921    0.405556  0.00610359
     2.35702    0.185616    0.354464  0.00755521
     2.54558    0.141912    0.303702  0.00882231
     2.73415    0.116378    0.230947  0.00579414
     2.92271    0.240122    0.170737  0.00470275
     3.11127    0.174813    0.150218  0.00431249
     3.29983    0.207713     0.10936  0.00342765
     3.48839    0.094772   0.0698031   0.0025618
     3.67696           0   0.0642467   0.0027756
     3.86552   0.0491046   0.0373078   0.0023131
     4.05408   0.0481225   0.0200014  0.00171492
     4.24264 0.000982093   0.0122762  0.00109457
      4.4312           0   0.0125831  0.00106127
     4.61976           0  0.00909313 0.000981653
     4.80833           0  0.00291559 0.000566581
     4.99689           0 0.000290828 0.000158909
     5.18545           0 3.79976e-05  3.7941e-05
     5.37401           0           0           0
     5.56257           0           0           0
   0.0942809   0.0329001  0.00560405 0.000707327
    0.282843   0.0653092   0.0421659   0.0022926
    0.471405    0.167447    0.107941    0.003379
    0.659966     0.22539    0.214688  0.00513186
    0.848528    0.504796    0.297908  0.00567474
     1.03709     0.30494    0.367642  0.00672604
     1.22565    0.489082    0.437565  0.00666158
     1.41421    0.340295    0.490768  0.00806714
     1.60278    0.499394    0.475326  0.00777313
     1.79134    0.464039    0.509936  0.00717536
      1.9799    0.423773    0.400716  0.00625048
     2.16846    0.472878    0.405756  0.00608875
     2.35702    0.194454    0.353989  0.00754769
     2.54558    0.138966    0.303213  0.00880966
     2.73415    0.157135    0.230728  0.00578108
     2.92271    0.282352    0.171068  0.00470044
     3.11127   0.0982093    0.150063  0.00430245
     3.29983    0.185616    0.109586  0.00342494
     3.48839    0.158117   0.0700652  0.00256756
     3.67696           0   0.0640561  0.00277391
     3.86552   0.0491046   0.0373428   0.0023065
     4.05408   0.0491046   0.0200877    0.001712
     4.24264           0   0.0122397  0.00109193
      4.4312           0   0.0125457  0.00105877
     4.61976           0  0.00906614 0.000979111
     4.80833           0  0.00290694 0.000564966
     4.99689           0 0.000289965  0.00015844
     5.18545           0 3.78849e-05 3.78286e-05
     5.37401           0           0           0
     5.56257           0           0           0
   0.0942809           0  0.00558747 0.000705429
    0.282843   0.0682554   0.0422431  0.00228711
    0.471405    0.150751    0.108068  0.00337137
    0.659966    0.254362    0.214805  0.00511801
    0.848528     0.47386    0.298428  0.00568178
     1.03709    0.351098    0.367593  0.00670631
     1.22565    0.481225    0.437694  0.00664312
     1.41421    0.357482    0.490374  0.00805291
     1.60278    0.426228     0.47518  0.00775149
     1.79134    0.540151    0.510026  0.00715469
      1.9799    0.503814    0.401021  0.00623942
     2.16846     0.29561     0.40543  0.00607945
     2.35702    0.317216     0.35388  0.00752615
     2.54558    0.101156    0.302615  0.00880386
     2.73415    0.188562    0.230603  0.00576532
     2.92271    0.305431    0.171465  0.00470332
     3.11127   0.0726749    0.149835  0.00429581
     3.29983    0.166956    0.109756  0.00341901
     3.48839    0.137984   0.0702661  0.00256782
     3.67696    0.010803   0.0638985  0.00277017
     3.86552   0.0687465   0.0374357  0.00230154
     4.05408   0.0309359   0.0201198  0.00170724
     4.24264           0   0.0122035   0.0010893
      4.4312           0   0.0125086  0.00105629
     4.61976           0  0.00903932 0.000976582
     4.80833           0  0.00289834  0.00056336
     4.99689           0 0.000289107 0.000157974
     5.18545           0 3.77728e-05 3.77169e-05
     5.37401           0           0           0
     5.56257           0           0           0
   0.0942809           0  0.00557099 0.000703541
    0.282843   0.0594166   0.0422937  0.00228093
    0.471405    0.209677    0.108368  0.00337472
    0.659966    0.187089    0.214723  0.00510357
    0.848528    0.432121    0.298823  0.00567869
     1.03709    0.335385    0.367498  0.00668721
     1.22565    0.438995    0.437698  0.00662352
     1.41421    0.540642    0.490522  0.00803052
     1.60278    0.428683    0.475043  0.00772984
     1.79134    0.496939    0.509987  0.00713369
      1.9799    0.542115    0.401437  0.00623488
     2.16846    0.356991    0.405287  0.00606319
     2.35702    0.130618    0.353222  0.00753271
     2.54558    0.250434    0.302461  0.00877923
     2.73415     0.15959    0.230393  0.00575212
     2.92271    0.293155    0.171824  0.00470312
     3.11127   0.0903525    0.149659  0.00428672
     3.29983     0.15468    0.109889  0.00341149
     3.48839   0.0491046   0.0702037    0.002561
     3.67696           0     0.06371   0.0027684
     3.86552    0.147314   0.0377599  0.00231747
     4.05408           0   0.0200605  0.00170324
     4.24264           0   0.0121675  0.00108668
      4.4312           0   0.0124717  0.00105382
     4.61976           0  0.00901266 0.000974065
     4.80833           0  0.00288979 0.000561763
     4.99689           0 0.000288254  0.00015751
     5.18545           0 3.76614e-05 3.76058e-05
     5.37401           0           0           0
     5.56257           0           0           0
   0.0942809           0   0.0055546 0.000701662
    0.282843   0.0491046   0.0423138  0.00227431
    0.471405    0.189544    0.108606  0.00337323
    0.659966     0.21115    0.214713  0.00508857
    0.848528    0.481716    0.299361   0.0056874
     1.03709    0.303958    0.367311  0.00667015
     1.22565    0.571087     0.43809  0.00661565
     1.41421    0.408551    0.490281  0.00801052
     1.60278    0.526402    0.475194  0.00770858
     1.79134    0.318198    0.509423  0.00713497
      1.9799    0.581399    0.401966  0.00623897
     2.16846    0.400694    0.405274  0.00604537
     2.35702    0.139457    0.352593  0.00753674
     2.54558    0.266147    0.302355  0.00875406
     2.73415   0.0972272    0.230002  0.00574852
     2.92271     0.22981    0.171995  0.00469238
     3.11127     0.18316    0.149758  0.00427524
     3.29983    0.101647    0.109864  0.00340154
     3.48839   0.0687465   0.0701994  0.00255347
     3.67696   0.0279896   0.0636049  0.00276226
     3.86552    0.147314   0.0380821  0.00233294
     4.05408           0   0.0200015  0.00169925
     4.24264           0   0.0121317  0.00108408
      4.4312           0    0.012435  0.00105136
     4.61976           0  0.00898615 0.000971561
     4.80833           0  0.00288129 0.000560175
     4.99689           0 0.000287407 0.000157049
     5.18545           0 3.75506e-05 3.74953e-05
     5.37401           0           0           0
     5.56257           0           0           0
   0.0942809           0  0.00553831 0.000699794
    0.282843   0.0559793   0.0423538  0.00226799
    0.471405     0.18758    0.108838  0.00337128
    0.659966     0.13602    0.214482  0.00507888
    0.848528     0.46453    0.299845  0.00569131
     1.03709    0.420336    0.367467   0.0066524
     1.22565    0.589256    0.438533  0.00661109
     1.41421    0.266147    0.489624  0.00801394
     1.60278    0.665859    0.475753  0.00770623
     1.79134    0.300029    0.508809  0.00714043
      1.9799    0.494975    0.402239  0.00622663
     2.16846      0.4881    0.405516  0.00603252
     2.35702    0.152715    0.352007   0.0075374
     2.54558    0.276459    0.302279  0.00872872
     2.73415   0.0196419    0.229385  0.00576467
     2.92271    0.219498    0.172134  0.00468069
     3.11127    0.137984    0.149723  0.00426285
     3.29983    0.167447    0.110033  0.00339575
     3.48839   0.0643271   0.0701822  0.00254604
     3.67696   0.0491046   0.0635624  0.00275448
     3.86552    0.147314   0.0384024  0.00234799
     4.05408           0   0.0199428  0.00169528
     4.24264           0   0.0120962  0.00108148
      4.4312           0   0.0123986  0.00104891
     4.61976           0   0.0089598 0.000969069
     4.80833           0  0.00287284 0.000558596
     4.99689           0 0.000286564 0.000156591
     5.18545           0 3.74405e-05 3.73855e-05
     5.37401           0           0           0
     5.56257           0           0           0
   0.0942809           0  0.00552212 0.000697935
    0.282843    0.063345   0.0424152  0.00226219
    0.471405    0.161063    0.108991  0.00336488
    0.659966    0.191999    0.214416  0.00506445
    0.848528    0.378597    0.300075  0.00567933
     1.03709    0.448816    0.367705   0.0066372
     1.22565    0.577962    0.438941  0.00660431
     1.41421    0.423282     0.48943  0.00799286
     1.60278    0.512652    0.475861  0.00768445
     1.79134    0.461584    0.508671  0.00712088
      1.9799    0.499394    0.402523  0.00621491
     2.16846    0.416407    0.405548  0.00601497
     2.35702    0.153206    0.351426  0.00753774
     2.54558    0.164009    0.301874  0.00871256
     2.73415   0.0893704    0.228975  0.00576233
     2.92271    0.221462    0.172278  0.00466922
     3.11127    0.116378    0.149626   0.0042515
     3.29983    0.208695    0.110322  0.00339806
     3.48839   0.0186598   0.0700315  0.00254305
     3.67696   0.0987003   0.0636652  0.00274834
     3.86552   0.0977182   0.0385759  0.00234752
     4.05408           0   0.0198845  0.00169132
     4.24264           0   0.0120608   0.0010789
      4.4312           0   0.0123623  0.00104647
     4.61976           0   0.0089336 0.000966589
     4.80833           0  0.00286444 0.000557026
     4.99689           0 0.000285726 0.000156135
     5.18545           0  3.7331e-05 3.72764e-05
     5.37401           0           0           0
     5.56257           0           0           0
   0.0942809           0  0.00550602 0.000696086
    0.282843   0.0491046   0.0424347  0.00225568
    0.471405    0.113923    0.109005   0.0033551
    0.659966    0.159099    0.214255  0.00505225
    0.848528    0.425737    0.300442  0.00567458
     1.03709     0.31427    0.367549  0.00661968
     1.22565    0.524929    0.439192  0.00658982
     1.41421     0.65211    0.489904  0.00798362
     1.60278    0.594657    0.476208  0.00766985
     1.79134    0.287262    0.508025  0.00712932
      1.9799    0.518054     0.40286  0.00620591
     2.16846    0.331456    0.405332  0.00600131
     2.35702    0.343241    0.351402   0.0075158
     2.54558    0.113923    0.301326  0.00870437
     2.73415    0.203293    0.228901  0.00574602
     2.92271    0.155662     0.17223  0.00465586
     3.11127    0.157135    0.149647  0.00423916
     3.29983    0.113923    0.110332  0.00338817
     3.48839   0.0500867   0.0699734   0.0025363
     3.67696    0.152715   0.0639248  0.00275257
     3.86552    0.042721   0.0385879  0.00234071
     4.05408           0   0.0198265  0.00168738
     4.24264           0   0.0120256  0.00107632
      4.4312           0   0.0123263  0.00104404
     4.61976           0  0.00890755 0.000964122
     4.80833           0  0.00285609 0.000555465
     4.99689           0 0.000284893 0.000155682
     5.18545           0 3.72222e-05 3.71679e-05
     5.37401           0           0           0
     5.56257           0           0           0
   0.0942809           0  0.00549001 0.000694246
    0.282843   0.0491046   0.0424541   0.0022492
    0.471405    0.147314    0.109117   0.0033472
    0.659966    0.171375     0.21413  0.00503911
    0.848528    0.422791    0.300797  0.00566922
     1.03709     0.27204    0.367271  0.00660625
     1.22565     0.47386    0.439292  0.00657143
     1.41421    0.646708     0.49036  0.00797341
     1.60278    0.674207    0.476783  0.00766912
     1.79134     0.36583    0.507612  0.00712057
      1.9799    0.458637    0.403022  0.00618998
     2.16846    0.304449    0.405039  0.00599102
     2.35702    0.416898    0.351592  0.00749637
     2.54558    0.063836    0.300636   0.0087064
     2.73415    0.138966    0.228639  0.00573526
     2.92271    0.158608     0.17219   0.0046425
     3.11127    0.156153    0.149666  0.00422688
     3.29983    0.137002     0.11041   0.0033792
     3.48839   0.0977182    0.070054  0.00253021
     3.67696    0.147805   0.0641686  0.00275534
     3.86552           0   0.0384758  0.00233659
     4.05408           0   0.0197689  0.00168346
     4.24264           0   0.0119907  0.00107376
      4.4312           0   0.0122904  0.00104162
     4.61976           0  0.00888166 0.000961667
     4.80833           0  0.00284778 0.000553912
     4.99689           0 0.000284065 0.000155232
     5.18545           0  3.7114e-05   3.706e-05
     5.37401           0           0           0
     5.56257           0           0           0
   0.0942809           0   0.0054741 0.000692416
    0.282843   0.0196419    0.042388  0.00224365
    0.471405    0.176777    0.109313  0.00334323
    0.659966    0.173339    0.214012  0.00502589
    0.848528    0.388909    0.301053  0.00565853
     1.03709    0.335385    0.367179  0.00658775
     1.22565    0.475333    0.439397  0.00655321
     1.41421    0.711035    0.490999  0.00797591
     1.60278    0.640816    0.477259  0.00766161
     1.79134    0.388418    0.507267   0.0071083
      1.9799    0.339313    0.402837   0.0061748
     2.16846    0.367794    0.404931  0.00597463
     2.35702    0.355027    0.351602  0.00747464
     2.54558   0.0967361    0.300045   0.0087012
     2.73415   0.0982093    0.228261  0.00573108
     2.92271    0.149278    0.172124  0.00462951
     3.11127    0.176286    0.149744  0.00421533
     3.29983     0.15959    0.110552  0.00337241
     3.48839    0.104102   0.0701527   0.0025248
     3.67696    0.147314   0.0644096  0.00275788
     3.86552           0   0.0383642  0.00233248
     4.05408           0   0.0197116  0.00167956
     4.24264           0   0.0119559  0.00107121
      4.4312           0   0.0122548  0.00103921
     4.61976           0  0.00885591 0.000959224
     4.80833           0  0.00283953 0.000552368
     4.99689           0 0.000283241 0.000154784
     5.18545           0 3.70064e-05 3.69527e-05
     5.37401           0           0           0
     5.56257           0           0           0
   0.0942809           0  0.00545828 0.000690596
    0.282843  0.00834779   0.0422896  0.00223933
    0.471405    0.193472    0.109556  0.00334241
    0.659966    0.203784    0.213983  0.00501145
    0.848528    0.415425    0.301383  0.00565183
     1.03709    0.341768    0.367105  0.00656912
     1.22565    0.490064    0.439543  0.00653591
     1.41421    0.557829    0.491193   0.0079552
     1.60278    0.567159    0.477518  0.00764387
     1.79134    0.567159     0.50744  0.00708987
      1.9799    0.359446    0.402712  0.00615822
     2.16846    0.269093    0.404538  0.00597025
     2.35702    0.418372    0.351795  0.00745553
     2.54558    0.109503    0.299494  0.00869346
     2.73415    0.103611    0.227901  0.00572583
     2.92271    0.111959     0.17195   0.0046194
     3.11127    0.191999    0.149866  0.00420492
     3.29983     0.15468     0.11068  0.00336508
     3.48839    0.136511   0.0703445  0.00252478
     3.67696     0.10312   0.0645215  0.00275217
     3.86552           0   0.0382534  0.00232837
     4.05408           0   0.0196546  0.00167567
     4.24264           0   0.0119214  0.00106867
      4.4312           0   0.0122194  0.00103681
     4.61976           0  0.00883032 0.000956793
     4.80833           0  0.00283132 0.000550832
     4.99689           0 0.000282423 0.000154339
     5.18545           0 3.68994e-05 3.68461e-05
     5.37401           0           0           0
     5.56257           0           0           0
   0.0942809           0  0.00544255 0.000688785
    0.282843   0.0240613   0.0422371  0.00223349
    0.471405    0.103611    0.109539  0.00333282
    0.659966    0.242577    0.214065  0.00499768
    0.848528    0.353553    0.301534  0.00563754
     1.03709    0.394801    0.367185  0.00655067
     1.22565    0.540151    0.439833   0.0065235
     1.41421    0.582381    0.491455  0.00793661
     1.60278    0.525911    0.477658  0.00762312
     1.79134    0.456673    0.507293  0.00707095
      1.9799    0.437522    0.402812  0.00614129
     2.16846    0.316234    0.404284  0.00595846
     2.35702    0.368776    0.351844  0.00743421
     2.54558     0.15026    0.299064  0.00867904
     2.73415   0.0225881    0.227309  0.00573982
     2.92271    0.158608    0.171912  0.00460625
     3.11127    0.232756    0.150105  0.00419958
     3.29983   0.0982093    0.110644  0.00335557
     3.48839    0.165483   0.0706187  0.00253234
     3.67696    0.129145   0.0647077  0.00275054
     3.86552           0   0.0381431  0.00232427
     4.05408           0    0.019598   0.0016718
     4.24264           0    0.011887  0.00106615
      4.4312           0   0.0121842  0.00103442
     4.61976           0  0.00880487 0.000954374
     4.80833           0  0.00282316 0.000549305
     4.99689           0 0.000281609 0.000153896
     5.18545           0 3.67931e-05   3.674e-05
     5.37401           0           0           0
     5.56257           0           0           0
   0.0942809           0  0.00542691 0.000686983
    0.282843   0.0206239    0.042175  0.00222793
    0.471405    0.104102    0.109523  0.00332328
    0.659966    0.185616    0.213983  0.00498399
    0.848528    0.324091    0.301598  0.00562171
     1.03709    0.579435    0.367795  0.00656018
     1.22565    0.327528     0.43951  0.00651273
     1.41421     0.60988    0.491796   0.0079211
     1.60278    0.603496     0.47802  0.00760978
     1.79134    0.564212    0.507457  0.00705252
      1.9799    0.320162    0.402575  0.00612824
     2.16846    0.345206    0.404114  0.00594376
     2.35702    0.264183    0.351592  0.00741711
     2.54558    0.175304    0.298709  0.00866138
     2.73415    0.148787    0.227084  0.00572776
     2.92271    0.157135    0.171869  0.00459321
     3.11127    0.180705    0.150192  0.00418843
     3.29983   0.0982093    0.110608  0.00334612
     3.48839    0.147314   0.0708391  0.00253464
     3.67696    0.147314   0.0649451  0.00275286
     3.86552           0   0.0380335  0.00232017
     4.05408           0   0.0195417  0.00166794
     4.24264           0   0.0118528  0.00106363
      4.4312           0   0.0121492  0.00103204
     4.61976           0  0.00877957 0.000951967
     4.80833           0  0.00281505 0.000547787
     4.99689           0   0.0002808 0.000153456
     5.18545           0 3.66874e-05 3.66346e-05
     5.37401           0           0           0
     5.56257           0           0           0
   0.0942809           0  0.00541136  0.00068519
    0.282843   0.0176777   0.0421048  0.00222266
    0.471405    0.125217    0.109568  0.00331406
    0.659966    0.177268    0.213878  0.00497082
    0.848528    0.247487    0.301443  0.00560774
     1.03709    0.574033    0.368386  0.00656795
     1.22565    0.380561    0.439342  0.00649626
     1.41421    0.602023    0.492111   0.0079047
     1.60278    0.630995    0.478458  0.00760059
     1.79134    0.456182     0.50731  0.00703384
      1.9799    0.399712    0.402567  0.00611068
     2.16846     0.34275    0.403938  0.00592933
     2.35702    0.273022    0.351367  0.00739927
     2.54558    0.172357    0.298347  0.00864413
     2.73415    0.203293    0.227015  0.00571175
     2.92271    0.134547    0.171762  0.00458129
     3.11127    0.173339    0.150259  0.00417695
     3.29983   0.0996824    0.110577  0.00333668
     3.48839    0.113432   0.0709611  0.00253031
     3.67696    0.156153   0.0652065  0.00275735
     3.86552   0.0235702   0.0379921  0.00231389
     4.05408           0   0.0194857   0.0016641
     4.24264           0   0.0118189  0.00106112
      4.4312           0   0.0121144  0.00102966
     4.61976           0  0.00875441 0.000949572
     4.80833           0  0.00280698 0.000546277
     4.99689           0 0.000279995 0.000153019
     5.18545           0 3.65823e-05 3.65298e-05
     5.37401           0           0           0
     5.56257           0           0           0
   0.0942809           0   0.0053959 0.000683407
    0.282843   0.0569614   0.0421472  0.00221671
    0.471405    0.116869    0.109589  0.00330466
    0.659966      0.1316    0.213643  0.00496217
    0.848528    0.275968    0.301371  0.00559219
     1.03709    0.573542    0.368972  0.00657529
     1.22565    0.306904    0.438963  0.00648871
     1.41421    0.801388    0.492995  0.00793135
     1.60278    0.547026    0.478654   0.0075814
     1.79134    0.590729    0.507548  0.00701778
      1.9799     0.21606    0.402034  0.00611641
     2.16846     0.32851    0.403723   0.0059163
     2.35702    0.286771    0.351182  0.00738044
     2.54558    0.207222    0.298086  0.00862335
     2.73415    0.189053    0.226907  0.00569646
     2.92271   0.0800406      0.1715  0.00457569
     3.11127     0.17825    0.150339  0.00416578
     3.29983    0.129145     0.11063  0.00332757
     3.48839     0.12178   0.0711063  0.00252725
     3.67696    0.101156   0.0653092  0.00275138
     3.86552   0.0643271   0.0380673  0.00230851
     4.05408           0     0.01943  0.00166028
     4.24264           0   0.0117851  0.00105863
      4.4312           0   0.0120797   0.0010273
     4.61976           0   0.0087294 0.000947188
     4.80833           0  0.00279896 0.000544775
     4.99689           0 0.000279195 0.000152583
     5.18545           0 3.64777e-05 3.64256e-05
     5.37401           0           0           0
     5.56257           0           0           0
   0.0942809           0  0.00538053 0.000681633
    0.282843   0.0491046    0.042167  0.00221048
    0.471405     0.11736    0.109611  0.00329532
    0.659966   0.0869152    0.213282  0.00496115
    0.848528    0.282352    0.301316  0.00557652
     1.03709    0.447343    0.369196  0.00656034
     1.22565    0.445379    0.438981  0.00647025
     1.41421    0.773889    0.493795  0.00794902
     1.60278    0.612826    0.479036  0.00756943
     1.79134    0.535241    0.507627  0.00699823
      1.9799    0.234229    0.401556  0.00611764
     2.16846    0.402658     0.40372  0.00589945
     2.35702    0.235702    0.350853  0.00736674
     2.54558    0.179723    0.297749  0.00860538
     2.73415    0.207222    0.226851  0.00568051
     2.92271    0.104102    0.171308  0.00456668
     3.11127    0.147314     0.15033  0.00415393
     3.29983    0.179232    0.110825  0.00332382
     3.48839   0.0893704   0.0711584  0.00252058
     3.67696   0.0859331   0.0653679  0.00274417
     3.86552   0.0874063   0.0382079   0.0023062
     4.05408           0   0.0193746  0.00165647
     4.24264           0   0.0117515  0.00105615
      4.4312           0   0.0120453  0.00102495
     4.61976           0  0.00870453 0.000944816
     4.80833           0  0.00279099 0.000543281
     4.99689           0   0.0002784 0.000152151
     5.18545           0 3.63738e-05  3.6322e-05
     5.37401           0           0           0
     5.56257           0           0           0
   0.0942809           0  0.00536524 0.000679868
    0.282843   0.0491046   0.0421867  0.00220429
    0.471405    0.127672    0.109662  0.00328636
    0.659966    0.146823    0.213093  0.00495065
    0.848528    0.324091    0.301381  0.00556105
     1.03709    0.402167    0.369289  0.00654237
     1.22565    0.530821    0.439242  0.00645713
     1.41421    0.547517    0.493948  0.00792791
     1.60278    0.660457    0.479551  0.00756545
     1.79134    0.515599     0.50765  0.00697839
      1.9799    0.143386    0.400822  0.00614407
     2.16846    0.528366    0.404074  0.00589331
     2.35702    0.238649    0.350535   0.0073527
     2.54558    0.219007    0.297525  0.00858384
     2.73415    0.111959    0.226524  0.00567374
     2.92271    0.206731    0.171409  0.00455481
     3.11127    0.176286    0.150404  0.00414278
     3.29983    0.171866    0.110999   0.0033189
     3.48839   0.0829868    0.071192  0.00251364
     3.67696     0.10312   0.0654752  0.00273847
     3.86552   0.0166956   0.0381468  0.00230046
     4.05408           0   0.0193196  0.00165268
     4.24264           0   0.0117182  0.00105367
      4.4312           0   0.0120111  0.00102261
     4.61976           0   0.0086798 0.000942455
     4.80833           0  0.00278306 0.000541795
     4.99689           0 0.000277609 0.000151721
     5.18545           0 3.62705e-05 3.62189e-05
     5.37401           0           0           0
     5.56257           0           0           0
   0.0942809           0  0.00535004 0.000678112
    0.282843    0.063836   0.0422481   0.0021989
    0.471405    0.149769    0.109776  0.00327901
    0.659966   0.0824958    0.212723  0.00495043
    0.848528    0.252889    0.301244    0.005547
     1.03709    0.617245    0.369992  0.00656144
     1.22565    0.432612    0.439224  0.00643886
     1.41421     0.50676    0.493984  0.00790553
     1.60278    0.501849    0.479615  0.00754429
     1.79134    0.532785    0.507721  0.00695898
      1.9799    0.333912    0.400633  0.00612959
     2.16846    0.505287    0.404361  0.00588358
     2.35702    0.134056    0.349921   0.0073574
     2.54558    0.293646    0.297514  0.00855953
     2.73415    0.116869    0.226214  0.00566617
     2.92271     0.23914    0.171601  0.00454595
     3.11127    0.168429    0.150455  0.00413136
     3.29983    0.202802    0.111259  0.00331967
     3.48839   0.0913346    0.071249  0.00250717
     3.67696   0.0775853   0.0655095  0.00273093
     3.86552           0   0.0380387  0.00229648
     4.05408           0   0.0192649   0.0016489
     4.24264           0    0.011685  0.00105121
      4.4312           0   0.0119771  0.00102028
     4.61976           0  0.00865521 0.000940106
     4.80833           0  0.00277518 0.000540318
     4.99689           0 0.000276822 0.000151293
     5.18545           0 3.61677e-05 3.61165e-05
     5.37401           0           0           0
     5.56257           0           0           0
   0.0942809           0  0.00533493 0.000676365
    0.282843   0.0564703   0.0422882  0.00219306
    0.471405    0.184633    0.109987  0.00327656
    0.659966   0.0225881    0.212186   0.0049655
    0.848528    0.244541    0.301084  0.00553364
     1.03709    0.563721    0.370539  0.00656569
     1.22565    0.546044    0.439525  0.00642774
     1.41421    0.514617    0.494043  0.00788341
     1.60278    0.318198    0.479159  0.00753674
     1.79134    0.488591    0.507667  0.00693953
      1.9799    0.473369    0.400838  0.00611572
     2.16846    0.551936    0.404778  0.00588171
     2.35702    0.129636    0.349299  0.00736289
     2.54558    0.285789    0.297481  0.00853541
     2.73415    0.217534    0.226189  0.00565021
     2.92271    0.223426    0.171747  0.00453547
     3.11127     0.21606     0.15064  0.00412384
     3.29983    0.118833     0.11128  0.00331036
     3.48839   0.0982093   0.0713252  0.00250124
     3.67696   0.0491046   0.0654631   0.0027236
     3.86552           0   0.0379313  0.00229251
     4.05408           0   0.0192105  0.00164514
     4.24264           0   0.0116519  0.00104876
      4.4312           0   0.0119432  0.00101796
     4.61976           0  0.00863076 0.000937768
     4.80833           0  0.00276734 0.000538849
     4.99689           0  0.00027604 0.000150868
     5.18545           0 3.60656e-05 3.60146e-05
     5.37401           0           0           0
     5.56257           0           0           0
   0.0942809           0   0.0053199 0.000674626
    0.282843   0.0549972    0.042324  0.00218717
    0.471405    0.171375     0.11016  0.00327189
    0.659966    0.109994    0.211898  0.00495985
    0.848528    0.301502    0.301085  0.00551805
     1.03709     0.47386     0.37083  0.00655364
     1.22565    0.635905    0.440079   0.0064334
     1.41421    0.450781    0.493921  0.00786215
     1.60278    0.176777    0.478307  0.00756349
     1.79134    0.675189    0.508139  0.00693601
      1.9799    0.307395    0.400575  0.00610415
     2.16846    0.527384    0.405123  0.00587528
     2.35702    0.171866    0.348799  0.00735909
     2.54558    0.307886     0.29751  0.00851142
     2.73415    0.180705    0.226061  0.00563575
     2.92271    0.315252    0.172151  0.00454067
     3.11127    0.237175    0.150884  0.00411942
     3.29983   0.0662913    0.111154  0.00330346
     3.48839   0.0898615   0.0713774  0.00249474
     3.67696   0.0491046   0.0654171  0.00271632
     3.86552           0   0.0378244  0.00228854
     4.05408           0   0.0191563   0.0016414
     4.24264           0   0.0116191  0.00104632
      4.4312           0   0.0119096  0.00101565
     4.61976           0  0.00860645 0.000935442
     4.80833           0  0.00275954 0.000537387
     4.99689           0 0.000275263 0.000150445
     5.18545           0  3.5964e-05 3.59133e-05
     5.37401           0           0           0
     5.56257           0           0           0
   0.0942809           0  0.00530496 0.000672897
    0.282843   0.0869152   0.0424493  0.00218461
    0.471405    0.094772    0.110117  0.00326298
    0.659966    0.137493    0.211689  0.00495032
    0.848528    0.400694    0.301365  0.00550964
     1.03709    0.443415    0.371034   0.0065384
     1.22565    0.733623    0.440903  0.00646795
     1.41421    0.367303    0.493565   0.0078481
     1.60278    0.300029    0.477806  0.00755881
     1.79134    0.623138    0.508462  0.00692404
      1.9799    0.291682    0.400269  0.00609466
     2.16846    0.340295    0.404941  0.00586159
     2.35702    0.225881    0.348454  0.00734652
     2.54558    0.377615    0.297735  0.00849048
     2.73415    0.143877     0.22583  0.00562464
     2.92271    0.301011    0.172513  0.00454232
     3.11127    0.154189    0.150893  0.00410786
     3.29983   0.0996824    0.111121  0.00329434
     3.48839    0.132583   0.0715493  0.00249365
     3.67696   0.0491046   0.0653712  0.00270908
     3.86552           0   0.0377182  0.00228457
     4.05408           0   0.0191025  0.00163767
     4.24264           0   0.0115865  0.00104389
      4.4312           0   0.0118761  0.00101335
     4.61976           0  0.00858228 0.000933127
     4.80833           0  0.00275179 0.000535933
     4.99689           0 0.000274489 0.000150024
     5.18545           0 3.58629e-05 3.58125e-05
     5.37401           0           0           0
     5.56257           0           0           0
   0.0942809           0   0.0052901 0.000671176
    0.282843   0.0854421   0.0425697  0.00218181
    0.471405   0.0677644    0.109999    0.003256
    0.659966    0.123253    0.211442  0.00494264
    0.848528     0.47877    0.301861  0.00551657
     1.03709    0.445379    0.371242   0.0065234
     1.22565    0.653092    0.441497  0.00647708
     1.41421    0.343241    0.493144  0.00783741
     1.60278    0.332929      0.4774  0.00754852
     1.79134     0.59613    0.508708    0.006909
      1.9799    0.307395    0.400009  0.00608314
     2.16846    0.320653    0.404705  0.00584993
     2.35702    0.237666    0.348144  0.00733249
     2.54558    0.473369    0.298227  0.00848094
     2.73415    0.121288    0.225537  0.00561651
     2.92271    0.359937    0.173038  0.00455983
     3.11127    0.104593    0.150764   0.0040984
     3.29983   0.0996824    0.111089  0.00328527
     3.48839   0.0928078   0.0716089  0.00248738
     3.67696   0.0599077   0.0653559  0.00270153
     3.86552           0   0.0376125  0.00228062
     4.05408           0    0.019049  0.00163396
     4.24264           0    0.011554  0.00104147
      4.4312           0   0.0118429  0.00101105
     4.61976           0  0.00855824 0.000930822
     4.80833           0  0.00274408 0.000534488
     4.99689           0 0.000273721 0.000149606
     5.18545           0 3.57625e-05 3.57124e-05
     5.37401           0           0           0
     5.56257           0           0           0
   0.0942809           0  0.00527532 0.000669464
    0.282843   0.0628539   0.0426264  0.00217645
    0.471405     0.08446    0.109927  0.00324768
    0.659966    0.181196    0.211357  0.00492956
    0.848528    0.301011    0.301859  0.00550116
     1.03709    0.640324    0.371994  0.00654834
     1.22565    0.618227    0.441991  0.00647778
     1.41421     0.30985    0.492632  0.00783222
     1.60278    0.509706     0.47749  0.00752797
     1.79134    0.448325    0.508539  0.00689176
      1.9799    0.232756    0.399542  0.00608406
     2.16846    0.343241    0.404533  0.00583611
     2.35702    0.274004    0.347937  0.00731493
     2.54558    0.407077    0.298532   0.0084627
     2.73415    0.191999    0.225444   0.0056016
     2.92271    0.299047     0.17339  0.00456066
     3.11127    0.203784    0.150912  0.00408963
     3.29983   0.0481225    0.110913   0.0032808
     3.48839   0.0491046    0.071546  0.00248123
     3.67696   0.0780764   0.0653915  0.00269422
     3.86552   0.0201329   0.0375637  0.00227477
     4.05408           0   0.0189958  0.00163026
     4.24264           0   0.0115218  0.00103906
      4.4312           0   0.0118098  0.00100877
     4.61976           0  0.00853433 0.000928529
     4.80833           0  0.00273642  0.00053305
     4.99689           0 0.000272956  0.00014919
     5.18545           0 3.56626e-05 3.56127e-05
     5.37401           0           0           0
     5.56257           0           0           0
   0.0942809           0  0.00526062  0.00066776
    0.282843   0.0491046   0.0426444  0.00217046
    0.471405   0.0677644     0.10981  0.00324076
    0.659966    0.221462    0.211385  0.00491591
    0.848528    0.416898     0.30218  0.00549516
     1.03709    0.639342    0.372738  0.00657231
     1.22565    0.512652    0.442188  0.00646272
     1.41421    0.324091    0.492163  0.00782446
     1.60278    0.463057     0.47745  0.00750711
     1.79134    0.487118    0.508479  0.00687282
      1.9799    0.216551    0.399032  0.00608843
     2.16846    0.341768    0.404358  0.00582247
     2.35702    0.286771    0.347766  0.00729654
     2.54558    0.395292    0.298801  0.00844342
     2.73415    0.204766    0.225386  0.00558629
     2.92271    0.274004     0.17367  0.00455656
     3.11127    0.240122     0.15116  0.00408578
     3.29983   0.0383016    0.110711  0.00327789
     3.48839    0.094772   0.0716107  0.00247516
     3.67696   0.0294628   0.0652914  0.00268857
     3.86552           0    0.037459  0.00227084
     4.05408           0   0.0189429  0.00162658
     4.24264           0   0.0114897  0.00103666
      4.4312           0   0.0117769   0.0010065
     4.61976           0  0.00851056 0.000926247
     4.80833           0   0.0027288 0.000531619
     4.99689           0 0.000272196 0.000148776
     5.18545           0 3.55632e-05 3.55137e-05
     5.37401           0           0           0
     5.56257           0           0           0
   0.0942809           0  0.00524601 0.000666065
    0.282843   0.0491046   0.0426624  0.00216451
    0.471405   0.0294628    0.109587  0.00323944
    0.659966    0.221953    0.211415  0.00490234
    0.848528    0.507742    0.302751  0.00550949
     1.03709    0.621174    0.373428  0.00659018
     1.22565    0.503323    0.442358    0.006447
     1.41421    0.379088    0.491848  0.00780903
     1.60278    0.246014    0.476807  0.00751373
     1.79134    0.535241    0.508554  0.00685413
      1.9799    0.329492    0.398839  0.00607458
     2.16846    0.375159    0.404277  0.00580686
     2.35702    0.257799    0.347516  0.00728055
     2.54558    0.391364    0.299058  0.00842388
     2.73415    0.130618    0.225123  0.00557697
     2.92271    0.289226    0.173991   0.0045552
     3.11127    0.212623    0.151331    0.004078
     3.29983   0.0348643      0.1105  0.00327554
     3.48839    0.137984   0.0717951  0.00247514
     3.67696   0.0451763   0.0652355  0.00268169
     3.86552  0.00589256   0.0373714  0.00226622
     4.05408           0   0.0188903  0.00162291
     4.24264           0   0.0114577  0.00103427
      4.4312           0   0.0117442  0.00100423
     4.61976           0  0.00848692 0.000923976
     4.80833           0  0.00272122 0.000530197
     4.99689           0  0.00027144 0.000148365
     5.18545           0 3.54645e-05 3.54152e-05
     5.37401           0           0           0
     5.56257           0           0           0
   0.0942809           0  0.00523148 0.000664379
    0.282843  0.00932988     0.04257  0.00216048
    0.471405    0.110976     0.10959  0.00323046
    0.659966    0.274495    0.211589  0.00489188
    0.848528    0.409533    0.303046  0.00550216
     1.03709    0.482208     0.37373  0.00657881
     1.22565    0.612826     0.44283  0.00644641
     1.41421    0.418372    0.491645  0.00779005
     1.60278    0.265656    0.476222  0.00751565
     1.79134     0.50234    0.508536  0.00683517
      1.9799     0.37074    0.398761  0.00605825
     2.16846     0.31918    0.404041  0.00579556
     2.35702    0.294628     0.34737  0.00726186
     2.54558    0.363374    0.299236  0.00840243
     2.73415    0.137493     0.22488   0.0055668
     2.92271    0.297574    0.174334  0.00455542
     3.11127    0.238157    0.151571  0.00407379
     3.29983    0.031918    0.110283   0.0032737
     3.48839   0.0662913   0.0717798  0.00246833
     3.67696   0.0982093   0.0653269  0.00267581
     3.86552           0   0.0372678  0.00226231
     4.05408           0    0.018838  0.00161926
     4.24264           0    0.011426  0.00103189
      4.4312           0   0.0117117  0.00100198
     4.61976           0  0.00846341 0.000921715
     4.80833           0  0.00271368 0.000528782
     4.99689           0 0.000270688 0.000147956
     5.18545           0 3.53662e-05 3.53172e-05
     5.37401           0           0           0
     5.56257           0           0           0
   0.0942809           0  0.00521703 0.000662701
    0.282843   0.0063836   0.0424701  0.00215682
    0.471405   0.0918257    0.109541  0.00322191
    0.659966    0.182178    0.211508  0.00487904
    0.848528    0.380561     0.30326  0.00549113
     1.03709    0.541133    0.374192  0.00657687
     1.22565     0.68992    0.443513  0.00646464
     1.41421    0.413952     0.49143  0.00777149
     1.60278    0.296101    0.475725  0.00751134
     1.79134    0.486627    0.508476  0.00681656
      1.9799    0.376633      0.3987  0.00604183
     2.16846    0.383016    0.403983  0.00577984
     2.35702    0.246996    0.347092  0.00724709
     2.54558    0.274986    0.299169  0.00837948
     2.73415    0.224408    0.224879  0.00555143
     2.92271    0.329492    0.174762  0.00456296
     3.11127    0.182669    0.151657  0.00406344
     3.29983   0.0761122    0.110188  0.00326601
     3.48839   0.0220971   0.0716426  0.00246532
     3.67696   0.0982093   0.0654177  0.00266996
     3.86552           0   0.0371649   0.0022584
     4.05408           0   0.0187859  0.00161562
     4.24264           0   0.0113944  0.00102953
      4.4312           0   0.0116793 0.000999733
     4.61976           0  0.00844003 0.000919466
     4.80833           0  0.00270618 0.000527374
     4.99689           0  0.00026994 0.000147549
     5.18545           0 3.52685e-05 3.52198e-05
     5.37401           0           0           0
     5.56257           0           0           0
   0.0942809           0  0.00520266 0.000661031
    0.282843   0.0491046   0.0424884  0.00215096
    0.471405    0.095754    0.109503  0.00321326
    0.659966    0.240122    0.211587  0.00486623
    0.848528    0.299538     0.30325  0.00547601
     1.03709    0.561757    0.374709  0.00657902
     1.22565    0.620683    0.444001  0.00646523
     1.41421    0.411497     0.49121   0.0077532
     1.60278    0.338822    0.475348  0.00750011
     1.79134    0.489082    0.508422  0.00679799
      1.9799    0.382525    0.398655  0.00602535
     2.16846    0.457655    0.404131  0.00576581
     2.35702    0.129636    0.346493  0.00725184
     2.54558    0.358464    0.299333  0.00835799
     2.73415    0.251416    0.224952  0.00553662
     2.92271    0.138475    0.174662  0.00455148
     3.11127    0.239631      0.1519  0.00405947
     3.29983     0.14093    0.110273  0.00325811
     3.48839           0   0.0714452  0.00246642
     3.67696   0.0982093    0.065508  0.00266413
     3.86552           0   0.0370625   0.0022545
     4.05408           0   0.0187342    0.001612
     4.24264           0   0.0113631  0.00102717
      4.4312           0   0.0116471 0.000997496
     4.61976           0  0.00841678 0.000917227
     4.80833           0  0.00269873 0.000525974
     4.99689           0 0.000269196 0.000147144
     5.18545           0 3.51714e-05 3.51229e-05
     5.37401           0           0           0
     5.56257           0           0           0
   0.0942809           0  0.00518836 0.000659369
    0.282843   0.0491046   0.0425065  0.00214513
    0.471405    0.116378    0.109522  0.00320449
    0.659966    0.202802    0.211563  0.00485292
    0.848528    0.378597    0.303457  0.00546487
     1.03709    0.500376    0.375054     0.00657
     1.22565    0.554882    0.444305  0.00645464
     1.41421    0.304449    0.490697  0.00774886
     1.60278    0.451272    0.475282   0.0074798
     1.79134    0.647199    0.508804  0.00678999
      1.9799    0.320162     0.39844  0.00601265
     2.16846    0.409533    0.404146  0.00574998
     2.35702   0.0795495     0.34576   0.0072689
     2.54558    0.466494    0.299792  0.00834764
     2.73415    0.241104    0.224996  0.00552158
     2.92271    0.151242    0.174598  0.00453943
     3.11127    0.201329    0.152036  0.00405058
     3.29983    0.130618    0.110329  0.00324964
     3.48839   0.0289717   0.0713285   0.0024624
     3.67696   0.0692375   0.0655183  0.00265684
     3.86552           0   0.0369607   0.0022506
     4.05408           0   0.0186827  0.00160839
     4.24264           0   0.0113318  0.00102482
      4.4312           0   0.0116151 0.000995269
     4.61976           0  0.00839366 0.000914998
     4.80833           0  0.00269131 0.000524581
     4.99689           0 0.000268457 0.000146742
     5.18545           0 3.50747e-05 3.50265e-05
     5.37401           0           0           0
     5.56257           0           0           0
   0.0942809           0  0.00517415 0.000657716
    0.282843   0.0491046   0.0425246  0.00213932
    0.471405   0.0982093    0.109491  0.00319586
    0.659966    0.130127     0.21134  0.00484475
    0.848528      0.4223    0.303783  0.00545959
     1.03709    0.609389    0.375696  0.00658329
     1.22565    0.418863    0.444236  0.00643733
     1.41421    0.233738    0.489993  0.00775954
     1.60278    0.597112    0.475615  0.00746675
     1.79134    0.699741    0.509327  0.00679151
      1.9799    0.286771    0.398134  0.00600396
     2.16846    0.454709    0.404285   0.0057359
     2.35702    0.157626    0.345245  0.00726724
     2.54558    0.404131    0.300078  0.00832966
     2.73415    0.169411    0.224844  0.00550855
     2.92271    0.166465    0.174576  0.00452705
     3.11127    0.152224    0.152036  0.00403949
     3.29983    0.155171    0.110452  0.00324306
     3.48839   0.0491046   0.0712676  0.00245641
     3.67696   0.0491046   0.0654733  0.00264994
     3.86552           0   0.0368594  0.00224671
     4.05408           0   0.0186315   0.0016048
     4.24264           0   0.0113008  0.00102248
      4.4312           0   0.0115833 0.000993051
     4.61976           0  0.00837066  0.00091278
     4.80833           0  0.00268394 0.000523196
     4.99689           0 0.000267721 0.000146342
     5.18545           0 3.49786e-05 3.49307e-05
     5.37401           0           0           0
     5.56257           0           0           0
   0.0942809           0  0.00516001 0.000656071
    0.282843   0.0707107   0.0426016  0.00213487
    0.471405    0.118342    0.109515  0.00318722
    0.659966    0.151242    0.211175   0.0048343
    0.848528    0.332438    0.303861  0.00544524
     1.03709    0.630995    0.376394  0.00660215
     1.22565     0.36583    0.444021  0.00642331
     1.41421    0.272531    0.489399  0.00776105
     1.60278    0.608406    0.475978  0.00745516
     1.79134    0.659475    0.509737  0.00678533
      1.9799    0.326055    0.397937  0.00599078
     2.16846    0.279896    0.403945  0.00573029
     2.35702    0.340786    0.345232   0.0072474
     2.54558     0.30052    0.300079   0.0083069
     2.73415    0.256817    0.224931   0.0054942
     2.92271    0.195436    0.174633  0.00451504
     3.11127     0.11245    0.151928   0.0040299
     3.29983    0.170393    0.110616  0.00323833
     3.48839   0.0618718    0.071242  0.00244983
     3.67696   0.0265165   0.0653669  0.00264483
     3.86552   0.0225881   0.0368204  0.00224091
     4.05408           0   0.0185806  0.00160122
     4.24264           0   0.0112699  0.00102016
      4.4312           0   0.0115517 0.000990842
     4.61976           0  0.00834779 0.000910573
     4.80833           0  0.00267661 0.000521818
     4.99689           0  0.00026699 0.000145944
     5.18545           0 3.48831e-05 3.48354e-05
     5.37401           0           0           0
     5.56257           0           0           0
   0.0942809  0.00245523  0.00515264 0.000654325
    0.282843   0.0707107   0.0426782  0.00213042
    0.471405    0.123253    0.109553  0.00317875
    0.659966    0.236684    0.211245  0.00482163
    0.848528    0.315743    0.303893   0.0054305
     1.03709    0.513635    0.376768  0.00659475
     1.22565    0.408551    0.443925  0.00640653
     1.41421    0.275968    0.488817  0.00776166
     1.60278    0.646708    0.476443  0.00744935
     1.79134    0.734605     0.51035  0.00679445
      1.9799    0.289226    0.397641  0.00598178
     2.16846    0.275968    0.403596  0.00572527
     2.35702    0.283825    0.345065  0.00722958
     2.54558    0.367303    0.300262  0.00828629
     2.73415    0.135529    0.224688  0.00548462
     2.92271    0.181196    0.174651  0.00450277
     3.11127    0.196419    0.152049  0.00402074
     3.29983    0.120797    0.110643  0.00322963
     3.48839   0.0643271   0.0712231  0.00244323
     3.67696  0.00540151   0.0652035  0.00264267
     3.86552   0.0549972     0.03687  0.00223535
     4.05408           0     0.01853  0.00159766
     4.24264           0   0.0112392  0.00101784
      4.4312           0   0.0115202 0.000988642
     4.61976           0  0.00832504 0.000908376
     4.80833           0  0.00266931 0.000520447
     4.99689           0 0.000266262 0.000145548
     5.18545           0  3.4788e-05 3.47406e-05
     5.37401           0           0           0
     5.56257           0           0           0
   0.0942809           0  0.00513864 0.000652696
    0.282843   0.0491046   0.0426957   0.0021247
    0.471405    0.170393    0.109718  0.00317441
    0.659966    0.204275    0.211226  0.00480856
    0.848528    0.209186    0.303636  0.00542183
     1.03709    0.555864    0.377254  0.00659476
     1.22565    0.508724    0.444101  0.00639154
     1.41421      0.3236    0.488368  0.00775355
     1.60278    0.634432    0.476873  0.00744146
     1.79134    0.613808    0.510631  0.00678181
      1.9799    0.339313    0.397482  0.00596762
     2.16846    0.332929    0.403404  0.00571294
     2.35702     0.18316    0.344625  0.00722331
     2.54558    0.357482    0.300418  0.00826523
     2.73415    0.152715    0.224492  0.00547321
     2.92271   0.0658002    0.174355  0.00450024
     3.11127    0.334403    0.152545  0.00404023
     3.29983    0.120797    0.110671  0.00322097
     3.48839   0.0491046    0.071163  0.00243733
     3.67696   0.0358464   0.0651237  0.00263669
     3.86552   0.0142403   0.0368085  0.00223013
     4.05408   0.0481225   0.0186104  0.00159534
     4.24264           0   0.0112087  0.00101553
      4.4312           0   0.0114889 0.000986451
     4.61976           0  0.00830242 0.000906189
     4.80833           0  0.00266206 0.000519083
     4.99689           0 0.000265539 0.000145154
     5.18545           0 3.46935e-05 3.46463e-05
     5.37401           0           0           0
     5.56257           0           0           0
   0.0942809           0  0.00512471 0.000651076
    0.282843   0.0579435    0.042737  0.00211935
    0.471405    0.101647    0.109696  0.00316589
    0.659966    0.289717    0.211439  0.00480023
    0.848528    0.177759    0.303295  0.00541786
     1.03709    0.598094    0.377853  0.00660399
     1.22565    0.494484    0.444237  0.00637568
     1.41421    0.395783    0.488117  0.00773659
     1.60278    0.404622    0.476677  0.00742387
     1.79134    0.587783     0.51084  0.00676665
      1.9799    0.576488    0.397967  0.00597113
     2.16846    0.343241    0.403241  0.00569978
     2.35702    0.133565    0.344053  0.00722634
     2.54558     0.31918    0.300468  0.00824298
     2.73415    0.120306     0.22421  0.00546565
     2.92271    0.224899    0.174492  0.00449013
     3.11127     0.18316    0.152628  0.00403014
     3.29983   0.0810227    0.110591  0.00321324
     3.48839    0.115396   0.0712829  0.00243367
     3.67696  0.00785674   0.0649685  0.00263411
     3.86552    0.074639    0.036911  0.00222644
     4.05408   0.0157135   0.0186025  0.00159103
     4.24264           0   0.0111783  0.00101323
      4.4312           0   0.0114577 0.000984269
     4.61976           0  0.00827992 0.000904013
     4.80833           0  0.00265484 0.000517726
     4.99689           0 0.000264819 0.000144762
     5.18545           0 3.45995e-05 3.45526e-05
     5.37401           0           0           0
     5.56257           0           0           0
   0.0942809           0  0.00511086 0.000649464
    0.282843   0.0147314   0.0426613  0.00211497
    0.471405     0.17825    0.109882  0.00316275
    0.659966    0.229319    0.211487   0.0047875
    0.848528    0.214096    0.303054  0.00540858
     1.03709    0.393328    0.377895  0.00658627
     1.22565    0.690411    0.444903  0.00639307
     1.41421    0.460602    0.488043  0.00771604
     1.60278     0.36583    0.476377  0.00740985
     1.79134    0.587783    0.511048  0.00675155
      1.9799    0.524929     0.39831  0.00596485
     2.16846    0.360919    0.403127  0.00568552
     2.35702    0.139948    0.343502  0.00722784
     2.54558    0.324091    0.300532  0.00822095
     2.73415    0.168429    0.224059  0.00545296
     2.92271    0.211641    0.174592  0.00447912
     3.11127    0.105575      0.1525  0.00402125
     3.29983    0.103611    0.110572  0.00320461
     3.48839      0.1316   0.0714459  0.00243255
     3.67696  0.00834779   0.0648155  0.00263143
     3.86552   0.0898615   0.0370541  0.00222501
     4.05408           0   0.0185523  0.00158753
     4.24264           0   0.0111481  0.00101094
      4.4312           0   0.0114268 0.000982095
     4.61976           0  0.00825754 0.000901846
     4.80833           0  0.00264767 0.000516377
     4.99689           0 0.000264103 0.000144373
     5.18545           0  3.4506e-05 3.44593e-05
     5.37401           0           0           0
     5.56257           0           0           0
   0.0942809           0  0.00509709 0.000647859
    0.282843   0.0569614   0.0426999  0.00210962
    0.471405   0.0878973    0.109822  0.00315478
    0.659966     0.28628    0.211689  0.00477884
    0.848528    0.354044    0.303191  0.00539575
     1.03709    0.218025    0.377464   0.0065826
     1.22565    0.642289    0.445435  0.00639794
     1.41421    0.559302    0.488235  0.00769763
     1.60278     0.31427     0.47594  0.00740275
     1.79134    0.607424    0.511308  0.00673835
      1.9799    0.394801    0.398301  0.00594878
     2.16846     0.41788    0.403166  0.00567034
     2.35702     0.17825    0.343056  0.00722207
     2.54558    0.400694    0.300802  0.00820323
     2.73415    0.124235     0.22379  0.00544489
     2.92271     0.19249     0.17464  0.00446731
     3.11127    0.095754    0.152347  0.00401332
     3.29983   0.0918257    0.110521  0.00319637
     3.48839    0.134547    0.071616  0.00243193
     3.67696   0.0559793   0.0647917  0.00262445
     3.86552   0.0564703   0.0371064  0.00221963
     4.05408   0.0338822   0.0185936  0.00158379
     4.24264           0    0.011118  0.00100867
      4.4312           0    0.011396 0.000979931
     4.61976           0  0.00823528  0.00089969
     4.80833           0  0.00264053 0.000515034
     4.99689           0 0.000263391 0.000143986
     5.18545           0  3.4413e-05 3.43665e-05
     5.37401           0           0           0
     5.56257           0           0           0
   0.0942809           0  0.00508339 0.000646262
    0.282843    0.031427   0.0426696  0.00210417
    0.471405    0.102629    0.109803  0.00314635
    0.659966    0.292173    0.211905  0.00477089
    0.848528    0.240613    0.303023  0.00538387
     1.03709    0.277441    0.377195   0.0065704
     1.22565    0.648181     0.44598  0.00640391
     1.41421    0.618227    0.488585  0.00768487
     1.60278     0.36141    0.475633  0.00738925
     1.79134    0.582872      0.5115  0.00672298
      1.9799    0.388418    0.398274  0.00593284
     2.16846    0.413952    0.403195  0.00565517
     2.35702    0.206239    0.342688  0.00721201
     2.54558    0.292664     0.30078   0.0081812
     2.73415   0.0815137    0.223408  0.00544367
     2.92271    0.306904    0.174996  0.00446942
     3.11127   0.0800406    0.152153  0.00400723
     3.29983    0.042721    0.110339  0.00319297
     3.48839    0.129636    0.071772  0.00243039
     3.67696    0.120306   0.0649409  0.00262163
     3.86552   0.0766032   0.0372126   0.0022162
     4.05408  0.00932988   0.0185687  0.00157973
     4.24264           0   0.0110881   0.0010064
      4.4312           0   0.0113653 0.000977776
     4.61976           0  0.00821315 0.000897544
     4.80833           0  0.00263343 0.000513699
     4.99689           0 0.000262683   0.0001436
     5.18545           0 3.43204e-05 3.42743e-05
     5.37401           0           0           0
     5.56257           0           0           0
   0.0942809           0  0.00506976 0.000644674
    0.282843   0.0574524   0.0427092   0.0020989
    0.471405   0.0854421    0.109738   0.0031386
    0.659966    0.155171    0.211753  0.00476052
    0.848528    0.372704     0.30321  0.00537267
     1.03709    0.318689    0.377038  0.00655465
     1.22565    0.669296    0.446578  0.00641467
     1.41421    0.383998    0.488304  0.00766938
     1.60278     0.59613    0.475956   0.0073765
     1.79134    0.527384    0.511543  0.00670509
      1.9799    0.340295    0.398119  0.00591897
     2.16846    0.425246    0.403254  0.00564032
     2.35702     0.19249    0.342286  0.00720391
     2.54558    0.297574    0.300772  0.00815927
     2.73415    0.133565    0.223167  0.00543441
     2.92271    0.345206    0.175452  0.00448068
     3.11127   0.0716928    0.151937  0.00400229
     3.29983   0.0805316    0.110259  0.00318541
     3.48839    0.112941   0.0718823  0.00242638
     3.67696   0.0883883   0.0650037  0.00261536
     3.86552   0.0491046   0.0372445  0.00221049
     4.05408           0   0.0185189  0.00157627
     4.24264           0   0.0110584  0.00100414
      4.4312           0   0.0113349 0.000975629
     4.61976           0  0.00819113 0.000895408
     4.80833           0  0.00262637  0.00051237
     4.99689           0 0.000261979 0.000143217
     5.18545           0 3.42284e-05 3.41825e-05
     5.37401           0           0           0
     5.56257           0           0           0
   0.0942809           0   0.0050562 0.000643092
    0.282843   0.0603987   0.0427565  0.00209382
    0.471405   0.0869152    0.109677   0.0031308
    0.659966    0.215569    0.211763   0.0047478
    0.848528    0.386453    0.303433  0.00536291
     1.03709    0.343732    0.376949  0.00653773
     1.22565    0.591711    0.446966  0.00640924
     1.41421    0.377124    0.488007  0.00765463
     1.60278    0.438504    0.475855  0.00735745
     1.79134    0.406586    0.511262  0.00669304
      1.9799    0.456673    0.398275  0.00590522
     2.16846    0.506269     0.40353  0.00563196
     2.35702    0.245523    0.342027  0.00718929
     2.54558    0.301011    0.300772  0.00813746
     2.73415    0.164009    0.223009  0.00542218
     2.92271    0.296101    0.175775  0.00448029
     3.11127   0.0608898    0.151694  0.00399899
     3.29983    0.128163    0.110307  0.00317726
     3.48839    0.188562   0.0721943  0.00243986
     3.67696           0   0.0648299  0.00261413
     3.86552   0.0225881   0.0372053  0.00220493
     4.05408   0.0265165   0.0185403  0.00157221
     4.24264           0   0.0110288  0.00100189
      4.4312           0   0.0113046 0.000973491
     4.61976           0  0.00816923 0.000893281
     4.80833           0  0.00261935 0.000511048
     4.99689           0 0.000261279 0.000142836
     5.18545           0 3.41369e-05 3.40912e-05
     5.37401           0           0           0
     5.56257           0           0           0
   0.0942809           0  0.00504272 0.000641519
    0.282843   0.0491046   0.0427734  0.00208831
    0.471405     0.10312    0.109659   0.0031225
    0.659966    0.297574    0.211992  0.00474065
    0.848528    0.307395    0.303443  0.00534862
     1.03709    0.483681    0.377234  0.00652649
     1.22565    0.472387    0.447034  0.00639251
     1.41421    0.483681    0.487995  0.00763423
     1.60278    0.458146    0.475808  0.00733799
     1.79134    0.416898     0.51101  0.00667992
      1.9799    0.459619    0.398439  0.00589174
     2.16846    0.374668    0.403453  0.00561746
     2.35702    0.246014    0.341771  0.00717468
     2.54558    0.196419    0.300494  0.00812052
     2.73415    0.198874    0.222944   0.0054081
     2.92271    0.293646    0.176089  0.00447936
     3.11127   0.0918257    0.151534  0.00399151
     3.29983    0.151242    0.110416  0.00317066
     3.48839    0.169902   0.0724549  0.00244723
     3.67696           0   0.0646571  0.00261287
     3.86552           0   0.0371061  0.00220128
     4.05408   0.0491046   0.0186218  0.00157012
     4.24264           0   0.0109994 0.000999648
      4.4312           0   0.0112744 0.000971362
     4.61976           0  0.00814744 0.000891165
     4.80833           0  0.00261237 0.000509733
     4.99689           0 0.000260582 0.000142457
     5.18545           0 3.40459e-05 3.40005e-05
     5.37401           0           0           0
     5.56257           0           0           0
   0.0942809           0  0.00502931 0.000639953
    0.282843    0.107539   0.0429457  0.00208984
    0.471405    0.181196    0.109849  0.00311998
    0.659966    0.131109    0.211777  0.00473292
    0.848528    0.350607    0.303569  0.00533587
     1.03709    0.496448    0.377551  0.00651683
     1.22565    0.459619    0.447068   0.0063756
     1.41421    0.411497    0.487792  0.00761663
     1.60278    0.442433    0.475719  0.00731901
     1.79134    0.483681    0.510938  0.00666255
      1.9799     0.52542    0.398777  0.00588574
     2.16846    0.314761    0.403217  0.00560747
     2.35702    0.266147     0.34157  0.00715841
     2.54558    0.203293    0.300236  0.00810303
     2.73415    0.109994    0.222644  0.00540205
     2.92271    0.308377    0.176441  0.00448124
     3.11127     0.23472    0.151756  0.00398702
     3.29983    0.112941    0.110423  0.00316223
     3.48839    0.114414   0.0725665  0.00244326
     3.67696           0   0.0644851  0.00261157
     3.86552           0   0.0370074  0.00219764
     4.05408   0.0412479    0.018682   0.0015671
     4.24264  0.00785674   0.0109911 0.000997025
      4.4312           0   0.0112444 0.000969241
     4.61976           0  0.00812577 0.000889058
     4.80833           0  0.00260542 0.000508425
     4.99689           0 0.000259889 0.000142079
     5.18545           0 3.39553e-05 3.39102e-05
     5.37401           0           0           0
     5.56257           0           0           0
   0.0942809  0.00834779  0.00503811 0.000638316
    0.282843    0.132091   0.0431821  0.00209764
    0.471405    0.120306    0.109877  0.00311183
    0.659966    0.231283    0.211829  0.00472065
    0.848528    0.292173    0.303538   0.0053218
     1.03709    0.433103    0.377698  0.00650121
     1.22565    0.419354    0.446994  0.00635911
     1.41421    0.499885    0.487824   0.0075965
     1.60278    0.512161    0.475816  0.00730023
     1.79134     0.50676    0.510927  0.00664488
      1.9799    0.467476    0.398959  0.00587295
     2.16846    0.315743    0.402985   0.0055974
     2.35702     0.18758    0.341161  0.00715107
     2.54558     0.24405    0.300087  0.00808291
     2.73415    0.074639    0.222251  0.00540197
     2.92271    0.355027    0.176915  0.00449432
     3.11127    0.241595    0.151994  0.00398356
     3.29983   0.0854421    0.110356  0.00315454
     3.48839    0.127181   0.0727113  0.00244107
     3.67696           0   0.0643141  0.00261024
     3.86552           0   0.0369092    0.002194
     4.05408   0.0491046   0.0187627  0.00156502
     4.24264           0   0.0109619 0.000994806
      4.4312           0   0.0112146 0.000967129
     4.61976           0  0.00810422 0.000886961
     4.80833           0  0.00259851 0.000507123
     4.99689           0   0.0002592 0.000141704
     5.18545           0 3.38653e-05 3.38203e-05
     5.37401           0           0           0
     5.56257           0           0           0
   0.0942809           0  0.00502478 0.000636766
    0.282843    0.142894   0.0434459  0.00210861
    0.471405    0.152224    0.109989  0.00310562
    0.659966    0.134547    0.211624  0.00471259
    0.848528    0.338331     0.30363  0.00530852
     1.03709     0.40364    0.377767  0.00648437
     1.22565    0.483681    0.447091  0.00634303
     1.41421    0.542606    0.487969  0.00757778
     1.60278    0.489082    0.475851    0.007281
     1.79134    0.408551    0.510656  0.00663282
      1.9799    0.491046    0.399203  0.00586246
     2.16846    0.341768    0.402823  0.00558493
     2.35702    0.221462    0.340845  0.00713916
     2.54558    0.179723    0.299768   0.0080678
     2.73415    0.153698     0.22207  0.00539072
     2.92271    0.292664    0.177221  0.00449285
     3.11127      0.3565    0.152535  0.00400959
     3.29983   0.0235702    0.110127  0.00315454
     3.48839   0.0982093   0.0727788  0.00243555
     3.67696           0   0.0641439  0.00260888
     3.86552           0   0.0368116  0.00219037
     4.05408   0.0491046   0.0188429  0.00156294
     4.24264           0   0.0109329 0.000992597
      4.4312           0   0.0111849 0.000965025
     4.61976           0  0.00808278 0.000884874
     4.80833           0  0.00259163 0.000505828
     4.99689           0 0.000258514 0.000141331
     5.18545           0 3.37757e-05  3.3731e-05
     5.37401           0           0           0
     5.56257           0           0           0
   0.0942809           0  0.00501152 0.000635224
    0.282843   0.0800406   0.0435425  0.00210525
    0.471405    0.129636    0.110041  0.00309785
    0.659966     0.18316    0.211549  0.00470075
    0.848528    0.280879     0.30357  0.00529485
     1.03709    0.438504    0.377927  0.00646924
     1.22565    0.551936    0.447368  0.00633232
     1.41421     0.54457    0.488118  0.00755926
     1.60278    0.423773    0.475714  0.00726309
     1.79134    0.500867     0.51063  0.00661537
      1.9799    0.411988    0.399236  0.00584709
     2.16846    0.402658    0.402823   0.0055702
     2.35702    0.246014    0.340594  0.00712471
     2.54558    0.194454     0.29949  0.00805129
     2.73415    0.191508    0.221989   0.0053771
     2.92271    0.160572    0.177177  0.00448121
     3.11127    0.312797    0.152958  0.00402125
     3.29983    0.103611     0.11011  0.00314626
     3.48839   0.0972272   0.0728433  0.00242997
     3.67696           0   0.0639747  0.00260748
     3.86552           0   0.0367145  0.00218674
     4.05408   0.0491046   0.0189228  0.00156085
     4.24264           0   0.0109041 0.000990397
      4.4312           0   0.0111554  0.00096293
     4.61976           0  0.00806145 0.000882796
     4.80833           0   0.0025848  0.00050454
     4.99689           0 0.000257832  0.00014096
     5.18545           0 3.36866e-05 3.36421e-05
     5.37401           0           0           0
     5.56257           0           0           0
   0.0942809   0.0063836  0.00501513 0.000633563
    0.282843   0.0599077   0.0435855  0.00210015
    0.471405   0.0913346    0.109992  0.00309009
    0.659966     0.15026    0.211388  0.00469115
    0.848528    0.257308    0.303449  0.00528232
     1.03709    0.418863    0.378035  0.00645312
     1.22565    0.583363    0.447726  0.00632576
     1.41421    0.531803    0.488233  0.00754024
     1.60278    0.430157    0.475594  0.00724496
     1.79134    0.534258    0.510692  0.00659825
      1.9799    0.342259    0.399086  0.00583362
     2.16846    0.563721    0.403246  0.00557161
     2.35702    0.199856    0.340224  0.00711558
     2.54558    0.215078    0.299268  0.00803317
     2.73415    0.175304    0.221866  0.00536436
     2.92271    0.200838    0.177239  0.00446985
     3.11127    0.247978    0.153208  0.00401843
     3.29983    0.177268    0.110286  0.00314294
     3.48839   0.0682554   0.0728312  0.00242361
     3.67696           0   0.0638063  0.00260604
     3.86552           0   0.0366178  0.00218312
     4.05408   0.0491046   0.0190022  0.00155876
     4.24264           0   0.0108754 0.000988206
      4.4312           0   0.0111261 0.000960843
     4.61976           0  0.00804024 0.000880728
     4.80833           0  0.00257799 0.000503258
     4.99689           0 0.000257153  0.00014059
     5.18545           0 3.35979e-05 3.35537e-05
     5.37401           0           0           0
     5.56257           0           0           0
   0.0942809           0  0.00500197 0.000632037
    0.282843   0.0491046      0.0436  0.00209469
    0.471405    0.031427    0.109786  0.00308886
    0.659966    0.206731    0.211375  0.00467885
    0.848528    0.340786    0.303547  0.00526936
     1.03709    0.491537    0.378333  0.00644305
     1.22565    0.626084    0.448194  0.00632646
     1.41421    0.383507    0.487958  0.00752546
     1.60278    0.528366    0.475732  0.00722727
     1.79134    0.490555    0.510639  0.00658115
      1.9799    0.287262    0.398793  0.00582569
     2.16846    0.456673    0.403386  0.00555875
     2.35702    0.204766    0.339869  0.00710578
     2.54558    0.308377    0.299292  0.00801212
     2.73415     0.11245    0.221579  0.00535796
     2.92271    0.245523    0.177419  0.00446171
     3.11127    0.221462    0.153387  0.00401188
     3.29983    0.171375    0.110447  0.00313878
     3.48839   0.0653092   0.0728115  0.00241733
     3.67696   0.0329001   0.0637252  0.00260047
     3.86552           0   0.0365217   0.0021795
     4.05408   0.0491046   0.0190812  0.00155667
     4.24264           0   0.0108468 0.000986025
      4.4312           0   0.0110969 0.000958765
     4.61976           0  0.00801914 0.000878669
     4.80833           0  0.00257123 0.000501982
     4.99689           0 0.000256478 0.000140223
     5.18545           0 3.35097e-05 3.34657e-05
     5.37401           0           0           0
     5.56257           0           0           0
   0.0942809 0.000491046  0.00499016 0.000630492
    0.282843   0.0721838   0.0436748  0.00209054
    0.471405   0.0643271    0.109667  0.00308306
    0.659966    0.200347    0.211347  0.00466669
    0.848528    0.317707    0.303584   0.0052557
     1.03709    0.441451    0.378498   0.0064283
     1.22565    0.551936    0.448465  0.00631572
     1.41421    0.395783    0.487717  0.00750963
     1.60278    0.521491    0.475852  0.00720935
     1.79134    0.578453    0.510817  0.00656631
      1.9799    0.251907    0.398408  0.00582312
     2.16846    0.414443    0.403415  0.00554427
     2.35702    0.364847    0.339934  0.00708748
     2.54558     0.14535    0.298889  0.00800127
     2.73415    0.154189    0.221403  0.00534683
     2.92271    0.281861    0.177692   0.0044584
     3.11127    0.251907    0.153645  0.00400966
     3.29983    0.147314    0.110543  0.00313205
     3.48839           0   0.0726209   0.0024185
     3.67696   0.0982093   0.0638155  0.00259523
     3.86552           0   0.0364261  0.00217589
     4.05408   0.0491046   0.0191598  0.00155458
     4.24264           0   0.0108184 0.000983852
      4.4312           0   0.0110678 0.000956695
     4.61976           0  0.00799814 0.000876619
     4.80833           0   0.0025645 0.000500713
     4.99689           0 0.000255807 0.000139858
     5.18545           0  3.3422e-05 3.33782e-05
     5.37401           0           0           0
     5.56257           0           0           0
   0.0942809   0.0117851   0.0050079 0.000629096
    0.282843     0.10803   0.0438429  0.00209183
    0.471405    0.095754     0.10963  0.00307522
    0.659966    0.130618    0.211136  0.00465927
    0.848528    0.428683     0.30391  0.00525211
     1.03709    0.429175     0.37863  0.00641288
     1.22565    0.438013    0.448438  0.00629929
     1.41421    0.455691    0.487633  0.00749049
     1.60278    0.598586    0.476173  0.00719764
     1.79134    0.496939    0.510781  0.00654927
      1.9799    0.243068    0.398003  0.00582202
     2.16846    0.515108    0.403707  0.00553746
     2.35702    0.222444    0.339627  0.00707561
     2.54558   0.0510688    0.298242   0.0080065
     2.73415    0.205257    0.221361  0.00533304
     2.92271    0.310832     0.17804  0.00446029
     3.11127     0.26762    0.153942  0.00401022
     3.29983     0.10312    0.110524  0.00312393
     3.48839   0.0441942   0.0725467  0.00241333
     3.67696   0.0471405   0.0637719  0.00258881
     3.86552   0.0510688   0.0364644  0.00217055
     4.05408   0.0491046    0.019238  0.00155249
     4.24264           0   0.0107902 0.000981689
      4.4312           0   0.0110389 0.000954634
     4.61976           0  0.00797726 0.000874579
     4.80833           0   0.0025578 0.000499451
     4.99689           0 0.000255139 0.000139494
     5.18545           0 3.33347e-05 3.32912e-05
     5.37401           0           0           0
     5.56257           0           0           0
   0.0942809   0.0461584  0.00511507 0.000636519
    0.282843    0.101156   0.0439921   0.0020917
    0.471405  0.00540151    0.109359  0.00307917
    0.659966    0.133565    0.210934  0.00465151
    0.848528    0.401185    0.304164  0.00524454
     1.03709    0.331456    0.378507  0.00639736
     1.22565    0.699741    0.449093  0.00631679
     1.41421    0.448816    0.487532  0.00747166
     1.60278    0.620192    0.476548  0.00718866
     1.79134    0.364847    0.510401  0.00654323
      1.9799    0.340295    0.397852   0.0058088
     2.16846    0.415916    0.403739  0.00552313
     2.35702    0.177268    0.339204   0.0070698
     2.54558    0.181687    0.297939   0.0079914
     2.73415    0.184142    0.221264  0.00532003
     2.92271     0.32851    0.178431  0.00446585
     3.11127    0.273022    0.154253  0.00401174
     3.29983  0.00441942    0.110248  0.00312799
     3.48839   0.0982093   0.0726135  0.00240797
     3.67696 0.000491046   0.0636071  0.00258731
     3.86552   0.0387927   0.0364704   0.0021649
     4.05408     0.10803   0.0194692  0.00156557
     4.24264           0   0.0107621 0.000979535
      4.4312           0   0.0110102  0.00095258
     4.61976           0  0.00795649 0.000872548
     4.80833           0  0.00255114 0.000498195
     4.99689           0 0.000254475 0.000139132
     5.18545           0 3.32479e-05 3.32046e-05
     5.37401           0           0           0
     5.56257           0           0           0
   0.0942809           0  0.00510178 0.000635005
    0.282843    0.145841   0.0442567  0.00210293
    0.471405   0.0181687    0.109122  0.00308027
    0.659966   0.0230792    0.210446  0.00466495
    0.848528    0.457655    0.304562  0.00524605
     1.03709    0.566668    0.378996  0.00639938
     1.22565    0.674207    0.449677  0.00632739
     1.41421    0.404131    0.487316  0.00745539
     1.60278    0.599077    0.476866  0.00717703
     1.79134    0.257308    0.509743  0.00655918
      1.9799     0.30494    0.397611  0.00579872
     2.16846     0.37565    0.403666  0.00550927
     2.35702    0.250434    0.338974   0.0070552
     2.54558    0.152715    0.297561  0.00797954
     2.73415    0.283825    0.221426   0.0053087
     2.92271    0.329001    0.178823  0.00447135
     3.11127    0.164501    0.154279  0.00400141
     3.29983   0.0883883    0.110191  0.00312038
     3.48839    0.109994   0.0727106  0.00240367
     3.67696    0.010803     0.06347  0.00258423
     3.86552   0.0613808   0.0365351  0.00216025
     4.05408    0.010312   0.0194454  0.00156168
     4.24264   0.0152224   0.0107737 0.000977059
      4.4312           0   0.0109816 0.000950535
     4.61976           0  0.00793582 0.000870527
     4.80833           0  0.00254451 0.000496945
     4.99689           0 0.000253814 0.000138773
     5.18545           0 3.31616e-05 3.31185e-05
     5.37401           0           0           0
     5.56257           0           0           0
   0.0942809           0  0.00508856 0.000633497
    0.282843   0.0982093   0.0443964  0.00210212
    0.471405   0.0505778     0.10897  0.00307602
    0.659966    0.052542    0.210037  0.00467077
    0.848528    0.466985    0.304983  0.00524931
     1.03709     0.68059    0.379777  0.00643032
     1.22565    0.467967    0.449725  0.00631117
     1.41421    0.611353    0.487637    0.007443
     1.60278    0.411497    0.476697  0.00716044
     1.79134    0.289226    0.509172  0.00656701
      1.9799    0.285298     0.39732  0.00579099
     2.16846    0.415425    0.403696  0.00549508
     2.35702    0.265656    0.338784  0.00703948
     2.54558    0.260746    0.297466  0.00795944
     2.73415    0.165483    0.221281  0.00529692
     2.92271    0.345697    0.179255  0.00448061
     3.11127   0.0962451    0.154129  0.00399387
     3.29983   0.0942809     0.11015  0.00311257
     3.48839    0.147314   0.0729038   0.0024052
     3.67696           0   0.0633055  0.00258276
     3.86552   0.0491046   0.0365677   0.0021549
     4.05408   0.0481225   0.0195197   0.0015594
     4.24264 0.000982093   0.0107483 0.000974857
      4.4312           0   0.0109531 0.000948498
     4.61976           0  0.00791526 0.000868514
     4.80833           0  0.00253792 0.000495701
     4.99689           0 0.000253156 0.000138415
     5.18545           0 3.30757e-05 3.30328e-05
     5.37401           0           0           0
     5.56257           0           0           0
   0.0942809           0  0.00507541 0.000631997
    0.282843   0.0726749   0.0444695  0.00209796
    0.471405   0.0451763    0.108805  0.00307249
    0.659966    0.161063     0.20991  0.00466041
    0.848528    0.329492    0.305046  0.00523613
     1.03709     0.64278    0.380457  0.00644952
     1.22565    0.546535    0.449975  0.00629982
     1.41421    0.552427    0.487804  0.00742565
     1.60278    0.437522    0.476595  0.00714265
     1.79134    0.356009    0.508776  0.00656196
      1.9799      0.3236     0.39713  0.00577916
     2.16846    0.328019    0.403501  0.00548436
     2.35702    0.272531    0.338613  0.00702337
     2.54558    0.257799    0.297363  0.00793953
     2.73415    0.198383    0.221222  0.00528356
     2.92271    0.344224    0.179681  0.00448927
     3.11127    0.170393    0.154171  0.00398377
     3.29983   0.0250434     0.10993  0.00311228
     3.48839    0.112941   0.0730073  0.00240121
     3.67696   0.0476315    0.063265   0.0025764
     3.86552   0.0569614   0.0366204  0.00214997
     4.05408   0.0220971   0.0195264  0.00155539
     4.24264           0   0.0107205 0.000972733
      4.4312           0   0.0109248  0.00094647
     4.61976           0  0.00789481 0.000866511
     4.80833           0  0.00253136 0.000494464
     4.99689           0 0.000252502 0.000138058
     5.18545           0 3.29902e-05 3.29475e-05
     5.37401           0           0           0
     5.56257           0           0           0
   0.0942809           0  0.00506233 0.000630503
    0.282843   0.0491046   0.0444815  0.00209258
    0.471405    0.123253    0.108843  0.00306479
    0.659966     0.15026    0.209757  0.00465093
    0.848528    0.300029    0.305033  0.00522265
     1.03709    0.651619    0.381156  0.00647065
     1.22565    0.554882    0.450245  0.00628938
     1.41421    0.580908    0.488044  0.00741039
     1.60278    0.405113    0.476411  0.00712662
     1.79134    0.419845    0.508547  0.00654905
      1.9799    0.297574    0.396873  0.00576996
     2.16846    0.329001    0.403309  0.00547358
     2.35702    0.134547    0.338087  0.00702493
     2.54558    0.245032    0.297229  0.00792022
     2.73415    0.211641    0.221197     0.00527
     2.92271    0.366812    0.180163  0.00450353
     3.11127     0.12178    0.154087  0.00397438
     3.29983    0.165483    0.110073  0.00310755
     3.48839   0.0982093   0.0730723   0.0023959
     3.67696  0.00932988    0.063126  0.00257351
     3.86552   0.0579435   0.0366753  0.00214513
     4.05408  0.00834779   0.0194976  0.00155165
     4.24264   0.0225881   0.0107511 0.000970707
      4.4312           0   0.0108967 0.000944449
     4.61976           0  0.00787446 0.000864516
     4.80833           0  0.00252484 0.000493232
     4.99689           0 0.000251851 0.000137704
     5.18545           0 3.29052e-05 3.28627e-05
     5.37401           0           0           0
     5.56257           0           0           0
   0.0942809           0  0.00504932 0.000629017
    0.282843    0.095754   0.0446133  0.00209135
    0.471405   0.0864242    0.108785  0.00305746
    0.659966    0.187089    0.209698  0.00463934
    0.848528    0.257308    0.304911  0.00521066
     1.03709    0.697286    0.381968  0.00650485
     1.22565    0.476806    0.450314  0.00627358
     1.41421     0.60546    0.488346  0.00739748
     1.60278    0.472387    0.476401   0.0071083
     1.79134    0.303958    0.508021   0.0065533
      1.9799    0.264183    0.396532   0.0057652
     2.16846    0.420336    0.403352  0.00545969
     2.35702    0.169902    0.337654  0.00702017
     2.54558    0.255835    0.297122  0.00790057
     2.73415     0.17383    0.221076  0.00525786
     2.92271    0.440469    0.180833   0.0045414
     3.11127    0.116869    0.153992  0.00396531
     3.29983   0.0829868    0.110003  0.00310035
     3.48839   0.0672734   0.0730573  0.00238979
     3.67696   0.0309359   0.0630433  0.00256822
     3.86552   0.0491046   0.0367073  0.00213986
     4.05408           0   0.0194475  0.00154847
     4.24264   0.0491046   0.0108497 0.000973206
      4.4312           0   0.0108687 0.000942437
     4.61976           0  0.00785422 0.000862531
     4.80833           0  0.00251835 0.000492007
     4.99689           0 0.000251204 0.000137352
     5.18545           0 3.28206e-05 3.27784e-05
     5.37401           0           0           0
     5.56257           0           0           0
   0.0942809           0  0.00503637 0.000627537
    0.282843   0.0982093   0.0447507   0.0020905
    0.471405    0.042721    0.108616  0.00305431
    0.659966    0.221462    0.209728  0.00462755
    0.848528    0.196419    0.304633  0.00520472
     1.03709    0.637378    0.382623  0.00652105
     1.22565    0.424264    0.450247  0.00625785
     1.41421    0.527384    0.488446  0.00737919
     1.60278    0.658493    0.476868  0.00710539
     1.79134    0.207713    0.507251  0.00658158
      1.9799    0.443906    0.396653   0.0057517
     2.16846    0.444888    0.403459  0.00544673
     2.35702    0.230301    0.337379  0.00700756
     2.54558     0.26762    0.297047  0.00788068
     2.73415    0.074639      0.2207  0.00525777
     2.92271    0.387927    0.181364  0.00456069
     3.11127    0.184142    0.154069   0.0039559
     3.29983   0.0908436    0.109954  0.00309279
     3.48839   0.0176777   0.0729154  0.00238787
     3.67696   0.0491046   0.0630075  0.00256189
     3.86552   0.0491046   0.0367391  0.00213461
     4.05408   0.0412479   0.0195034  0.00154551
     4.24264  0.00785674   0.0108421 0.000970741
      4.4312           0   0.0108408 0.000940432
     4.61976           0  0.00783408 0.000860554
     4.80833           0  0.00251189 0.000490788
     4.99689           0  0.00025056 0.000137001
     5.18545           0 3.27364e-05 3.26944e-05
     5.37401           0           0           0
     5.56257           0           0           0
   0.0942809           0  0.00502349 0.000626064
    0.282843   0.0692375   0.0448133  0.00208609
    0.471405   0.0780764    0.108538  0.00304749
    0.659966    0.167447     0.20962  0.00461697
    0.848528    0.180214    0.304314  0.00520113
     1.03709    0.573051     0.38311  0.00652254
     1.22565    0.400694     0.45012  0.00624313
     1.41421    0.401676    0.488224  0.00736366
     1.60278    0.756702    0.477583  0.00712317
     1.79134    0.447834    0.507099   0.0065665
      1.9799    0.473369     0.39685  0.00574033
     2.16846     0.40806    0.403471  0.00543281
     2.35702    0.294137    0.337268  0.00699051
     2.54558    0.186598    0.296764  0.00786558
     2.73415    0.146332     0.22051  0.00524776
     2.92271    0.393819    0.181907  0.00458128
     3.11127    0.129636    0.154006  0.00394627
     3.29983  0.00147314    0.109677  0.00309729
     3.48839   0.0540151    0.072867  0.00238226
     3.67696    0.042721   0.0629557  0.00255586
     3.86552   0.0594166   0.0367971  0.00212993
     4.05408   0.0387927   0.0195527  0.00154234
     4.24264           0   0.0108143 0.000968654
      4.4312           0   0.0108131 0.000938435
     4.61976           0  0.00781404 0.000858587
     4.80833           0  0.00250547 0.000489575
     4.99689           0 0.000249919 0.000136652
     5.18545           0 3.26527e-05 3.26109e-05
     5.37401           0           0           0
     5.56257           0           0           0
   0.0942809           0  0.00501068 0.000624598
    0.282843   0.0859331   0.0449182   0.0020834
    0.471405   0.0166956    0.108303  0.00304871
    0.659966    0.195436    0.209584  0.00460534
    0.848528    0.198874    0.304045  0.00519481
     1.03709    0.478279    0.383353  0.00651042
     1.22565    0.572069    0.450431  0.00623495
     1.41421    0.398239    0.487995  0.00734845
     1.60278    0.682063    0.478105  0.00712408
     1.79134    0.547026    0.507201  0.00655054
      1.9799    0.324582    0.396665  0.00572865
     2.16846    0.400203    0.403462  0.00541896
     2.35702    0.409533    0.337453  0.00697511
     2.54558    0.129145    0.296336  0.00785713
     2.73415    0.247487    0.220579  0.00523483
     2.92271    0.278423    0.182153   0.0045762
     3.11127    0.105084    0.153882  0.00393818
     3.29983   0.0186598    0.109444  0.00309808
     3.48839     0.10312   0.0729442  0.00237743
     3.67696    0.010312   0.0628214  0.00255286
     3.86552    0.102138   0.0369638  0.00213101
     4.05408           0   0.0195028  0.00153921
     4.24264           0   0.0107867 0.000966576
      4.4312           0   0.0107855 0.000936447
     4.61976           0  0.00779411 0.000856628
     4.80833           0  0.00249908 0.000488367
     4.99689           0 0.000249281 0.000136305
     5.18545           0 3.25694e-05 3.25278e-05
     5.37401           0           0           0
     5.56257           0           0           0
   0.0942809           0  0.00499793 0.000623139
    0.282843   0.0716928   0.0449863  0.00207922
    0.471405   0.0432121    0.108138  0.00304545
    0.659966    0.240613    0.209663   0.0045943
    0.848528    0.153698    0.303663  0.00519566
     1.03709    0.383507    0.383354  0.00649385
     1.22565    0.530821    0.450636  0.00622244
     1.41421    0.610371    0.488306  0.00733635
     1.60278    0.659966    0.478568  0.00712096
     1.79134    0.598094    0.507432  0.00653795
      1.9799    0.227846    0.396236  0.00573016
     2.16846    0.330474    0.403277  0.00540835
     2.35702    0.466494    0.337781  0.00696508
     2.54558    0.128654     0.29591  0.00784871
     2.73415    0.284316    0.220741  0.00522402
     2.92271    0.249452    0.182324  0.00456776
     3.11127   0.0535241    0.153626  0.00393643
     3.29983   0.0584345    0.109315  0.00309292
     3.48839   0.0648181   0.0729235  0.00237147
     3.67696   0.0368285   0.0627552  0.00254722
     3.86552    0.110485   0.0371508  0.00213379
     4.05408           0   0.0194532   0.0015361
     4.24264           0   0.0107593 0.000964506
      4.4312           0    0.010758 0.000934466
     4.61976           0  0.00777428 0.000854677
     4.80833           0  0.00249272 0.000487166
     4.99689           0 0.000248647  0.00013596
     5.18545           0 3.24865e-05 3.24452e-05
     5.37401           0           0           0
     5.56257           0           0           0
   0.0942809           0  0.00498524 0.000621686
    0.282843   0.0491046   0.0449968  0.00207397
    0.471405   0.0274986    0.107933  0.00304459
    0.659966    0.170884    0.209565  0.00458369
    0.848528    0.184142    0.303359  0.00519132
     1.03709    0.466003    0.383563  0.00648076
     1.22565    0.456182     0.45065  0.00620666
     1.41421    0.683537    0.488802  0.00733444
     1.60278     0.69434    0.479115  0.00712392
     1.79134    0.674698    0.507857  0.00653513
      1.9799    0.207713    0.395757  0.00573556
     2.16846    0.289717    0.402988   0.0054023
     2.35702    0.320162    0.337736  0.00694755
     2.54558    0.232756     0.29575  0.00783043
     2.73415    0.228828    0.220761   0.0052108
     2.92271    0.317707    0.182668  0.00456908
     3.11127   0.0132583     0.15327  0.00394253
     3.29983    0.053033    0.109172  0.00308837
     3.48839   0.0864242   0.0729578   0.0023657
     3.67696   0.0491046   0.0627206    0.002541
     3.86552   0.0982093   0.0373058  0.00213399
     4.05408           0   0.0194038  0.00153299
     4.24264           0    0.010732 0.000962445
      4.4312           0   0.0107307 0.000932493
     4.61976           0  0.00775454 0.000852736
     4.80833           0  0.00248639 0.000485971
     4.99689           0 0.000248016 0.000135616
     5.18545           0 3.24041e-05 3.23629e-05
     5.37401           0           0           0
     5.56257           0           0           0
   0.0942809           0  0.00497262 0.000620241
    0.282843   0.0491046   0.0450072  0.00206874
    0.471405           0     0.10766  0.00304912
    0.659966     0.17383    0.209474  0.00457298
    0.848528    0.144859    0.302958  0.00519367
     1.03709    0.493993    0.383843  0.00647038
     1.22565    0.359937     0.45042   0.0061952
     1.41421    0.819556    0.489639  0.00736352
     1.60278    0.622647    0.479479  0.00711514
     1.79134     0.72282    0.508401   0.0065412
      1.9799    0.296101    0.395505  0.00572658
     2.16846    0.219989    0.402525  0.00540845
     2.35702    0.313779    0.337676  0.00693023
     2.54558    0.264674    0.295671    0.007811
     2.73415    0.204275     0.22072  0.00519778
     2.92271    0.308377    0.182986  0.00456858
     3.11127   0.0147314    0.152919  0.00394812
     3.29983     0.08446    0.109109  0.00308118
     3.48839   0.0859331   0.0729906  0.00235994
     3.67696   0.0152224   0.0626003  0.00253741
     3.86552   0.0770943   0.0374065  0.00213096
     4.05408    0.031918   0.0194355  0.00152944
     4.24264           0   0.0107048 0.000960391
      4.4312           0   0.0107036 0.000930528
     4.61976           0  0.00773491 0.000850803
     4.80833           0  0.00248009 0.000484781
     4.99689           0 0.000247388 0.000135274
     5.18545           0  3.2322e-05 3.22811e-05
     5.37401           0           0           0
     5.56257           0           0           0
   0.0942809           0  0.00496006 0.000618802
    0.282843   0.0491046   0.0450175  0.00206354
    0.471405   0.0073657    0.107406  0.00305192
    0.659966    0.171866    0.209379  0.00456242
    0.848528    0.215569    0.302738  0.00518524
     1.03709    0.367794    0.383802  0.00645416
     1.22565    0.417389    0.450337  0.00618012
     1.41421    0.879955    0.490625  0.00741059
     1.60278    0.499885     0.47953  0.00709736
     1.79134     0.69925    0.508883  0.00654241
      1.9799    0.382034    0.395471  0.00571222
     2.16846    0.193472    0.401997  0.00542049
     2.35702    0.332438    0.337663  0.00691274
     2.54558    0.272531    0.295612   0.0077915
     2.73415    0.266638    0.220836  0.00518594
     2.92271    0.194945    0.183016  0.00455714
     3.11127   0.0800406    0.152735  0.00394243
     3.29983   0.0603987    0.108986  0.00307585
     3.48839   0.0653092   0.0729712  0.00235406
     3.67696   0.0240613    0.062503  0.00253286
     3.86552    0.074148   0.0374993   0.0021276
     4.05408   0.0491046   0.0195104  0.00152741
     4.24264           0   0.0106778 0.000958347
      4.4312           0   0.0106765 0.000928571
     4.61976           0  0.00771538 0.000848879
     4.80833           0  0.00247383 0.000483597
     4.99689           0 0.000246763 0.000134934
     5.18545           0 3.22404e-05 3.21997e-05
     5.37401           0           0           0
     5.56257           0           0           0
   0.0942809           0  0.00494757 0.000617369
    0.282843   0.0726749   0.0450872  0.00205952
    0.471405   0.0255344      0.1072  0.00305119
    0.659966   0.0289717    0.208925   0.0045735
    0.848528    0.271058    0.302658  0.00517279
     1.03709    0.329983    0.383667  0.00643933
     1.22565    0.401676    0.450214  0.00616576
     1.41421    0.822503    0.491461  0.00743893
     1.60278    0.494484    0.479568  0.00707958
     1.79134    0.645726    0.509227  0.00653501
      1.9799    0.566176    0.395901  0.00571399
     2.16846    0.371231     0.40192  0.00540739
     2.35702    0.326546    0.337635  0.00689538
     2.54558    0.232756    0.295454  0.00777348
     2.73415    0.138966    0.220629  0.00517698
     2.92271    0.128654     0.18288  0.00454772
     3.11127    0.193963    0.152839  0.00393387
     3.29983  0.00687465    0.108729  0.00307884
     3.48839   0.0982093   0.0730348  0.00234899
     3.67696   0.0491046   0.0624693  0.00252671
     3.86552   0.0569614   0.0375483  0.00212281
     4.05408   0.0412479   0.0195652  0.00152454
     4.24264           0   0.0106509  0.00095631
      4.4312           0   0.0106496 0.000926621
     4.61976           0  0.00769595 0.000846963
     4.80833           0   0.0024676 0.000482419
     4.99689           0 0.000246142 0.000134596
     5.18545           0 3.21592e-05 3.21187e-05
     5.37401           0           0           0
     5.56257           0           0           0
   0.0942809           0  0.00493514 0.000615943
    0.282843   0.0805316   0.0451763  0.00205627
    0.471405   0.0363374    0.107022  0.00304872
    0.659966   0.0324091    0.208481  0.00458346
    0.848528    0.327528     0.30272  0.00516017
     1.03709    0.295119    0.383444  0.00642699
     1.22565     0.37565    0.450027  0.00615312
     1.41421    0.729695    0.492059  0.00744428
     1.60278    0.514126    0.479655  0.00706233
     1.79134    0.598094    0.509451   0.0065224
      1.9799    0.486136    0.396128  0.00570413
     2.16846    0.570596    0.402343  0.00541039
     2.35702     0.33784    0.337635  0.00687806
     2.54558    0.147805    0.295083  0.00776279
     2.73415    0.203784    0.220587  0.00516414
     2.92271    0.166956     0.18284  0.00453647
     3.11127    0.155171    0.152845  0.00392399
     3.29983           0    0.108456   0.0030832
     3.48839   0.0982093   0.0730981  0.00234394
     3.67696   0.0500867   0.0624382  0.00252055
     3.86552   0.0972272   0.0376983  0.00212276
     4.05408           0    0.019516   0.0015215
     4.24264           0   0.0106241 0.000954281
      4.4312           0   0.0106229 0.000924679
     4.61976           0  0.00767661 0.000845056
     4.80833           0   0.0024614 0.000481247
     4.99689           0 0.000245523 0.000134259
     5.18545           0 3.20784e-05 3.20381e-05
     5.37401           0           0           0
     5.56257           0           0           0
   0.0942809           0  0.00492277 0.000614523
    0.282843   0.0491046   0.0451861  0.00205114
    0.471405   0.0122762    0.106785  0.00305031
    0.659966    0.177268    0.208403  0.00457264
    0.848528    0.265656    0.302627  0.00514807
     1.03709    0.372213    0.383416  0.00641095
     1.22565    0.438504    0.449998  0.00613776
     1.41421    0.478279    0.492025  0.00742571
     1.60278    0.606933    0.479974  0.00705183
     1.79134    0.562739    0.509584  0.00650742
      1.9799    0.394801    0.396124  0.00568984
     2.16846    0.566668    0.402755  0.00541248
     2.35702    0.432612    0.337873  0.00686494
     2.54558    0.159099    0.294742  0.00775082
     2.73415    0.212132    0.220566  0.00515125
     2.92271    0.200838    0.182885  0.00452532
     3.11127   0.0780764    0.152658  0.00391863
     3.29983    0.074148     0.10837  0.00307667
     3.48839   0.0471405    0.073033  0.00233896
     3.67696    0.125708   0.0625967  0.00251922
     3.86552   0.0491046   0.0377269  0.00211763
     4.05408           0   0.0194671  0.00151848
     4.24264           0   0.0105975 0.000952261
      4.4312           0   0.0105963 0.000922745
     4.61976           0  0.00765737 0.000843157
     4.80833           0  0.00245523 0.000480081
     4.99689           0 0.000244908 0.000133924
     5.18545           0  3.1998e-05 3.19579e-05
     5.37401           0           0           0
     5.56257           0           0           0
   0.0942809           0  0.00491046  0.00061311
    0.282843   0.0564703   0.0452143  0.00204621
    0.471405   0.0417389    0.106622  0.00304701
    0.659966   0.0731659    0.208065  0.00457369
    0.848528    0.289717    0.302595   0.0051353
     1.03709    0.383016    0.383415  0.00639492
     1.22565    0.551936    0.450253  0.00612771
     1.41421     0.54457    0.492156   0.0074083
     1.60278    0.430648    0.479851  0.00703528
     1.79134    0.665859    0.509975  0.00650287
      1.9799    0.410024    0.396159  0.00567572
     2.16846    0.446852    0.402865  0.00540007
     2.35702    0.393819    0.338013   0.0068492
     2.54558    0.265656     0.29467  0.00773178
     2.73415    0.201329    0.220518  0.00513859
     2.92271    0.198383    0.182923  0.00451418
     3.11127   0.0338822    0.152361  0.00392007
     3.29983    0.152715    0.108481  0.00307098
     3.48839  0.00687465   0.0728676  0.00233896
     3.67696    0.117851   0.0627349   0.0025167
     3.86552   0.0387927   0.0377295  0.00211234
     4.05408           0   0.0194184  0.00151546
     4.24264           0    0.010571 0.000950249
      4.4312           0   0.0105698 0.000920818
     4.61976           0  0.00763823 0.000841266
     4.80833           0  0.00244909  0.00047892
     4.99689           0 0.000244296  0.00013359
     5.18545           0  3.1918e-05 3.18781e-05
     5.37401           0           0           0
     5.56257           0           0           0
