#   N_BLOCK:  ACCEPTANCE:
           1           1
           2           1
           3    0.993827
           4     0.99537
           5    0.994444
           6     0.99537
           7    0.996032
           8    0.996528
           9    0.995885
          10     0.99537
          11    0.995791
          12    0.996142
          13    0.995726
          14     0.99537
          15    0.995679
          16     0.99537
          17    0.995643
          18    0.995885
          19    0.996101
          20    0.995833
          21    0.996032
          22    0.996212
          23    0.995572
          24     0.99537
          25    0.994815
          26    0.993946
          27     0.99417
          28    0.994378
          29    0.993934
          30    0.993827
          31    0.993429
          32    0.993056
          33    0.992424
          34    0.992375
          35    0.992328
          36    0.992541
          37    0.992492
          38    0.992446
          39     0.99264
          40    0.992593
          41    0.992547
          42    0.992284
          43    0.992248
          44    0.991793
          45    0.991358
          46    0.990942
          47    0.990938
          48    0.990741
          49     0.99093
          50    0.990741
          51    0.990559
          52    0.990385
          53    0.990566
          54    0.990741
          55    0.990404
          56    0.990575
          57    0.990253
          58    0.990102
          59    0.990113
          60    0.990278
          61    0.990134
          62    0.989247
          63    0.989271
          64    0.989005
          65    0.989031
          66    0.989057
          67    0.989082
          68    0.989243
          69    0.989265
          70    0.989286
          71    0.989306
          72    0.989198
          73    0.989346
          74    0.988864
          75    0.989012
          76    0.988913
          77    0.988817
          78    0.988248
          79    0.988397
          80    0.988426
          81     0.98834
          82    0.988257
          83    0.988063
          84    0.987765
          85    0.987691
          86    0.987834
          87    0.987654
          88    0.987689
          89    0.987516
          90    0.987449
          91    0.987383
          92    0.987319
          93    0.987157
          94    0.987293
          95     0.98694
          96    0.986979
          97    0.987113
          98    0.986867
          99    0.986906
         100    0.986852
         101     0.98689
         102    0.986747
         103    0.986695
         104    0.986556
         105    0.986596
         106    0.986461
         107    0.986587
         108    0.986283
         109    0.986323
         110    0.986111
         111    0.986069
         112    0.985946
         113    0.985742
         114    0.985299
         115    0.985266
         116    0.985153
         117     0.98528
         118    0.985169
         119    0.985061
         120    0.985031
         121    0.985002
         122    0.985124
         123     0.98517
         124    0.985215
         125    0.985333
         126    0.985303
         127      0.9852
         128    0.984954
         129    0.984855
         130    0.984758
         131    0.984662
         132    0.984638
         133    0.984614
         134    0.984591
         135    0.984568
         136    0.984273
         137     0.98432
         138      0.9843
         139    0.984279
         140    0.984193
         141     0.98424
         142     0.98409
         143    0.983942
         144    0.983925
         145    0.983908
         146    0.983891
         147    0.983749
         148    0.983796
         149    0.983719
         150    0.983704
         151     0.98375
         152    0.983735
         153    0.983781
         154    0.983706
         155    0.983572
         156     0.98344
         157    0.983487
         158     0.98324
         159    0.983054
         160    0.982986
         161    0.983034
         162     0.98291
         163    0.982958
         164    0.983006
         165    0.982772
         166    0.982709
         167    0.982757
         168    0.982804
         169    0.982632
         170    0.982571
         171     0.98251
         172    0.982397
         173    0.982284
         174     0.98228
         175    0.982328
         176    0.982376
         177    0.982423
         178    0.982366
         179    0.982309
         180    0.982356
         181    0.982351
         182    0.982397
         183    0.982342
         184    0.982387
         185    0.982382
         186    0.982178
         187    0.982175
         188    0.982122
         189    0.982118
         190    0.982066
         191    0.981869
         192    0.981723
         193    0.981625
         194    0.981577
         195    0.981529
         196    0.981481
         197     0.98134
         198    0.981341
         199    0.981249
         200    0.981157
         201    0.981067
         202    0.981069
         203    0.981025
         204    0.981028
         205    0.980759
         206    0.980852
         207    0.980811
         208    0.980814
         209    0.980861
         210    0.980776
         211    0.980692
         212    0.980695
         213    0.980656
         214    0.980659
         215    0.980534
         216    0.980324
         217    0.980244
         218    0.980207
         219    0.980086
         220    0.980093
         221    0.980015
         222    0.980063
         223     0.98007
         224    0.979993
         225    0.980041
         226    0.980088
         227    0.980054
         228    0.980101
         229    0.980026
         230    0.979871
         231    0.979878
         232    0.979805
         233    0.979773
         234    0.979661
         235    0.979669
         236    0.979677
         237    0.979567
         238    0.979575
         239    0.979467
         240    0.979514
         241    0.979445
         242    0.979415
         243    0.979386
         244    0.979318
         245    0.979176
         246    0.979185
         247    0.979195
         248    0.979167
         249    0.979102
         250    0.979074
         251    0.978973
         252    0.978983
         253    0.978956
         254    0.978893
         255    0.978831
         256    0.978841
         257    0.978779
         258    0.978718
         259    0.978621
         260     0.97849
         261    0.978537
         262    0.978407
         263    0.978313
         264    0.978395
         265    0.978477
         266    0.978244
         267    0.978222
         268    0.978165
         269    0.977971
         270    0.977915
         271    0.977996
         272    0.977975
         273     0.97792
         274    0.977832
         275    0.977643
         276    0.977556
         277    0.977504
         278    0.977485
         279    0.977433
         280    0.977414
         281    0.977461
         282     0.97741
         283    0.977359
         284    0.977341
         285     0.97729
         286    0.977305
         287    0.977255
         288    0.977238
         289    0.977188
         290    0.977235
         291    0.977218
         292     0.97701
         293    0.976994
         294    0.976946
         295    0.976868
         296    0.976727
         297    0.976649
         298    0.976603
         299     0.97662
         300    0.976512
         301    0.976529
         302    0.976576
         303    0.976623
         304    0.976669
         305    0.976563
         306    0.976549
         307    0.976565
         308    0.976611
         309    0.976597
         310    0.976583
         311    0.976629
         312    0.976614
         313      0.9766
         314    0.976586
         315    0.976573
         316     0.97653
         317    0.976487
         318    0.976502
         319     0.97646
         320    0.976389
         321    0.976376
         322    0.976277
         323    0.976293
         324    0.976166
         325    0.975983
         326    0.975943
         327    0.975932
         328     0.97592
         329    0.975825
         330    0.975814
         331    0.975747
         332    0.975736
         333    0.975726
         334    0.975771
         335    0.975788
         336    0.975777
         337    0.975794
         338    0.975701
         339    0.975609
         340    0.975517
         341    0.975481
         342    0.975444
         343    0.975354
         344    0.975264
         345    0.975174
         346    0.975112
         347    0.975104
         348    0.975096
         349    0.975088
         350    0.975079
         351    0.975045
         352    0.974905
         353    0.974871
         354    0.974759
         355    0.974648
         356    0.974563
         357    0.974453
         358    0.974395
         359    0.974363
         360    0.974254
         361    0.974248
         362    0.974294
         363    0.974314
         364    0.974283
         365    0.974226
         366    0.974221
         367    0.974064
         368    0.974084
         369    0.974079
         370    0.973949
         371    0.973919
         372    0.973865
         373    0.973885
         374    0.973831
         375    0.973802
         376    0.973724
         377    0.973696
         378    0.973667
         379    0.973639
         380    0.973684
         381    0.973705
         382    0.973701
         383    0.973624
         384    0.973524
         385    0.973497
         386    0.973398
         387    0.973442
         388    0.973368
         389    0.973317
         390    0.973243
         391    0.973312
         392    0.973285
         393    0.973235
         394    0.973233
         395    0.973207
         396    0.973158
         397    0.973178
         398    0.973176
         399     0.97315
         400    0.973125
         401    0.973123
         402    0.973097
         403    0.973118
         404    0.973162
         405    0.973182
         406     0.97318
         407    0.973155
         408     0.97313
         409     0.97306
         410    0.972967
         411    0.973011
         412    0.973031
         413    0.973029
         414     0.97296
         415    0.972936
         416    0.972957
         417    0.972977
         418    0.972931
         419    0.972907
         420    0.972862
         421    0.972816
         422    0.972749
         423    0.972769
         424    0.972768
         425    0.972767
         426    0.972722
         427    0.972699
         428     0.97272
         429    0.972697
         430    0.972653
         431    0.972652
         432    0.972672
         433    0.972671
         434    0.972606
         435    0.972605
         436    0.972626
         437    0.972498
         438    0.972497
         439    0.972496
         440    0.972454
         441     0.97239
         442    0.972327
         443    0.972285
         444    0.972243
         445    0.972181
         446    0.972181
         447    0.972139
         448    0.972098
         449    0.972119
         450    0.972037
         451    0.972037
         452    0.972079
         453    0.972018
         454    0.972039
         455    0.972039
         456    0.971999
         457    0.971979
         458    0.971959
         459     0.97196
         460     0.97194
         461    0.971901
         462    0.971882
         463    0.971862
         464    0.971843
         465    0.971844
         466    0.971845
         467    0.971766
         468    0.971728
         469    0.971788
         470    0.971749
         471     0.97175
         472    0.971693
         473    0.971713
         474    0.971675
         475    0.971637
         476    0.971658
         477    0.971718
         478    0.971699
         479    0.971662
         480    0.971624
         481    0.971606
         482    0.971607
         483     0.97159
         484    0.971534
         485    0.971535
         486    0.971479
         487    0.971443
         488    0.971444
         489    0.971389
         490    0.971391
         491    0.971336
         492    0.971338
         493    0.971339
         494    0.971379
         495    0.971362
         496    0.971364
         497    0.971309
         498    0.971311
         499    0.971332
         500    0.971352
         501    0.971354
         502    0.971392
         503    0.971375
         504    0.971285
         505    0.971269
         506    0.971252
         507      0.9712
         508    0.971256
         509    0.971276
         510    0.971206
         511    0.971208
         512    0.971228
         513     0.97123
         514    0.971141
         515    0.971143
         516     0.97111
         517    0.971112
         518    0.971078
         519    0.971098
         520    0.971011
         521    0.971067
         522    0.971069
         523    0.971054
         524    0.971074
         525    0.971058
         526    0.971043
         527    0.971027
         528     0.97103
         529    0.970997
         530    0.970982
         531    0.970984
         532    0.970969
         533    0.970971
         534    0.970974
         535    0.971011
         536    0.971013
         537    0.970964
         538    0.970931
         539    0.970917
         540    0.970902
         541    0.970904
         542    0.970873
         543    0.970909
         544    0.970895
         545     0.97088
         546    0.970866
         547    0.970868
         548     0.97082
         549    0.970772
         550    0.970758
         551    0.970743
         552    0.970729
         553    0.970749
         554    0.970751
         555    0.970721
         556     0.97069
         557     0.97066
         558    0.970662
         559    0.970599
         560    0.970585
         561    0.970588
         562    0.970558
         563    0.970561
         564    0.970564
         565    0.970534
         566    0.970537
         567    0.970524
         568    0.970445
         569    0.970465
         570    0.970484
         571    0.970471
         572     0.97049
         573    0.970445
         574    0.970432
         575    0.970403
         576     0.97039
         577    0.970393
         578    0.970428
         579    0.970383
         580    0.970307
         581     0.97031
         582    0.970297
         583    0.970269
         584    0.970304
         585    0.970244
         586    0.970231
         587    0.970219
         588    0.970207
         589    0.970194
         590    0.970198
         591    0.970107
         592    0.970095
         593    0.970099
         594    0.970087
         595    0.970059
         596    0.970016
         597    0.969911
         598      0.9699
         599    0.969888
         600    0.969892
         601    0.969865
         602    0.969823
         603    0.969842
         604    0.969785
         605    0.969743
         606    0.969747
         607    0.969782
         608    0.969816
         609     0.96979
         610    0.969839
         611    0.969828
         612    0.969802
         613    0.969821
         614    0.969809
         615    0.969783
         616    0.969772
         617    0.969776
         618     0.96972
         619    0.969649
         620    0.969654
         621    0.969628
         622    0.969558
         623    0.969532
         624    0.969522
         625    0.969511
         626    0.969501
         627     0.96949
         628     0.96948
         629    0.969499
         630    0.969489
         631    0.969449
         632    0.969483
         633    0.969399
         634    0.969389
         635    0.969408
         636    0.969442
         637    0.969475
         638    0.969465
         639     0.96944
         640     0.96943
         641    0.969449
         642    0.969395
         643    0.969357
         644    0.969361
         645     0.96938
         646    0.969413
         647    0.969389
         648    0.969393
         649    0.969383
         650    0.969402
         651    0.969363
         652    0.969311
         653    0.969245
         654    0.969277
         655    0.969239
         656    0.969244
         657    0.969206
         658    0.969225
         659    0.969229
         660    0.969206
         661    0.969182
         662    0.969201
         663    0.969192
         664    0.969154
         665    0.969089
         666    0.969066
         667    0.969071
         668     0.96902
         669    0.969039
         670    0.969071
         671    0.969062
         672    0.969039
         673     0.96903
         674    0.969021
         675    0.968971
         676    0.968949
         677     0.96894
         678     0.96889
         679    0.968909
         680    0.968886
         681    0.968877
         682    0.968842
         683    0.968833
         684    0.968865
         685    0.968816
         686    0.968821
         687    0.968866
         688    0.968817
         689    0.968822
         690      0.9688
         691    0.968819
         692    0.968824
         693    0.968842
         694    0.968833
         695    0.968825
         696    0.968803
         697    0.968821
         698    0.968773
         699    0.968712
         700     0.96869
         701    0.968696
         702    0.968701
         703    0.968666
         704    0.968684
         705    0.968716
         706    0.968681
         707    0.968673
         708    0.968691
         709    0.968709
         710    0.968727
         711    0.968641
         712    0.968646
         713    0.968638
         714     0.96863
         715    0.968635
         716     0.96864
         717    0.968658
         718     0.96865
         719    0.968642
         720    0.968634
         721    0.968614
         722    0.968593
         723     0.96856
         724    0.968475
         725    0.968467
         726    0.968434
         727    0.968401
         728    0.968368
         729    0.968386
         730    0.968404
         731    0.968397
         732    0.968352
         733    0.968357
         734    0.968349
         735    0.968355
         736    0.968385
         737     0.96834
         738    0.968308
         739    0.968313
         740    0.968331
         741    0.968299
         742    0.968254
         743    0.968259
         744    0.968277
         745    0.968233
         746    0.968238
         747    0.968243
         748    0.968236
         749    0.968242
         750    0.968259
         751    0.968265
         752    0.968233
         753    0.968189
         754     0.96817
         755    0.968138
         756    0.968119
         757    0.968076
         758    0.968081
         759    0.968087
         760    0.968068
         761    0.968061
         762    0.968054
         763    0.968011
         764    0.968017
         765    0.968034
         766    0.968064
         767    0.968094
         768    0.968051
         769    0.968056
         770    0.968038
         771    0.968019
         772    0.968012
         773    0.967982
         774     0.96794
         775    0.967933
         776    0.967962
         777    0.967896
         778    0.967819
         779    0.967801
         780    0.967771
         781    0.967776
         782    0.967723
         783    0.967681
         784    0.967663
         785    0.967634
         786    0.967616
         787    0.967575
         788    0.967581
         789    0.967587
         790    0.967569
         791    0.967587
         792    0.967616
         793    0.967552
         794    0.967558
         795     0.96754
         796    0.967534
         797    0.967529
         798    0.967546
         799     0.96754
         800    0.967558
         801    0.967564
         802    0.967535
         803    0.967495
         804    0.967431
         805    0.967391
         806    0.967363
         807    0.967392
         808    0.967398
         809    0.967392
         810    0.967387
         811     0.96737
         812     0.96733
         813    0.967348
         814    0.967331
         815    0.967303
         816    0.967309
         817    0.967315
         818    0.967287
         819    0.967282
         820    0.967254
         821     0.96726
         822    0.967255
         823    0.967249
         824    0.967244
         825    0.967239
         826    0.967245
         827    0.967184
         828    0.967168
         829    0.967151
         830    0.967146
         831    0.967141
         832    0.967125
         833    0.967098
         834     0.96706
         835    0.967033
         836    0.967017
         837    0.967001
         838    0.966985
         839    0.966925
         840     0.96692
         841    0.966893
         842    0.966834
         843    0.966829
         844    0.966847
         845     0.96682
         846    0.966826
         847    0.966811
         848    0.966719
         849    0.966726
         850     0.96671
         851    0.966717
         852    0.966691
         853    0.966697
         854    0.966704
         855    0.966667
         856    0.966652
         857    0.966658
         858    0.966665
         859    0.966639
         860    0.966624
         861    0.966609
         862    0.966594
         863    0.966611
         864    0.966585
         865    0.966517
         866    0.966534
         867    0.966519
         868    0.966505
         869    0.966522
         870    0.966486
         871    0.966471
         872    0.966435
         873    0.966442
         874     0.96647
         875    0.966444
         876    0.966472
         877    0.966479
         878    0.966475
         879     0.96645
         880    0.966446
         881      0.9664
         882    0.966375
         883     0.96636
         884    0.966325
         885    0.966332
         886    0.966339
         887    0.966376
         888    0.966362
         889    0.966379
         890    0.966386
         891    0.966392
         892    0.966378
         893    0.966343
         894    0.966319
         895    0.966315
         896    0.966301
         897    0.966297
         898    0.966293
         899    0.966279
         900    0.966296
         901    0.966293
         902    0.966289
         903    0.966275
         904    0.966241
         905    0.966206
         906    0.966152
         907    0.966148
         908    0.966155
         909    0.966172
         910    0.966148
         911    0.966124
         912     0.96609
         913    0.966056
         914    0.966053
         915     0.96606
         916    0.966026
         917    0.965992
         918    0.965959
         919    0.965915
         920    0.965912
         921    0.965858
         922    0.965875
         923    0.965882
         924    0.965859
         925    0.965866
         926    0.965873
         927     0.96588
         928    0.965876
         929    0.965863
         930     0.96584
         931    0.965857
         932    0.965854
         933    0.965871
         934    0.965838
         935    0.965825
         936    0.965802
         937    0.965809
         938    0.965786
         939    0.965734
         940    0.965711
         941    0.965698
         942    0.965686
         943    0.965683
         944    0.965651
         945    0.965657
         946    0.965645
         947    0.965632
         948    0.965659
         949    0.965685
         950    0.965682
         951    0.965689
         952    0.965677
         953    0.965683
         954    0.965681
         955    0.965707
         956    0.965656
         957    0.965672
         958    0.965689
         959    0.965676
         960    0.965702
         961    0.965709
         962    0.965696
         963    0.965703
         964    0.965691
         965    0.965698
         966    0.965704
         967     0.96573
         968    0.965727
         969    0.965734
         970    0.965712
         971      0.9657
         972    0.965716
         973    0.965685
         974    0.965644
         975    0.965641
         976    0.965619
         977    0.965598
         978    0.965548
         979    0.965517
         980    0.965486
         981    0.965493
         982    0.965481
         983    0.965478
         984    0.965466
         985    0.965463
         986    0.965442
         987    0.965421
         988    0.965437
         989    0.965435
         990    0.965423
         991    0.965411
         992    0.965418
         993    0.965369
         994    0.965348
         995    0.965355
         996    0.965334
         997    0.965331
         998    0.965329
         999    0.965364
        1000    0.965352
        1001    0.965322
        1002    0.965329
        1003    0.965326
        1004    0.965315
        1005    0.965275
        1006    0.965246
        1007    0.965252
        1008    0.965241
        1009     0.96523
        1010    0.965218
        1011    0.965198
        1012    0.965205
        1013    0.965148
        1014    0.965136
        1015    0.965098
        1016    0.965086
        1017    0.965066
        1018    0.965046
        1019    0.965053
        1020    0.965051
        1021    0.965049
        1022    0.965056
        1023    0.965072
        1024     0.96507
        1025    0.965059
        1026    0.965039
        1027     0.96501
        1028    0.964999
        1029    0.964925
        1030    0.964896
        1031    0.964876
        1032    0.964892
        1033    0.964908
        1034    0.964897
        1035    0.964868
        1036    0.964822
        1037    0.964811
        1038    0.964818
        1039    0.964808
        1040    0.964824
        1041    0.964813
        1042    0.964811
        1043    0.964818
        1044    0.964799
        1045    0.964753
        1046    0.964716
        1047    0.964714
        1048    0.964739
        1049    0.964719
        1050    0.964691
        1051    0.964663
        1052    0.964662
        1053    0.964651
        1054    0.964632
        1055    0.964631
        1056     0.96462
        1057    0.964592
        1058    0.964556
        1059    0.964554
        1060    0.964561
        1061    0.964543
        1062    0.964558
        1063    0.964513
        1064    0.964477
        1065    0.964476
        1066    0.964474
        1067    0.964482
        1068    0.964445
        1069    0.964461
        1070     0.96446
        1071     0.96445
        1072    0.964457
        1073    0.964439
        1074    0.964454
        1075    0.964427
        1076    0.964391
        1077    0.964373
        1078     0.96438
        1079     0.96437
        1080    0.964378
        1081    0.964368
        1082    0.964366
        1083    0.964348
        1084    0.964347
        1085    0.964337
        1086    0.964327
        1087    0.964326
        1088    0.964316
        1089    0.964306
        1090    0.964322
        1091    0.964338
        1092    0.964328
        1093    0.964318
        1094    0.964292
        1095    0.964316
        1096    0.964315
        1097     0.96433
        1098    0.964338
        1099    0.964328
        1100    0.964293
        1101      0.9643
        1102    0.964307
        1103    0.964289
        1104    0.964296
        1105    0.964279
        1106    0.964269
        1107    0.964268
        1108    0.964275
        1109    0.964249
        1110    0.964248
        1111    0.964246
        1112    0.964245
        1113    0.964244
        1114    0.964235
        1115    0.964242
        1116    0.964191
        1117    0.964198
        1118     0.96418
        1119    0.964188
        1120    0.964187
        1121    0.964185
        1122     0.96416
        1123     0.96415
        1124    0.964141
        1125    0.964115
        1126     0.96409
        1127     0.96408
        1128    0.964079
        1129     0.96407
        1130    0.964069
        1131    0.964035
        1132    0.963994
        1133    0.963993
        1134       0.964
        1135    0.963983
        1136    0.963966
        1137    0.963973
        1138    0.963964
        1139    0.963979
        1140    0.963994
        1141    0.964002
        1142    0.963985
        1143    0.963984
        1144    0.963991
        1145    0.963941
        1146    0.963933
        1147    0.963948
        1148    0.963955
        1149     0.96393
        1150    0.963913
        1151     0.96392
        1152    0.963919
        1153    0.963911
        1154    0.963902
        1155    0.963893
        1156    0.963892
        1157    0.963899
        1158    0.963906
        1159    0.963922
        1160    0.963881
        1161    0.963864
        1162    0.963879
        1163    0.963871
        1164    0.963894
        1165    0.963877
        1166     0.96386
        1167    0.963828
        1168    0.963843
        1169    0.963842
        1170    0.963849
        1171    0.963856
        1172    0.963872
        1173    0.963863
        1174    0.963862
        1175    0.963877
        1176    0.963876
        1177    0.963852
        1178    0.963851
        1179    0.963858
        1180    0.963842
        1181     0.96381
        1182    0.963793
        1183    0.963753
        1184    0.963761
        1185    0.963768
        1186    0.963712
        1187    0.963712
        1188    0.963703
        1189    0.963687
        1190    0.963687
        1191    0.963694
        1192    0.963701
        1193      0.9637
        1194    0.963692
        1195    0.963668
        1196     0.96366
        1197    0.963659
        1198    0.963666
        1199    0.963643
        1200    0.963634
        1201    0.963634
        1202    0.963595
        1203    0.963563
        1204    0.963578
        1205    0.963539
        1206    0.963523
        1207    0.963515
        1208    0.963515
        1209    0.963476
        1210     0.96346
        1211    0.963437
        1212    0.963421
        1213    0.963368
        1214    0.963367
        1215    0.963359
        1216    0.963306
        1217     0.96329
        1218    0.963282
        1219    0.963267
        1220    0.963267
        1221    0.963297
        1222    0.963274
        1223    0.963273
        1224    0.963235
        1225    0.963205
        1226    0.963182
        1227    0.963182
        1228    0.963189
        1229    0.963181
        1230    0.963166
        1231    0.963136
        1232    0.963136
        1233    0.963128
        1234    0.963076
        1235    0.963068
        1236     0.96306
        1237    0.963053
        1238    0.963045
        1239     0.96303
        1240       0.963
        1241       0.963
        1242    0.962993
        1243    0.962985
        1244    0.962993
        1245    0.962978
        1246    0.962985
        1247     0.96297
        1248    0.962963
        1249    0.962933
        1250    0.962911
        1251    0.962904
        1252    0.962911
        1253    0.962882
        1254    0.962882
        1255    0.962874
        1256    0.962867
        1257    0.962838
        1258    0.962838
        1259    0.962838
        1260    0.962794
        1261    0.962765
        1262    0.962758
        1263    0.962736
        1264    0.962729
        1265    0.962714
        1266    0.962692
        1267    0.962693
        1268    0.962693
        1269    0.962678
        1270    0.962708
        1271    0.962708
        1272    0.962701
        1273    0.962701
        1274    0.962658
        1275    0.962643
        1276    0.962622
        1277      0.9626
        1278    0.962593
        1279    0.962558
        1280    0.962565
        1281    0.962544
        1282    0.962544
        1283     0.96253
        1284    0.962516
        1285    0.962495
        1286    0.962488
        1287    0.962488
        1288    0.962474
        1289    0.962467
        1290    0.962461
        1291    0.962454
        1292    0.962454
        1293    0.962469
        1294    0.962448
        1295    0.962441
        1296    0.962441
        1297    0.962456
        1298    0.962442
        1299    0.962428
        1300    0.962429
        1301    0.962429
        1302    0.962415
        1303    0.962387
        1304    0.962345
        1305    0.962346
        1306    0.962311
        1307    0.962318
        1308    0.962305
        1309    0.962277
        1310    0.962235
        1311    0.962236
        1312    0.962236
        1313    0.962251
        1314    0.962244
        1315    0.962188
        1316    0.962175
        1317    0.962169
        1318    0.962141
        1319    0.962128
        1320    0.962135
        1321    0.962136
        1322    0.962122
        1323    0.962102
        1324    0.962096
        1325    0.962089
        1326    0.962097
        1327    0.962063
        1328    0.962057
        1329     0.96205
        1330     0.96203
        1331    0.962038
        1332    0.962011
        1333    0.962011
        1334    0.962012
        1335    0.962006
        1336    0.962007
        1337    0.961986
        1338    0.961994
        1339     0.96196
        1340    0.961968
        1341    0.961934
        1342    0.961928
        1343    0.961922
        1344    0.961902
        1345    0.961889
        1346    0.961876
        1347    0.961877
        1348    0.961871
        1349    0.961878
        1350    0.961866
        1351    0.961846
        1352    0.961812
        1353      0.9618
        1354    0.961773
        1355    0.961774
        1356    0.961788
        1357    0.961742
        1358    0.961736
        1359    0.961743
        1360    0.961724
        1361    0.961684
        1362    0.961658
        1363    0.961652
        1364    0.961632
        1365      0.9616
        1366    0.961594
        1367    0.961595
        1368    0.961603
        1369    0.961583
        1370    0.961571
        1371    0.961572
        1372    0.961566
        1373    0.961574
        1374    0.961541
        1375    0.961515
        1376    0.961489
        1377    0.961477
        1378    0.961458
        1379    0.961432
        1380    0.961433
        1381    0.961428
        1382    0.961435
        1383    0.961403
        1384    0.961397
        1385    0.961399
        1386      0.9614
        1387    0.961394
        1388    0.961409
        1389    0.961396
        1390    0.961358
        1391    0.961345
        1392    0.961347
        1393    0.961354
        1394    0.961349
        1395    0.961317
        1396    0.961298
        1397    0.961326
        1398    0.961294
        1399    0.961282
        1400    0.961257
        1401    0.961238
        1402    0.961213
        1403    0.961188
        1404    0.961169
        1405     0.96117
        1406    0.961152
        1407     0.96114
        1408    0.961141
        1409    0.961136
        1410    0.961131
        1411    0.961112
        1412    0.961107
        1413    0.961076
        1414    0.961031
        1415    0.961033
        1416    0.961034
        1417    0.961003
        1418    0.960991
        1419    0.960999
        1420    0.960968
        1421     0.96095
        1422    0.960938
        1423    0.960926
        1424    0.960928
        1425    0.960942
        1426    0.960944
        1427    0.960913
        1428    0.960914
        1429    0.960902
        1430     0.96091
        1431    0.960912
        1432    0.960894
        1433    0.960882
        1434    0.960858
        1435    0.960853
        1436    0.960848
        1437     0.96085
        1438    0.960857
        1439    0.960827
        1440    0.960835
        1441     0.96081
        1442    0.960805
        1443    0.960788
        1444    0.960764
        1445    0.960765
        1446    0.960767
        1447    0.960743
        1448    0.960738
        1449    0.960726
        1450    0.960734
        1451    0.960736
        1452    0.960737
        1453    0.960733
        1454    0.960715
        1455    0.960723
        1456    0.960724
        1457    0.960732
        1458    0.960721
        1459    0.960704
        1460    0.960705
        1461    0.960694
        1462    0.960708
        1463    0.960704
        1464    0.960686
        1465    0.960681
        1466     0.96067
        1467    0.960659
        1468    0.960661
        1469    0.960643
        1470    0.960601
        1471    0.960596
        1472    0.960585
        1473    0.960574
        1474    0.960576
        1475    0.960578
        1476    0.960573
        1477    0.960581
        1478    0.960582
        1479    0.960559
        1480    0.960548
        1481     0.96055
        1482    0.960539
        1483    0.960515
        1484    0.960523
        1485    0.960525
        1486    0.960527
        1487    0.960541
        1488    0.960536
        1489    0.960525
        1490    0.960527
        1491    0.960529
        1492    0.960499
        1493    0.960501
        1494    0.960484
        1495    0.960455
        1496    0.960456
        1497    0.960458
        1498    0.960453
        1499    0.960449
        1500    0.960438
        1501    0.960434
        1502    0.960417
        1503    0.960425
        1504    0.960427
        1505    0.960441
        1506    0.960442
        1507    0.960444
        1508    0.960421
        1509    0.960417
        1510     0.96043
        1511    0.960426
        1512    0.960434
        1513    0.960429
        1514    0.960431
        1515     0.96042
        1516     0.96041
        1517    0.960393
        1518    0.960401
        1519    0.960391
        1520    0.960374
        1521    0.960382
        1522    0.960371
        1523    0.960367
        1524    0.960381
        1525     0.96037
        1526    0.960372
        1527     0.96038
        1528    0.960388
        1529    0.960389
        1530    0.960403
        1531    0.960374
        1532     0.96037
        1533    0.960378
        1534     0.96038
        1535    0.960387
        1536    0.960395
        1537    0.960391
        1538    0.960356
        1539    0.960334
        1540    0.960317
        1541    0.960313
        1542    0.960321
        1543    0.960317
        1544    0.960306
        1545    0.960296
        1546    0.960292
        1547    0.960294
        1548    0.960259
        1549    0.960249
        1550    0.960239
        1551    0.960229
        1552    0.960254
        1553    0.960232
        1554    0.960216
        1555    0.960194
        1556     0.96019
        1557    0.960198
        1558    0.960194
        1559    0.960172
        1560     0.96015
        1561    0.960134
        1562    0.960129
        1563    0.960119
        1564    0.960121
        1565    0.960076
        1566    0.960066
        1567    0.960062
        1568    0.960058
        1569    0.960024
        1570     0.96002
        1571    0.960004
        1572    0.960006
        1573    0.960014
        1574    0.960004
        1575    0.959976
        1576    0.959973
        1577    0.959963
        1578    0.959959
        1579    0.959955
        1580    0.959945
        1581    0.959941
        1582    0.959937
        1583    0.959921
        1584      0.9599
        1585    0.959902
        1586    0.959886
        1587    0.959877
        1588    0.959873
        1589     0.95988
        1590    0.959877
        1591    0.959861
        1592    0.959857
        1593    0.959871
        1594    0.959832
        1595    0.959822
        1596    0.959836
        1597    0.959826
        1598    0.959811
        1599    0.959813
        1600    0.959815
        1601    0.959811
        1602    0.959784
        1603    0.959774
        1604    0.959776
        1605    0.959778
        1606    0.959763
        1607    0.959754
        1608    0.959767
        1609    0.959769
        1610    0.959748
        1611    0.959744
        1612    0.959723
        1613    0.959725
        1614    0.959699
        1615    0.959695
        1616    0.959686
        1617    0.959676
        1618     0.95965
        1619    0.959646
        1620    0.959619
        1621    0.959616
        1622    0.959595
        1623    0.959574
        1624    0.959553
        1625    0.959578
        1626    0.959558
        1627     0.95956
        1628    0.959562
        1629     0.95953
        1630    0.959532
        1631    0.959506
        1632    0.959513
        1633    0.959499
        1634    0.959489
        1635    0.959497
        1636    0.959494
        1637    0.959467
        1638    0.959453
        1639    0.959449
        1640    0.959423
        1641    0.959414
        1642    0.959382
        1643    0.959384
        1644    0.959358
        1645    0.959361
        1646    0.959335
        1647    0.959314
        1648    0.959305
        1649    0.959279
        1650    0.959282
        1651    0.959245
        1652    0.959236
        1653    0.959244
        1654    0.959246
        1655    0.959226
        1656    0.959206
        1657    0.959208
        1658     0.95921
        1659     0.95919
        1660    0.959187
        1661    0.959156
        1662    0.959163
        1663     0.95916
        1664    0.959157
        1665    0.959142
        1666    0.959111
        1667    0.959097
        1668    0.959094
        1669     0.95908
        1670    0.959093
        1671    0.959073
        1672    0.959064
        1673    0.959061
        1674    0.959047
        1675    0.959033
        1676    0.959018
        1677    0.959015
        1678    0.958984
        1679    0.958998
        1680    0.958984
        1681     0.95897
        1682    0.958955
        1683     0.95893
        1684    0.958911
        1685    0.958891
        1686    0.958904
        1687    0.958874
        1688    0.958871
        1689    0.958879
        1690    0.958881
        1691    0.958895
        1692    0.958902
        1693     0.95891
        1694    0.958902
        1695    0.958893
        1696    0.958885
        1697    0.958882
        1698    0.958879
        1699    0.958865
        1700    0.958873
        1701     0.95887
        1702    0.958861
        1703    0.958869
        1704    0.958882
        1705    0.958885
        1706     0.95886
        1707    0.958851
        1708    0.958843
        1709    0.958851
        1710    0.958842
        1711    0.958845
        1712    0.958842
        1713    0.958839
        1714    0.958852
        1715    0.958838
        1716    0.958841
        1717    0.958816
        1718    0.958813
        1719    0.958794
        1720    0.958764
        1721    0.958761
        1722    0.958753
        1723     0.95875
        1724    0.958725
        1725    0.958739
        1726    0.958736
        1727    0.958722
        1728    0.958703
        1729      0.9587
        1730    0.958703
        1731    0.958673
        1732    0.958675
        1733    0.958662
        1734     0.95867
        1735    0.958651
        1736    0.958643
        1737    0.958629
        1738    0.958621
        1739    0.958629
        1740    0.958626
        1741    0.958613
        1742    0.958604
        1743    0.958612
        1744    0.958599
        1745     0.95858
        1746    0.958551
        1747    0.958548
        1748    0.958566
        1749    0.958569
        1750    0.958571
        1751    0.958563
        1752    0.958571
        1753    0.958563
        1754    0.958539
        1755    0.958521
        1756    0.958513
        1757    0.958515
        1758    0.958518
        1759    0.958499
        1760    0.958502
        1761    0.958504
        1762    0.958507
        1763    0.958504
        1764    0.958491
        1765    0.958478
        1766    0.958485
        1767    0.958488
        1768    0.958449
        1769    0.958441
        1770    0.958417
        1771     0.95842
        1772    0.958412
        1773    0.958409
        1774    0.958406
        1775    0.958414
        1776    0.958396
        1777    0.958388
        1778     0.95838
        1779    0.958388
        1780    0.958396
        1781    0.958404
        1782     0.95839
        1783    0.958388
        1784    0.958396
        1785    0.958403
        1786    0.958396
        1787    0.958388
        1788    0.958385
        1789    0.958377
        1790    0.958344
        1791    0.958351
        1792    0.958349
        1793    0.958336
        1794    0.958338
        1795    0.958336
        1796    0.958349
        1797    0.958341
        1798    0.958328
        1799    0.958331
        1800    0.958318
        1801    0.958315
        1802    0.958308
        1803     0.95831
        1804    0.958323
        1805     0.95831
        1806    0.958292
        1807    0.958285
        1808    0.958272
        1809    0.958264
        1810    0.958257
        1811    0.958249
        1812    0.958241
        1813    0.958229
        1814    0.958226
        1815    0.958213
        1816    0.958211
        1817    0.958198
        1818    0.958196
        1819    0.958214
        1820    0.958211
        1821    0.958209
        1822    0.958196
        1823    0.958199
        1824    0.958196
        1825    0.958204
        1826    0.958191
        1827    0.958174
        1828    0.958181
        1829    0.958164
        1830    0.958151
        1831    0.958139
        1832    0.958126
        1833    0.958134
        1834    0.958121
        1835    0.958119
        1836    0.958091
        1837    0.958089
        1838    0.958076
        1839    0.958059
        1840    0.958067
        1841    0.958054
        1842    0.958052
        1843     0.95806
        1844    0.958057
        1845     0.95806
        1846    0.958052
        1847     0.95806
        1848    0.958033
        1849    0.958035
        1850    0.958028
        1851    0.958016
        1852    0.958003
        1853    0.957991
        1854    0.957999
        1855    0.957986
        1856    0.957979
        1857    0.957982
        1858     0.95797
        1859    0.957967
        1860     0.95797
        1861    0.957973
        1862    0.957975
        1863    0.957978
        1864    0.957971
        1865    0.957958
        1866    0.957971
        1867    0.957974
        1868    0.957962
        1869    0.957964
        1870    0.957972
        1871    0.957975
        1872    0.957957
        1873     0.95797
        1874    0.957978
        1875    0.957985
        1876    0.957993
        1877       0.958
        1878    0.958023
        1879     0.95804
        1880    0.958038
        1881     0.95805
        1882    0.958058
        1883    0.958056
        1884    0.958048
        1885    0.958041
        1886    0.958044
        1887    0.958051
        1888    0.958054
        1889    0.958047
        1890    0.958049
        1891    0.958062
        1892    0.958059
        1893    0.958052
        1894    0.958045
        1895    0.958062
        1896    0.958065
        1897    0.958067
        1898     0.95807
        1899    0.958053
        1900    0.958046
        1901    0.958053
        1902    0.958066
        1903    0.958068
        1904    0.958056
        1905    0.958054
        1906    0.958056
        1907    0.958074
        1908    0.958081
        1909    0.958088
        1910    0.958086
        1911    0.958084
        1912    0.958082
        1913    0.958074
        1914    0.958072
        1915     0.95807
        1916    0.958058
        1917     0.95806
        1918    0.958053
        1919    0.958051
        1920    0.958049
        1921    0.958042
        1922     0.95803
        1923    0.958023
        1924    0.957992
        1925    0.957994
        1926    0.958006
        1927    0.957999
        1928    0.957992
        1929    0.958005
        1930    0.958002
        1931     0.95801
        1932    0.958003
        1933    0.958015
        1934    0.958022
        1935    0.958001
        1936    0.957989
        1937    0.957987
        1938    0.957985
        1939    0.958001
        1940    0.957999
        1941    0.957987
        1942    0.957995
        1943    0.957993
        1944    0.957981
        1945    0.957988
        1946    0.957996
        1947    0.958003
        1948    0.957996
        1949    0.958003
        1950     0.95801
        1951    0.958013
        1952    0.958001
        1953    0.958004
        1954    0.957987
        1955     0.95799
        1956    0.957988
        1957    0.957986
        1958    0.957979
        1959    0.957981
        1960    0.957984
        1961    0.957953
        1962    0.957956
        1963    0.957944
        1964    0.957951
        1965    0.957949
        1966    0.957938
        1967    0.957912
        1968    0.957915
        1969    0.957922
        1970    0.957924
        1971    0.957927
        1972     0.95792
        1973    0.957918
        1974    0.957906
        1975    0.957895
        1976    0.957883
        1977    0.957886
        1978    0.957884
        1979    0.957849
        1980    0.957842
        1981    0.957836
        1982    0.957819
        1983    0.957813
        1984    0.957811
        1985    0.957795
        1986    0.957793
        1987     0.95779
        1988    0.957802
        1989    0.957782
        1990     0.95778
        1991    0.957773
        1992     0.95778
        1993    0.957783
        1994    0.957767
        1995    0.957742
        1996     0.95773
        1997    0.957728
        1998    0.957731
        1999     0.95772
        2000    0.957718
        2001    0.957683
        2002     0.95769
        2003     0.95767
        2004    0.957663
        2005    0.957666
        2006    0.957669
        2007    0.957676
        2008    0.957674
        2009     0.95769
        2010    0.957711
        2011    0.957709
        2012    0.957712
        2013    0.957701
        2014    0.957694
        2015    0.957706
        2016    0.957713
        2017     0.95773
        2018    0.957741
        2019    0.957739
        2020    0.957733
        2021    0.957694
        2022    0.957701
        2023    0.957704
        2024    0.957688
        2025    0.957663
        2026    0.957671
        2027    0.957664
        2028    0.957653
        2029    0.957651
        2030    0.957654
        2031    0.957643
        2032     0.95765
        2033    0.957639
        2034    0.957637
        2035     0.95763
        2036    0.957628
        2037    0.957622
        2038     0.95762
        2039    0.957623
        2040    0.957643
        2041    0.957655
        2042    0.957649
        2043    0.957647
        2044    0.957645
        2045    0.957643
        2046     0.95765
        2047    0.957653
        2048    0.957664
        2049    0.957644
        2050    0.957651
        2051    0.957654
        2052    0.957647
        2053     0.95765
        2054    0.957648
        2055    0.957651
        2056     0.95764
        2057    0.957633
        2058    0.957636
        2059    0.957648
        2060    0.957646
        2061    0.957617
        2062    0.957619
        2063    0.957622
        2064     0.95762
        2065    0.957605
        2066    0.957589
        2067    0.957592
        2068    0.957581
        2069    0.957566
        2070    0.957568
        2071    0.957571
        2072     0.95756
        2073    0.957558
        2074     0.95757
        2075    0.957577
        2076    0.957575
        2077    0.957573
        2078    0.957571
        2079    0.957543
        2080    0.957537
        2081    0.957544
        2082    0.957528
        2083    0.957531
        2084    0.957498
        2085    0.957501
        2086    0.957503
        2087     0.95751
        2088    0.957509
        2089    0.957511
        2090    0.957496
        2091     0.95749
        2092    0.957497
        2093    0.957491
        2094    0.957489
        2095    0.957496
        2096    0.957512
        2097    0.957505
        2098    0.957499
        2099    0.957502
        2100      0.9575
        2101    0.957494
        2102    0.957479
        2103    0.957477
        2104    0.957475
        2105    0.957478
        2106     0.95748
        2107     0.95747
        2108    0.957455
        2109    0.957457
        2110    0.957473
        2111    0.957471
        2112     0.95747
        2113    0.957463
        2114    0.957466
        2115    0.957456
        2116    0.957454
        2117    0.957461
        2118     0.95745
        2119    0.957431
        2120    0.957438
        2121    0.957432
        2122    0.957434
        2123    0.957428
        2124    0.957427
        2125    0.957416
        2126    0.957406
        2127      0.9574
        2128    0.957407
        2129    0.957409
        2130    0.957407
        2131    0.957397
        2132      0.9574
        2133    0.957402
        2134    0.957413
        2135    0.957394
        2136    0.957406
        2137      0.9574
        2138    0.957398
        2139    0.957387
        2140    0.957386
        2141    0.957371
        2142    0.957378
        2143    0.957385
        2144    0.957366
        2145    0.957364
        2146     0.95735
        2147    0.957344
        2148    0.957333
        2149    0.957336
        2150    0.957334
        2151    0.957341
        2152    0.957339
        2153    0.957333
        2154    0.957336
        2155    0.957321
        2156    0.957311
        2157    0.957301
        2158    0.957304
        2159    0.957293
        2160    0.957309
        2161    0.957294
        2162    0.957301
        2163    0.957295
        2164    0.957289
        2165    0.957305
        2166     0.95732
        2167    0.957314
        2168    0.957321
        2169    0.957324
        2170    0.957335
        2171    0.957346
        2172    0.957344
        2173    0.957347
        2174    0.957337
        2175    0.957339
        2176    0.957342
        2177     0.95734
        2178    0.957334
        2179    0.957328
        2180    0.957331
        2181    0.957312
        2182    0.957302
        2183    0.957301
        2184    0.957295
        2185    0.957285
        2186    0.957279
        2187    0.957281
        2188    0.957271
        2189    0.957257
        2190    0.957259
        2191    0.957275
        2192    0.957265
        2193    0.957255
        2194     0.95724
        2195    0.957213
        2196    0.957212
        2197    0.957202
        2198    0.957196
        2199    0.957169
        2200    0.957172
        2201    0.957162
        2202    0.957156
        2203    0.957163
        2204    0.957165
        2205    0.957151
        2206    0.957137
        2207    0.957119
        2208      0.9571
        2209    0.957099
        2210    0.957106
        2211    0.957113
        2212     0.95709
        2213    0.957101
        2214    0.957108
        2215    0.957106
        2216    0.957097
        2217    0.957087
        2218    0.957085
        2219    0.957071
        2220    0.957074
        2221    0.957081
        2222    0.957058
        2223    0.957069
        2224    0.957055
        2225    0.957041
        2226     0.95704
        2227    0.957022
        2228    0.957024
        2229    0.957019
        2230    0.957021
        2231    0.956999
        2232    0.956993
        2233    0.956996
        2234     0.95699
        2235    0.956989
        2236    0.956983
        2237    0.956974
        2238    0.956972
        2239    0.956979
        2240    0.956969
        2241    0.956964
        2242    0.956979
        2243    0.956977
        2244    0.956963
        2245    0.956966
        2246    0.956973
        2247    0.956959
        2248    0.956966
        2249    0.956956
        2250    0.956963
        2251    0.956962
        2252     0.95696
        2253    0.956963
        2254    0.956957
        2255    0.956952
        2256    0.956946
        2257    0.956953
        2258    0.956947
        2259    0.956954
        2260    0.956949
        2261    0.956959
        2262    0.956958
        2263    0.956961
        2264    0.956947
        2265    0.956945
        2266    0.956956
        2267    0.956963
        2268    0.956949
        2269    0.956948
        2270     0.95693
        2271    0.956925
        2272    0.956919
        2273     0.95693
        2274    0.956937
        2275    0.956919
        2276    0.956897
        2277    0.956904
        2278    0.956915
        2279    0.956905
        2280    0.956904
        2281    0.956886
        2282    0.956897
        2283    0.956867
        2284     0.95687
        2285     0.95686
        2286    0.956867
        2287    0.956858
        2288     0.95686
        2289    0.956843
        2290    0.956853
        2291    0.956844
        2292    0.956835
        2293    0.956833
        2294    0.956824
        2295     0.95683
        2296    0.956813
        2297    0.956824
        2298    0.956826
        2299    0.956825
        2300    0.956816
        2301     0.95683
        2302    0.956821
        2303    0.956816
        2304     0.95681
        2305    0.956813
        2306    0.956816
        2307    0.956814
        2308    0.956813
        2309    0.956808
        2310     0.95679
        2311    0.956805
        2312    0.956767
        2313    0.956758
        2314    0.956757
        2315    0.956747
        2316     0.95673
        2317    0.956737
        2318    0.956744
        2319    0.956734
        2320    0.956733
        2321    0.956724
        2322     0.95673
        2323    0.956721
        2324    0.956708
        2325    0.956706
        2326    0.956713
        2327    0.956716
        2328    0.956711
        2329    0.956697
        2330    0.956696
        2331    0.956699
        2332    0.956705
        2333      0.9567
        2334    0.956711
        2335    0.956717
        2336    0.956704
        2337    0.956707
        2338    0.956702
        2339      0.9567
        2340    0.956699
        2341    0.956698
        2342    0.956689
        2343    0.956683
        2344    0.956686
        2345    0.956669
        2346    0.956672
        2347    0.956674
        2348    0.956665
        2349    0.956672
        2350    0.956678
        2351    0.956681
        2352    0.956684
        2353    0.956663
        2354    0.956658
        2355     0.95666
        2356    0.956667
        2357     0.95667
        2358    0.956668
        2359    0.956663
        2360     0.95665
        2361    0.956637
        2362    0.956632
        2363    0.956635
        2364    0.956626
        2365     0.95662
        2366      0.9566
        2367     0.95661
        2368    0.956617
        2369    0.956619
        2370    0.956614
        2371    0.956613
        2372    0.956612
        2373    0.956615
        2374    0.956613
        2375    0.956616
        2376    0.956626
        2377    0.956602
        2378    0.956597
        2379    0.956592
        2380    0.956598
        2381    0.956616
        2382    0.956627
        2383    0.956633
        2384    0.956624
        2385    0.956627
        2386    0.956637
        2387    0.956632
        2388    0.956627
        2389     0.95663
        2390    0.956625
        2391    0.956624
        2392     0.95663
        2393    0.956625
        2394     0.95662
        2395    0.956615
        2396    0.956625
        2397    0.956624
        2398    0.956619
        2399     0.95661
        2400    0.956613
        2401      0.9566
        2402    0.956603
        2403    0.956597
        2404    0.956585
        2405    0.956572
        2406    0.956567
        2407    0.956558
        2408    0.956565
        2409    0.956556
        2410    0.956554
        2411    0.956553
        2412    0.956548
        2413    0.956532
        2414    0.956531
        2415    0.956545
        2416    0.956544
        2417     0.95655
        2418    0.956549
        2419    0.956544
        2420    0.956543
        2421    0.956545
        2422    0.956552
        2423    0.956558
        2424    0.956561
        2425    0.956567
        2426    0.956566
        2427    0.956569
        2428    0.956564
        2429    0.956551
        2430    0.956561
        2431     0.95656
        2432    0.956548
        2433    0.956539
        2434    0.956534
        2435    0.956521
        2436    0.956528
        2437    0.956511
        2438    0.956514
        2439    0.956509
        2440    0.956523
        2441    0.956522
        2442    0.956528
        2443     0.95652
        2444    0.956522
        2445    0.956506
        2446    0.956513
        2447    0.956519
        2448    0.956522
        2449    0.956509
        2450    0.956515
        2451    0.956503
        2452    0.956483
        2453    0.956486
        2454    0.956484
        2455    0.956468
        2456    0.956445
        2457    0.956451
        2458    0.956439
        2459    0.956441
        2460    0.956436
        2461     0.95642
        2462    0.956415
        2463     0.95641
        2464    0.956424
        2465    0.956404
        2466      0.9564
        2467    0.956414
        2468    0.956424
        2469     0.95643
        2470    0.956433
        2471    0.956424
        2472    0.956423
        2473    0.956422
        2474    0.956417
        2475    0.956409
        2476    0.956415
        2477    0.956421
        2478    0.956413
        2479    0.956415
        2480    0.956414
        2481    0.956402
        2482    0.956405
        2483    0.956396
        2484    0.956373
        2485    0.956375
        2486    0.956374
        2487    0.956369
        2488    0.956361
        2489    0.956367
        2490    0.956377
        2491    0.956376
        2492    0.956371
        2493    0.956367
        2494    0.956366
        2495    0.956353
        2496    0.956352
        2497    0.956359
        2498    0.956358
        2499    0.956357
        2500    0.956363
        2501    0.956358
        2502    0.956353
        2503    0.956341
        2504    0.956337
        2505    0.956332
        2506    0.956338
        2507    0.956337
        2508    0.956343
        2509    0.956335
        2510    0.956338
        2511    0.956344
        2512     0.95635
        2513    0.956338
        2514    0.956326
        2515    0.956332
        2516     0.95632
        2517    0.956308
        2518    0.956315
        2519     0.95631
        2520    0.956316
        2521    0.956315
        2522    0.956314
        2523    0.956306
        2524    0.956294
        2525    0.956293
        2526    0.956292
        2527    0.956287
        2528    0.956279
        2529    0.956285
        2530    0.956269
        2531    0.956257
        2532    0.956245
        2533    0.956252
        2534    0.956247
        2535    0.956231
        2536    0.956216
        2537    0.956222
        2538    0.956221
        2539    0.956231
        2540    0.956208
        2541    0.956207
        2542    0.956195
        2543    0.956194
        2544     0.95619
        2545    0.956189
        2546    0.956195
        2547     0.95619
        2548    0.956182
        2549    0.956181
        2550    0.956158
        2551    0.956146
        2552    0.956146
        2553     0.95613
        2554    0.956118
        2555    0.956125
        2556    0.956131
        2557    0.956126
        2558    0.956114
        2559    0.956103
        2560    0.956105
        2561    0.956101
        2562    0.956089
        2563    0.956095
        2564    0.956094
        2565    0.956097
        2566    0.956082
        2567    0.956088
        2568     0.95608
        2569    0.956093
        2570    0.956082
        2571    0.956073
        2572    0.956069
        2573    0.956072
        2574    0.956063
        2575    0.956073
        2576    0.956054
        2577    0.956054
        2578    0.956056
        2579    0.956045
        2580    0.956051
        2581    0.956036
        2582    0.956038
        2583    0.956045
        2584    0.956036
        2585    0.956028
        2586    0.956027
        2587    0.956002
        2588    0.955997
        2589    0.955996
        2590    0.955985
        2591     0.95598
        2592    0.955976
        2593    0.955982
        2594    0.955985
        2595    0.955984
        2596    0.955979
        2597    0.955968
        2598     0.95596
        2599    0.955962
        2600    0.955972
        2601    0.955971
        2602    0.955978
        2603     0.95598
        2604    0.955958
        2605    0.955957
        2606     0.95596
        2607    0.955963
        2608    0.955958
        2609    0.955954
        2610    0.955956
        2611    0.955956
        2612    0.955955
        2613    0.955954
        2614    0.955949
        2615    0.955945
        2616    0.955937
        2617    0.955929
        2618    0.955932
        2619    0.955924
        2620    0.955923
        2621    0.955929
        2622    0.955939
        2623    0.955938
        2624    0.955937
        2625    0.955926
        2626    0.955925
        2627    0.955921
        2628    0.955909
        2629    0.955919
        2630     0.95589
        2631    0.955893
        2632    0.955874
        2633    0.955873
        2634     0.95588
        2635    0.955875
        2636    0.955864
        2637    0.955849
        2638    0.955855
        2639    0.955869
        2640    0.955868
        2641     0.95587
        2642    0.955866
        2643    0.955872
        2644    0.955871
        2645    0.955864
        2646    0.955863
        2647    0.955855
        2648    0.955844
        2649    0.955839
        2650    0.955835
        2651    0.955834
        2652     0.95582
        2653    0.955808
        2654    0.955814
        2655    0.955803
        2656    0.955802
        2657    0.955798
        2658    0.955794
        2659    0.955786
        2660    0.955778
        2661    0.955767
        2662    0.955763
        2663    0.955762
        2664    0.955761
        2665    0.955757
        2666    0.955749
        2667    0.955752
        2668    0.955748
        2669    0.955726
        2670    0.955715
        2671    0.955711
        2672    0.955714
        2673    0.955709
        2674    0.955695
        2675    0.955694
        2676     0.95569
        2677    0.955682
        2678    0.955668
        2679     0.95566
        2680    0.955656
        2681    0.955658
        2682    0.955661
        2683     0.95566
        2684    0.955667
        2685    0.955662
        2686    0.955665
        2687    0.955661
        2688    0.955646
        2689    0.955649
        2690    0.955645
        2691    0.955641
        2692    0.955633
        2693    0.955626
        2694    0.955622
        2695    0.955624
        2696     0.95561
        2697    0.955616
        2698    0.955605
        2699    0.955611
        2700    0.955604
        2701    0.955613
        2702    0.955595
        2703    0.955601
        2704    0.955604
        2705      0.9556
        2706    0.955582
        2707    0.955578
        2708    0.955574
        2709    0.955566
        2710    0.955569
        2711    0.955558
        2712    0.955541
        2713     0.95553
        2714    0.955522
        2715    0.955521
        2716    0.955521
        2717    0.955503
        2718    0.955485
        2719    0.955478
        2720    0.955467
        2721     0.95547
        2722    0.955462
        2723    0.955475
        2724    0.955464
        2725     0.95545
        2726    0.955433
        2727    0.955422
        2728    0.955411
        2729    0.955417
        2730    0.955416
        2731    0.955419
        2732    0.955395
        2733    0.955388
        2734    0.955387
        2735     0.95538
        2736    0.955379
        2737    0.955388
        2738    0.955395
        2739     0.95538
        2740    0.955387
        2741    0.955386
        2742    0.955392
        2743    0.955381
        2744    0.955381
        2745    0.955377
        2746    0.955369
        2747    0.955352
        2748    0.955361
        2749    0.955364
        2750    0.955367
        2751    0.955363
        2752    0.955352
        2753    0.955365
        2754    0.955351
        2755    0.955347
        2756     0.95535
        2757    0.955363
        2758    0.955369
        2759    0.955372
        2760    0.955378
        2761     0.95538
        2762    0.955387
        2763    0.955393
        2764    0.955392
        2765    0.955378
        2766    0.955381
        2767     0.95538
        2768     0.95537
        2769    0.955376
        2770    0.955368
        2771    0.955361
        2772    0.955364
        2773     0.95536
        2774    0.955353
        2775    0.955355
        2776    0.955361
        2777    0.955358
        2778    0.955364
        2779     0.95535
        2780    0.955352
        2781    0.955352
        2782    0.955341
        2783    0.955344
        2784    0.955343
        2785    0.955353
        2786    0.955346
        2787    0.955358
        2788    0.955358
        2789    0.955347
        2790    0.955353
        2791    0.955353
        2792    0.955342
        2793    0.955348
        2794    0.955354
        2795    0.955347
        2796    0.955353
        2797    0.955342
        2798    0.955348
        2799    0.955358
        2800    0.955354
        2801     0.95534
        2802    0.955326
        2803    0.955316
        2804    0.955312
        2805    0.955298
        2806    0.955288
        2807     0.95528
        2808    0.955286
        2809    0.955286
        2810    0.955289
        2811    0.955281
        2812    0.955288
        2813     0.95528
        2814    0.955286
        2815    0.955279
        2816    0.955272
        2817    0.955265
        2818    0.955258
        2819    0.955267
        2820     0.95526
        2821    0.955263
        2822    0.955266
        2823    0.955265
        2824    0.955271
        2825    0.955261
        2826    0.955263
        2827    0.955259
        2828    0.955256
        2829    0.955252
        2830    0.955258
        2831    0.955267
        2832    0.955283
        2833    0.955266
        2834    0.955272
        2835    0.955258
        2836    0.955261
        2837    0.955264
        2838    0.955266
        2839    0.955272
        2840    0.955275
        2841    0.955271
        2842    0.955268
        2843    0.955264
        2844    0.955266
        2845    0.955266
        2846    0.955265
        2847    0.955268
        2848    0.955271
        2849    0.955264
        2850     0.95526
        2851    0.955246
        2852    0.955243
        2853    0.955249
        2854    0.955258
        2855    0.955264
        2856    0.955266
        2857    0.955276
        2858    0.955262
        2859    0.955268
        2860    0.955274
        2861    0.955283
        2862    0.955289
        2863    0.955295
        2864    0.955307
        2865    0.955313
        2866    0.955316
        2867    0.955322
        2868    0.955315
        2869    0.955311
        2870    0.955304
        2871     0.95531
        2872    0.955303
        2873    0.955299
        2874    0.955295
        2875    0.955288
        2876    0.955288
        2877    0.955277
        2878    0.955274
        2879     0.95527
        2880    0.955253
        2881    0.955256
        2882    0.955265
        2883    0.955268
        2884    0.955251
        2885    0.955244
        2886    0.955234
        2887    0.955227
        2888    0.955227
        2889    0.955232
        2890    0.955235
        2891    0.955225
        2892    0.955212
        2893    0.955214
        2894    0.955214
        2895    0.955197
        2896    0.955203
        2897     0.95519
        2898    0.955196
        2899    0.955198
        2900    0.955188
        2901    0.955194
        2902      0.9552
        2903    0.955196
        2904    0.955193
        2905    0.955186
        2906    0.955185
        2907    0.955172
        2908    0.955168
        2909    0.955174
        2910    0.955167
        2911    0.955176
        2912     0.95517
        2913    0.955172
        2914    0.955165
        2915    0.955165
        2916    0.955161
        2917    0.955154
        2918    0.955147
        2919    0.955147
        2920    0.955143
        2921    0.955136
        2922     0.95513
        2923    0.955126
        2924    0.955129
        2925    0.955135
        2926    0.955134
        2927     0.95513
        2928    0.955124
        2929    0.955126
        2930    0.955126
        2931    0.955138
        2932    0.955141
        2933    0.955131
        2934    0.955127
        2935    0.955111
        2936    0.955113
        2937    0.955122
        2938    0.955119
        2939    0.955115
        2940    0.955121
        2941    0.955108
        2942    0.955104
        2943    0.955104
        2944     0.95511
        2945      0.9551
        2946    0.955105
        2947    0.955102
        2948    0.955108
        2949     0.95511
        2950    0.955107
        2951    0.955097
        2952    0.955099
        2953    0.955093
        2954    0.955092
        2955    0.955092
        2956    0.955082
        2957    0.955069
        2958    0.955065
        2959    0.955056
        2960    0.955055
        2961    0.955058
        2962     0.95506
        2963    0.955057
        2964    0.955044
        2965    0.955034
        2966     0.95504
        2967    0.955033
        2968    0.955036
        2969    0.955026
        2970    0.955026
        2971    0.955028
        2972    0.955031
        2973    0.955024
        2974    0.955018
        2975     0.95502
        2976     0.95502
        2977    0.955004
        2978    0.955003
        2979    0.955003
        2980    0.955002
        2981    0.954999
        2982    0.955011
        2983    0.954995
        2984    0.954995
        2985    0.954991
        2986    0.954987
        2987    0.954993
        2988    0.954999
        2989    0.955005
        2990    0.954995
        2991    0.954973
        2992    0.954973
        2993    0.954975
        2994    0.954972
        2995    0.954977
        2996    0.954974
        2997     0.95497
        2998    0.954964
        2999    0.954966
        3000    0.954957
        3001    0.954956
        3002     0.95495
        3003    0.954937
        3004    0.954927
        3005    0.954918
        3006    0.954917
        3007    0.954911
        3008    0.954917
        3009    0.954904
        3010    0.954888
        3011    0.954878
        3012    0.954866
        3013    0.954871
        3014    0.954871
        3015    0.954874
        3016     0.95488
        3017    0.954882
        3018    0.954885
        3019    0.954881
        3020    0.954866
        3021    0.954871
        3022    0.954865
        3023    0.954868
        3024    0.954861
        3025    0.954852
        3026    0.954851
        3027    0.954857
        3028    0.954866
        3029    0.954859
        3030    0.954856
        3031    0.954855
        3032    0.954852
        3033    0.954858
        3034    0.954854
        3035     0.95486
        3036     0.95485
        3037    0.954844
        3038    0.954844
        3039    0.954858
        3040    0.954846
        3041    0.954846
        3042    0.954833
        3043    0.954826
        3044    0.954829
        3045    0.954826
        3046    0.954807
        3047    0.954801
        3048    0.954785
        3049    0.954788
        3050    0.954775
        3051    0.954772
        3052    0.954766
        3053    0.954774
        3054    0.954774
        3055    0.954774
        3056    0.954767
        3057    0.954761
        3058    0.954748
        3059    0.954736
        3060     0.95472
        3061    0.954717
        3062    0.954686
        3063    0.954689
        3064    0.954677
        3065    0.954679
        3066    0.954673
        3067     0.95467
        3068     0.95466
        3069    0.954663
        3070     0.95466
        3071    0.954629
        3072    0.954623
        3073    0.954623
        3074    0.954625
        3075    0.954616
        3076    0.954616
        3077      0.9546
        3078    0.954603
        3079    0.954594
        3080    0.954597
        3081    0.954581
        3082    0.954581
        3083    0.954569
        3084    0.954544
        3085    0.954544
        3086    0.954538
        3087    0.954544
        3088    0.954549
        3089    0.954528
        3090    0.954525
        3091    0.954527
        3092    0.954515
        3093    0.954506
        3094    0.954497
        3095    0.954485
        3096    0.954484
        3097    0.954481
        3098    0.954475
        3099    0.954463
        3100    0.954468
        3101    0.954462
        3102    0.954468
        3103    0.954465
        3104    0.954458
        3105    0.954455
        3106    0.954458
        3107    0.954455
        3108    0.954457
        3109    0.954457
        3110    0.954445
        3111     0.95443
        3112    0.954421
        3113    0.954418
        3114    0.954408
        3115    0.954399
        3116    0.954393
        3117    0.954387
        3118    0.954396
        3119    0.954401
        3120    0.954401
        3121     0.95441
        3122    0.954413
        3123    0.954406
        3124    0.954394
        3125    0.954385
        3126     0.95437
        3127     0.95437
        3128    0.954376
        3129    0.954387
        3130     0.95439
        3131    0.954381
        3132    0.954387
        3133    0.954372
        3134     0.95438
        3135    0.954374
        3136    0.954368
        3137    0.954374
        3138    0.954385
        3139    0.954388
        3140    0.954385
        3141    0.954391
        3142    0.954387
        3143    0.954378
        3144    0.954384
        3145    0.954369
        3146    0.954366
        3147    0.954369
        3148     0.95436
        3149    0.954351
        3150    0.954353
        3151     0.95435
        3152    0.954347
        3153    0.954341
        3154    0.954335
        3155    0.954329
        3156    0.954329
        3157    0.954334
        3158    0.954349
        3159    0.954325
        3160    0.954328
        3161    0.954328
        3162    0.954319
        3163     0.95431
        3164    0.954315
        3165    0.954318
        3166    0.954315
        3167    0.954309
        3168    0.954312
        3169    0.954317
        3170    0.954314
        3171    0.954317
        3172    0.954323
        3173    0.954322
        3174    0.954325
        3175    0.954322
        3176    0.954319
        3177    0.954327
        3178    0.954324
        3179    0.954333
        3180    0.954338
        3181    0.954321
        3182    0.954315
        3183    0.954315
        3184    0.954303
        3185    0.954294
        3186    0.954299
        3187    0.954296
        3188    0.954296
        3189    0.954293
        3190    0.954287
        3191    0.954284
        3192    0.954281
        3193    0.954275
        3194    0.954278
        3195     0.95428
        3196    0.954272
        3197     0.95428
        3198    0.954283
        3199    0.954277
        3200    0.954268
        3201    0.954271
        3202    0.954279
        3203    0.954273
        3204    0.954279
        3205    0.954267
        3206    0.954267
        3207    0.954267
        3208    0.954264
        3209    0.954272
        3210    0.954266
        3211    0.954266
        3212    0.954269
        3213    0.954269
        3214    0.954274
        3215     0.95428
        3216     0.95428
        3217    0.954279
        3218    0.954279
        3219    0.954285
        3220    0.954285
        3221    0.954287
        3222    0.954278
        3223    0.954278
        3224    0.954281
        3225    0.954287
        3226    0.954292
        3227    0.954292
        3228    0.954277
        3229    0.954277
        3230     0.95428
        3231    0.954265
        3232    0.954257
        3233    0.954256
        3234    0.954251
        3235    0.954253
        3236    0.954262
        3237    0.954256
        3238    0.954247
        3239     0.95425
        3240    0.954247
        3241    0.954244
        3242    0.954249
        3243    0.954229
        3244     0.95422
        3245    0.954212
        3246    0.954191
        3247     0.95418
        3248    0.954188
        3249    0.954185
        3250    0.954179
        3251    0.954174
        3252    0.954179
        3253    0.954179
        3254    0.954173
        3255     0.95417
        3256    0.954173
        3257     0.95417
        3258     0.95417
        3259    0.954164
        3260    0.954167
        3261    0.954169
        3262    0.954155
        3263    0.954155
        3264    0.954141
        3265     0.95414
        3266    0.954137
        3267    0.954134
        3268    0.954123
        3269     0.95412
        3270    0.954114
        3271    0.954117
        3272    0.954114
        3273    0.954122
        3274    0.954108
        3275    0.954108
        3276    0.954097
        3277    0.954094
        3278    0.954091
        3279    0.954088
        3280    0.954071
        3281    0.954056
        3282    0.954062
        3283    0.954065
        3284    0.954056
        3285     0.95405
        3286    0.954042
        3287    0.954042
        3288    0.954042
        3289    0.954033
        3290    0.954033
        3291    0.954027
        3292    0.954027
        3293    0.954021
        3294    0.954019
        3295    0.954024
        3296    0.954016
        3297     0.95401
        3298    0.953996
        3299     0.95399
        3300    0.953993
        3301    0.953987
        3302    0.953987
        3303    0.953981
        3304    0.953992
        3305    0.953989
        3306    0.953975
        3307    0.953967
        3308    0.953972
        3309    0.953978
        3310    0.953972
        3311    0.953967
        3312    0.953972
        3313    0.953966
        3314    0.953969
        3315    0.953972
        3316    0.953975
        3317    0.953969
        3318    0.953966
        3319    0.953966
        3320    0.953966
        3321    0.953957
        3322    0.953955
        3323    0.953957
        3324    0.953954
        3325    0.953943
        3326    0.953946
        3327    0.953946
        3328     0.95394
        3329     0.95394
        3330    0.953932
        3331    0.953929
        3332    0.953932
        3333    0.953926
        3334    0.953931
        3335    0.953931
        3336    0.953934
        3337    0.953928
        3338     0.95392
        3339    0.953923
        3340    0.953912
        3341    0.953914
        3342    0.953909
        3343    0.953911
        3344    0.953906
        3345    0.953903
        3346    0.953911
        3347      0.9539
        3348    0.953892
        3349    0.953883
        3350    0.953881
        3351    0.953878
        3352    0.953883
        3353    0.953883
        3354     0.95388
        3355    0.953891
        3356    0.953894
        3357    0.953905
        3358    0.953891
        3359    0.953891
        3360    0.953902
        3361    0.953897
        3362    0.953902
        3363    0.953902
        3364    0.953907
        3365    0.953905
        3366    0.953913
        3367     0.95391
        3368    0.953913
        3369    0.953904
        3370     0.95391
        3371    0.953907
        3372    0.953912
        3373    0.953918
        3374    0.953915
        3375     0.95392
        3376    0.953926
        3377    0.953934
        3378    0.953934
        3379    0.953937
        3380    0.953926
        3381    0.953915
        3382    0.953917
        3383     0.95392
        3384    0.953923
        3385    0.953928
        3386     0.95392
        3387    0.953925
        3388    0.953922
        3389    0.953917
        3390    0.953914
        3391    0.953919
        3392    0.953925
        3393    0.953927
        3394    0.953916
        3395    0.953914
        3396    0.953908
        3397    0.953905
        3398    0.953908
        3399    0.953916
        3400    0.953922
        3401    0.953913
        3402    0.953919
        3403    0.953916
        3404    0.953916
        3405    0.953919
        3406    0.953913
        3407    0.953908
        3408    0.953899
        3409    0.953905
        3410    0.953907
        3411    0.953905
        3412    0.953915
        3413    0.953921
        3414    0.953918
        3415    0.953923
        3416    0.953912
        3417    0.953902
        3418    0.953907
        3419    0.953899
        3420    0.953891
        3421    0.953893
        3422    0.953893
        3423    0.953898
        3424    0.953896
        3425    0.953885
        3426     0.95389
        3427    0.953893
        3428    0.953898
        3429    0.953885
        3430    0.953876
        3431    0.953871
        3432    0.953863
        3433    0.953863
        3434    0.953868
        3435    0.953868
        3436     0.95386
        3437    0.953868
        3438    0.953865
        3439    0.953865
        3440    0.953876
        3441    0.953879
        3442    0.953881
        3443    0.953887
        3444    0.953868
        3445    0.953865
        3446    0.953862
        3447    0.953854
        3448    0.953857
        3449    0.953857
        3450    0.953854
        3451    0.953854
        3452    0.953851
        3453    0.953857
        3454    0.953857
        3455    0.953854
        3456    0.953854
        3457    0.953856
        3458     0.95384
        3459    0.953835
        3460     0.95384
        3461     0.95384
        3462     0.95384
        3463    0.953835
        3464    0.953835
        3465    0.953843
        3466     0.95384
        3467     0.95384
        3468    0.953837
        3469    0.953837
        3470     0.95384
        3471    0.953832
        3472    0.953826
        3473    0.953813
        3474      0.9538
        3475    0.953808
        3476    0.953802
        3477    0.953808
        3478    0.953794
        3479      0.9538
        3480    0.953805
        3481    0.953805
        3482     0.95381
        3483    0.953818
        3484    0.953815
        3485    0.953818
        3486    0.953818
        3487    0.953823
        3488    0.953831
        3489    0.953828
        3490    0.953815
        3491     0.95381
        3492    0.953802
        3493    0.953794
        3494    0.953783
        3495    0.953773
        3496    0.953765
        3497    0.953759
        3498    0.953751
        3499    0.953749
        3500    0.953751
        3501    0.953743
        3502    0.953727
        3503     0.95373
        3504    0.953725
        3505    0.953727
        3506    0.953712
        3507    0.953714
        3508    0.953717
        3509    0.953714
        3510    0.953717
        3511    0.953722
        3512    0.953722
        3513     0.95372
        3514    0.953727
        3515     0.95372
        3516    0.953725
        3517    0.953719
        3518    0.953712
        3519    0.953714
        3520    0.953719
        3521    0.953719
        3522    0.953712
        3523    0.953706
        3524    0.953709
        3525    0.953712
        3526    0.953706
        3527    0.953706
        3528    0.953706
        3529    0.953698
        3530    0.953688
        3531    0.953698
        3532    0.953701
        3533    0.953685
        3534    0.953685
        3535    0.953683
        3536     0.95368
        3537    0.953683
        3538     0.95367
        3539    0.953664
        3540    0.953667
        3541    0.953672
        3542    0.953675
        3543    0.953675
        3544    0.953675
        3545    0.953678
        3546    0.953675
        3547     0.95367
        3548     0.95367
        3549    0.953678
        3550    0.953672
        3551     0.95368
        3552    0.953678
        3553    0.953675
        3554    0.953675
        3555    0.953683
        3556    0.953678
        3557     0.95368
        3558    0.953675
        3559    0.953683
        3560     0.95367
        3561    0.953675
        3562    0.953675
        3563    0.953662
        3564    0.953644
        3565    0.953649
        3566    0.953641
        3567    0.953636
        3568    0.953631
        3569    0.953634
        3570    0.953623
        3571    0.953618
        3572    0.953608
        3573     0.95359
        3574    0.953587
        3575    0.953585
        3576    0.953574
        3577    0.953574
        3578    0.953579
        3579    0.953567
        3580    0.953574
        3581    0.953567
        3582    0.953574
        3583    0.953574
        3584    0.953572
        3585    0.953556
        3586    0.953551
        3587    0.953554
        3588    0.953557
        3589    0.953559
        3590    0.953557
        3591    0.953564
        3592    0.953549
        3593    0.953541
        3594    0.953547
        3595    0.953547
        3596    0.953544
        3597    0.953544
        3598    0.953536
        3599    0.953542
        3600    0.953539
        3601    0.953549
        3602    0.953539
        3603    0.953544
        3604    0.953547
        3605    0.953539
        3606    0.953539
        3607    0.953539
        3608    0.953532
        3609    0.953534
        3610    0.953527
        3611    0.953532
        3612    0.953537
        3613     0.95354
        3614    0.953545
        3615     0.95354
        3616    0.953537
        3617     0.95353
        3618    0.953522
        3619     0.95353
        3620     0.95353
        3621    0.953527
        3622     0.95353
        3623    0.953535
        3624    0.953525
        3625    0.953517
        3626    0.953515
        3627    0.953512
        3628    0.953512
        3629     0.95351
        3630    0.953515
        3631    0.953512
        3632    0.953523
        3633    0.953533
        3634    0.953525
        3635    0.953525
        3636    0.953518
        3637    0.953518
        3638    0.953523
        3639    0.953523
        3640    0.953523
        3641    0.953523
        3642    0.953518
        3643    0.953516
        3644    0.953523
        3645    0.953516
        3646    0.953513
        3647    0.953516
        3648    0.953513
        3649    0.953506
        3650    0.953506
        3651    0.953506
        3652    0.953496
        3653    0.953498
        3654    0.953496
        3655    0.953496
        3656    0.953501
        3657    0.953504
        3658    0.953494
        3659    0.953499
        3660    0.953484
        3661    0.953491
        3662    0.953484
        3663    0.953479
        3664    0.953474
        3665    0.953479
        3666    0.953486
        3667    0.953489
        3668    0.953482
        3669    0.953484
        3670    0.953482
        3671    0.953477
        3672    0.953477
        3673    0.953462
        3674    0.953464
        3675    0.953467
        3676    0.953457
        3677    0.953452
        3678    0.953454
        3679     0.95346
        3680    0.953457
        3681     0.95346
        3682     0.95346
        3683     0.95346
        3684     0.95346
        3685    0.953455
        3686    0.953458
        3687     0.95345
        3688    0.953448
        3689    0.953433
        3690    0.953418
        3691     0.95342
        3692    0.953415
        3693    0.953423
        3694    0.953428
        3695    0.953426
        3696    0.953421
        3697    0.953426
        3698    0.953431
        3699    0.953418
        3700    0.953418
        3701    0.953413
        3702    0.953411
        3703    0.953406
        3704    0.953396
        3705    0.953394
        3706    0.953384
        3707    0.953386
        3708    0.953384
        3709    0.953379
        3710    0.953379
        3711    0.953379
        3712    0.953372
        3713    0.953367
        3714    0.953367
        3715     0.95337
        3716    0.953372
        3717    0.953375
        3718    0.953375
        3719    0.953378
        3720    0.953385
        3721    0.953378
        3722    0.953375
        3723    0.953383
        3724    0.953393
        3725    0.953383
        3726    0.953381
        3727    0.953376
        3728    0.953363
        3729    0.953364
        3730    0.953369
        3731    0.953374
        3732    0.953371
        3733    0.953369
        3734    0.953369
        3735    0.953364
        3736    0.953359
        3737    0.953352
        3738    0.953354
        3739     0.95335
        3740     0.95335
        3741    0.953357
        3742     0.95336
        3743    0.953347
        3744    0.953338
        3745    0.953323
        3746     0.95333
        3747    0.953328
        3748    0.953331
        3749    0.953336
        3750    0.953336
        3751    0.953336
        3752    0.953324
        3753    0.953316
        3754    0.953309
        3755    0.953314
        3756    0.953319
        3757    0.953317
        3758    0.953314
        3759     0.95331
        3760    0.953302
        3761      0.9533
        3762    0.953298
        3763    0.953293
        3764    0.953295
        3765    0.953298
        3766    0.953286
        3767    0.953276
        3768    0.953281
        3769    0.953281
        3770    0.953276
        3771    0.953272
        3772    0.953277
        3773    0.953274
        3774    0.953274
        3775    0.953277
        3776    0.953277
        3777    0.953282
        3778    0.953285
        3779     0.95328
        3780    0.953287
        3781    0.953292
        3782    0.953297
        3783    0.953297
        3784    0.953295
        3785    0.953285
        3786    0.953285
        3787    0.953283
        3788    0.953293
        3789    0.953291
        3790    0.953291
        3791    0.953288
        3792    0.953286
        3793    0.953279
        3794    0.953286
        3795    0.953289
        3796    0.953294
        3797    0.953294
        3798    0.953292
        3799    0.953294
        3800    0.953299
        3801     0.95329
        3802    0.953292
        3803    0.953278
        3804     0.95327
        3805    0.953273
        3806    0.953273
        3807    0.953273
        3808    0.953268
        3809    0.953252
        3810    0.953244
        3811    0.953247
        3812    0.953247
        3813    0.953247
        3814    0.953245
        3815    0.953245
        3816    0.953233
        3817    0.953231
        3818    0.953221
        3819    0.953212
        3820    0.953214
        3821    0.953212
        3822    0.953202
        3823    0.953207
        3824    0.953202
        3825      0.9532
        3826    0.953198
        3827    0.953196
        3828    0.953191
        3829    0.953186
        3830    0.953184
        3831    0.953177
        3832    0.953177
        3833     0.95317
        3834    0.953168
        3835    0.953156
        3836    0.953153
        3837    0.953163
        3838    0.953163
        3839    0.953159
        3840    0.953137
        3841    0.953142
        3842     0.95314
        3843     0.95314
        3844    0.953138
        3845    0.953135
        3846    0.953136
        3847    0.953124
        3848    0.953124
        3849    0.953126
        3850    0.953124
        3851    0.953127
        3852    0.953117
        3853    0.953122
        3854    0.953122
        3855    0.953122
        3856     0.95312
        3857    0.953125
        3858    0.953125
        3859    0.953116
        3860    0.953121
        3861    0.953123
        3862    0.953121
        3863    0.953119
        3864    0.953117
        3865    0.953124
        3866    0.953129
        3867    0.953131
        3868    0.953132
        3869    0.953139
        3870    0.953137
        3871    0.953137
        3872    0.953135
        3873    0.953135
        3874    0.953137
        3875    0.953137
        3876    0.953138
        3877    0.953138
        3878     0.95314
        3879    0.953133
        3880    0.953129
        3881    0.953124
        3882    0.953122
        3883    0.953122
        3884    0.953115
        3885    0.953108
        3886    0.953108
        3887    0.953106
        3888    0.953106
        3889    0.953101
        3890    0.953092
        3891    0.953092
        3892    0.953095
        3893    0.953085
        3894    0.953088
        3895    0.953081
        3896    0.953079
        3897    0.953079
        3898    0.953074
        3899    0.953072
        3900    0.953067
        3901    0.953072
        3902    0.953068
        3903    0.953063
        3904    0.953068
        3905    0.953073
        3906    0.953078
        3907    0.953085
        3908    0.953078
        3909    0.953076
        3910    0.953071
        3911    0.953069
        3912    0.953076
        3913    0.953084
        3914    0.953084
        3915    0.953079
        3916    0.953079
        3917     0.95307
        3918    0.953073
        3919    0.953061
        3920    0.953052
        3921    0.953059
        3922     0.95305
        3923    0.953052
        3924    0.953052
        3925    0.953046
        3926    0.953039
        3927    0.953032
        3928    0.953027
        3929     0.95302
        3930    0.953018
        3931    0.953021
        3932    0.953021
        3933    0.953014
        3934    0.953016
        3935    0.953012
        3936    0.953014
        3937     0.95301
        3938    0.953012
        3939    0.953008
        3940    0.953008
        3941    0.953011
        3942    0.953011
        3943    0.953018
        3944    0.953028
        3945     0.95303
        3946    0.953021
        3947    0.953021
        3948    0.953028
        3949     0.95301
        3950       0.953
        3951    0.953003
        3952    0.952996
        3953    0.952999
        3954    0.952996
        3955    0.952992
        3956    0.952997
        3957    0.952997
        3958    0.952995
        3959     0.95299
        3960    0.952984
        3961    0.952988
        3962    0.952993
        3963    0.952991
        3964    0.952996
        3965    0.952991
        3966    0.952992
        3967    0.952996
        3968    0.952997
        3969    0.953006
        3970    0.952988
        3971    0.952986
        3972    0.952986
        3973    0.952986
        3974    0.952974
        3975    0.952972
        3976    0.952975
        3977    0.952975
        3978    0.952971
        3979    0.952973
        3980    0.952976
        3981     0.95298
        3982    0.952981
        3983    0.952985
        3984     0.95299
        3985    0.952988
        3986    0.952986
        3987    0.952979
        3988    0.952986
        3989    0.952989
        3990    0.952987
        3991    0.952982
        3992    0.952975
        3993    0.952971
        3994    0.952964
        3995    0.952969
        3996    0.952965
        3997    0.952967
        3998     0.95297
        3999     0.95297
        4000    0.952977
        4001    0.952965
        4002    0.952963
        4003     0.95297
        4004    0.952975
        4005    0.952966
        4006    0.952969
        4007    0.952964
        4008     0.95296
        4009    0.952962
        4010    0.952958
        4011    0.952953
        4012    0.952963
        4013    0.952958
        4014    0.952963
        4015    0.952966
        4016    0.952971
        4017    0.952968
        4018    0.952962
        4019    0.952957
        4020    0.952948
        4021    0.952944
        4022    0.952937
        4023    0.952937
        4024    0.952942
        4025    0.952938
        4026    0.952936
        4027     0.95292
        4028    0.952924
        4029    0.952918
        4030    0.952916
        4031     0.95292
        4032    0.952916
        4033    0.952912
        4034    0.952907
        4035    0.952898
        4036    0.952896
        4037    0.952899
        4038    0.952897
        4039    0.952901
        4040    0.952911
        4041    0.952904
        4042    0.952902
        4043      0.9529
        4044      0.9529
        4045    0.952896
        4046    0.952894
        4047    0.952889
        4048    0.952885
        4049    0.952883
        4050    0.952878
        4051    0.952883
        4052    0.952874
        4053     0.95287
        4054    0.952863
        4055    0.952863
        4056    0.952864
        4057    0.952868
        4058    0.952864
        4059    0.952871
        4060    0.952867
        4061    0.952869
        4062    0.952872
        4063    0.952879
        4064    0.952877
        4065    0.952879
        4066    0.952886
        4067    0.952889
        4068    0.952896
        4069    0.952898
        4070    0.952907
        4071    0.952914
        4072    0.952915
        4073    0.952917
        4074    0.952922
        4075    0.952922
        4076    0.952925
        4077     0.95292
        4078    0.952927
        4079     0.95293
        4080    0.952916
        4081    0.952919
        4082    0.952919
        4083    0.952919
        4084    0.952919
        4085    0.952917
        4086    0.952913
        4087     0.95292
        4088     0.95292
        4089    0.952925
        4090     0.95292
        4091    0.952914
        4092    0.952912
        4093    0.952916
        4094    0.952921
        4095    0.952926
        4096    0.952928
        4097    0.952924
        4098    0.952931
        4099    0.952931
        4100    0.952934
        4101    0.952932
        4102    0.952941
        4103    0.952932
        4104    0.952934
        4105    0.952935
        4106    0.952935
        4107    0.952935
        4108    0.952928
        4109    0.952924
        4110    0.952935
        4111     0.95292
        4112    0.952909
        4113      0.9529
        4114    0.952898
        4115    0.952905
        4116    0.952898
        4117    0.952896
        4118    0.952896
        4119    0.952894
        4120    0.952899
        4121    0.952899
        4122    0.952906
        4123      0.9529
        4124    0.952898
        4125    0.952902
        4126    0.952912
        4127    0.952905
        4128    0.952907
        4129    0.952903
        4130    0.952906
        4131    0.952904
        4132    0.952901
        4133    0.952906
        4134    0.952913
        4135      0.9529
        4136      0.9529
        4137    0.952893
        4138    0.952891
        4139    0.952894
        4140    0.952887
        4141     0.95289
        4142     0.95289
        4143    0.952886
        4144    0.952888
        4145    0.952886
        4146    0.952886
        4147    0.952882
        4148     0.95288
        4149    0.952871
        4150    0.952865
        4151    0.952856
        4152    0.952852
        4153    0.952848
        4154    0.952846
        4155    0.952841
        4156    0.952837
        4157    0.952831
        4158    0.952835
        4159    0.952838
        4160    0.952836
        4161    0.952836
        4162    0.952834
        4163    0.952845
        4164     0.95285
        4165    0.952857
        4166    0.952852
        4167    0.952853
        4168    0.952857
        4169     0.95286
        4170    0.952855
        4171     0.95286
        4172    0.952865
        4173    0.952861
        4174    0.952863
        4175    0.952868
        4176    0.952872
        4177    0.952866
        4178    0.952859
        4179    0.952864
        4180     0.95286
        4181    0.952849
        4182    0.952853
        4183    0.952858
        4184    0.952854
        4185    0.952856
        4186    0.952863
        4187    0.952855
        4188    0.952853
        4189    0.952837
        4190    0.952826
        4191    0.952818
        4192    0.952825
        4193     0.95282
        4194    0.952821
        4195    0.952823
        4196    0.952832
        4197    0.952834
        4198    0.952837
        4199    0.952842
        4200    0.952842
        4201    0.952833
        4202    0.952833
        4203    0.952836
        4204    0.952836
        4205    0.952832
        4206    0.952828
        4207    0.952826
        4208     0.95283
        4209    0.952837
        4210    0.952833
        4211    0.952833
        4212    0.952829
        4213    0.952836
        4214    0.952836
        4215    0.952834
        4216     0.95283
        4217    0.952825
        4218    0.952826
        4219    0.952824
        4220    0.952817
        4221     0.95282
        4222    0.952811
        4223    0.952818
        4224    0.952818
        4225    0.952816
        4226    0.952816
        4227    0.952817
        4228     0.95281
        4229    0.952815
        4230    0.952815
        4231    0.952809
        4232    0.952818
        4233    0.952818
        4234    0.952829
        4235    0.952827
        4236    0.952825
        4237    0.952823
        4238    0.952823
        4239    0.952828
        4240    0.952837
        4241    0.952841
        4242    0.952844
        4243    0.952844
        4244     0.95284
        4245    0.952825
        4246    0.952825
        4247    0.952834
        4248    0.952834
        4249    0.952832
        4250    0.952832
        4251    0.952837
        4252    0.952828
        4253    0.952835
        4254     0.95284
        4255    0.952842
        4256    0.952844
        4257    0.952842
        4258    0.952843
        4259    0.952845
        4260    0.952845
        4261    0.952841
        4262    0.952841
        4263    0.952841
        4264    0.952837
        4265    0.952831
        4266    0.952831
        4267    0.952829
        4268    0.952832
        4269    0.952836
        4270    0.952834
        4271    0.952832
        4272    0.952835
        4273     0.95283
        4274    0.952824
        4275    0.952818
        4276    0.952816
        4277    0.952814
        4278    0.952803
        4279    0.952804
        4280    0.952802
        4281    0.952802
        4282    0.952804
        4283    0.952796
        4284    0.952796
        4285    0.952798
        4286    0.952799
        4287    0.952801
        4288    0.952799
        4289    0.952799
        4290    0.952793
        4291    0.952802
        4292    0.952804
        4293    0.952802
        4294    0.952802
        4295      0.9528
        4296    0.952801
        4297    0.952807
        4298    0.952812
        4299    0.952812
        4300     0.95281
        4301    0.952808
        4302    0.952808
        4303    0.952802
        4304      0.9528
        4305    0.952794
        4306    0.952798
        4307    0.952792
        4308    0.952795
        4309    0.952795
        4310    0.952793
        4311    0.952784
        4312     0.95278
        4313    0.952776
        4314    0.952766
        4315    0.952764
        4316    0.952768
        4317    0.952758
        4318    0.952758
        4319    0.952763
        4320    0.952758
        4321    0.952754
        4322    0.952752
        4323    0.952748
        4324    0.952747
        4325    0.952747
        4326    0.952741
        4327    0.952741
        4328    0.952735
        4329    0.952728
        4330    0.952737
        4331     0.95274
        4332    0.952742
        4333    0.952744
        4334    0.952742
        4335    0.952736
        4336     0.95273
        4337    0.952732
        4338    0.952733
        4339    0.952724
        4340    0.952718
        4341    0.952714
        4342     0.95271
        4343    0.952708
        4344    0.952704
        4345    0.952694
        4346      0.9527
        4347    0.952705
        4348    0.952699
        4349    0.952684
        4350    0.952684
        4351    0.952686
        4352    0.952687
        4353    0.952685
        4354    0.952679
        4355    0.952681
        4356    0.952679
        4357    0.952682
        4358    0.952677
        4359    0.952671
        4360    0.952672
        4361    0.952668
        4362    0.952664
        4363    0.952664
        4364    0.952668
        4365     0.95266
        4366    0.952662
        4367    0.952663
        4368    0.952659
        4369    0.952657
        4370    0.952661
        4371    0.952657
        4372    0.952655
        4373     0.95266
        4374    0.952656
        4375    0.952656
        4376    0.952654
        4377    0.952646
        4378    0.952638
        4379    0.952632
        4380    0.952626
        4381    0.952624
        4382    0.952624
        4383    0.952622
        4384    0.952624
        4385    0.952631
        4386    0.952629
        4387    0.952632
        4388    0.952628
        4389    0.952636
        4390    0.952645
        4391    0.952647
        4392     0.95265
        4393    0.952644
        4394    0.952648
        4395     0.95264
        4396    0.952636
        4397    0.952634
        4398    0.952628
        4399    0.952628
        4400    0.952633
        4401    0.952631
        4402    0.952627
        4403    0.952627
        4404    0.952627
        4405    0.952625
        4406    0.952621
        4407    0.952626
        4408    0.952628
        4409    0.952624
        4410    0.952618
        4411    0.952616
        4412    0.952617
        4413    0.952615
        4414    0.952613
        4415    0.952609
        4416    0.952607
        4417    0.952601
        4418    0.952603
        4419    0.952602
        4420    0.952606
        4421    0.952592
        4422    0.952594
        4423     0.95259
        4424    0.952599
        4425    0.952597
        4426    0.952603
        4427    0.952595
        4428    0.952595
        4429    0.952596
        4430    0.952598
        4431      0.9526
        4432    0.952603
        4433    0.952601
        4434    0.952597
        4435    0.952601
        4436    0.952604
        4437    0.952598
        4438    0.952592
        4439     0.95259
        4440    0.952582
        4441     0.95258
        4442     0.95257
        4443    0.952572
        4444     0.95257
        4445    0.952575
        4446    0.952571
        4447    0.952573
        4448    0.952573
        4449    0.952567
        4450     0.95257
        4451    0.952568
        4452    0.952566
        4453    0.952573
        4454    0.952564
        4455    0.952554
        4456    0.952559
        4457    0.952557
        4458    0.952553
        4459    0.952549
        4460    0.952558
        4461    0.952564
        4462    0.952564
        4463    0.952569
        4464    0.952563
        4465    0.952561
        4466    0.952559
        4467    0.952557
        4468    0.952556
        4469    0.952558
        4470    0.952554
        4471     0.95255
        4472    0.952544
        4473    0.952544
        4474    0.952543
        4475    0.952545
        4476    0.952547
        4477    0.952541
        4478    0.952544
        4479    0.952542
        4480     0.95254
        4481     0.95254
        4482    0.952532
        4483    0.952539
        4484    0.952541
        4485    0.952541
        4486    0.952546
        4487    0.952544
        4488    0.952538
        4489    0.952536
        4490    0.952541
        4491    0.952543
        4492    0.952549
        4493     0.95255
        4494     0.95255
        4495    0.952548
        4496    0.952544
        4497    0.952526
        4498    0.952522
        4499     0.95252
        4500    0.952523
        4501    0.952513
        4502    0.952513
        4503    0.952511
        4504    0.952515
        4505    0.952516
        4506    0.952518
        4507    0.952518
        4508    0.952517
        4509    0.952523
        4510    0.952529
        4511    0.952528
        4512    0.952534
        4513    0.952534
        4514    0.952532
        4515    0.952525
        4516    0.952531
        4517    0.952535
        4518    0.952531
        4519    0.952528
        4520    0.952528
        4521    0.952528
        4522    0.952524
        4523     0.95252
        4524    0.952519
        4525    0.952515
        4526    0.952517
        4527    0.952517
        4528    0.952516
        4529    0.952518
        4530    0.952516
        4531     0.95251
        4532      0.9525
        4533    0.952499
        4534    0.952497
        4535    0.952503
        4536    0.952505
        4537    0.952506
        4538    0.952498
        4539    0.952494
        4540    0.952488
        4541    0.952488
        4542    0.952479
        4543    0.952475
        4544    0.952469
        4545    0.952475
        4546    0.952473
        4547    0.952474
        4548    0.952478
        4549     0.95248
        4550    0.952483
        4551    0.952479
        4552    0.952483
        4553    0.952486
        4554    0.952488
        4555     0.95249
        4556    0.952486
        4557    0.952489
        4558    0.952479
        4559    0.952481
        4560    0.952479
        4561    0.952471
        4562    0.952468
        4563     0.95246
        4564     0.95245
        4565    0.952444
        4566    0.952446
        4567    0.952453
        4568    0.952445
        4569    0.952443
        4570    0.952435
        4571     0.95244
        4572     0.95244
        4573    0.952434
        4574    0.952441
        4575    0.952445
        4576    0.952437
        4577    0.952435
        4578    0.952436
        4579    0.952436
        4580    0.952432
        4581    0.952438
        4582    0.952439
        4583    0.952445
        4584    0.952445
        4585     0.95244
        4586    0.952442
        4587    0.952438
        4588    0.952442
        4589    0.952445
        4590    0.952449
        4591    0.952451
        4592    0.952452
        4593    0.952452
        4594    0.952458
        4595     0.95245
        4596    0.952451
        4597    0.952453
        4598    0.952449
        4599    0.952449
        4600    0.952456
        4601     0.95246
        4602    0.952454
        4603    0.952448
        4604    0.952445
        4605    0.952451
        4606    0.952457
        4607    0.952452
        4608    0.952446
        4609    0.952442
        4610    0.952444
        4611    0.952443
        4612    0.952441
        4613    0.952437
        4614    0.952429
        4615    0.952434
        4616    0.952432
        4617     0.95243
        4618    0.952441
        4619    0.952437
        4620    0.952435
        4621    0.952441
        4622    0.952442
        4623     0.95244
        4624    0.952436
        4625     0.95244
        4626    0.952445
        4627    0.952449
        4628    0.952445
        4629    0.952438
        4630    0.952438
        4631    0.952436
        4632    0.952438
        4633    0.952435
        4634    0.952431
        4635    0.952435
        4636    0.952439
        4637    0.952442
        4638    0.952444
        4639    0.952442
        4640    0.952439
        4641    0.952443
        4642    0.952443
        4643    0.952443
        4644     0.95244
        4645    0.952446
        4646    0.952452
        4647    0.952444
        4648    0.952449
        4649    0.952437
        4650    0.952441
        4651    0.952442
        4652    0.952446
        4653    0.952442
        4654    0.952444
        4655    0.952449
        4656    0.952449
        4657    0.952453
        4658    0.952449
        4659     0.95245
        4660    0.952448
        4661    0.952444
        4662    0.952435
        4663    0.952431
        4664    0.952431
        4665    0.952435
        4666    0.952432
        4667    0.952432
        4668     0.95243
        4669    0.952425
        4670    0.952423
        4671    0.952427
        4672    0.952419
        4673     0.95242
        4674    0.952426
        4675    0.952428
        4676     0.95243
        4677    0.952431
        4678    0.952433
        4679    0.952437
        4680    0.952441
        4681    0.952438
        4682    0.952432
        4683    0.952426
        4684    0.952425
        4685    0.952419
        4686    0.952415
        4687    0.952418
        4688    0.952408
        4689    0.952412
        4690    0.952411
        4691    0.952411
        4692    0.952403
        4693    0.952404
        4694    0.952408
        4695     0.95241
        4696    0.952414
        4697    0.952407
        4698    0.952409
        4699    0.952407
        4700    0.952405
        4701      0.9524
        4702    0.952398
        4703    0.952396
        4704    0.952401
        4705    0.952393
        4706    0.952383
        4707    0.952386
        4708    0.952384
        4709     0.95238
        4710    0.952373
        4711    0.952369
        4712     0.95236
        4713    0.952358
        4714    0.952354
        4715    0.952349
        4716    0.952349
        4717    0.952349
        4718    0.952348
        4719    0.952342
        4720     0.95234
        4721    0.952339
        4722    0.952343
        4723    0.952343
        4724    0.952351
        4725    0.952346
        4726    0.952348
        4727    0.952352
        4728    0.952352
        4729    0.952355
        4730    0.952357
        4731    0.952363
        4732    0.952357
        4733    0.952358
        4734    0.952346
        4735    0.952345
        4736    0.952339
        4737    0.952332
        4738     0.95233
        4739    0.952324
        4740    0.952317
        4741    0.952321
        4742    0.952323
        4743    0.952327
        4744     0.95233
        4745    0.952324
        4746     0.95233
        4747    0.952334
        4748    0.952335
        4749    0.952333
        4750    0.952329
        4751     0.95232
        4752    0.952316
        4753    0.952315
        4754    0.952315
        4755    0.952317
        4756    0.952316
        4757    0.952318
        4758     0.95231
        4759    0.952305
        4760    0.952309
        4761    0.952309
        4762    0.952304
        4763    0.952292
        4764    0.952287
        4765    0.952285
        4766    0.952287
        4767    0.952288
        4768    0.952274
        4769    0.952265
        4770    0.952259
        4771    0.952262
        4772    0.952266
        4773    0.952264
        4774    0.952257
        4775    0.952257
        4776    0.952252
        4777     0.95225
        4778    0.952239
        4779    0.952231
        4780     0.95223
        4781    0.952218
        4782    0.952224
        4783    0.952231
        4784    0.952223
        4785    0.952216
        4786    0.952216
        4787     0.95222
        4788     0.95222
        4789    0.952219
        4790    0.952217
        4791    0.952208
        4792    0.952206
        4793    0.952189
        4794    0.952189
        4795    0.952192
        4796    0.952192
        4797    0.952187
        4798    0.952181
        4799    0.952178
        4800     0.95217
        4801    0.952165
        4802    0.952165
        4803    0.952165
        4804    0.952164
        4805    0.952162
        4806     0.95216
        4807    0.952151
        4808    0.952153
        4809    0.952152
        4810    0.952148
        4811    0.952143
        4812    0.952141
        4813    0.952138
        4814    0.952127
        4815    0.952135
        4816    0.952135
        4817    0.952135
        4818    0.952137
        4819    0.952126
        4820    0.952127
        4821    0.952125
        4822    0.952131
        4823    0.952135
        4824    0.952139
        4825    0.952132
        4826    0.952134
        4827    0.952138
        4828    0.952139
        4829    0.952129
        4830    0.952128
        4831    0.952126
        4832    0.952132
        4833    0.952127
        4834    0.952122
        4835    0.952124
        4836    0.952128
        4837     0.95213
        4838    0.952132
        4839    0.952127
        4840    0.952122
        4841    0.952122
        4842    0.952118
        4843    0.952115
        4844    0.952113
        4845    0.952116
        4846    0.952118
        4847    0.952118
        4848    0.952117
        4849    0.952121
        4850    0.952117
        4851    0.952121
        4852    0.952124
        4853    0.952126
        4854    0.952132
        4855     0.95213
        4856    0.952129
        4857    0.952125
        4858     0.95212
        4859    0.952122
        4860    0.952115
        4861    0.952106
        4862    0.952104
        4863    0.952102
        4864    0.952099
        4865    0.952095
        4866    0.952082
        4867    0.952079
        4868    0.952077
        4869    0.952074
        4870    0.952069
        4871    0.952073
        4872    0.952071
        4873    0.952072
        4874    0.952074
        4875    0.952074
        4876     0.95208
        4877    0.952077
        4878    0.952075
        4879    0.952075
        4880    0.952078
        4881    0.952074
        4882     0.95208
        4883    0.952073
        4884    0.952075
        4885    0.952076
        4886    0.952072
        4887    0.952078
        4888    0.952075
        4889    0.952062
        4890    0.952062
        4891    0.952059
        4892    0.952066
        4893    0.952063
        4894    0.952056
        4895    0.952056
        4896    0.952051
        4897    0.952049
        4898     0.95205
        4899    0.952046
        4900    0.952043
        4901    0.952043
        4902    0.952045
        4903    0.952038
        4904    0.952037
        4905    0.952039
        4906    0.952039
        4907    0.952039
        4908    0.952034
        4909    0.952038
        4910    0.952042
        4911    0.952039
        4912    0.952039
        4913    0.952024
        4914    0.952029
        4915    0.952023
        4916    0.952014
        4917    0.952013
        4918    0.952009
        4919    0.952006
        4920    0.952006
        4921    0.951999
        4922    0.952001
        4923    0.952003
        4924    0.952002
        4925    0.951998
        4926    0.951991
        4927    0.951992
        4928    0.951981
        4929    0.951985
        4930    0.951983
        4931    0.951978
        4932    0.951975
        4933    0.951977
        4934    0.951975
        4935    0.951974
        4936    0.951972
        4937    0.951969
        4938    0.951971
        4939    0.951962
        4940    0.951957
        4941    0.951946
        4942    0.951948
        4943     0.95195
        4944    0.951951
        4945    0.951957
        4946    0.951951
        4947    0.951954
        4948    0.951952
        4949    0.951954
        4950    0.951957
        4951    0.951955
        4952    0.951959
        4953    0.951958
        4954    0.951958
        4955    0.951958
        4956    0.951962
        4957    0.951955
        4958     0.95195
        4959    0.951949
        4960    0.951949
        4961    0.951947
        4962    0.951944
        4963    0.951941
        4964    0.951939
        4965    0.951938
        4966    0.951938
        4967    0.951929
        4968    0.951929
        4969     0.95193
        4970    0.951923
        4971    0.951917
        4972     0.95192
        4973    0.951918
        4974    0.951918
        4975    0.951924
        4976    0.951923
        4977     0.95192
        4978    0.951924
        4979    0.951926
        4980     0.95193
        4981     0.95193
        4982    0.951916
        4983    0.951914
        4984    0.951911
        4985    0.951911
        4986    0.951914
        4987     0.95191
        4988    0.951907
        4989    0.951909
        4990    0.951909
        4991    0.951906
        4992    0.951906
        4993     0.95191
        4994    0.951907
        4995    0.951907
        4996    0.951904
        4997    0.951904
        4998    0.951907
        4999    0.951901
        5000    0.951904
