# DISTANCE:     AVE_GOFR:        ERROR:
   0.0128248           0           0           0
   0.0384745           0           0           0
   0.0641241           0           0           0
   0.0897737           0           0           0
    0.115423           0           0           0
    0.141073           0           0           0
    0.166723           0           0           0
    0.192372           0           0           0
    0.218022           0           0           0
    0.243672           0           0           0
    0.269321           0           0           0
    0.294971           0           0           0
     0.32062           0           0           0
     0.34627           0           0           0
     0.37192           0           0           0
    0.397569           0           0           0
    0.423219           0           0           0
    0.448869           0           0           0
    0.474518           0           0           0
    0.500168           0           0           0
    0.525818           0           0           0
    0.551467           0           0           0
    0.577117           0           0           0
    0.602767           0           0           0
    0.628416           0           0           0
    0.654066           0           0           0
    0.679715           0           0           0
    0.705365           0           0           0
    0.731015           0           0           0
    0.756664           0           0           0
    0.782314           0           0           0
    0.807964           0           0           0
    0.833613           0           0           0
    0.859263           0           0           0
    0.884913           0           0           0
    0.910562           0           0           0
    0.936212  0.00475201  0.00475201           0
    0.961861    0.071721    0.071721           0
    0.987511    0.366288    0.366288           0
     1.01316     1.15013     1.15013           0
     1.03881     1.82612     1.82612           0
     1.06446     2.21256     2.21256           0
     1.09011     2.60817     2.60817           0
     1.11576     2.82514     2.82514           0
     1.14141     2.66851     2.66851           0
     1.16706     2.47932     2.47932           0
     1.19271     2.35571     2.35571           0
     1.21836     2.83522     2.83522           0
     1.24401     1.78167     1.78167           0
     1.26966     1.47016     1.47016           0
     1.29531     1.25141     1.25141           0
     1.32096     1.08928     1.08928           0
     1.34661    0.968537    0.968537           0
     1.37226    0.767691    0.767691           0
     1.39791    0.725041    0.725041           0
     1.42355    0.644717    0.644717           0
      1.4492    0.632288    0.632288           0
     1.47485    0.561327    0.561327           0
      1.5005    0.539303    0.539303           0
     1.52615    0.559499    0.559499           0
      1.5518    0.565641    0.565641           0
     1.57745    0.536285    0.536285           0
      1.6031    0.499812    0.499812           0
     1.62875    0.482299    0.482299           0
      1.6544    0.550635    0.550635           0
     1.68005    0.599136    0.599136           0
      1.7057    0.956372    0.956372           0
     1.73135    0.755773    0.755773           0
       1.757    0.680874    0.680874           0
     1.78265     0.68097     0.68097           0
      1.8083    0.752537    0.752537           0
     1.83395     0.80752     0.80752           0
      1.8596    0.920655    0.920655           0
     1.88525     1.00846     1.00846           0
      1.9109     1.02222     1.02222           0
     1.93655      1.0292      1.0292           0
      1.9622     1.06744     1.06744           0
     1.98785     1.16816     1.16816           0
      2.0135     1.22402     1.22402           0
     2.03915     1.30893     1.30893           0
      2.0648     1.36262     1.36262           0
     2.09045     1.91064     1.91064           0
      2.1161     1.39203     1.39203           0
     2.14174     1.27284     1.27284           0
     2.16739     1.21341     1.21341           0
     2.19304      1.1861      1.1861           0
     2.21869     1.15613     1.15613           0
     2.24434      1.0255      1.0255           0
     2.26999     1.04949     1.04949           0
     2.29564     1.01303     1.01303           0
     2.32129    0.986196    0.986196           0
     2.34694    0.965658    0.965658           0
     2.37259    0.921634    0.921634           0
     2.39824    0.885644    0.885644           0
     2.42389     1.12004     1.12004           0
     2.44954    0.861672    0.861672           0
     2.47519    0.809221    0.809221           0
     2.50084    0.769879    0.769879           0
     2.52649    0.857328    0.857328           0
     2.55214    0.878519    0.878519           0
   0.0128248           0           0           0
   0.0384745           0           0           0
   0.0641241           0           0           0
   0.0897737           0           0           0
    0.115423           0           0           0
    0.141073           0           0           0
    0.166723           0           0           0
    0.192372           0           0           0
    0.218022           0           0           0
    0.243672           0           0           0
    0.269321           0           0           0
    0.294971           0           0           0
     0.32062           0           0           0
     0.34627           0           0           0
     0.37192           0           0           0
    0.397569           0           0           0
    0.423219           0           0           0
    0.448869           0           0           0
    0.474518           0           0           0
    0.500168           0           0           0
    0.525818           0           0           0
    0.551467           0           0           0
    0.577117           0           0           0
    0.602767           0           0           0
    0.628416           0           0           0
    0.654066           0           0           0
    0.679715           0           0           0
    0.705365           0           0           0
    0.731015           0           0           0
    0.756664           0           0           0
    0.782314           0           0           0
    0.807964           0           0           0
    0.833613           0           0           0
    0.859263           0           0           0
    0.884913           0           0           0
    0.910562           0           0           0
    0.936212  0.00155669  0.00315435  0.00112972
    0.961861    0.110609   0.0911648   0.0137489
    0.987511    0.411577    0.388932    0.016012
     1.01316     1.21099     1.18056   0.0215189
     1.03881       2.084     1.95506   0.0911711
     1.06446     2.72675     2.46966    0.181795
     1.09011     3.02533     2.81675    0.147488
     1.11576     2.99946      2.9123   0.0616332
     1.14141     2.84561     2.75706   0.0626167
     1.16706     2.42069        2.45   0.0207292
     1.19271     2.01177     2.18374      0.1216
     1.21836     1.72966     2.28244    0.390876
     1.24401     1.50176     1.64171   0.0989646
     1.26966     1.37946     1.42481   0.0320679
     1.29531     1.19264     1.22202   0.0207774
     1.32096     1.02549     1.05738   0.0225539
     1.34661    0.899271    0.933904   0.0244893
     1.37226    0.752817    0.760254   0.0052585
     1.39791    0.731876    0.728459  0.00241671
     1.42355    0.692558    0.668638   0.0169143
      1.4492    0.704404    0.668346   0.0254968
     1.47485    0.637659    0.599493   0.0269873
      1.5005    0.600416    0.569859   0.0216068
     1.52615     0.59653    0.578014   0.0130923
      1.5518    0.606736    0.586188   0.0145294
     1.57745    0.580556     0.55842   0.0156525
      1.6031    0.648364    0.574088    0.052521
     1.62875     0.62269    0.552494   0.0496356
      1.6544    0.658606    0.604621   0.0381733
     1.68005    0.643764     0.62145   0.0157782
      1.7057    0.673397    0.814885    0.100047
     1.73135    0.743579    0.749676  0.00431142
       1.757    0.753316    0.717095   0.0256122
     1.78265    0.807388    0.744179   0.0446954
      1.8083    0.822113    0.787325    0.024599
     1.83395    0.869976    0.838748   0.0220813
      1.8596     0.96977    0.945213   0.0173646
     1.88525    0.991005    0.999734  0.00617234
      1.9109     1.04767     1.03495  0.00899773
     1.93655     1.09896     1.06408   0.0246647
      1.9622     1.17262     1.12003    0.037187
     1.98785     1.23015     1.19916   0.0219174
      2.0135     1.27545     1.24973   0.0181811
     2.03915      1.3047     1.30682  0.00149604
      2.0648     1.28713     1.32488   0.0266927
     2.09045     1.29518     1.60291    0.217601
      2.1161     1.24435     1.31819   0.0522119
     2.14174     1.27623     1.27453  0.00119562
     2.16739     1.21224     1.21282 0.000410783
     2.19304     1.22406     1.20508   0.0134201
     2.21869      1.1793     1.16772  0.00819089
     2.24434      1.1107      1.0681   0.0301236
     2.26999     1.08089     1.06519   0.0111017
     2.29564     1.05419     1.03361   0.0145504
     2.32129     1.01581       1.001   0.0104703
     2.34694    0.971303    0.968481  0.00199599
     2.37259    0.925908    0.923771  0.00151104
     2.39824    0.932168    0.908906   0.0164488
     2.42389    0.906946     1.01349   0.0753394
     2.44954    0.881983    0.871828  0.00718106
     2.47519    0.859708    0.834464   0.0178498
     2.50084    0.873948    0.821913    0.036794
     2.52649    0.843793    0.850561  0.00478528
     2.55214    0.889633    0.884076  0.00392942
   0.0128248           0           0           0
   0.0384745           0           0           0
   0.0641241           0           0           0
   0.0897737           0           0           0
    0.115423           0           0           0
    0.141073           0           0           0
    0.166723           0           0           0
    0.192372           0           0           0
    0.218022           0           0           0
    0.243672           0           0           0
    0.269321           0           0           0
    0.294971           0           0           0
     0.32062           0           0           0
     0.34627           0           0           0
     0.37192           0           0           0
    0.397569           0           0           0
    0.423219           0           0           0
    0.448869           0           0           0
    0.474518           0           0           0
    0.500168           0           0           0
    0.525818           0           0           0
    0.551467           0           0           0
    0.577117           0           0           0
    0.602767           0           0           0
    0.628416           0           0           0
    0.654066           0           0           0
    0.679715           0           0           0
    0.705365           0           0           0
    0.731015           0           0           0
    0.756664           0           0           0
    0.782314           0           0           0
    0.807964           0           0           0
    0.833613           0           0           0
    0.859263           0           0           0
    0.884913           0           0           0
    0.910562           0           0           0
    0.936212   0.0136006  0.00663643  0.00294117
    0.961861     0.11123   0.0978531   0.0106694
    0.987511    0.407306    0.395057   0.0117879
     1.01316     1.16958      1.1769   0.0146541
     1.03881     2.11161     2.00724   0.0742277
     1.06446     2.88235     2.60722    0.165241
     1.09011     3.07658     2.90336    0.121114
     1.11576     2.89874     2.90778   0.0412541
     1.14141      2.5651     2.69307   0.0668744
     1.16706     2.42427     2.44143   0.0154925
     1.19271     2.09492     2.15413   0.0845944
     1.21836     1.83048     2.13178    0.288158
     1.24401     1.52338     1.60227   0.0734174
     1.26966     1.33161     1.39374   0.0331726
     1.29531     1.15544     1.19983   0.0228083
     1.32096     1.02047     1.04508    0.018084
     1.34661    0.874163     0.91399   0.0230417
     1.37226    0.752436    0.757648  0.00410088
     1.39791    0.756242     0.73772  0.00773131
     1.42355    0.717612    0.684962   0.0174591
      1.4492     0.69394    0.676877   0.0183699
     1.47485     0.63647    0.611819    0.020615
      1.5005    0.650397    0.596705   0.0262291
     1.52615    0.577506    0.577845  0.00872931
      1.5518    0.623108    0.598495   0.0139568
     1.57745    0.588695    0.568512   0.0132959
      1.6031    0.591357    0.579844   0.0353281
     1.62875    0.586523    0.563837    0.034362
      1.6544    0.637064    0.615435   0.0269372
     1.68005    0.652262     0.63172   0.0134524
      1.7057     0.69428    0.774683   0.0743373
     1.73135    0.675538    0.724963   0.0203813
       1.757    0.755457    0.729882   0.0200139
     1.78265    0.848653    0.779003    0.041187
      1.8083     0.86808    0.814244   0.0274227
     1.83395    0.953484    0.876993   0.0345231
      1.8596    0.968898    0.953108   0.0132502
     1.88525     1.00268     1.00072   0.0041925
      1.9109     1.07777     1.04922   0.0131062
     1.93655     1.17325     1.10047   0.0339571
      1.9622     1.16892     1.13633   0.0281374
     1.98785     1.18462     1.19431   0.0151373
      2.0135     1.22896     1.24281   0.0133741
     2.03915     1.21679     1.27681   0.0245223
      2.0648     1.24929     1.29968   0.0271998
     2.09045     1.25731     1.48771    0.172892
      2.1161     1.26629     1.30089   0.0375648
     2.14174     1.24546     1.26484  0.00795283
     2.16739     1.22882     1.21815  0.00436081
     2.19304     1.23327     1.21448   0.0117863
     2.21869      1.1654     1.16695  0.00549697
     2.24434     1.17818     1.10479   0.0360684
     2.26999       1.118     1.08279   0.0161678
     2.29564     1.06145     1.04289   0.0123089
     2.32129     1.02086     1.00762   0.0088281
     2.34694     1.01091    0.982625   0.0116251
     2.37259    0.971887     0.93981   0.0131342
     2.39824    0.891175    0.902996   0.0119807
     2.42389    0.870263    0.965749   0.0635788
     2.44954    0.864892    0.869516  0.00514611
     2.47519    0.893866    0.854265   0.0200744
     2.50084    0.851844     0.83189   0.0258465
     2.52649    0.894501    0.865208   0.0123772
     2.55214    0.839322    0.869158    0.012459
   0.0128248           0           0           0
   0.0384745           0           0           0
   0.0641241           0           0           0
   0.0897737           0           0           0
    0.115423           0           0           0
    0.141073           0           0           0
    0.166723           0           0           0
    0.192372           0           0           0
    0.218022           0           0           0
    0.243672           0           0           0
    0.269321           0           0           0
    0.294971           0           0           0
     0.32062           0           0           0
     0.34627           0           0           0
     0.37192           0           0           0
    0.397569           0           0           0
    0.423219           0           0           0
    0.448869           0           0           0
    0.474518           0           0           0
    0.500168           0           0           0
    0.525818           0           0           0
    0.551467           0           0           0
    0.577117           0           0           0
    0.602767           0           0           0
    0.628416           0           0           0
    0.654066           0           0           0
    0.679715           0           0           0
    0.705365           0           0           0
    0.731015           0           0           0
    0.756664           0           0           0
    0.782314           0           0           0
    0.807964           0           0           0
    0.833613           0           0           0
    0.859263           0           0           0
    0.884913           0           0           0
    0.910562           0           0           0
    0.936212   0.0109788  0.00772202  0.00239787
    0.961861   0.0993538   0.0982283  0.00800864
    0.987511    0.429398    0.403642   0.0115517
     1.01316     1.16146     1.17304   0.0114875
     1.03881     2.08912     2.02771   0.0584249
     1.06446     2.81156     2.65831     0.13159
     1.09011     2.93124     2.91033   0.0910359
     1.11576     2.88847     2.90295   0.0312216
     1.14141     2.80041     2.71991   0.0552784
     1.16706     2.42754     2.43796   0.0120019
     1.19271      2.0142     2.11915   0.0703086
     1.21836       1.706     2.02534    0.234958
     1.24401      1.4709     1.56942   0.0619753
     1.26966     1.27414     1.36384   0.0359094
     1.29531     1.17727     1.19419   0.0177897
     1.32096     1.05541     1.04766   0.0137462
     1.34661     1.00854    0.937627   0.0267891
     1.37226    0.906851    0.794949   0.0324495
     1.39791    0.769913    0.745768   0.0090666
     1.42355    0.686356    0.685311   0.0130978
      1.4492     0.63793     0.66714   0.0161531
     1.47485    0.637262     0.61818   0.0164133
      1.5005    0.581055    0.592793   0.0199615
     1.52615    0.540876    0.568603   0.0103406
      1.5518    0.605662    0.600287    0.010582
     1.57745    0.589907    0.573861   0.0109953
      1.6031    0.574535    0.578517    0.026521
     1.62875    0.628077    0.579897    0.029285
      1.6544    0.657792    0.626024   0.0221869
     1.68005    0.667833    0.640749   0.0127642
      1.7057     0.68764    0.752922   0.0588519
     1.73135    0.732893    0.726946   0.0153821
       1.757    0.799773    0.747355    0.021314
     1.78265    0.838935    0.793986   0.0335048
      1.8083    0.867158    0.827472   0.0235425
     1.83395    0.874097    0.876269   0.0258999
      1.8596    0.987817    0.961785   0.0124591
     1.88525     1.07854     1.02017   0.0171395
      1.9109     1.10347     1.06278   0.0153157
     1.93655     1.15009     1.11288   0.0276413
      1.9622     1.15079     1.13994   0.0213343
     1.98785     1.13812     1.18026   0.0166407
      2.0135     1.16133     1.22244    0.020293
     2.03915     1.16676      1.2493   0.0300995
      2.0648     1.23391     1.28324   0.0248778
     2.09045     1.26039     1.43088    0.138696
      2.1161     1.23467     1.28434   0.0316123
     2.14174     1.26321     1.26444  0.00597503
     2.16739      1.2868     1.23532   0.0152182
     2.19304      1.2897     1.23328   0.0185307
     2.21869     1.22851     1.18234   0.0139524
     2.24434     1.15934     1.11843   0.0295175
     2.26999     1.12741     1.09395   0.0155032
     2.29564     1.07028     1.04974   0.0109724
     2.32129     1.02894     1.01295  0.00807074
     2.34694    0.999753    0.986907  0.00947467
     2.37259    0.891284    0.927678    0.014402
     2.39824    0.906346    0.903833  0.00901474
     2.42389    0.915661    0.953227   0.0489017
     2.44954    0.878441    0.871747  0.00431625
     2.47519    0.827636    0.847608   0.0161219
     2.50084    0.802617    0.824572   0.0203947
     2.52649     0.84511    0.860183   0.0102521
     2.55214     0.83317    0.860161   0.0121666
   0.0128248           0           0           0
   0.0384745           0           0           0
   0.0641241           0           0           0
   0.0897737           0           0           0
    0.115423           0           0           0
    0.141073           0           0           0
    0.166723           0           0           0
    0.192372           0           0           0
    0.218022           0           0           0
    0.243672           0           0           0
    0.269321           0           0           0
    0.294971           0           0           0
     0.32062           0           0           0
     0.34627           0           0           0
     0.37192           0           0           0
    0.397569           0           0           0
    0.423219           0           0           0
    0.448869           0           0           0
    0.474518           0           0           0
    0.500168           0           0           0
    0.525818           0           0           0
    0.551467           0           0           0
    0.577117           0           0           0
    0.602767           0           0           0
    0.628416           0           0           0
    0.654066           0           0           0
    0.679715           0           0           0
    0.705365           0           0           0
    0.731015           0           0           0
    0.756664           0           0           0
    0.782314           0           0           0
    0.807964           0           0           0
    0.833613           0           0           0
    0.859263           0           0           0
    0.884913           0           0           0
    0.910562           0           0           0
    0.936212   0.0135187  0.00888135  0.00218062
    0.961861    0.114334     0.10145  0.00702493
    0.987511    0.526235    0.428161   0.0237977
     1.01316     1.24646     1.18773   0.0160301
     1.03881       2.043     2.03077   0.0468199
     1.06446     2.74976      2.6766    0.106536
     1.09011      3.1943     2.96712   0.0887944
     1.11576     3.06643     2.93565   0.0384589
     1.14141     2.78674     2.73328   0.0458104
     1.16706     2.36259     2.42288   0.0165522
     1.19271     1.87956     2.07123    0.070715
     1.21836     1.66038     1.95235    0.198981
     1.24401     1.47498     1.55054   0.0523798
     1.26966     1.28457     1.34799   0.0320371
     1.29531      1.1043     1.17621   0.0214742
     1.32096    0.987624     1.03565   0.0153712
     1.34661    0.885291     0.92716   0.0233869
     1.37226    0.765936    0.789146   0.0264733
     1.39791    0.850469    0.766708   0.0200849
     1.42355    0.714175    0.691084   0.0116814
      1.4492    0.708781    0.675468   0.0149156
     1.47485    0.705637    0.635671   0.0204249
      1.5005    0.631004    0.600435   0.0173707
     1.52615    0.631649    0.581212   0.0139867
      1.5518    0.617084    0.603646  0.00898307
     1.57745    0.569705     0.57303  0.00882761
      1.6031    0.567437    0.576301   0.0213092
     1.62875    0.610183    0.585954   0.0240463
      1.6544    0.603847    0.621589   0.0181875
     1.68005     0.65992    0.644583   0.0107719
      1.7057    0.722567    0.746851   0.0473936
     1.73135    0.758864    0.733329   0.0135658
       1.757    0.800076    0.757899   0.0194855
     1.78265    0.818393    0.798868   0.0271571
      1.8083    0.881192    0.838216   0.0211439
     1.83395    0.901726    0.881361   0.0212145
      1.8596    0.952678    0.959964   0.0100995
     1.88525     1.05385     1.02691   0.0149764
      1.9109     1.08396     1.06702   0.0128248
     1.93655     1.12461     1.11522   0.0222123
      1.9622     1.11172      1.1343   0.0177986
     1.98785     1.16907     1.17802   0.0134623
      2.0135     1.22996     1.22394   0.0162899
     2.03915     1.22047     1.24353   0.0246255
      2.0648     1.23324     1.27324   0.0218197
     2.09045     1.30027     1.40476     0.11339
      2.1161     1.26771     1.28101   0.0254643
     2.14174     1.25022     1.26159  0.00541438
     2.16739     1.23334     1.23492   0.0121797
     2.19304     1.21219     1.22906   0.0152974
     2.21869     1.17691     1.18125    0.011204
     2.24434     1.16016     1.12677   0.0247657
     2.26999     1.09884     1.09493   0.0124334
     2.29564     1.04354      1.0485  0.00884755
     2.32129     1.00823     1.01201  0.00651167
     2.34694    0.990821     0.98769  0.00761202
     2.37259    0.991049    0.940353   0.0161634
     2.39824    0.954169      0.9139   0.0115364
     2.42389    0.893854    0.941352   0.0405374
     2.44954    0.863492    0.870096  0.00375555
     2.47519     0.85019    0.848124   0.0129058
     2.50084     0.85445    0.830547   0.0171689
     2.52649    0.854009    0.858948  0.00827574
     2.55214    0.824371    0.853003   0.0116502
   0.0128248           0           0           0
   0.0384745           0           0           0
   0.0641241           0           0           0
   0.0897737           0           0           0
    0.115423           0           0           0
    0.141073           0           0           0
    0.166723           0           0           0
    0.192372           0           0           0
    0.218022           0           0           0
    0.243672           0           0           0
    0.269321           0           0           0
    0.294971           0           0           0
     0.32062           0           0           0
     0.34627           0           0           0
     0.37192           0           0           0
    0.397569           0           0           0
    0.423219           0           0           0
    0.448869           0           0           0
    0.474518           0           0           0
    0.500168           0           0           0
    0.525818           0           0           0
    0.551467           0           0           0
    0.577117           0           0           0
    0.602767           0           0           0
    0.628416           0           0           0
    0.654066           0           0           0
    0.679715           0           0           0
    0.705365           0           0           0
    0.731015           0           0           0
    0.756664           0           0           0
    0.782314           0           0           0
    0.807964           0           0           0
    0.833613           0           0           0
    0.859263           0           0           0
    0.884913           0           0           0
    0.910562           0           0           0
    0.936212  0.00352304   0.0079883  0.00199167
    0.961861   0.0960161    0.100544  0.00591218
    0.987511     0.51865    0.443242   0.0241419
     1.01316     1.30614     1.20746   0.0224281
     1.03881     2.05265     2.03442   0.0391583
     1.06446     2.63473     2.66962    0.089008
     1.09011     2.87933     2.95249   0.0751913
     1.11576       2.871     2.92487   0.0335247
     1.14141     2.70494     2.72855   0.0384179
     1.16706     2.36823     2.41377   0.0161062
     1.19271      2.0668     2.07049    0.058933
     1.21836     1.73377     1.91592     0.16912
     1.24401     1.59494     1.55794   0.0441694
     1.26966     1.35772     1.34961   0.0267386
     1.29531     1.21943     1.18342   0.0190651
     1.32096     1.11636      1.0491   0.0177442
     1.34661    0.959191    0.932498   0.0200892
     1.37226    0.882367    0.804683    0.026227
     1.39791    0.827463    0.776834   0.0191203
     1.42355    0.751491    0.701152   0.0133876
      1.4492     0.67103    0.674729    0.012448
     1.47485    0.602497    0.630142   0.0177533
      1.5005    0.587562     0.59829   0.0146075
     1.52615    0.596252    0.583719   0.0118781
      1.5518    0.585711    0.600657  0.00796772
     1.57745    0.540816    0.567661  0.00883955
      1.6031     0.56509    0.574432   0.0178394
     1.62875    0.577887     0.58461   0.0200761
      1.6544    0.588969    0.616152   0.0159481
     1.68005    0.634172    0.642848  0.00911524
      1.7057    0.683444    0.736283   0.0406558
     1.73135    0.700766    0.727902   0.0123428
       1.757    0.777022    0.761086   0.0164965
     1.78265    0.811455    0.800966   0.0227118
      1.8083    0.908052    0.849855   0.0205756
     1.83395    0.902773    0.884929   0.0179764
      1.8596    0.924933    0.954125  0.00996186
     1.88525    0.953281     1.01464   0.0167703
      1.9109     1.04667     1.06363   0.0111267
     1.93655     1.11476     1.11515   0.0185104
      1.9622     1.14656     1.13634   0.0149491
     1.98785     1.16247     1.17543   0.0114655
      2.0135     1.25747     1.22953   0.0145014
     2.03915     1.27577      1.2489   0.0210994
      2.0648     1.26066     1.27114   0.0182835
     2.09045     1.32129     1.39085   0.0953409
      2.1161     1.34802     1.29218   0.0235425
     2.14174     1.30888     1.26947  0.00849277
     2.16739     1.29419      1.2448   0.0135764
     2.19304     1.21411     1.22657   0.0129491
     2.21869     1.16304     1.17822  0.00973933
     2.24434     1.16381     1.13295   0.0213933
     2.26999     1.09127     1.09432   0.0103761
     2.29564     1.07952     1.05367  0.00875423
     2.32129     1.06013     1.02003  0.00911284
     2.34694    0.978918    0.986228  0.00648223
     2.37259    0.979121    0.946814   0.0147044
     2.39824    0.907283    0.912797  0.00966621
     2.42389    0.887254    0.932336   0.0347695
     2.44954    0.858106    0.868098   0.0036225
     2.47519    0.863436    0.850676   0.0110042
     2.50084    0.843415    0.832692   0.0144407
     2.52649    0.853244    0.857998  0.00695084
     2.55214    0.845596    0.851769  0.00977366
   0.0128248           0           0           0
   0.0384745           0           0           0
   0.0641241           0           0           0
   0.0897737           0           0           0
    0.115423           0           0           0
    0.141073           0           0           0
    0.166723           0           0           0
    0.192372           0           0           0
    0.218022           0           0           0
    0.243672           0           0           0
    0.269321           0           0           0
    0.294971           0           0           0
     0.32062           0           0           0
     0.34627           0           0           0
     0.37192           0           0           0
    0.397569           0           0           0
    0.423219           0           0           0
    0.448869           0           0           0
    0.474518           0           0           0
    0.500168           0           0           0
    0.525818           0           0           0
    0.551467           0           0           0
    0.577117           0           0           0
    0.602767           0           0           0
    0.628416           0           0           0
    0.654066           0           0           0
    0.679715           0           0           0
    0.705365           0           0           0
    0.731015           0           0           0
    0.756664           0           0           0
    0.782314           0           0           0
    0.807964           0           0           0
    0.833613           0           0           0
    0.859263           0           0           0
    0.884913           0           0           0
    0.910562           0           0           0
    0.936212   0.0112246  0.00845063  0.00175999
    0.961861   0.0968699    0.100019  0.00509083
    0.987511    0.473435    0.447555   0.0210748
     1.01316     1.17776     1.20322   0.0196213
     1.03881     1.97326     2.02568   0.0345252
     1.06446     2.77873     2.68521   0.0776453
     1.09011     3.02074     2.96224   0.0650787
     1.11576     2.96381     2.93044   0.0291933
     1.14141     2.70682     2.72545   0.0330549
     1.16706     2.26104     2.39195   0.0244677
     1.19271      2.1137     2.07667   0.0508362
     1.21836     1.86546     1.90871    0.145113
     1.24401     1.53415     1.55454   0.0379901
     1.26966     1.28577     1.34049   0.0244246
     1.29531     1.15985     1.18005    0.016636
     1.32096     1.07096     1.05223   0.0154817
     1.34661    0.881172    0.925166   0.0185091
     1.37226    0.873405    0.814501   0.0242482
     1.39791    0.799864    0.780124   0.0166694
     1.42355    0.745821    0.707533   0.0129066
      1.4492    0.668534    0.673844   0.0107011
     1.47485    0.646705    0.632508    0.015374
      1.5005     0.56179    0.593075   0.0134191
     1.52615    0.600692    0.586143   0.0104258
      1.5518     0.56403    0.595425  0.00837309
     1.57745    0.602952    0.572702  0.00889911
      1.6031    0.593733     0.57719   0.0155025
     1.62875    0.606826    0.587784   0.0174572
      1.6544    0.676238    0.624736   0.0158119
     1.68005    0.704624    0.651673   0.0113049
      1.7057    0.664733    0.726062   0.0361099
     1.73135    0.678054    0.720781   0.0124657
       1.757    0.757225    0.760535   0.0141491
     1.78265    0.782913    0.798387   0.0196132
      1.8083    0.819566    0.845528   0.0180855
     1.83395    0.900189    0.887109   0.0155399
      1.8596    0.917187    0.948848  0.00983755
     1.88525     1.01776     1.01508   0.0143804
      1.9109     1.11712     1.07127   0.0118748
     1.93655     1.14479     1.11938   0.0163433
      1.9622      1.1277     1.13511   0.0128643
     1.98785     1.17379      1.1752  0.00982994
      2.0135     1.24012     1.23104   0.0125085
     2.03915     1.24151     1.24785   0.0181117
      2.0648     1.24982      1.2681   0.0159234
     2.09045      1.2557     1.37154   0.0836527
      2.1161     1.25563     1.28696   0.0207503
     2.14174     1.22545     1.26319  0.00932158
     2.16739     1.26425     1.24758    0.011918
     2.19304     1.24202     1.22878   0.0112858
     2.21869     1.23909     1.18691   0.0115978
     2.24434     1.15624     1.13627   0.0185941
     2.26999     1.09286     1.09411  0.00889586
     2.29564     1.10087     1.06041  0.00976135
     2.32129     1.02391     1.02058  0.00782791
     2.34694     1.00807    0.989348   0.0062624
     2.37259    0.974707    0.950799   0.0131325
     2.39824    0.942394    0.917026  0.00916349
     2.42389    0.895578    0.927085   0.0301963
     2.44954    0.879925    0.869787  0.00347678
     2.47519    0.867679    0.853105  0.00969656
     2.50084     0.87234    0.838356   0.0134428
     2.52649    0.844997     0.85614  0.00620102
     2.55214    0.849984    0.851514  0.00838074
   0.0128248           0           0           0
   0.0384745           0           0           0
   0.0641241           0           0           0
   0.0897737           0           0           0
    0.115423           0           0           0
    0.141073           0           0           0
    0.166723           0           0           0
    0.192372           0           0           0
    0.218022           0           0           0
    0.243672           0           0           0
    0.269321           0           0           0
    0.294971           0           0           0
     0.32062           0           0           0
     0.34627           0           0           0
     0.37192           0           0           0
    0.397569           0           0           0
    0.423219           0           0           0
    0.448869           0           0           0
    0.474518           0           0           0
    0.500168           0           0           0
    0.525818           0           0           0
    0.551467           0           0           0
    0.577117           0           0           0
    0.602767           0           0           0
    0.628416           0           0           0
    0.654066           0           0           0
    0.679715           0           0           0
    0.705365           0           0           0
    0.731015           0           0           0
    0.756664           0           0           0
    0.782314           0           0           0
    0.807964           0           0           0
    0.833613           0           0           0
    0.859263           0           0           0
    0.884913           0           0           0
    0.910562           0           0           0
    0.936212   0.0126993  0.00898172  0.00161814
    0.961861   0.0874003   0.0984417  0.00469248
    0.987511    0.438014    0.446363   0.0184742
     1.01316     1.18021     1.20034   0.0173781
     1.03881      2.0832     2.03287    0.030949
     1.06446     2.77017     2.69583   0.0686622
     1.09011     2.96961     2.96316   0.0569504
     1.11576     2.89494       2.926   0.0258792
     1.14141     2.72016     2.72479   0.0289297
     1.16706     2.55097     2.41183   0.0283564
     1.19271     2.20532     2.09275   0.0469567
     1.21836     1.84983     1.90135    0.127161
     1.24401     1.54797     1.55372   0.0332502
     1.26966     1.30484     1.33603   0.0217743
     1.29531     1.10091     1.17016   0.0172485
     1.32096    0.982932     1.04357   0.0157847
     1.34661    0.890242      0.9208   0.0167023
     1.37226    0.830158    0.816458    0.021296
     1.39791    0.766421    0.778411   0.0146735
     1.42355    0.664102    0.702104   0.0123826
      1.4492    0.630236    0.668393   0.0106618
     1.47485    0.603455    0.628876   0.0138746
      1.5005    0.616747    0.596034   0.0120635
     1.52615    0.625636     0.59108   0.0102247
      1.5518    0.607153    0.596891   0.0074537
     1.57745    0.588984    0.574737  0.00801606
      1.6031    0.605218    0.580693    0.013955
     1.62875    0.631244    0.593216   0.0160981
      1.6544    0.657819    0.628871    0.014366
     1.68005    0.696253    0.657245   0.0111812
      1.7057    0.669818    0.719031   0.0322733
     1.73135    0.704072    0.718692   0.0110811
       1.757    0.766204    0.761243   0.0123982
     1.78265    0.759162    0.793484   0.0177638
      1.8083    0.822926    0.842703    0.016044
     1.83395    0.897862    0.888453   0.0136555
      1.8596     1.00183    0.955472   0.0106056
     1.88525     1.01208     1.01471   0.0125878
      1.9109     1.08606     1.07312   0.0105335
     1.93655     1.16172     1.12467    0.015133
      1.9622     1.17174     1.13969   0.0120437
     1.98785     1.19064     1.17713  0.00878869
      2.0135     1.23362     1.23137   0.0109491
     2.03915     1.27541     1.25129   0.0161721
      2.0648     1.26061     1.26716   0.0139604
     2.09045     1.32389     1.36558   0.0734079
      2.1161     1.24355     1.28153   0.0188525
     2.14174     1.25894     1.26266  0.00817147
     2.16739     1.25147     1.24806   0.0104382
     2.19304     1.20172      1.2254   0.0103696
     2.21869     1.18355     1.18649   0.0101557
     2.24434     1.16492     1.13985    0.016611
     2.26999     1.11287     1.09646  0.00808722
     2.29564     1.04762     1.05881   0.0086712
     2.32129     1.02862     1.02159  0.00691358
     2.34694     1.02506    0.993812  0.00688926
     2.37259    0.942506    0.949762   0.0115318
     2.39824    0.882647    0.912728  0.00896927
     2.42389    0.913143    0.925342    0.026472
     2.44954    0.870984    0.869937   0.0030454
     2.47519    0.831528    0.850408  0.00885165
     2.50084    0.826937    0.836929   0.0118379
     2.52649    0.825826    0.852351  0.00648109
     2.55214    0.822375    0.847871  0.00808598
   0.0128248           0           0           0
   0.0384745           0           0           0
   0.0641241           0           0           0
   0.0897737           0           0           0
    0.115423           0           0           0
    0.141073           0           0           0
    0.166723           0           0           0
    0.192372           0           0           0
    0.218022           0           0           0
    0.243672           0           0           0
    0.269321           0           0           0
    0.294971           0           0           0
     0.32062           0           0           0
     0.34627           0           0           0
     0.37192           0           0           0
    0.397569           0           0           0
    0.423219           0           0           0
    0.448869           0           0           0
    0.474518           0           0           0
    0.500168           0           0           0
    0.525818           0           0           0
    0.551467           0           0           0
    0.577117           0           0           0
    0.602767           0           0           0
    0.628416           0           0           0
    0.654066           0           0           0
    0.679715           0           0           0
    0.705365           0           0           0
    0.731015           0           0           0
    0.756664           0           0           0
    0.782314           0           0           0
    0.807964           0           0           0
    0.833613           0           0           0
    0.859263           0           0           0
    0.884913           0           0           0
    0.910562           0           0           0
    0.936212   0.0139283  0.00953134  0.00152884
    0.961861    0.117594     0.10057  0.00462856
    0.987511    0.430061    0.444551   0.0165101
     1.01316     1.15957     1.19581   0.0160267
     1.03881     2.02816     2.03235   0.0275147
     1.06446     2.61762     2.68714   0.0615805
     1.09011     2.82319     2.94761   0.0527035
     1.11576     2.93422     2.92691   0.0230199
     1.14141     2.74976     2.72756    0.025848
     1.16706     2.57481     2.42994   0.0304435
     1.19271     2.23122     2.10813   0.0441881
     1.21836     1.87958     1.89893    0.113055
     1.24401     1.54797     1.55308   0.0295618
     1.26966     1.31197     1.33336   0.0195184
     1.29531     1.16529     1.16962   0.0153405
     1.32096     1.06158     1.04557   0.0141572
     1.34661     0.96921    0.926179   0.0156888
     1.37226    0.871384    0.822561    0.019785
     1.39791      0.7246    0.772432   0.0142091
     1.42355     0.68338    0.700023   0.0111801
      1.4492    0.652702    0.666649  0.00961862
     1.47485    0.634522    0.629504   0.0123471
      1.5005    0.573049     0.59348   0.0109901
     1.52615    0.597424    0.591785  0.00911291
      1.5518    0.589648    0.596086  0.00666882
     1.57745    0.595246    0.577016  0.00744224
      1.6031    0.584315    0.581096   0.0124102
     1.62875    0.557205    0.589215   0.0147984
      1.6544    0.598153    0.625458    0.013169
     1.68005    0.637708    0.655075   0.0101474
      1.7057    0.653181    0.711715   0.0295051
     1.73135    0.696022    0.716173   0.0101321
       1.757    0.758527    0.760942   0.0110243
     1.78265    0.836291     0.79824   0.0164145
      1.8083    0.894962     0.84851    0.015276
     1.83395    0.922929    0.892284   0.0126641
      1.8596    0.989644    0.959269    0.010084
     1.88525    0.997653     1.01281   0.0113309
      1.9109     1.01979     1.06719   0.0109033
     1.93655     1.04297     1.11559   0.0159436
      1.9622     1.11183     1.13659   0.0110962
     1.98785     1.21414     1.18124   0.0087214
      2.0135       1.238      1.2321  0.00975729
     2.03915     1.22605     1.24849   0.0146164
      2.0648     1.30271     1.27111   0.0129559
     2.09045     1.29661     1.35792   0.0656503
      2.1161      1.3019     1.28379    0.016893
     2.14174      1.3381     1.27104    0.010734
     2.16739      1.2622     1.24964  0.00939586
     2.19304     1.26173     1.22943  0.00997241
     2.21869     1.21138     1.18926  0.00939633
     2.24434     1.19902     1.14643   0.0160135
     2.26999     1.14896     1.10229  0.00905133
     2.29564     1.11638     1.06521  0.00978666
     2.32129     1.08406     1.02853  0.00897776
     2.34694     1.01286    0.995928  0.00644055
     2.37259     0.94516    0.949251   0.0102618
     2.39824     0.91204    0.912652  0.00797301
     2.42389     0.91824    0.924553   0.0235424
     2.44954    0.847358    0.867428  0.00359481
     2.47519    0.807685    0.845661  0.00905192
     2.50084    0.818004    0.834826   0.0107078
     2.52649    0.776862    0.843963  0.00978391
     2.55214    0.774314    0.839698   0.0105374
   0.0128248           0           0           0
   0.0384745           0           0           0
   0.0641241           0           0           0
   0.0897737           0           0           0
    0.115423           0           0           0
    0.141073           0           0           0
    0.166723           0           0           0
    0.192372           0           0           0
    0.218022           0           0           0
    0.243672           0           0           0
    0.269321           0           0           0
    0.294971           0           0           0
     0.32062           0           0           0
     0.34627           0           0           0
     0.37192           0           0           0
    0.397569           0           0           0
    0.423219           0           0           0
    0.448869           0           0           0
    0.474518           0           0           0
    0.500168           0           0           0
    0.525818           0           0           0
    0.551467           0           0           0
    0.577117           0           0           0
    0.602767           0           0           0
    0.628416           0           0           0
    0.654066           0           0           0
    0.679715           0           0           0
    0.705365           0           0           0
    0.731015           0           0           0
    0.756664           0           0           0
    0.782314           0           0           0
    0.807964           0           0           0
    0.833613           0           0           0
    0.859263           0           0           0
    0.884913           0           0           0
    0.910562           0           0           0
    0.936212   0.0078654  0.00936474    0.001385
    0.961861   0.0998971    0.100503   0.0041662
    0.987511    0.430281    0.443124   0.0149206
     1.01316     1.05918     1.18215   0.0193924
     1.03881     1.98378     2.02749   0.0251883
     1.06446     2.67383     2.68581   0.0554368
     1.09011     2.93015     2.94586    0.047462
     1.11576     2.93768     2.92799    0.020743
     1.14141     2.70191       2.725   0.0233901
     1.16706     2.42691     2.42964   0.0274006
     1.19271     2.14202     2.11152    0.039899
     1.21836     1.86817     1.89585    0.101791
     1.24401     1.55391     1.55316   0.0266057
     1.26966     1.43154     1.34318   0.0198829
     1.29531     1.23463     1.17612   0.0151214
     1.32096     1.13529     1.05454   0.0153232
     1.34661    0.967032    0.930265   0.0146421
     1.37226    0.841332    0.824438   0.0178953
     1.39791    0.793469    0.774536    0.012943
     1.42355    0.695109    0.699532   0.0100729
      1.4492    0.626509    0.662635  0.00945731
     1.47485     0.61052    0.627605   0.0112574
      1.5005    0.601245    0.594257  0.00991852
     1.52615    0.558204    0.588427  0.00879861
      1.5518    0.594837    0.595961  0.00600311
     1.57745    0.590744    0.578389  0.00682346
      1.6031    0.565928    0.579579   0.0112615
     1.62875    0.599517    0.590245   0.0133543
      1.6544     0.59015    0.621927   0.0123163
     1.68005    0.572701    0.646837   0.0120197
      1.7057    0.634051    0.703948   0.0275578
     1.73135    0.718423    0.716398  0.00912137
       1.757    0.742801    0.759128     0.01007
     1.78265    0.796902    0.798106   0.0147736
      1.8083    0.849588    0.848617   0.0137488
     1.83395    0.943022    0.897358   0.0123724
      1.8596     1.01436    0.964777   0.0104728
     1.88525     1.05322     1.01685   0.0108945
      1.9109     1.03806     1.06428   0.0101948
     1.93655     1.06794     1.11083   0.0150445
      1.9622     1.15611     1.13854   0.0101568
     1.98785     1.19191     1.18231  0.00791428
      2.0135     1.19844     1.22874  0.00934415
     2.03915     1.19106     1.24274   0.0142384
      2.0648     1.26435     1.27043    0.011678
     2.09045     1.30656     1.35278   0.0592858
      2.1161     1.28493     1.28391   0.0152041
     2.14174     1.26891     1.27083  0.00966269
     2.16739     1.28758     1.25343  0.00919063
     2.19304     1.27401     1.23389   0.0099214
     2.21869     1.19021     1.18935  0.00845719
     2.24434      1.1602     1.14781   0.0144713
     2.26999     1.14011     1.10607  0.00890129
     2.29564     1.10804     1.06949  0.00970011
     2.32129     1.13127      1.0388   0.0126605
     2.34694     1.05407     1.00174  0.00800145
     2.37259    0.992198    0.953545   0.0100944
     2.39824    0.943955    0.915782  0.00776594
     2.42389    0.892608    0.921358   0.0214038
     2.44954    0.874359    0.868121  0.00330148
     2.47519    0.859591    0.847054  0.00825321
     2.50084    0.820932    0.833437   0.0097267
     2.52649    0.780428     0.83761   0.0106709
     2.55214    0.774027    0.833131    0.011347
   0.0128248           0           0           0
   0.0384745           0           0           0
   0.0641241           0           0           0
   0.0897737           0           0           0
    0.115423           0           0           0
    0.141073           0           0           0
    0.166723           0           0           0
    0.192372           0           0           0
    0.218022           0           0           0
    0.243672           0           0           0
    0.269321           0           0           0
    0.294971           0           0           0
     0.32062           0           0           0
     0.34627           0           0           0
     0.37192           0           0           0
    0.397569           0           0           0
    0.423219           0           0           0
    0.448869           0           0           0
    0.474518           0           0           0
    0.500168           0           0           0
    0.525818           0           0           0
    0.551467           0           0           0
    0.577117           0           0           0
    0.602767           0           0           0
    0.628416           0           0           0
    0.654066           0           0           0
    0.679715           0           0           0
    0.705365           0           0           0
    0.731015           0           0           0
    0.756664           0           0           0
    0.782314           0           0           0
    0.807964           0           0           0
    0.833613           0           0           0
    0.859263           0           0           0
    0.884913           0           0           0
    0.910562           0           0           0
    0.936212  0.00671836  0.00912416  0.00127982
    0.961861   0.0931441   0.0998336  0.00384078
    0.987511    0.570419    0.454697   0.0174851
     1.01316     1.19134     1.18299   0.0176474
     1.03881      2.0259     2.02735   0.0228989
     1.06446     2.61508     2.67938   0.0507686
     1.09011     2.88525     2.94035    0.043466
     1.11576     2.83287     2.91934   0.0205811
     1.14141     2.75273     2.72752   0.0213992
     1.16706     2.47716     2.43396   0.0252479
     1.19271     2.15015     2.11503    0.036426
     1.21836     1.87683     1.89412   0.0925521
     1.24401     1.65517     1.56244   0.0257525
     1.26966     1.42695     1.35079   0.0194793
     1.29531     1.22136     1.18023   0.0142951
     1.32096     1.08574     1.05738   0.0141903
     1.34661    0.931904    0.930414   0.0133118
     1.37226    0.851362    0.826886    0.016435
     1.39791     0.75977    0.773193   0.0118358
     1.42355    0.692381    0.698882  0.00917815
      1.4492    0.628595    0.659541  0.00908976
     1.47485    0.578264     0.62312   0.0110917
      1.5005    0.554645    0.590656  0.00964844
     1.52615    0.570414    0.586789  0.00814969
      1.5518    0.544735    0.591304  0.00703549
     1.57745    0.569157     0.57755  0.00625455
      1.6031    0.567158     0.57845   0.0102942
     1.62875    0.589826    0.590207   0.0121404
      1.6544    0.644411    0.623971    0.011365
     1.68005    0.647809    0.646926   0.0109274
      1.7057    0.650688    0.699107   0.0254743
     1.73135     0.69873    0.714792   0.0084324
       1.757    0.689179    0.752769   0.0109803
     1.78265    0.747207    0.793479   0.0141366
      1.8083    0.827121    0.846663    0.012637
     1.83395    0.918659    0.899294   0.0113982
      1.8596    0.956998     0.96407  0.00954459
     1.88525     1.01558     1.01674  0.00990469
      1.9109     1.05997     1.06389  0.00927555
     1.93655     1.14088     1.11356   0.0139227
      1.9622     1.19073     1.14329   0.0102819
     1.98785     1.20607     1.18447  0.00748382
      2.0135     1.26926     1.23242  0.00919233
     2.03915     1.29914     1.24787   0.0138363
      2.0648     1.33254     1.27608   0.0119031
     2.09045     1.34919     1.35246   0.0538971
      2.1161     1.32602     1.28774   0.0142958
     2.14174     1.32556      1.2758  0.00998348
     2.16739     1.28232     1.25606  0.00872237
     2.19304     1.25086     1.23543  0.00913862
     2.21869     1.19393     1.18977  0.00769861
     2.24434     1.15775     1.14871   0.0131839
     2.26999     1.13239     1.10846  0.00840743
     2.29564     1.11396     1.07353   0.0096237
     2.32129     1.03861     1.03879   0.0115096
     2.34694     0.98781     1.00048  0.00737361
     2.37259    0.918636    0.950372  0.00966273
     2.39824    0.867851    0.911425  0.00819168
     2.42389    0.834534    0.913465   0.0208627
     2.44954    0.823815    0.864093  0.00487408
     2.47519    0.787078    0.841602  0.00912795
     2.50084    0.754389     0.82625   0.0111864
     2.52649     0.78008     0.83238   0.0109074
     2.55214    0.802253    0.830324    0.010657
   0.0128248           0           0           0
   0.0384745           0           0           0
   0.0641241           0           0           0
   0.0897737           0           0           0
    0.115423           0           0           0
    0.141073           0           0           0
    0.166723           0           0           0
    0.192372           0           0           0
    0.218022           0           0           0
    0.243672           0           0           0
    0.269321           0           0           0
    0.294971           0           0           0
     0.32062           0           0           0
     0.34627           0           0           0
     0.37192           0           0           0
    0.397569           0           0           0
    0.423219           0           0           0
    0.448869           0           0           0
    0.474518           0           0           0
    0.500168           0           0           0
    0.525818           0           0           0
    0.551467           0           0           0
    0.577117           0           0           0
    0.602767           0           0           0
    0.628416           0           0           0
    0.654066           0           0           0
    0.679715           0           0           0
    0.705365           0           0           0
    0.731015           0           0           0
    0.756664           0           0           0
    0.782314           0           0           0
    0.807964           0           0           0
    0.833613           0           0           0
    0.859263           0           0           0
    0.884913           0           0           0
    0.910562           0           0           0
    0.936212   0.0041785  0.00871203  0.00123775
    0.961861    0.112937    0.100926  0.00367267
    0.987511    0.447661     0.45411   0.0160379
     1.01316     1.24674      1.1883   0.0169578
     1.03881     1.99629     2.02476   0.0211364
     1.06446     2.61305     2.67385   0.0468377
     1.09011     2.80167      2.9288   0.0413516
     1.11576     2.92418     2.91975   0.0188699
     1.14141     2.81122     2.73449   0.0207215
     1.16706     2.59822     2.44765   0.0265969
     1.19271     2.29614     2.13013    0.036383
     1.21836      1.8253     1.88839   0.0850169
     1.24401     1.52115       1.559   0.0238351
     1.26966     1.38088      1.3533   0.0180167
     1.29531     1.14607     1.17738   0.0133843
     1.32096     0.98215     1.05111   0.0143257
     1.34661    0.863272    0.924818   0.0133266
     1.37226     0.79717    0.824409   0.0152508
     1.39791    0.757013    0.771845    0.010926
     1.42355    0.732851    0.701713  0.00883905
      1.4492    0.704198    0.663262  0.00906213
     1.47485    0.656477      0.6259     0.01051
      1.5005    0.545172    0.586865  0.00955997
     1.52615    0.574176    0.585738  0.00753803
      1.5518    0.564328    0.589056  0.00679885
     1.57745     0.58529    0.578195   0.0057665
      1.6031    0.622962    0.582159   0.0100825
     1.62875    0.611482     0.59198   0.0112574
      1.6544    0.610354    0.622836   0.0104744
     1.68005    0.616005    0.644349   0.0103161
      1.7057    0.625486    0.692972   0.0240789
     1.73135    0.661978    0.710391  0.00880365
       1.757    0.689086    0.747462    0.011275
     1.78265    0.834438    0.796892   0.0133643
      1.8083    0.873988     0.84894   0.0117873
     1.83395    0.915798     0.90067   0.0105309
      1.8596    0.973051    0.964819   0.0087785
     1.88525     1.08793     1.02267   0.0107099
      1.9109     1.14556     1.07069   0.0107123
     1.93655     1.17537     1.11871   0.0136821
      1.9622     1.20625     1.14853   0.0106801
     1.98785     1.14375     1.18107  0.00759048
      2.0135     1.19828     1.22958  0.00885558
     2.03915     1.23705     1.24697   0.0127126
      2.0648     1.29639     1.27777   0.0110309
     2.09045     1.25136     1.34403   0.0500597
      2.1161     1.25909     1.28535   0.0133022
     2.14174     1.28955     1.27695  0.00921702
     2.16739     1.25207     1.25572  0.00800184
     2.19304     1.25416     1.23699  0.00850929
     2.21869     1.23077     1.19319  0.00777846
     2.24434     1.16989     1.15048   0.0122029
     2.26999     1.15165     1.11206  0.00844195
     2.29564     1.08565     1.07454  0.00887454
     2.32129      1.0088     1.03629   0.0108183
     2.34694    0.957431    0.996889  0.00758161
     2.37259    0.926686    0.948398  0.00905685
     2.39824    0.907083    0.911063  0.00751703
     2.42389    0.851732    0.908321   0.0197482
     2.44954    0.850649    0.862973  0.00459487
     2.47519    0.820873    0.839874  0.00852917
     2.50084    0.850041    0.828233   0.0104284
     2.52649    0.820605    0.831399   0.0100425
     2.55214    0.809486    0.828588  0.00990942
   0.0128248           0           0           0
   0.0384745           0           0           0
   0.0641241           0           0           0
   0.0897737           0           0           0
    0.115423           0           0           0
    0.141073           0           0           0
    0.166723           0           0           0
    0.192372           0           0           0
    0.218022           0           0           0
    0.243672           0           0           0
    0.269321           0           0           0
    0.294971           0           0           0
     0.32062           0           0           0
     0.34627           0           0           0
     0.37192           0           0           0
    0.397569           0           0           0
    0.423219           0           0           0
    0.448869           0           0           0
    0.474518           0           0           0
    0.500168           0           0           0
    0.525818           0           0           0
    0.551467           0           0           0
    0.577117           0           0           0
    0.602767           0           0           0
    0.628416           0           0           0
    0.654066           0           0           0
    0.679715           0           0           0
    0.705365           0           0           0
    0.731015           0           0           0
    0.756664           0           0           0
    0.782314           0           0           0
    0.807964           0           0           0
    0.833613           0           0           0
    0.859263           0           0           0
    0.884913           0           0           0
    0.910562           0           0           0
    0.936212  0.00122897  0.00813641  0.00126935
    0.961861   0.0894184     0.10004  0.00349519
    0.987511    0.492876    0.457092   0.0150789
     1.01316      1.2019     1.18935   0.0156856
     1.03881     2.10975      2.0313   0.0204967
     1.06446     2.69329     2.67534   0.0432587
     1.09011     3.05966     2.93886   0.0393769
     1.11576     3.08634     2.93256   0.0213303
     1.14141     2.70031     2.73186   0.0192936
     1.16706     2.28139     2.43486   0.0274542
     1.19271     2.00935     2.12084   0.0347502
     1.21836     1.73527     1.87661   0.0792888
     1.24401     1.53698      1.5573   0.0220618
     1.26966     1.34582     1.35273     0.01664
     1.29531     1.19512     1.17875   0.0124241
     1.32096     1.05817     1.05165    0.013234
     1.34661    0.942478    0.926177   0.0123705
     1.37226    0.836794    0.825362   0.0141074
     1.39791    0.717581    0.767671   0.0108536
     1.42355    0.673776    0.699564  0.00841631
      1.4492    0.651881    0.662387  0.00840723
     1.47485    0.619764    0.625428   0.0097121
      1.5005    0.630717    0.590239  0.00940089
     1.52615    0.588544    0.585954  0.00696127
      1.5518    0.590274     0.58915  0.00627651
     1.57745    0.607714    0.580465  0.00575266
      1.6031    0.621956     0.58522  0.00976064
     1.62875    0.605662    0.593032   0.0104405
      1.6544    0.594768    0.620677  0.00988873
     1.68005    0.645138    0.644409   0.0095227
      1.7057    0.724542      0.6954   0.0223488
     1.73135    0.705198    0.709992   0.0081355
       1.757    0.764995     0.74881    0.010488
     1.78265    0.779953    0.795589   0.0123996
      1.8083    0.803116    0.845415   0.0113955
     1.83395    0.895769    0.900293  0.00972762
      1.8596     1.02312    0.969303  0.00917762
     1.88525     1.09048     1.02789   0.0110837
      1.9109     1.11419     1.07404   0.0103977
     1.93655     1.15153     1.12124   0.0128605
      1.9622      1.1814     1.15106   0.0101534
     1.98785     1.19604     1.18223  0.00709333
      2.0135     1.24834     1.23102  0.00829121
     2.03915     1.29819     1.25091   0.0123302
      2.0648     1.27379     1.27747   0.0101866
     2.09045     1.21711     1.33427   0.0471514
      2.1161     1.24835      1.2825   0.0125798
     2.14174     1.28393     1.27748  0.00852365
     2.16739     1.24632       1.255  0.00741894
     2.19304     1.23069     1.23651  0.00786854
     2.21869     1.14468     1.18945  0.00802521
     2.24434     1.16299     1.15144   0.0113021
     2.26999     1.11483     1.11227  0.00779525
     2.29564     1.03767     1.07171   0.0086333
     2.32129     1.01957       1.035   0.0100623
     2.34694    0.962124    0.994214  0.00745512
     2.37259    0.923727      0.9465   0.0085567
     2.39824     0.89783    0.910045  0.00700737
     2.42389    0.894429    0.907252    0.018258
     2.44954    0.872396    0.863698  0.00429822
     2.47519    0.867655    0.842011   0.0081364
     2.50084    0.880172    0.832228   0.0103633
     2.52649    0.863392     0.83386  0.00956681
     2.55214    0.831328    0.828798   0.0091494
   0.0128248           0           0           0
   0.0384745           0           0           0
   0.0641241           0           0           0
   0.0897737           0           0           0
    0.115423           0           0           0
    0.141073           0           0           0
    0.166723           0           0           0
    0.192372           0           0           0
    0.218022           0           0           0
    0.243672           0           0           0
    0.269321           0           0           0
    0.294971           0           0           0
     0.32062           0           0           0
     0.34627           0           0           0
     0.37192           0           0           0
    0.397569           0           0           0
    0.423219           0           0           0
    0.448869           0           0           0
    0.474518           0           0           0
    0.500168           0           0           0
    0.525818           0           0           0
    0.551467           0           0           0
    0.577117           0           0           0
    0.602767           0           0           0
    0.628416           0           0           0
    0.654066           0           0           0
    0.679715           0           0           0
    0.705365           0           0           0
    0.731015           0           0           0
    0.756664           0           0           0
    0.782314           0           0           0
    0.807964           0           0           0
    0.833613           0           0           0
    0.859263           0           0           0
    0.884913           0           0           0
    0.910562   0.0021653 0.000154664 0.000149038
    0.936212  0.00974982  0.00825165   0.0011839
    0.961861    0.107737     0.10059  0.00328849
    0.987511    0.476749    0.458496    0.014067
     1.01316     1.17231     1.18813   0.0146123
     1.03881     1.99449     2.02867   0.0192005
     1.06446     2.67352     2.67521    0.040169
     1.09011     2.98931     2.94247   0.0367288
     1.11576      3.1251     2.94631   0.0238315
     1.14141     2.76144     2.73398   0.0180308
     1.16706      2.3561     2.42923   0.0260631
     1.19271      2.0617     2.11661   0.0325237
     1.21836     1.76531     1.86866   0.0740228
     1.24401     1.54811     1.55665   0.0204957
     1.26966     1.39919     1.35604    0.015779
     1.29531     1.13661     1.17574   0.0118956
     1.32096     1.00771     1.04851   0.0126554
     1.34661    0.912736    0.925217   0.0115241
     1.37226    0.845299    0.826786   0.0131714
     1.39791    0.788765    0.769178   0.0101824
     1.42355    0.650777    0.696079  0.00850604
      1.4492    0.631159    0.660156   0.0080972
     1.47485    0.657237      0.6277  0.00928034
      1.5005    0.605615    0.591337  0.00879332
     1.52615    0.588143     0.58611   0.0064658
      1.5518    0.577182    0.588295  0.00588611
     1.57745    0.582663    0.580622  0.00534389
      1.6031    0.611058    0.587066  0.00923629
     1.62875    0.619089    0.594894  0.00985927
      1.6544     0.62077    0.620684  0.00918239
     1.68005    0.673685    0.646501  0.00906919
      1.7057    0.679445     0.69426   0.0207815
     1.73135    0.719956    0.710703  0.00758547
       1.757    0.735543    0.747863   0.0097816
     1.78265    0.817421    0.797149   0.0116116
      1.8083    0.859032    0.846388   0.0106229
     1.83395    0.877662    0.898676  0.00916611
      1.8596     0.91455    0.965392  0.00931821
     1.88525    0.969344      1.0237   0.0110527
      1.9109      1.0263     1.07063   0.0101989
     1.93655     1.11348     1.12068   0.0119538
      1.9622     1.13804     1.15013  0.00947074
     1.98785      1.1703     1.18137  0.00663758
      2.0135     1.19672     1.22857  0.00805274
     2.03915     1.29197     1.25384   0.0117932
      2.0648     1.32755     1.28104   0.0100677
     2.09045     1.28638     1.33085   0.0439073
      2.1161     1.36294     1.28825   0.0129268
     2.14174     1.32741     1.28105  0.00862851
     2.16739     1.30125      1.2583  0.00758892
     2.19304     1.30609     1.24148  0.00873647
     2.21869     1.26743     1.19502   0.0091837
     2.24434     1.13707     1.15041   0.0105413
     2.26999     1.12163     1.11294  0.00726701
     2.29564     1.07193     1.07172  0.00801665
     2.32129     1.01585     1.03363  0.00943604
     2.34694    0.920142    0.988923  0.00859748
     2.37259    0.907154     0.94369  0.00839436
     2.39824    0.912901    0.910249  0.00650981
     2.42389    0.846659    0.902924   0.0174593
     2.44954     0.82251    0.860756  0.00489557
     2.47519    0.833661    0.841415  0.00757705
     2.50084     0.81937     0.83131   0.0096637
     2.52649    0.819165     0.83281  0.00894086
     2.55214    0.814701    0.827791   0.0085511
   0.0128248           0           0           0
   0.0384745           0           0           0
   0.0641241           0           0           0
   0.0897737           0           0           0
    0.115423           0           0           0
    0.141073           0           0           0
    0.166723           0           0           0
    0.192372           0           0           0
    0.218022           0           0           0
    0.243672           0           0           0
    0.269321           0           0           0
    0.294971           0           0           0
     0.32062           0           0           0
     0.34627           0           0           0
     0.37192           0           0           0
    0.397569           0           0           0
    0.423219           0           0           0
    0.448869           0           0           0
    0.474518           0           0           0
    0.500168           0           0           0
    0.525818           0           0           0
    0.551467           0           0           0
    0.577117           0           0           0
    0.602767           0           0           0
    0.628416           0           0           0
    0.654066           0           0           0
    0.679715           0           0           0
    0.705365           0           0           0
    0.731015           0           0           0
    0.756664           0           0           0
    0.782314           0           0           0
    0.807964           0           0           0
    0.833613           0           0           0
    0.859263           0           0           0
    0.884913           0           0           0
    0.910562           0 0.000144353 0.000139458
    0.936212  0.00606291  0.00810573  0.00111393
    0.961861   0.0787844   0.0991364  0.00337531
    0.987511    0.447071    0.457735   0.0131498
     1.01316     1.20323     1.18913   0.0136728
     1.03881     2.07368     2.03167   0.0181535
     1.06446     2.68423     2.67582   0.0374956
     1.09011     2.88168     2.93841    0.034503
     1.11576     2.83142     2.93865   0.0234412
     1.14141     2.73989     2.73437   0.0168331
     1.16706     2.56511     2.43829   0.0258518
     1.19271      2.0563     2.11259    0.030603
     1.21836     1.81737     1.86524   0.0691669
     1.24401     1.59763     1.55938   0.0193106
     1.26966     1.30773     1.35282   0.0150521
     1.29531     1.18956     1.17666   0.0111382
     1.32096     1.07553     1.05031   0.0119393
     1.34661    0.936855    0.925993   0.0107819
     1.37226    0.882939     0.83053   0.0128143
     1.39791    0.743489    0.767465  0.00964654
     1.42355    0.721688    0.697786  0.00810849
      1.4492     0.71114    0.663555  0.00823994
     1.47485    0.660142    0.629863  0.00891011
      1.5005     0.64976    0.595232  0.00902856
     1.52615    0.595266    0.586721  0.00606348
      1.5518    0.606825     0.58953  0.00562185
     1.57745    0.575794    0.580301  0.00499732
      1.6031    0.579928     0.58659  0.00863278
     1.62875    0.565353    0.592924  0.00939661
      1.6544    0.584719    0.618286  0.00887775
     1.68005    0.618626    0.644642  0.00865288
      1.7057    0.673151    0.692853   0.0194436
     1.73135    0.667225    0.707805  0.00761345
       1.757    0.712233    0.745487  0.00941348
     1.78265    0.776179    0.795751   0.0109213
      1.8083    0.839266    0.845913  0.00992533
     1.83395    0.877278     0.89725  0.00866533
      1.8596    0.952803    0.964553  0.00873471
     1.88525     1.02839     1.02402   0.0103203
      1.9109     1.06477     1.07024  0.00952649
     1.93655     1.11618     1.12038   0.0111606
      1.9622     1.16587     1.15118  0.00889725
     1.98785     1.19239     1.18211  0.00623554
      2.0135      1.2045     1.22697   0.0076741
     2.03915     1.25349     1.25382    0.011007
      2.0648     1.23779     1.27816  0.00980081
     2.09045       1.237     1.32459   0.0414235
      2.1161     1.28164     1.28781   0.0120726
     2.14174      1.3047     1.28263  0.00819611
     2.16739     1.27011     1.25909  0.00712367
     2.19304     1.22131     1.24013  0.00825686
     2.21869      1.2542     1.19897  0.00938064
     2.24434     1.23437     1.15601   0.0112265
     2.26999      1.1377     1.11459  0.00696741
     2.29564     1.09387      1.0732  0.00761694
     2.32129     1.06205     1.03553  0.00899507
     2.34694     1.06244    0.993825  0.00931714
     2.37259    0.994417    0.947072  0.00848867
     2.39824    0.948138    0.912775  0.00654757
     2.42389    0.924853    0.904386   0.0163565
     2.44954    0.892767     0.86289  0.00501282
     2.47519    0.876259    0.843738  0.00741947
     2.50084    0.863361    0.833446  0.00925266
     2.52649    0.842995    0.833489  0.00837054
     2.55214    0.796145    0.825682  0.00823718
   0.0128248           0           0           0
   0.0384745           0           0           0
   0.0641241           0           0           0
   0.0897737           0           0           0
    0.115423           0           0           0
    0.141073           0           0           0
    0.166723           0           0           0
    0.192372           0           0           0
    0.218022           0           0           0
    0.243672           0           0           0
    0.269321           0           0           0
    0.294971           0           0           0
     0.32062           0           0           0
     0.34627           0           0           0
     0.37192           0           0           0
    0.397569           0           0           0
    0.423219           0           0           0
    0.448869           0           0           0
    0.474518           0           0           0
    0.500168           0           0           0
    0.525818           0           0           0
    0.551467           0           0           0
    0.577117           0           0           0
    0.602767           0           0           0
    0.628416           0           0           0
    0.654066           0           0           0
    0.679715           0           0           0
    0.705365           0           0           0
    0.731015           0           0           0
    0.756664           0           0           0
    0.782314           0           0           0
    0.807964           0           0           0
    0.833613           0           0           0
    0.859263           0           0           0
    0.884913           0           0           0
    0.910562           0 0.000135331 0.000131034
    0.936212   0.0101595  0.00823409  0.00105168
    0.961861   0.0688491   0.0972435  0.00365684
    0.987511     0.43227    0.456143   0.0124239
     1.01316     1.16524     1.18764   0.0128995
     1.03881     2.10915     2.03651    0.017653
     1.06446       2.749     2.68039     0.03543
     1.09011     3.05712     2.94583   0.0331346
     1.11576     2.95458     2.93965   0.0219973
     1.14141     2.74099     2.73478   0.0157861
     1.16706     2.39833     2.43579   0.0243564
     1.19271     1.99643     2.10533    0.029539
     1.21836     1.81011     1.86179   0.0649297
     1.24401     1.62951     1.56376   0.0185944
     1.26966     1.42953     1.35762   0.0148553
     1.29531     1.18575     1.17723   0.0104565
     1.32096     1.02479     1.04872   0.0112991
     1.34661    0.870559    0.922528   0.0106501
     1.37226    0.792937     0.82818   0.0122269
     1.39791    0.702366    0.763396  0.00986443
     1.42355    0.651911    0.694919  0.00809277
      1.4492    0.646376    0.662481  0.00779458
     1.47485    0.668066     0.63225  0.00866725
      1.5005    0.609092    0.596098  0.00850573
     1.52615    0.585183    0.586625  0.00568528
      1.5518    0.574498    0.588591  0.00534841
     1.57745    0.583818     0.58052  0.00468982
      1.6031    0.592866    0.586982  0.00810214
     1.62875    0.639257     0.59582  0.00924477
      1.6544    0.602062    0.617272   0.0083806
     1.68005    0.649463    0.644944  0.00811731
      1.7057      0.7083    0.693819   0.0182524
     1.73135     0.72367    0.708796  0.00720189
       1.757    0.790933    0.748328  0.00924373
     1.78265    0.796585    0.795803   0.0102389
      1.8083    0.876097      0.8478  0.00948258
     1.83395    0.929805    0.899284  0.00835921
      1.8596    0.941962    0.963141  0.00830212
     1.88525     1.00747     1.02298  0.00972691
      1.9109     1.08695     1.07128  0.00898816
     1.93655     1.13129     1.12106   0.0104839
      1.9622     1.19368     1.15384  0.00872859
     1.98785     1.18462     1.18227   0.0058478
      2.0135     1.22556     1.22688  0.00719497
     2.03915     1.31206     1.25746   0.0109043
      2.0648     1.24448     1.27606  0.00941167
     2.09045       1.257     1.32037   0.0390494
      2.1161     1.26591     1.28644   0.0113953
     2.14174     1.26691     1.28164  0.00774249
     2.16739     1.27216     1.25991  0.00672507
     2.19304     1.21368     1.23848  0.00790463
     2.21869     1.17158     1.19726  0.00894913
     2.24434     1.16317     1.15646   0.0105338
     2.26999     1.13322     1.11576  0.00662853
     2.29564     1.06336     1.07258  0.00716567
     2.32129     1.03096     1.03524   0.0084374
     2.34694    0.983846    0.993201  0.00875567
     2.37259     0.94789    0.947123  0.00795828
     2.39824    0.922204    0.913364  0.00616481
     2.42389    0.894197    0.903749   0.0153466
     2.44954    0.880727    0.864005  0.00482188
     2.47519    0.836217    0.843268  0.00697062
     2.50084    0.822528    0.832764   0.0086995
     2.52649    0.843501    0.834115  0.00787074
     2.55214    0.846302     0.82697  0.00782252
   0.0128248           0           0           0
   0.0384745           0           0           0
   0.0641241           0           0           0
   0.0897737           0           0           0
    0.115423           0           0           0
    0.141073           0           0           0
    0.166723           0           0           0
    0.192372           0           0           0
    0.218022           0           0           0
    0.243672           0           0           0
    0.269321           0           0           0
    0.294971           0           0           0
     0.32062           0           0           0
     0.34627           0           0           0
     0.37192           0           0           0
    0.397569           0           0           0
    0.423219           0           0           0
    0.448869           0           0           0
    0.474518           0           0           0
    0.500168           0           0           0
    0.525818           0           0           0
    0.551467           0           0           0
    0.577117           0           0           0
    0.602767           0           0           0
    0.628416           0           0           0
    0.654066           0           0           0
    0.679715           0           0           0
    0.705365           0           0           0
    0.731015           0           0           0
    0.756664           0           0           0
    0.782314           0           0           0
    0.807964           0           0           0
    0.833613           0           0           0
    0.859263           0           0           0
    0.884913           0           0           0
    0.910562           0  0.00012737 0.000123567
    0.936212   0.0136825  0.00855459   0.0010375
    0.961861    0.106029   0.0977603  0.00347806
    0.987511    0.437277    0.455033   0.0117425
     1.01316     1.12082     1.18371   0.0127256
     1.03881     1.92255     2.02981    0.017842
     1.06446     2.59689     2.67548   0.0336846
     1.09011     2.81902     2.93837   0.0320142
     1.11576     2.91922     2.93845   0.0207361
     1.14141     2.72418     2.73416   0.0148698
     1.16706     2.61825     2.44653   0.0251776
     1.19271     2.19972     2.11088   0.0283184
     1.21836     1.81185     1.85886   0.0611768
     1.24401     1.59503      1.5656   0.0175914
     1.26966     1.35932     1.35772   0.0139818
     1.29531     1.25372     1.18173   0.0107661
     1.32096     1.01964     1.04701   0.0107631
     1.34661    0.931389    0.923049   0.0100364
     1.37226    0.816772    0.827509   0.0115261
     1.39791    0.715817    0.760598  0.00967307
     1.42355    0.688554    0.694545  0.00762539
      1.4492    0.687922    0.663978  0.00747835
     1.47485    0.664137    0.634126  0.00835791
      1.5005     0.61563    0.597247  0.00808263
     1.52615    0.631495    0.589264  0.00593197
      1.5518    0.600712    0.589304   0.0050811
     1.57745    0.594352    0.581334  0.00448396
      1.6031      0.6022    0.587877  0.00767484
     1.62875    0.620497    0.597272  0.00881419
      1.6544    0.644411    0.618869  0.00803823
     1.68005    0.619516    0.643448  0.00777641
      1.7057    0.670633    0.692455   0.0172296
     1.73135    0.709151    0.708817  0.00677828
       1.757    0.754061    0.748665  0.00870613
     1.78265    0.802642    0.796205  0.00964447
      1.8083    0.867268    0.848945  0.00899366
     1.83395    0.879883    0.898143  0.00794502
      1.8596    0.912577    0.960167  0.00832955
     1.88525    0.996481     1.02142  0.00927882
      1.9109     1.05808     1.07051  0.00849294
     1.93655     1.06878     1.11799   0.0103084
      1.9622     1.11213     1.15138  0.00855301
     1.98785     1.16774     1.18141  0.00556588
      2.0135     1.24755     1.22809  0.00687369
     2.03915     1.24957       1.257   0.0102727
      2.0648      1.2672     1.27553  0.00887244
     2.09045     1.27108     1.31747   0.0368598
      2.1161     1.30254     1.28739   0.0107643
     2.14174     1.24391     1.27942  0.00759855
     2.16739     1.25537     1.25964  0.00633478
     2.19304     1.23009     1.23799  0.00745504
     2.21869     1.21192     1.19812  0.00846419
     2.24434     1.24661     1.16176   0.0111697
     2.26999     1.20786     1.12117  0.00815745
     2.29564     1.13983     1.07654  0.00775964
     2.32129     1.02673     1.03474  0.00795594
     2.34694    0.965984      0.9916  0.00838573
     2.37259    0.926954    0.945936  0.00757806
     2.39824    0.922154    0.913881  0.00582381
     2.42389    0.886667    0.902744   0.0144767
     2.44954    0.848926    0.863118  0.00461911
     2.47519    0.833052    0.842667  0.00658644
     2.50084    0.826317    0.832385  0.00819603
     2.52649    0.857677    0.835501   0.0075288
     2.55214    0.847625    0.828185  0.00745613
   0.0128248           0           0           0
   0.0384745           0           0           0
   0.0641241           0           0           0
   0.0897737           0           0           0
    0.115423           0           0           0
    0.141073           0           0           0
    0.166723           0           0           0
    0.192372           0           0           0
    0.218022           0           0           0
    0.243672           0           0           0
    0.269321           0           0           0
    0.294971           0           0           0
     0.32062           0           0           0
     0.34627           0           0           0
     0.37192           0           0           0
    0.397569           0           0           0
    0.423219           0           0           0
    0.448869           0           0           0
    0.474518           0           0           0
    0.500168           0           0           0
    0.525818           0           0           0
    0.551467           0           0           0
    0.577117           0           0           0
    0.602767           0           0           0
    0.628416           0           0           0
    0.654066           0           0           0
    0.679715           0           0           0
    0.705365           0           0           0
    0.731015           0           0           0
    0.756664           0           0           0
    0.782314           0           0           0
    0.807964           0           0           0
    0.833613           0           0           0
    0.859263           0           0           0
    0.884913           0           0           0
    0.910562           0 0.000120294 0.000116905
    0.936212    0.011962  0.00874389 0.000996982
    0.961861     0.11775   0.0988708  0.00345758
    0.987511    0.472698    0.456015   0.0111311
     1.01316     1.21051      1.1852   0.0121053
     1.03881     2.14109     2.03599   0.0178899
     1.06446      2.7637     2.68038   0.0321679
     1.09011      3.0492     2.94453    0.030822
     1.11576     2.94414     2.93876   0.0195865
     1.14141     2.68841     2.73162   0.0142593
     1.16706     2.48159     2.44847   0.0238541
     1.19271     2.05065     2.10754   0.0269422
     1.21836     1.73382     1.85191   0.0581711
     1.24401     1.58505     1.56668   0.0166472
     1.26966     1.33068     1.35622   0.0132855
     1.29531     1.14795     1.17985   0.0103302
     1.32096    0.990052     1.04384   0.0106201
     1.34661    0.863193    0.919724   0.0100146
     1.37226    0.780733     0.82491   0.0111748
     1.39791    0.701741    0.757328  0.00967255
     1.42355    0.711234    0.695472   0.0072579
      1.4492    0.594777    0.660133  0.00799022
     1.47485    0.595564    0.631984  0.00816353
      1.5005    0.620351    0.598531  0.00773484
     1.52615    0.543867    0.586742  0.00611511
      1.5518    0.609032      0.5904  0.00491561
     1.57745    0.606993    0.582759  0.00445568
      1.6031    0.626455    0.590021  0.00754177
     1.62875    0.610291    0.597995  0.00835414
      1.6544    0.641866    0.620146  0.00769252
     1.68005    0.714445    0.647392   0.0082845
      1.7057    0.713114    0.693602   0.0163106
     1.73135    0.715692    0.709199  0.00641246
       1.757     0.77195    0.749959  0.00831801
     1.78265     0.80384    0.796629  0.00911799
      1.8083    0.856067    0.849341  0.00850271
     1.83395    0.890858    0.897738  0.00751393
      1.8596    0.941589    0.959135  0.00793048
     1.88525     0.97874     1.01905  0.00906127
      1.9109     1.14064      1.0744     0.00887
     1.93655     1.13326     1.11884  0.00977054
      1.9622     1.13074     1.15024  0.00815435
     1.98785      1.1885      1.1818  0.00527056
      2.0135      1.2519     1.22942  0.00661787
     2.03915     1.28047      1.2583  0.00978446
      2.0648     1.29939     1.27686  0.00847793
     2.09045      1.3335     1.31836   0.0348228
      2.1161     1.35014     1.29087    0.010716
     2.14174     1.32947     1.28221  0.00766824
     2.16739     1.26855     1.26014  0.00600214
     2.19304     1.25146     1.23874  0.00707834
     2.21869     1.18426     1.19735  0.00802889
     2.24434     1.14721     1.16095   0.0105783
     2.26999     1.09763     1.11987  0.00780844
     2.29564     1.05988     1.07562  0.00738353
     2.32129     1.00342       1.033  0.00770193
     2.34694    0.938421    0.988646  0.00842422
     2.37259    0.902753    0.943537  0.00752724
     2.39824    0.840194    0.909788  0.00678828
     2.42389    0.828801    0.898636   0.0142434
     2.44954    0.781182    0.858566  0.00621295
     2.47519    0.796643     0.84011  0.00669846
     2.50084    0.822241    0.831821  0.00776004
     2.52649    0.837819     0.83563  0.00711164
     2.55214    0.833434    0.828477   0.0070476
   0.0128248           0           0           0
   0.0384745           0           0           0
   0.0641241           0           0           0
   0.0897737           0           0           0
    0.115423           0           0           0
    0.141073           0           0           0
    0.166723           0           0           0
    0.192372           0           0           0
    0.218022           0           0           0
    0.243672           0           0           0
    0.269321           0           0           0
    0.294971           0           0           0
     0.32062           0           0           0
     0.34627           0           0           0
     0.37192           0           0           0
    0.397569           0           0           0
    0.423219           0           0           0
    0.448869           0           0           0
    0.474518           0           0           0
    0.500168           0           0           0
    0.525818           0           0           0
    0.551467           0           0           0
    0.577117           0           0           0
    0.602767           0           0           0
    0.628416           0           0           0
    0.654066           0           0           0
    0.679715           0           0           0
    0.705365           0           0           0
    0.731015           0           0           0
    0.756664           0           0           0
    0.782314           0           0           0
    0.807964           0           0           0
    0.833613           0           0           0
    0.859263           0           0           0
    0.884913           0           0           0
    0.910562           0 0.000113963 0.000110923
    0.936212  0.00630871  0.00861572 0.000952712
    0.961861   0.0892631   0.0983651  0.00331237
    0.987511    0.430723    0.454684   0.0106246
     1.01316     1.09843     1.18063   0.0122995
     1.03881     2.19526     2.04437   0.0188101
     1.06446      2.7317     2.68308    0.030588
     1.09011     2.90888     2.94265   0.0292569
     1.11576     2.93976     2.93882   0.0185557
     1.14141     2.67887     2.72884   0.0137765
     1.16706     2.40334      2.4461   0.0227166
     1.19271     2.19452     2.11211   0.0259102
     1.21836     1.86396     1.85254   0.0551129
     1.24401     1.50992     1.56369   0.0160369
     1.26966     1.39505     1.35826   0.0127425
     1.29531      1.1679     1.17922  0.00980559
     1.32096     1.04137     1.04371    0.010062
     1.34661    0.931033    0.920319  0.00950517
     1.37226    0.795149    0.823344   0.0106959
     1.39791    0.701741    0.754402  0.00959572
     1.42355    0.625439    0.691786  0.00775559
      1.4492    0.665696    0.660426  0.00757504
     1.47485    0.677772    0.634394  0.00808176
      1.5005    0.589125    0.598035  0.00734357
     1.52615    0.604824    0.587694  0.00586685
      1.5518    0.576198    0.589652  0.00471338
     1.57745    0.594871    0.583397  0.00426653
      1.6031    0.580291    0.589509   0.0071622
     1.62875    0.596783    0.597931  0.00791469
      1.6544     0.65118     0.62178  0.00745905
     1.68005    0.668444      0.6485  0.00792222
      1.7057     0.65918    0.691791   0.0155524
     1.73135    0.730713    0.710331  0.00617413
       1.757    0.763669     0.75068  0.00791146
     1.78265    0.827681    0.798264  0.00878334
      1.8083    0.849742    0.849362  0.00805523
     1.83395     0.88142    0.896879  0.00716737
      1.8596    0.953135    0.958819  0.00751937
     1.88525     1.00026     1.01806  0.00863817
      1.9109     1.04232     1.07271  0.00856232
     1.93655     1.13119     1.11949  0.00927792
      1.9622     1.17114     1.15134  0.00779906
     1.98785     1.21843     1.18373  0.00533401
      2.0135     1.22448     1.22916  0.00627465
     2.03915     1.24543     1.25762  0.00929292
      2.0648     1.24914      1.2754  0.00815628
     2.09045     1.31279     1.31807   0.0329913
      2.1161     1.27887     1.29024   0.0101706
     2.14174     1.28747     1.28248  0.00726965
     2.16739     1.28581     1.26149  0.00583634
     2.19304     1.27197     1.24048   0.0069186
     2.21869     1.20278     1.19764   0.0076114
     2.24434     1.11456     1.15851   0.0102995
     2.26999     1.07731     1.11763  0.00771206
     2.29564     1.04969     1.07425  0.00711989
     2.32129     1.00402     1.03148  0.00744611
     2.34694    0.989948    0.988714  0.00798112
     2.37259    0.954039     0.94409  0.00715134
     2.39824    0.936426     0.91119  0.00657419
     2.42389    0.917421    0.899625    0.013528
     2.44954    0.891331     0.86029  0.00612061
     2.47519    0.847154    0.840481  0.00635616
     2.50084    0.861673    0.833392  0.00750899
     2.52649    0.842792    0.836007  0.00674732
     2.55214    0.822673    0.828172  0.00668329
   0.0128248           0           0           0
   0.0384745           0           0           0
   0.0641241           0           0           0
   0.0897737           0           0           0
    0.115423           0           0           0
    0.141073           0           0           0
    0.166723           0           0           0
    0.192372           0           0           0
    0.218022           0           0           0
    0.243672           0           0           0
    0.269321           0           0           0
    0.294971           0           0           0
     0.32062           0           0           0
     0.34627           0           0           0
     0.37192           0           0           0
    0.397569           0           0           0
    0.423219           0           0           0
    0.448869           0           0           0
    0.474518           0           0           0
    0.500168           0           0           0
    0.525818           0           0           0
    0.551467           0           0           0
    0.577117           0           0           0
    0.602767           0           0           0
    0.628416           0           0           0
    0.654066           0           0           0
    0.679715           0           0           0
    0.705365           0           0           0
    0.731015           0           0           0
    0.756664           0           0           0
    0.782314           0           0           0
    0.807964           0           0           0
    0.833613           0           0           0
    0.859263           0           0           0
    0.884913           0           0           0
    0.910562           0 0.000108265 0.000105523
    0.936212   0.0113884  0.00875436 0.000915108
    0.961861   0.0963266   0.0982632  0.00314832
    0.987511    0.443758    0.454137   0.0101074
     1.01316     1.13439     1.17832   0.0118999
     1.03881     2.03841     2.04407    0.017872
     1.06446     2.69069     2.68346    0.029061
     1.09011     3.00533     2.94579   0.0279614
     1.11576     3.09805     2.94678   0.0192603
     1.14141     2.73923     2.72936   0.0130974
     1.16706     2.45902     2.44674     0.02159
     1.19271     2.01157     2.10709   0.0250976
     1.21836     1.75549     1.84769   0.0525705
     1.24401       1.516     1.56131   0.0154113
     1.26966     1.29704      1.3552   0.0124676
     1.29531     1.20313     1.18042  0.00938787
     1.32096     1.02923     1.04299  0.00958488
     1.34661    0.913885    0.919997  0.00903536
     1.37226    0.807391    0.822546   0.0101908
     1.39791    0.724784    0.752921   0.0092295
     1.42355    0.675761    0.690985  0.00740908
      1.4492    0.655369    0.660173  0.00720051
     1.47485    0.644031    0.634875  0.00769202
      1.5005    0.609921     0.59863  0.00700039
     1.52615    0.566313    0.586625  0.00567006
      1.5518    0.578047    0.589072  0.00451329
     1.57745    0.581711    0.583313  0.00405403
      1.6031    0.599433    0.590005  0.00682126
     1.62875    0.592397    0.597654  0.00752379
      1.6544    0.633706    0.622376  0.00710989
     1.68005    0.637912    0.647971  0.00754378
      1.7057    0.697513    0.692077   0.0147774
     1.73135      0.7609     0.71286  0.00636211
       1.757    0.810079     0.75365  0.00805407
     1.78265    0.816337    0.799167  0.00839053
      1.8083    0.905921     0.85219  0.00813375
     1.83395    0.978808    0.900976   0.0078933
      1.8596     1.00175    0.960966  0.00744351
     1.88525     1.06595     1.02046  0.00853164
      1.9109     1.09092     1.07362  0.00818246
     1.93655     1.13585     1.12031     0.00885
      1.9622     1.13369     1.15045  0.00745885
     1.98785     1.16863     1.18298  0.00512047
      2.0135     1.18094     1.22675  0.00640733
     2.03915     1.19259     1.25437  0.00937984
      2.0648      1.2343     1.27335  0.00800315
     2.09045     1.26117     1.31522   0.0314641
      2.1161      1.2724     1.28935  0.00970111
     2.14174     1.23345     1.28003  0.00730783
     2.16739     1.23875     1.26035  0.00565414
     2.19304     1.26294     1.24161  0.00666316
     2.21869     1.25134     1.20032  0.00768994
     2.24434     1.16803     1.15899  0.00979551
     2.26999     1.11906      1.1177   0.0073268
     2.29564      1.0788     1.07448  0.00676752
     2.32129     1.00531     1.03017  0.00718783
     2.34694    0.981304    0.988344  0.00759066
     2.37259    0.928128    0.943292  0.00683816
     2.39824    0.877553    0.909508  0.00645703
     2.42389    0.848884    0.897088   0.0130873
     2.44954    0.850051    0.859778  0.00583595
     2.47519    0.821388    0.839526  0.00610961
     2.50084    0.825651    0.833005  0.00714351
     2.52649    0.857508    0.837082  0.00649504
     2.55214    0.856269    0.829576   0.0064951
   0.0128248           0           0           0
   0.0384745           0           0           0
   0.0641241           0           0           0
   0.0897737           0           0           0
    0.115423           0           0           0
    0.141073           0           0           0
    0.166723           0           0           0
    0.192372           0           0           0
    0.218022           0           0           0
    0.243672           0           0           0
    0.269321           0           0           0
    0.294971           0           0           0
     0.32062           0           0           0
     0.34627           0           0           0
     0.37192           0           0           0
    0.397569           0           0           0
    0.423219           0           0           0
    0.448869           0           0           0
    0.474518           0           0           0
    0.500168           0           0           0
    0.525818           0           0           0
    0.551467           0           0           0
    0.577117           0           0           0
    0.602767           0           0           0
    0.628416           0           0           0
    0.654066           0           0           0
    0.679715           0           0           0
    0.705365           0           0           0
    0.731015           0           0           0
    0.756664           0           0           0
    0.782314           0           0           0
    0.807964           0           0           0
    0.833613           0           0           0
    0.859263           0           0           0
    0.884913           0           0           0
    0.910562           0 0.000103109 0.000100624
    0.936212   0.0208105  0.00932846  0.00103608
    0.961861    0.106805     0.09867  0.00302457
    0.987511    0.404286    0.451763  0.00990091
     1.01316     1.25269     1.18186   0.0118485
     1.03881     2.11341     2.04738   0.0173232
     1.06446     2.72206      2.6853   0.0277352
     1.09011     3.04787     2.95065   0.0270491
     1.11576     2.97616     2.94818   0.0183939
     1.14141     2.84611     2.73492   0.0136026
     1.16706     2.40677     2.44484   0.0206456
     1.19271     1.98466     2.10126   0.0245702
     1.21836     1.74223     1.84267   0.0503064
     1.24401     1.40036     1.55364   0.0164733
     1.26966     1.18175     1.34694   0.0143513
     1.29531     1.07476     1.17539   0.0102003
     1.32096      0.9526     1.03868   0.0100485
     1.34661    0.863074    0.917287  0.00900253
     1.37226    0.818412    0.822349  0.00970742
     1.39791    0.798284    0.755081  0.00903925
     1.42355    0.785688    0.695494  0.00831624
      1.4492    0.737025    0.663833  0.00773189
     1.47485    0.664896    0.636305  0.00745739
      1.5005     0.62807    0.600032  0.00680597
     1.52615    0.668217     0.59051  0.00659831
      1.5518    0.625047    0.590785  0.00461204
     1.57745     0.57262    0.582803  0.00389283
      1.6031    0.587529    0.589887  0.00649745
     1.62875    0.629647    0.599178  0.00731813
      1.6544    0.644988    0.623453  0.00685238
     1.68005    0.672565    0.649142   0.0072749
      1.7057    0.711534    0.693003   0.0141028
     1.73135    0.771082    0.715632  0.00663581
       1.757    0.835273    0.757537  0.00855717
     1.78265    0.826619    0.800474  0.00809217
      1.8083    0.848578    0.852018  0.00774825
     1.83395    0.883107    0.900125  0.00756315
      1.8596    0.958742     0.96086  0.00708981
     1.88525     0.99834      1.0194  0.00819012
      1.9109     1.06105     1.07303  0.00781471
     1.93655     1.10907     1.11977  0.00844472
      1.9622     1.14167     1.15004  0.00711538
     1.98785     1.21259     1.18439  0.00506714
      2.0135     1.24221     1.22748  0.00614441
     2.03915     1.23449     1.25342  0.00898081
      2.0648     1.21867     1.27074  0.00803441
     2.09045     1.23688     1.31149   0.0301861
      2.1161     1.23316     1.28667  0.00960106
     2.14174     1.24369      1.2783  0.00716178
     2.16739     1.23683     1.25923  0.00549474
     2.19304     1.18841     1.23907  0.00681034
     2.21869     1.17914     1.19931   0.0073896
     2.24434     1.15477     1.15878  0.00933112
     2.26999     1.06566     1.11522  0.00738513
     2.29564     1.07111     1.07432  0.00644716
     2.32129     1.04838     1.03103   0.0068977
     2.34694     1.03664    0.990643  0.00756956
     2.37259    0.987809    0.945412  0.00683322
     2.39824    0.918383     0.90993  0.00616337
     2.42389    0.858614    0.895256   0.0125917
     2.44954    0.826855    0.858211  0.00576479
     2.47519    0.873364    0.841137  0.00602742
     2.50084    0.851315    0.833877  0.00685634
     2.52649    0.843265    0.837376  0.00619242
     2.55214    0.840855    0.830113  0.00620798
   0.0128248           0           0           0
   0.0384745           0           0           0
   0.0641241           0           0           0
   0.0897737           0           0           0
    0.115423           0           0           0
    0.141073           0           0           0
    0.166723           0           0           0
    0.192372           0           0           0
    0.218022           0           0           0
    0.243672           0           0           0
    0.269321           0           0           0
    0.294971           0           0           0
     0.32062           0           0           0
     0.34627           0           0           0
     0.37192           0           0           0
    0.397569           0           0           0
    0.423219           0           0           0
    0.448869           0           0           0
    0.474518           0           0           0
    0.500168           0           0           0
    0.525818           0           0           0
    0.551467           0           0           0
    0.577117           0           0           0
    0.602767           0           0           0
    0.628416           0           0           0
    0.654066           0           0           0
    0.679715           0           0           0
    0.705365           0           0           0
    0.731015           0           0           0
    0.756664           0           0           0
    0.782314           0           0           0
    0.807964           0           0           0
    0.833613           0           0           0
    0.859263           0           0           0
    0.884913           0           0           0
    0.910562           0 9.84225e-05 9.61596e-05
    0.936212   0.0146657  0.00957106  0.00101699
    0.961861   0.0799487    0.097819  0.00300441
    0.987511    0.472036    0.452685  0.00949365
     1.01316     1.12942     1.17948   0.0115472
     1.03881     2.02078     2.04617   0.0165779
     1.06446     2.59505      2.6812   0.0267761
     1.09011     2.98025     2.95199   0.0258531
     1.11576     2.98758     2.94997   0.0176448
     1.14141     2.69249     2.73299   0.0131203
     1.16706     2.40303     2.44294   0.0197945
     1.19271     2.13687     2.10288   0.0235067
     1.21836     1.89627     1.84511   0.0480787
     1.24401     1.56287     1.55406   0.0157298
     1.26966     1.41461     1.35002   0.0140247
     1.29531     1.19268     1.17617  0.00976689
     1.32096     1.07994     1.04056  0.00976517
     1.34661    0.926677    0.917714  0.00860344
     1.37226    0.807887    0.821692  0.00928841
     1.39791    0.737646    0.754289  0.00866304
     1.42355    0.651344    0.693487  0.00817678
      1.4492    0.659165    0.663621  0.00738335
     1.47485     0.62749    0.635904  0.00712918
      1.5005    0.589858    0.599569   0.0065123
     1.52615    0.568348    0.589503  0.00637482
      1.5518    0.572142    0.589938  0.00447958
     1.57745    0.558911    0.581717   0.0038644
      1.6031    0.624248    0.591449  0.00638708
     1.62875    0.628077    0.600492   0.0071024
      1.6544     0.62775    0.623648  0.00654369
     1.68005    0.707499    0.651794  0.00741206
      1.7057     0.69033    0.692882   0.0134622
     1.73135    0.710157    0.715383  0.00633885
       1.757    0.732077     0.75638  0.00824609
     1.78265    0.747636    0.798073   0.0080729
      1.8083    0.834346    0.851214  0.00743757
     1.83395    0.900766    0.900154  0.00721943
      1.8596     0.95191    0.960453  0.00677921
     1.88525     1.00636     1.01881  0.00783927
      1.9109     1.07822     1.07326  0.00746306
     1.93655     1.14387     1.12087   0.0081316
      1.9622     1.18629     1.15168  0.00698017
     1.98785     1.19318     1.18479  0.00485257
      2.0135     1.28257     1.22999  0.00635482
     2.03915     1.25639     1.25356   0.0085736
      2.0648     1.27695     1.27102  0.00767417
     2.09045     1.28901     1.31047   0.0288313
      2.1161     1.27794     1.28628  0.00917286
     2.14174     1.26541     1.27771  0.00686018
     2.16739     1.28882     1.26058  0.00540709
     2.19304      1.1844     1.23659  0.00693948
     2.21869     1.15476     1.19729  0.00732591
     2.24434     1.14258     1.15805  0.00893601
     2.26999     1.10216     1.11463  0.00707327
     2.29564     1.10631     1.07577  0.00631599
     2.32129     1.04714     1.03177  0.00662293
     2.34694     1.03129    0.992491  0.00744757
     2.37259    0.954039    0.945804  0.00653386
     2.39824    0.928597    0.910779  0.00594133
     2.42389    0.897546     0.89536   0.0120198
     2.44954    0.841433    0.857448  0.00555297
     2.47519    0.806302    0.839554   0.0059578
     2.50084    0.799034    0.832293  0.00672513
     2.52649     0.80392    0.835855  0.00609482
     2.55214    0.835066    0.830339  0.00592988
   0.0128248           0           0           0
   0.0384745           0           0           0
   0.0641241           0           0           0
   0.0897737           0           0           0
    0.115423           0           0           0
    0.141073           0           0           0
    0.166723           0           0           0
    0.192372           0           0           0
    0.218022           0           0           0
    0.243672           0           0           0
    0.269321           0           0           0
    0.294971           0           0           0
     0.32062           0           0           0
     0.34627           0           0           0
     0.37192           0           0           0
    0.397569           0           0           0
    0.423219           0           0           0
    0.448869           0           0           0
    0.474518           0           0           0
    0.500168           0           0           0
    0.525818           0           0           0
    0.551467           0           0           0
    0.577117           0           0           0
    0.602767           0           0           0
    0.628416           0           0           0
    0.654066           0           0           0
    0.679715           0           0           0
    0.705365           0           0           0
    0.731015           0           0           0
    0.756664           0           0           0
    0.782314           0           0           0
    0.807964           0           0           0
    0.833613           0           0           0
    0.859263           0           0           0
    0.884913           0           0           0
    0.910562           0 9.41433e-05  9.2074e-05
    0.936212           0  0.00915493  0.00105448
    0.961861   0.0864688   0.0973255  0.00291403
    0.987511     0.45716    0.452879  0.00908288
     1.01316     1.26955     1.18339   0.0116904
     1.03881     2.20438     2.05305   0.0172253
     1.06446     2.85326     2.68868   0.0266365
     1.09011     3.05893     2.95664   0.0251436
     1.11576     2.81395     2.94405   0.0178412
     1.14141     2.60087     2.72725     0.01375
     1.16706     2.43772     2.44271   0.0189351
     1.19271     2.08856     2.10225   0.0224929
     1.21836     1.81804     1.84393   0.0460028
     1.24401     1.53062     1.55304   0.0150789
     1.26966     1.27276     1.34666   0.0138113
     1.29531     1.13002     1.17417  0.00954615
     1.32096    0.994497     1.03856  0.00954376
     1.34661    0.846678    0.914625  0.00876623
     1.37226    0.846938     0.82279  0.00894919
     1.39791    0.765613    0.754781  0.00830037
     1.42355     0.72796    0.694986  0.00795745
      1.4492    0.652702    0.663146  0.00707758
     1.47485    0.577108    0.633348  0.00726309
      1.5005    0.573974    0.598456  0.00632352
     1.52615     0.59283    0.589647   0.0060993
      1.5518    0.598743    0.590321  0.00430114
     1.57745    0.633746     0.58398   0.0043079
      1.6031    0.639757    0.593549  0.00644548
     1.62875    0.637173    0.602086  0.00697036
      1.6544    0.640265    0.624371  0.00629894
     1.68005    0.666637     0.65244  0.00711783
      1.7057    0.701068    0.693238   0.0128816
     1.73135    0.747244    0.716769  0.00621276
       1.757    0.809823    0.758703  0.00820843
     1.78265    0.803003    0.798287  0.00772475
      1.8083    0.808629    0.849363  0.00734105
     1.83395    0.920303     0.90103  0.00695849
      1.8596    0.966862    0.960732  0.00649018
     1.88525     1.04787     1.02007  0.00759953
      1.9109     1.05826     1.07261  0.00716704
     1.93655     1.10961     1.12038  0.00779276
      1.9622     1.13893     1.15113  0.00669867
     1.98785     1.18293     1.18471  0.00464226
      2.0135     1.21857     1.22949  0.00609789
     2.03915     1.32315     1.25658  0.00871836
      2.0648     1.27958      1.2714  0.00734952
     2.09045     1.27989     1.30914   0.0276084
      2.1161     1.25856     1.28507  0.00885282
     2.14174     1.21363     1.27493   0.0071052
     2.16739       1.227     1.25912  0.00536548
     2.19304     1.23853     1.23667  0.00663827
     2.21869      1.1848     1.19675  0.00702748
     2.24434       1.172     1.15866  0.00856807
     2.26999     1.13432     1.11548  0.00681739
     2.29564     1.10553     1.07707  0.00617251
     2.32129     1.00123     1.03044  0.00646668
     2.34694    0.985019    0.992166  0.00713085
     2.37259    0.925551    0.944923  0.00630884
     2.39824    0.887816     0.90978  0.00576628
     2.42389     0.89086    0.895164   0.0114988
     2.44954    0.890194    0.858872  0.00549102
     2.47519    0.895777    0.841998  0.00617993
     2.50084    0.811596    0.831394  0.00649266
     2.52649    0.807644    0.834629  0.00595197
     2.55214    0.840656    0.830787    0.005689
   0.0128248           0           0           0
   0.0384745           0           0           0
   0.0641241           0           0           0
   0.0897737           0           0           0
    0.115423           0           0           0
    0.141073           0           0           0
    0.166723           0           0           0
    0.192372           0           0           0
    0.218022           0           0           0
    0.243672           0           0           0
    0.269321           0           0           0
    0.294971           0           0           0
     0.32062           0           0           0
     0.34627           0           0           0
     0.37192           0           0           0
    0.397569           0           0           0
    0.423219           0           0           0
    0.448869           0           0           0
    0.474518           0           0           0
    0.500168           0           0           0
    0.525818           0           0           0
    0.551467           0           0           0
    0.577117           0           0           0
    0.602767           0           0           0
    0.628416           0           0           0
    0.654066           0           0           0
    0.679715           0           0           0
    0.705365           0           0           0
    0.731015           0           0           0
    0.756664           0           0           0
    0.782314           0           0           0
    0.807964           0           0           0
    0.833613           0           0           0
    0.859263           0           0           0
    0.884913           0           0           0
    0.910562  0.00121257 0.000140744 9.93329e-05
    0.936212  0.00901244  0.00914899  0.00101056
    0.961861   0.0589137    0.095725  0.00320212
    0.987511    0.479915    0.454006    0.008774
     1.01316     1.26724     1.18689   0.0117137
     1.03881     2.01159     2.05132   0.0165939
     1.06446     2.64557     2.68688   0.0255872
     1.09011     2.84385     2.95194   0.0245312
     1.11576     2.88715     2.94168   0.0172547
     1.14141      2.7228     2.72706   0.0131783
     1.16706     2.49941     2.44508   0.0182929
     1.19271     2.14167      2.1039   0.0216155
     1.21836     1.92375     1.84726    0.044206
     1.24401     1.57554     1.55398   0.0144797
     1.26966     1.32564     1.34578   0.0132635
     1.29531     1.17278     1.17411  0.00914857
     1.32096     1.06981     1.03986  0.00923453
     1.34661    0.857054    0.912226    0.008723
     1.37226    0.776576    0.820864  0.00878102
     1.39791    0.745327    0.754387  0.00796386
     1.42355    0.689936    0.694776  0.00762867
      1.4492    0.687614    0.664165  0.00685572
     1.47485    0.657336    0.634347  0.00702889
      1.5005    0.658308     0.60095   0.0065333
     1.52615    0.619408    0.590887  0.00596988
      1.5518    0.608108    0.591062  0.00418529
     1.57745    0.586646    0.584091  0.00412983
      1.6031    0.585769    0.593225  0.00618506
     1.62875    0.586008    0.601416  0.00671205
      1.6544    0.605946    0.623603  0.00608308
     1.68005    0.709153    0.654803  0.00720283
      1.7057    0.737896    0.695099   0.0124786
     1.73135    0.763176    0.718702  0.00624757
       1.757    0.788909    0.759962  0.00796231
     1.78265    0.819636    0.799177  0.00745392
      1.8083    0.826945    0.848429  0.00709435
     1.83395    0.899143    0.900952    0.006669
      1.8596    0.878581    0.957309  0.00706497
     1.88525    0.957221     1.01746  0.00772096
      1.9109     1.01851     1.07035  0.00721421
     1.93655      1.0391     1.11699  0.00817081
      1.9622     1.08898     1.14854  0.00690197
     1.98785     1.13068     1.18246  0.00496465
      2.0135     1.21646     1.22895  0.00586794
     2.03915     1.23094     1.25552  0.00842034
      2.0648     1.27097     1.27138  0.00704331
     2.09045     1.28341     1.30807   0.0264789
      2.1161      1.3129     1.28623  0.00855955
     2.14174     1.34626      1.2779  0.00740467
     2.16739     1.31894     1.26161  0.00569151
     2.19304     1.27742     1.23837  0.00657525
     2.21869     1.23108     1.19818  0.00687873
     2.24434     1.18303     1.15967  0.00827102
     2.26999      1.0872      1.1143  0.00663438
     2.29564     1.07295     1.07689  0.00591771
     2.32129     1.05914     1.03164  0.00630684
     2.34694     1.02198    0.993408  0.00694111
     2.37259    0.977998    0.946302  0.00619466
     2.39824      0.9144    0.909973  0.00552923
     2.42389    0.884124    0.894704   0.0110289
     2.44954    0.850984    0.858543  0.00527205
     2.47519    0.837565    0.841814  0.00592519
     2.50084    0.860605    0.832611  0.00633519
     2.52649    0.838348    0.834784  0.00570598
     2.55214    0.820997    0.830379  0.00546656
   0.0128248           0           0           0
   0.0384745           0           0           0
   0.0641241           0           0           0
   0.0897737           0           0           0
    0.115423           0           0           0
    0.141073           0           0           0
    0.166723           0           0           0
    0.192372           0           0           0
    0.218022           0           0           0
    0.243672           0           0           0
    0.269321           0           0           0
    0.294971           0           0           0
     0.32062           0           0           0
     0.34627           0           0           0
     0.37192           0           0           0
    0.397569           0           0           0
    0.423219           0           0           0
    0.448869           0           0           0
    0.474518           0           0           0
    0.500168           0           0           0
    0.525818           0           0           0
    0.551467           0           0           0
    0.577117           0           0           0
    0.602767           0           0           0
    0.628416           0           0           0
    0.654066           0           0           0
    0.679715           0           0           0
    0.705365           0           0           0
    0.731015           0           0           0
    0.756664           0           0           0
    0.782314           0           0           0
    0.807964           0           0           0
    0.833613           0           0           0
    0.859263           0           0           0
    0.884913           0           0           0
    0.910562           0 0.000135114  9.5519e-05
    0.936212   0.0101595  0.00918941 0.000970948
    0.961861     0.10339   0.0960316  0.00308867
    0.987511    0.461505    0.454306  0.00842817
     1.01316      1.1756     1.18644   0.0112538
     1.03881      1.8966     2.04513   0.0170452
     1.06446     2.67104     2.68625   0.0245715
     1.09011     2.97161     2.95273   0.0235626
     1.11576     3.04596     2.94585   0.0170611
     1.14141     2.72501     2.72698   0.0126514
     1.16706     2.40424     2.44344    0.017634
     1.19271     2.10491     2.10394    0.020751
     1.21836     1.82999     1.84657   0.0424432
     1.24401     1.61721     1.55651   0.0141197
     1.26966     1.28608     1.34339   0.0129461
     1.29531     1.18609     1.17459  0.00879517
     1.32096     1.00549     1.03848  0.00896692
     1.34661    0.896657    0.911604  0.00839628
     1.37226    0.919627    0.824815  0.00927596
     1.39791    0.737646    0.753718  0.00767341
     1.42355    0.687207    0.694473  0.00732953
      1.4492    0.646615    0.663463  0.00661733
     1.47485    0.621448    0.633831  0.00676665
      1.5005    0.617353    0.601606  0.00630483
     1.52615    0.593508    0.590992  0.00573201
      1.5518      0.6631    0.593943  0.00491065
     1.57745    0.617584     0.58543   0.0041763
      1.6031    0.612232    0.593985   0.0059842
     1.62875    0.612078    0.601843   0.0064571
      1.6544    0.615523     0.62328  0.00584834
     1.68005    0.618117    0.653335  0.00706262
      1.7057    0.611219    0.691743   0.0124223
     1.73135    0.648801    0.715906  0.00659371
       1.757    0.686806    0.757036  0.00816384
     1.78265    0.798823    0.799163  0.00715578
      1.8083     0.86606    0.849134  0.00684554
     1.83395    0.973876    0.903869   0.0070112
      1.8596     1.00071    0.959045  0.00699245
     1.88525     1.03061     1.01798  0.00743003
      1.9109     1.02067     1.06837  0.00719417
     1.93655     1.15341     1.11845  0.00797277
      1.9622     1.23689     1.15207  0.00747615
     1.98785     1.19577     1.18299  0.00479453
      2.0135     1.20153     1.22785  0.00573482
     2.03915     1.26836     1.25603  0.00809919
      2.0648     1.26044     1.27094  0.00677514
     2.09045     1.21426     1.30432   0.0256842
      2.1161     1.29452     1.28656  0.00822359
     2.14174     1.27178     1.27765  0.00711253
     2.16739     1.22498     1.26014   0.0056493
     2.19304     1.22543     1.23785  0.00633258
     2.21869     1.18266     1.19756  0.00663153
     2.24434     1.15063     1.15931  0.00794808
     2.26999     1.10773     1.11404  0.00637421
     2.29564     1.06212      1.0763  0.00571044
     2.32129     1.04148     1.03203  0.00606685
     2.34694     1.00333    0.993805  0.00667479
     2.37259    0.933193    0.945777  0.00596902
     2.39824    0.922154     0.91046  0.00532949
     2.42389    0.930659    0.896143   0.0106811
     2.44954    0.906424    0.860458  0.00539786
     2.47519    0.877162    0.843228  0.00585446
     2.50084    0.858527    0.833647  0.00616601
     2.52649    0.852873    0.835507  0.00552343
     2.55214    0.835022    0.830565  0.00525105
   0.0128248           0           0           0
   0.0384745           0           0           0
   0.0641241           0           0           0
   0.0897737           0           0           0
    0.115423           0           0           0
    0.141073           0           0           0
    0.166723           0           0           0
    0.192372           0           0           0
    0.218022           0           0           0
    0.243672           0           0           0
    0.269321           0           0           0
    0.294971           0           0           0
     0.32062           0           0           0
     0.34627           0           0           0
     0.37192           0           0           0
    0.397569           0           0           0
    0.423219           0           0           0
    0.448869           0           0           0
    0.474518           0           0           0
    0.500168           0           0           0
    0.525818           0           0           0
    0.551467           0           0           0
    0.577117           0           0           0
    0.602767           0           0           0
    0.628416           0           0           0
    0.654066           0           0           0
    0.679715           0           0           0
    0.705365           0           0           0
    0.731015           0           0           0
    0.756664           0           0           0
    0.782314           0           0           0
    0.807964           0           0           0
    0.833613           0           0           0
    0.859263           0           0           0
    0.884913           0           0           0
    0.910562           0 0.000129918 9.19864e-05
    0.936212  0.00581712  0.00905971 0.000942227
    0.961861    0.086236   0.0956549  0.00299277
    0.987511      0.4794    0.455271  0.00815908
     1.01316     1.15286     1.18514   0.0108948
     1.03881       2.121     2.04805   0.0166375
     1.06446     2.76098     2.68912    0.023794
     1.09011     3.00793     2.95485   0.0227518
     1.11576     3.04861     2.94981   0.0168565
     1.14141     2.55281     2.72028   0.0138251
     1.16706     2.36306     2.44035   0.0172246
     1.19271     2.14525     2.10553   0.0200136
     1.21836     1.80426     1.84494   0.0408419
     1.24401     1.57865     1.55736   0.0136023
     1.26966     1.24278     1.33952   0.0130137
     1.29531     1.09488     1.17152   0.0089753
     1.32096     1.00273     1.03711  0.00872686
     1.34661    0.873806     0.91015  0.00819823
     1.37226    0.818565    0.824574  0.00892231
     1.39791    0.743012    0.753306  0.00738932
     1.42355    0.721475    0.695512  0.00712082
      1.4492    0.682656    0.664202  0.00640386
     1.47485    0.675857    0.635448  0.00669667
      1.5005    0.679423    0.604599  0.00673537
     1.52615    0.622121    0.592189   0.0056352
      1.5518    0.649084    0.596064  0.00515945
     1.57745    0.645839    0.587754  0.00461695
      1.6031    0.608459    0.594542  0.00577988
     1.62875    0.639203     0.60328  0.00636663
      1.6544    0.597995    0.622307  0.00570368
     1.68005    0.600968    0.651321  0.00707234
      1.7057     0.63415    0.689528   0.0121404
     1.73135    0.692572    0.715009  0.00640089
       1.757    0.713257    0.755352  0.00802161
     1.78265    0.798981    0.799156  0.00688056
      1.8083    0.873527    0.850072  0.00664623
     1.83395    0.872132    0.902648  0.00684697
      1.8596    0.987007     0.96012  0.00680571
     1.88525     1.02342     1.01819   0.0071472
      1.9109     1.09891     1.06954  0.00701271
     1.93655     1.13389     1.11904  0.00768822
      1.9622     1.15695     1.15226  0.00719096
     1.98785     1.22586     1.18464  0.00488547
      2.0135     1.24528     1.22852  0.00555329
     2.03915     1.24156     1.25547  0.00780679
      2.0648     1.26053     1.27054  0.00652639
     2.09045     1.26568     1.30283   0.0247393
      2.1161     1.22474     1.28418   0.0082439
     2.14174     1.31275       1.279  0.00696588
     2.16739     1.25935     1.26011   0.0054321
     2.19304     1.17832     1.23556  0.00648981
     2.21869     1.21181      1.1981  0.00639908
     2.24434     1.18482     1.16029  0.00770272
     2.26999     1.10147     1.11356  0.00614735
     2.29564     1.07806     1.07637  0.00549121
     2.32129     1.03368     1.03209  0.00583384
     2.34694     0.96893    0.992848  0.00648627
     2.37259    0.977143    0.946984  0.00586009
     2.39824      0.9486    0.911927  0.00532256
     2.42389    0.887217    0.895799   0.0102758
     2.44954     0.85485    0.860243  0.00519455
     2.47519    0.818059     0.84226  0.00570876
     2.50084    0.833207     0.83363  0.00592888
     2.52649    0.825972    0.835141  0.00532315
     2.55214    0.840579     0.83095  0.00506319
   0.0128248           0           0           0
   0.0384745           0           0           0
   0.0641241           0           0           0
   0.0897737           0           0           0
    0.115423           0           0           0
    0.141073           0           0           0
    0.166723           0           0           0
    0.192372           0           0           0
    0.218022           0           0           0
    0.243672           0           0           0
    0.269321           0           0           0
    0.294971           0           0           0
     0.32062           0           0           0
     0.34627           0           0           0
     0.37192           0           0           0
    0.397569           0           0           0
    0.423219           0           0           0
    0.448869           0           0           0
    0.474518           0           0           0
    0.500168           0           0           0
    0.525818           0           0           0
    0.551467           0           0           0
    0.577117           0           0           0
    0.602767           0           0           0
    0.628416           0           0           0
    0.654066           0           0           0
    0.679715           0           0           0
    0.705365           0           0           0
    0.731015           0           0           0
    0.756664           0           0           0
    0.782314           0           0           0
    0.807964           0           0           0
    0.833613           0           0           0
    0.859263           0           0           0
    0.884913           0           0           0
    0.910562  0.00138579 0.000176431  9.9648e-05
    0.936212   0.0104872  0.00911258 0.000908812
    0.961861   0.0984999   0.0957602  0.00288378
    0.987511      0.4875    0.456465  0.00794373
     1.01316     1.21162     1.18613   0.0105354
     1.03881     2.05085     2.04815   0.0160216
     1.06446     2.81099     2.69364   0.0233369
     1.09011     2.97626     2.95565   0.0219229
     1.11576     2.84735     2.94601   0.0166538
     1.14141     2.75902     2.72172   0.0133873
     1.16706     2.40187     2.43892   0.0166456
     1.19271     1.99345     2.10137   0.0196981
     1.21836     1.74364     1.84119   0.0395012
     1.24401     1.52148     1.55603   0.0131633
     1.26966     1.29655     1.33793   0.0126286
     1.29531     1.17723     1.17173  0.00864538
     1.32096     1.03038     1.03686   0.0084072
     1.34661     0.95523    0.911819  0.00806282
     1.37226    0.897355     0.82727  0.00898983
     1.39791    0.785054    0.754482  0.00720859
     1.42355    0.719349    0.696394   0.0069116
      1.4492    0.658788    0.664001  0.00616982
     1.47485    0.627985    0.635171  0.00645434
      1.5005    0.650366    0.606294   0.0066958
     1.52615    0.654835     0.59451  0.00588479
      1.5518    0.585622    0.595677  0.00498283
     1.57745    0.611004    0.588615  0.00452554
      1.6031    0.607565    0.595024   0.0055859
     1.62875    0.612349    0.603616  0.00613968
      1.6544    0.648005    0.623259  0.00557128
     1.68005    0.708313    0.653432  0.00711843
      1.7057    0.697094    0.689808    0.011694
     1.73135    0.721801     0.71526  0.00616877
       1.757    0.721306    0.754091    0.007823
     1.78265    0.747456    0.797241  0.00688701
      1.8083    0.830481    0.849347  0.00643956
     1.83395    0.874951    0.901622  0.00666978
      1.8596    0.912681    0.958363  0.00677666
     1.88525    0.977568     1.01669  0.00703906
      1.9109     1.02447     1.06787  0.00694885
     1.93655     1.07005     1.11723   0.0076146
      1.9622     1.12209     1.15114  0.00701093
     1.98785     1.16025     1.18373  0.00478727
      2.0135     1.21401     1.22798  0.00537354
     2.03915     1.27218     1.25609  0.00754213
      2.0648      1.2657     1.27036  0.00628713
     2.09045     1.28795     1.30228   0.0238292
      2.1161     1.27046     1.28368  0.00795422
     2.14174     1.34301     1.28138  0.00709985
     2.16739     1.30148     1.26164  0.00544268
     2.19304     1.27115     1.23688   0.0063819
     2.21869     1.22642     1.19915  0.00624746
     2.24434     1.13005     1.15917  0.00749844
     2.26999     1.14249     1.11463  0.00601234
     2.29564     1.08045     1.07652  0.00528991
     2.32129     1.04176     1.03245  0.00562875
     2.34694     1.00458    0.993283  0.00626056
     2.37259    0.991368    0.948627  0.00586909
     2.39824     0.93067    0.912621   0.0051705
     2.42389    0.927579    0.896976  0.00996237
     2.44954     0.93856    0.863143  0.00575533
     2.47519    0.872567    0.843382  0.00560659
     2.50084    0.836801    0.833748  0.00571045
     2.52649    0.856349    0.835926  0.00518363
     2.55214    0.833677    0.831051  0.00487668
   0.0128248           0           0           0
   0.0384745           0           0           0
   0.0641241           0           0           0
   0.0897737           0           0           0
    0.115423           0           0           0
    0.141073           0           0           0
    0.166723           0           0           0
    0.192372           0           0           0
    0.218022           0           0           0
    0.243672           0           0           0
    0.269321           0           0           0
    0.294971           0           0           0
     0.32062           0           0           0
     0.34627           0           0           0
     0.37192           0           0           0
    0.397569           0           0           0
    0.423219           0           0           0
    0.448869           0           0           0
    0.474518           0           0           0
    0.500168           0           0           0
    0.525818           0           0           0
    0.551467           0           0           0
    0.577117           0           0           0
    0.602767           0           0           0
    0.628416           0           0           0
    0.654066           0           0           0
    0.679715           0           0           0
    0.705365           0           0           0
    0.731015           0           0           0
    0.756664           0           0           0
    0.782314           0           0           0
    0.807964           0           0           0
    0.833613           0           0           0
    0.859263           0           0           0
    0.884913           0           0           0
    0.910562           0  0.00017013 9.62882e-05
    0.936212  0.00360498  0.00891588 0.000897389
    0.961861   0.0801816   0.0952039  0.00283395
    0.987511    0.468059    0.456879  0.00767081
     1.01316     1.23478     1.18786   0.0103014
     1.03881     2.17836      2.0528   0.0161102
     1.06446     2.70895     2.69418   0.0225098
     1.09011     2.94768     2.95536   0.0211418
     1.11576     2.86154     2.94299     0.01633
     1.14141     2.64894     2.71912   0.0131591
     1.16706     2.42111     2.43829   0.0160632
     1.19271     2.06811     2.10019   0.0190304
     1.21836     1.75472      1.8381    0.038211
     1.24401     1.48997     1.55367   0.0129029
     1.26966     1.34115     1.33805   0.0121781
     1.29531     1.22611     1.17367  0.00855196
     1.32096     1.03285     1.03672  0.00810816
     1.34661    0.938676    0.912779  0.00783171
     1.37226    0.826421     0.82724  0.00866881
     1.39791     0.76304    0.754787  0.00695762
     1.42355    0.718994    0.697202  0.00671172
      1.4492    0.663507    0.663983  0.00594949
     1.47485    0.610487     0.63429  0.00628375
      1.5005    0.621404    0.606834  0.00647838
     1.52615    0.636397    0.596006  0.00586169
      1.5518    0.596656    0.595712    0.004805
     1.57745    0.609128    0.589348  0.00442282
      1.6031    0.616563    0.595794  0.00543911
     1.62875    0.631786    0.604622  0.00600227
      1.6544    0.644831    0.624029  0.00542532
     1.68005    0.658495    0.653613   0.0068665
      1.7057    0.694354    0.689971   0.0112775
     1.73135    0.720843     0.71546  0.00595167
       1.757    0.794958    0.755551  0.00767855
     1.78265    0.821082    0.798092  0.00669348
      1.8083    0.901265    0.851201  0.00647103
     1.83395    0.918851    0.902237  0.00645989
      1.8596    0.919928    0.956991  0.00667221
     1.88525     0.89339     1.01228    0.008048
      1.9109     1.01162     1.06586  0.00698502
     1.93655     1.05435     1.11498  0.00766667
      1.9622     1.16702     1.15171  0.00678343
     1.98785     1.20189     1.18438     0.00466
      2.0135     1.18599     1.22648  0.00538686
     2.03915     1.23152     1.25521  0.00732363
      2.0648     1.28128     1.27075  0.00607468
     2.09045     1.24564     1.30026   0.0230639
      2.1161     1.26321     1.28295  0.00770364
     2.14174     1.25172     1.28032  0.00692482
     2.16739     1.23093     1.26055  0.00535773
     2.19304     1.26064     1.23773  0.00621013
     2.21869     1.21535     1.19973  0.00605106
     2.24434     1.22175     1.16141  0.00755638
     2.26999     1.18621     1.11719   0.0063178
     2.29564     1.12615     1.07829  0.00538977
     2.32129     1.02923     1.03234   0.0054289
     2.34694    0.999348    0.993499  0.00604072
     2.37259    0.964654      0.9492  0.00568732
     2.39824     0.93263    0.913336  0.00503497
     2.42389    0.918167    0.897733  0.00963528
     2.44954    0.902642    0.864554  0.00572005
     2.47519    0.865077    0.844157  0.00545963
     2.50084    0.835503    0.833811  0.00550685
     2.52649    0.817196    0.835257  0.00504148
     2.55214    0.820225    0.830664  0.00471781
   0.0128248           0           0           0
   0.0384745           0           0           0
   0.0641241           0           0           0
   0.0897737           0           0           0
    0.115423           0           0           0
    0.141073           0           0           0
    0.166723           0           0           0
    0.192372           0           0           0
    0.218022           0           0           0
    0.243672           0           0           0
    0.269321           0           0           0
    0.294971           0           0           0
     0.32062           0           0           0
     0.34627           0           0           0
     0.37192           0           0           0
    0.397569           0           0           0
    0.423219           0           0           0
    0.448869           0           0           0
    0.474518           0           0           0
    0.500168           0           0           0
    0.525818           0           0           0
    0.551467           0           0           0
    0.577117           0           0           0
    0.602767           0           0           0
    0.628416           0           0           0
    0.654066           0           0           0
    0.679715           0           0           0
    0.705365           0           0           0
    0.731015           0           0           0
    0.756664           0           0           0
    0.782314           0           0           0
    0.807964           0           0           0
    0.833613           0           0           0
    0.859263           0           0           0
    0.884913           0           0           0
    0.910562           0 0.000164264 9.31465e-05
    0.936212   0.0148296   0.0091198 0.000889312
    0.961861   0.0890303    0.094991  0.00274421
    0.987511    0.467102    0.457231  0.00741439
     1.01316     1.24248     1.18975   0.0101169
     1.03881     2.03322     2.05213   0.0155688
     1.06446      2.6379     2.69224   0.0218171
     1.09011     2.96659     2.95575   0.0204163
     1.11576     2.94224     2.94297    0.015767
     1.14141     2.72016     2.71915   0.0127054
     1.16706     2.46371     2.43917   0.0155332
     1.19271     2.20603     2.10384   0.0187209
     1.21836     1.76662     1.83563   0.0369728
     1.24401     1.56301       1.554    0.012462
     1.26966     1.32453     1.33758   0.0117671
     1.29531     1.14646     1.17274  0.00830841
     1.32096     1.03294     1.03659  0.00782961
     1.34661    0.868935    0.911267  0.00770619
     1.37226    0.845413    0.827866  0.00839251
     1.39791     0.78498    0.755829  0.00679515
     1.42355    0.705989    0.697505  0.00648712
      1.4492    0.638785    0.663115  0.00580744
     1.47485    0.623099    0.633904  0.00607891
      1.5005    0.588168     0.60619  0.00628688
     1.52615    0.559592     0.59475  0.00579249
      1.5518     0.54226    0.593869   0.0049803
     1.57745     0.55591    0.588194  0.00441805
      1.6031    0.578531    0.595198  0.00528403
     1.62875      0.5493    0.602714   0.0060909
      1.6544    0.611324    0.623591   0.0052559
     1.68005    0.672107    0.654251  0.00665928
      1.7057    0.700081    0.690319    0.010894
     1.73135    0.766003    0.717203   0.0059962
       1.757    0.839787    0.758455   0.0079442
     1.78265    0.859998    0.800227  0.00679454
      1.8083    0.907305    0.853135  0.00653069
     1.83395    0.931342    0.903241  0.00631462
      1.8596    0.985034    0.957958  0.00651183
     1.88525     1.04471      1.0134  0.00784779
      1.9109     1.04097     1.06501  0.00679671
     1.93655     1.10819     1.11475  0.00740587
      1.9622     1.12559     1.15081  0.00660903
     1.98785      1.1699     1.18388  0.00452598
      2.0135     1.24266     1.22704   0.0052299
     2.03915     1.23163      1.2544  0.00711611
      2.0648     1.25126     1.27008  0.00590225
     2.09045     1.31087     1.30062   0.0222715
      2.1161     1.29094     1.28322  0.00744293
     2.14174     1.25886     1.27958  0.00672543
     2.16739     1.24213     1.25991  0.00521048
     2.19304     1.25516     1.23833    0.006025
     2.21869     1.22679     1.20066   0.0059139
     2.24434     1.11667     1.15986  0.00745159
     2.26999     1.08646     1.11613  0.00618813
     2.29564     1.04061     1.07699  0.00535825
     2.32129    0.998045     1.03115  0.00536892
     2.34694     0.96498    0.992516  0.00591193
     2.37259    0.938985    0.948848  0.00550211
     2.39824    0.876778    0.912075  0.00501668
     2.42389    0.881924    0.897188  0.00931843
     2.44954      0.9016    0.865831  0.00566366
     2.47519    0.843027    0.844118  0.00527151
     2.50084    0.864038    0.834853  0.00541471
     2.52649    0.834703    0.835238  0.00486767
     2.55214    0.847316    0.831239  0.00458994
   0.0128248           0           0           0
   0.0384745           0           0           0
   0.0641241           0           0           0
   0.0897737           0           0           0
    0.115423           0           0           0
    0.141073           0           0           0
    0.166723           0           0           0
    0.192372           0           0           0
    0.218022           0           0           0
    0.243672           0           0           0
    0.269321           0           0           0
    0.294971           0           0           0
     0.32062           0           0           0
     0.34627           0           0           0
     0.37192           0           0           0
    0.397569           0           0           0
    0.423219           0           0           0
    0.448869           0           0           0
    0.474518           0           0           0
    0.500168           0           0           0
    0.525818           0           0           0
    0.551467           0           0           0
    0.577117           0           0           0
    0.602767           0           0           0
    0.628416           0           0           0
    0.654066           0           0           0
    0.679715           0           0           0
    0.705365           0           0           0
    0.731015           0           0           0
    0.756664           0           0           0
    0.782314           0           0           0
    0.807964           0           0           0
    0.833613           0           0           0
    0.859263           0           0           0
    0.884913           0           0           0
    0.910562 0.000866118 0.000187659 9.29332e-05
    0.936212   0.0163863  0.00936201 0.000892043
    0.961861   0.0952399   0.0949993  0.00265275
    0.987511    0.403624    0.455444  0.00737944
     1.01316     1.22471     1.19091  0.00984653
     1.03881     2.06769     2.05265   0.0150585
     1.06446     2.77499       2.695   0.0212635
     1.09011     3.09634     2.96044   0.0202665
     1.11576     2.98666     2.94442   0.0153085
     1.14141     2.62816     2.71612   0.0126387
     1.16706     2.32183     2.43525   0.0155001
     1.19271     2.07881       2.103   0.0181154
     1.21836     1.78926     1.83409   0.0357727
     1.24401     1.52923     1.55317   0.0120739
     1.26966     1.45448     1.34148   0.0120027
     1.29531     1.20518     1.17382  0.00810154
     1.32096     1.05047     1.03705  0.00758229
     1.34661    0.882875     0.91032  0.00750721
     1.37226    0.770665    0.825959  0.00832653
     1.39791    0.701374    0.754013  0.00680676
     1.42355    0.694401    0.697401  0.00627171
      1.4492    0.636357    0.662223  0.00568194
     1.47485    0.639937    0.634105   0.0058796
      1.5005     0.58249      0.6054  0.00612675
     1.52615    0.603251    0.595033  0.00560633
      1.5518     0.60948    0.594389  0.00484139
     1.57745    0.583212    0.588028   0.0042739
      1.6031    0.564754    0.594183  0.00520443
     1.62875    0.545185    0.600797  0.00618237
      1.6544    0.581649    0.622193  0.00526336
     1.68005    0.665619     0.65463  0.00644807
      1.7057    0.705165    0.690814   0.0105421
     1.73135    0.744513    0.718113  0.00586503
       1.757    0.794865    0.759669  0.00777155
     1.78265    0.803975    0.800352  0.00656921
      1.8083    0.827802    0.852291  0.00636736
     1.83395    0.899634    0.903121  0.00610528
      1.8596     1.00615    0.959564  0.00648992
     1.88525     1.06702     1.01519  0.00778706
      1.9109     1.11177     1.06656  0.00674654
     1.93655     1.10559     1.11444   0.0071653
      1.9622     1.14408     1.15059  0.00639253
     1.98785     1.24454     1.18591  0.00480562
      2.0135     1.27008     1.22848  0.00524863
     2.03915     1.25985     1.25458  0.00688123
      2.0648     1.28042     1.27042  0.00571557
     2.09045     1.28579     1.30013   0.0215346
      2.1161      1.2751     1.28295  0.00719976
     2.14174     1.23568     1.27811  0.00665855
     2.16739      1.2083     1.25819  0.00531324
     2.19304     1.19972     1.23704  0.00596007
     2.21869      1.2216     1.20136  0.00575779
     2.24434     1.14417     1.15934  0.00722153
     2.26999     1.11077     1.11595  0.00598443
     2.29564       1.058     1.07636  0.00521691
     2.32129    0.995459     1.02996  0.00532016
     2.34694    0.967248    0.991674  0.00577455
     2.37259    0.988511     0.95017  0.00547524
     2.39824    0.936176    0.912879  0.00491336
     2.42389    0.937944    0.898547  0.00910631
     2.44954    0.892648    0.866725  0.00554496
     2.47519    0.845384     0.84416  0.00509596
     2.50084     0.82804    0.834626  0.00523898
     2.52649    0.861435    0.836111   0.0047831
     2.55214    0.810335    0.830542  0.00448951
