#     BLOCK:  ACTUAL_PE:     PE_AVE:      ERROR:
           1    -6.36395    -6.36395           0
           2    -6.36192    -6.36294 0.000717142
           3    -6.36007    -6.36198 0.000915529
           4    -6.35824    -6.36104   0.0010622
           5    -6.35667    -6.36017  0.00115561
           6    -6.35459    -6.35924  0.00128359
           7    -6.35279    -6.35832  0.00139177
           8    -6.35097     -6.3574   0.0014903
           9    -6.34763    -6.35631   0.0016742
          10    -6.34378    -6.35506  0.00191929
          11    -6.34223    -6.35389  0.00206912
          12    -6.33921    -6.35267  0.00222917
          13    -6.33695    -6.35146   0.0023632
          14    -6.33359    -6.35018  0.00251569
          15    -6.33117    -6.34892  0.00264816
          16    -6.32838    -6.34763  0.00277633
          17    -6.32627    -6.34638  0.00288341
          18    -6.32366    -6.34511  0.00298663
          19    -6.32302    -6.34395  0.00304741
          20    -6.31892     -6.3427  0.00314152
          21    -6.31302    -6.34129  0.00329457
          22    -6.30973    -6.33985  0.00344299
          23    -6.30883     -6.3385  0.00354763
          24    -6.30698    -6.33719  0.00363487
          25    -6.30317    -6.33583  0.00373553
          26    -6.30039    -6.33447  0.00383253
          27    -6.29491      -6.333  0.00396077
          28    -6.29122    -6.33151  0.00409077
          29    -6.29082    -6.33011  0.00418338
          30    -6.28629    -6.32865  0.00429129
          31    -6.28139    -6.32712  0.00441535
          32    -6.27799    -6.32559   0.0045365
          33     -6.2788    -6.32417  0.00461522
          34    -6.27197    -6.32263  0.00472795
          35    -6.26637    -6.32103  0.00485843
          36    -6.25746    -6.31926  0.00503412
          37    -6.25199    -6.31744  0.00521607
          38    -6.24884    -6.31564   0.0053822
          39    -6.24919    -6.31393  0.00550728
          40    -6.24342    -6.31217  0.00564468
          41    -6.24172    -6.31045  0.00576263
          42    -6.24241    -6.30883  0.00584872
          43    -6.24191    -6.30727  0.00591614
          44    -6.23853    -6.30571  0.00598446
          45    -6.23768     -6.3042  0.00603941
          46    -6.23149    -6.30262  0.00611148
          47    -6.22758    -6.30102   0.0061865
          48    -6.22504    -6.29944  0.00625686
          49    -6.22562    -6.29793  0.00630792
          50    -6.22418    -6.29646  0.00635189
          51    -6.22523    -6.29506  0.00637905
          52    -6.22003    -6.29362   0.0064175
          53    -6.22004    -6.29223  0.00644482
          54    -6.21679    -6.29083  0.00647513
          55    -6.21514    -6.28946    0.006502
          56    -6.21673    -6.28816  0.00651432
          57    -6.21373    -6.28685  0.00652959
          58     -6.2174    -6.28566  0.00652589
          59    -6.21285    -6.28442  0.00653089
          60    -6.21746    -6.28331   0.0065167
          61    -6.22045    -6.28227  0.00649081
          62    -6.21578     -6.2812  0.00647413
          63    -6.21276    -6.28012  0.00646187
          64    -6.21637    -6.27912  0.00643721
          65    -6.21536    -6.27814  0.00641248
          66    -6.21009    -6.27711  0.00639767
          67    -6.20855    -6.27608  0.00638348
          68    -6.20403    -6.27503  0.00637694
          69    -6.20551    -6.27402  0.00636361
          70    -6.19907    -6.27295  0.00636213
          71    -6.19568    -6.27186  0.00636492
          72    -6.19021    -6.27072  0.00637674
          73    -6.18497    -6.26955  0.00639667
          74     -6.1847     -6.2684  0.00641219
          75    -6.17533    -6.26716  0.00644565
          76    -6.17071    -6.26589  0.00648459
          77    -6.16535    -6.26459  0.00653052
          78     -6.1609    -6.26326  0.00658069
          79    -6.15504    -6.26189  0.00663843
          80    -6.14761    -6.26046  0.00670739
          81    -6.14565    -6.25904  0.00677269
          82    -6.13786    -6.25756  0.00684945
          83    -6.14071    -6.25616   0.0069101
          84    -6.14292    -6.25481   0.0069581
          85    -6.13811    -6.25344  0.00701038
          86     -6.1359    -6.25207  0.00706082
          87     -6.1254    -6.25061  0.00712819
          88    -6.12296    -6.24916  0.00719326
          89    -6.11902     -6.2477  0.00725954
          90    -6.12286    -6.24631  0.00731021
          91    -6.12346    -6.24496  0.00735348
          92    -6.11995     -6.2436  0.00739803
          93    -6.11206    -6.24219  0.00745247
          94     -6.1011    -6.24069  0.00752283
          95    -6.10037    -6.23921  0.00758725
          96    -6.09405     -6.2377   0.0076574
          97    -6.08084    -6.23608  0.00774732
          98    -6.07775    -6.23447  0.00783493
          99    -6.08439    -6.23295  0.00790108
         100     -6.0795    -6.23142  0.00796969
         101    -6.06963    -6.22981  0.00805015
         102    -6.07635    -6.22831  0.00811062
         103     -6.0764    -6.22684  0.00816487
         104     -6.0645    -6.22527  0.00823421
         105      -6.067    -6.22377  0.00829261
         106    -6.07668    -6.22238  0.00832967
         107    -6.07512      -6.221  0.00836475
         108    -6.07149    -6.21962  0.00840107
         109    -6.07081    -6.21825   0.0084342
         110    -6.06013    -6.21682  0.00847915
         111    -6.05707    -6.21538  0.00852402
         112    -6.04792    -6.21388  0.00857804
         113    -6.05178    -6.21245  0.00862124
         114    -6.04606    -6.21099  0.00866828
         115    -6.04161    -6.20951  0.00871712
         116    -6.03773    -6.20803  0.00876686
         117    -6.03479    -6.20655  0.00881609
         118    -6.04104    -6.20515  0.00885225
         119    -6.03978    -6.20376  0.00888627
         120    -6.04303    -6.20242  0.00891259
         121    -6.04409    -6.20111  0.00893448
         122    -6.04423    -6.19983  0.00895331
         123    -6.04445    -6.19856  0.00896919
         124    -6.04339    -6.19731  0.00898374
         125    -6.04173    -6.19607  0.00899768
         126    -6.02845    -6.19474  0.00902408
         127    -6.02964    -6.19344  0.00904617
         128    -6.03263    -6.19218  0.00906231
         129    -6.03805    -6.19099  0.00907049
         130    -6.03431    -6.18978  0.00908043
         131    -6.03116    -6.18857  0.00909148
         132    -6.02782    -6.18735  0.00910381
         133    -6.02211    -6.18611  0.00911974
         134    -6.02073    -6.18488  0.00913482
         135    -6.01632    -6.18363  0.00915208
         136    -6.01817    -6.18241   0.0091653
         137    -6.02837    -6.18129   0.0091671
         138    -6.03195     -6.1802  0.00916433
         139    -6.03149    -6.17913  0.00916063
         140    -6.02331    -6.17802  0.00916256
         141     -6.0143    -6.17686  0.00917086
         142    -6.01152     -6.1757  0.00917989
         143    -6.02033    -6.17461  0.00917977
         144    -6.01806    -6.17352  0.00918017
         145    -6.02049    -6.17247  0.00917732
         146    -6.02029    -6.17142  0.00917347
         147    -6.01405    -6.17035  0.00917332
         148    -6.01064    -6.16927  0.00917459
         149     -6.0168    -6.16825  0.00916991
         150    -6.00883    -6.16719  0.00917016
         151    -6.00743    -6.16613  0.00917026
         152    -6.00073    -6.16504  0.00917426
         153    -5.98482    -6.16386  0.00918961
         154    -5.99203    -6.16275  0.00919742
         155    -5.99403    -6.16166  0.00920227
         156    -5.99923    -6.16062  0.00920201
         157    -5.99428    -6.15956  0.00920418
         158    -5.99121    -6.15849   0.0092074
         159    -5.98655    -6.15741  0.00921277
         160    -5.99127    -6.15637  0.00921353
         161     -5.9912    -6.15535  0.00921324
         162     -5.9989    -6.15438  0.00920685
         163    -5.99451     -6.1534  0.00920246
         164     -5.9808    -6.15235  0.00920633
         165    -5.97571    -6.15128  0.00921256
         166    -5.97455    -6.15021  0.00921838
         167    -5.96702    -6.14912  0.00922822
         168    -5.96885    -6.14804  0.00923546
         169    -5.95881    -6.14692  0.00924844
         170    -5.95069    -6.14577  0.00926579
         171    -5.96451    -6.14471  0.00927204
         172    -5.95047    -6.14358  0.00928665
         173    -5.96079    -6.14252  0.00929289
         174    -5.97298    -6.14155  0.00929043
         175    -5.96383    -6.14053  0.00929268
         176    -5.95365    -6.13947  0.00930035
         177    -5.95406    -6.13842  0.00930662
         178    -5.95218    -6.13738  0.00931296
         179    -5.94604    -6.13631  0.00932208
         180     -5.9379    -6.13521  0.00933523
         181    -5.93333    -6.13409  0.00935004
         182    -5.93209    -6.13298  0.00936431
         183    -5.91167    -6.13177  0.00939091
         184    -5.93364     -6.1307  0.00940141
         185     -5.9431    -6.12968  0.00940512
         186    -5.93741    -6.12865  0.00941119
         187    -5.93207     -6.1276  0.00941939
         188    -5.92433    -6.12652  0.00943113
         189    -5.92818    -6.12547  0.00943943
         190    -5.92197     -6.1244  0.00945031
         191    -5.90732    -6.12326  0.00946893
         192    -5.88758    -6.12203  0.00949884
         193    -5.88567    -6.12081  0.00952824
         194    -5.88077    -6.11957  0.00955912
         195    -5.87386    -6.11831  0.00959279
         196    -5.86252      -6.117  0.00963221
         197    -5.85597    -6.11568  0.00967403
         198    -5.86744    -6.11443  0.00970607
         199    -5.85506    -6.11312  0.00974441
         200    -5.87052    -6.11191   0.0097709
         201    -5.87303    -6.11072  0.00979429
         202    -5.86375     -6.1095  0.00982182
         203    -5.85798    -6.10826  0.00985128
         204    -5.85285    -6.10701  0.00988223
         205    -5.85972     -6.1058  0.00990737
         206     -5.8643    -6.10463   0.0099284
         207    -5.85804    -6.10344  0.00995164
         208     -5.8611    -6.10227  0.00997177
         209    -5.85833     -6.1011  0.00999213
         210      -5.858    -6.09995   0.0100114
         211    -5.85848     -6.0988   0.0100291
         212    -5.86977    -6.09772   0.0100398
         213    -5.87167    -6.09666   0.0100486
         214    -5.87688    -6.09563    0.010054
         215    -5.88327    -6.09465   0.0100557
         216    -5.88933     -6.0937   0.0100539
         217    -5.88081    -6.09271   0.0100554
         218    -5.86823    -6.09169   0.0100618
         219    -5.87267    -6.09069   0.0100655
         220    -5.86388    -6.08965   0.0100724
         221    -5.87269    -6.08867   0.0100745
         222    -5.87243     -6.0877   0.0100761
         223    -5.86239    -6.08669   0.0100815
         224     -5.8733    -6.08574   0.0100814
         225    -5.86699    -6.08476   0.0100833
         226    -5.86976    -6.08381   0.0100835
         227     -5.8655    -6.08285   0.0100848
         228    -5.85857    -6.08187   0.0100884
         229    -5.86732    -6.08093   0.0100878
         230    -5.85094    -6.07993   0.0100934
         231    -5.82665    -6.07883   0.0101091
         232    -5.82449    -6.07774   0.0101248
         233     -5.8258    -6.07666   0.0101389
         234    -5.83308    -6.07561   0.0101488
         235    -5.85403    -6.07467   0.0101494
         236    -5.86149    -6.07377   0.0101465
         237    -5.84105    -6.07279   0.0101511
         238    -5.83285    -6.07178   0.0101584
         239    -5.82045    -6.07073   0.0101701
         240    -5.81196    -6.06965   0.0101848
         241    -5.81339    -6.06859   0.0101978
         242     -5.8032    -6.06749   0.0102145
         243    -5.80943    -6.06643   0.0102275
         244    -5.79648    -6.06532   0.0102453
         245    -5.79535    -6.06422   0.0102625
         246    -5.78496    -6.06308   0.0102834
         247    -5.78536    -6.06196   0.0103031
         248    -5.79303    -6.06087   0.0103184
         249    -5.77319    -6.05972   0.0103415
         250    -5.76286    -6.05853   0.0103681
         251     -5.7446    -6.05728   0.0104019
         252    -5.74499    -6.05604   0.0104342
         253    -5.73868    -6.05479   0.0104681
         254    -5.73555    -6.05353    0.010502
         255    -5.74036     -6.0523   0.0105324
         256    -5.73335    -6.05106   0.0105647
         257    -5.74328    -6.04986   0.0105913
         258    -5.72847    -6.04861   0.0106232
         259    -5.71748    -6.04733   0.0106589
         260    -5.72079    -6.04608   0.0106916
         261     -5.7162    -6.04481   0.0107251
         262    -5.72653     -6.0436   0.0107527
         263    -5.72839     -6.0424   0.0107784
         264    -5.72292    -6.04119   0.0108053
         265    -5.74391    -6.04007   0.0108226
         266     -5.7149    -6.03885   0.0108508
         267    -5.71726    -6.03764   0.0108768
         268     -5.7334    -6.03651   0.0108953
         269    -5.72213    -6.03534   0.0109173
         270    -5.72753     -6.0342   0.0109362
         271    -5.71256    -6.03301     0.01096
         272    -5.69794    -6.03178   0.0109888
         273    -5.72123    -6.03064   0.0110072
         274    -5.71365    -6.02949   0.0110277
         275    -5.69815    -6.02828   0.0110532
         276    -5.69521    -6.02707   0.0110788
         277    -5.68263    -6.02583   0.0111084
         278    -5.66247    -6.02452   0.0111451
         279    -5.67419    -6.02327   0.0111757
         280     -5.6796    -6.02204   0.0112029
         281    -5.69677    -6.02088   0.0112227
         282    -5.71063    -6.01978   0.0112367
         283    -5.71403     -6.0187   0.0112488
         284    -5.72073    -6.01765    0.011258
         285    -5.71346    -6.01659    0.011269
         286    -5.73073    -6.01559   0.0112739
         287     -5.7479    -6.01465   0.0112731
         288    -5.77203    -6.01381   0.0112654
         289    -5.76666    -6.01296   0.0112588
         290    -5.75178    -6.01206    0.011256
         291    -5.75656    -6.01118   0.0112515
         292    -5.75598     -6.0103   0.0112468
         293    -5.76293    -6.00946   0.0112401
         294      -5.754    -6.00859   0.0112354
         295    -5.74909    -6.00771   0.0112317
         296    -5.76512    -6.00689   0.0112236
         297    -5.76736    -6.00608   0.0112148
         298    -5.75763    -6.00525   0.0112081
         299    -5.74837    -6.00439   0.0112035
         300    -5.74391    -6.00352   0.0111997
         301    -5.74387    -6.00266   0.0111957
         302    -5.75698    -6.00185   0.0111881
         303    -5.76432    -6.00106   0.0111786
         304    -5.76922     -6.0003   0.0111678
         305    -5.77123    -5.99955   0.0111564
         306    -5.77238    -5.99881   0.0111447
         307    -5.76442    -5.99804   0.0111345
         308    -5.78312    -5.99735   0.0111202
         309    -5.78161    -5.99665   0.0111061
         310    -5.77467    -5.99593   0.0110933
         311    -5.77544    -5.99522   0.0110803
         312    -5.79686    -5.99459    0.011063
         313    -5.78316    -5.99391   0.0110482
         314    -5.78451    -5.99324   0.0110332
         315    -5.77645    -5.99256   0.0110196
         316     -5.7902    -5.99192   0.0110033
         317    -5.78299    -5.99126   0.0109883
         318    -5.77382    -5.99057    0.010975
         319    -5.77563     -5.9899   0.0109613
         320    -5.77276    -5.98922    0.010948
         321    -5.78491    -5.98858   0.0109324
         322    -5.79441    -5.98798   0.0109151
         323    -5.78996    -5.98737   0.0108985
         324    -5.77044     -5.9867   0.0108854
         325    -5.77737    -5.98605   0.0108709
         326    -5.78331    -5.98543   0.0108554
         327    -5.78771    -5.98483    0.010839
         328     -5.7753    -5.98419   0.0108247
         329    -5.78168    -5.98357   0.0108093
         330    -5.77061    -5.98293   0.0107958
         331    -5.76049    -5.98226   0.0107841
         332    -5.76469     -5.9816   0.0107715
         333    -5.75626    -5.98092   0.0107604
         334    -5.76747    -5.98028   0.0107471
         335    -5.76255    -5.97963   0.0107347
         336    -5.75972    -5.97898   0.0107227
         337    -5.75047     -5.9783   0.0107123
         338    -5.74208     -5.9776   0.0107034
         339    -5.74401    -5.97691   0.0106939
         340    -5.73957    -5.97622   0.0106853
         341    -5.73581    -5.97551   0.0106772
         342    -5.75044    -5.97485   0.0106662
         343    -5.71112    -5.97408   0.0106628
         344     -5.6904    -5.97326   0.0106636
         345     -5.6766     -5.9724   0.0106673
         346    -5.66451    -5.97151   0.0106735
         347    -5.64728    -5.97058   0.0106836
         348    -5.66185    -5.96969   0.0106897
         349    -5.64588    -5.96876   0.0106992
         350    -5.66297    -5.96789   0.0107043
         351    -5.66277    -5.96702    0.010709
         352    -5.67379    -5.96618   0.0107109
         353     -5.6823    -5.96538   0.0107108
         354     -5.6981    -5.96463   0.0107071
         355    -5.70146    -5.96388   0.0107026
         356    -5.72718    -5.96322   0.0106931
         357     -5.7237    -5.96255   0.0106842
         358    -5.73617    -5.96192    0.010673
         359     -5.7272    -5.96126   0.0106633
         360    -5.73165    -5.96062   0.0106528
         361    -5.73161    -5.95999   0.0106421
         362    -5.73561    -5.95937   0.0106308
         363    -5.72196    -5.95872   0.0106216
         364    -5.73063    -5.95809   0.0106109
         365    -5.72255    -5.95744   0.0106014
         366    -5.73744    -5.95684   0.0105895
         367    -5.73514    -5.95624   0.0105778
         368    -5.72934    -5.95562    0.010567
         369    -5.73163    -5.95502   0.0105558
         370    -5.72575     -5.9544   0.0105455
         371    -5.72694    -5.95378   0.0105348
         372    -5.73515    -5.95319   0.0105229
         373    -5.73744    -5.95262   0.0105106
         374    -5.73232    -5.95203    0.010499
         375      -5.722    -5.95141   0.0104889
         376    -5.71576    -5.95079   0.0104797
         377    -5.71605    -5.95016   0.0104704
         378    -5.73722     -5.9496   0.0104578
         379    -5.73369    -5.94903   0.0104457
         380    -5.73616    -5.94847   0.0104332
         381    -5.72495    -5.94788   0.0104223
         382    -5.71316    -5.94727   0.0104132
         383    -5.73254    -5.94671    0.010401
         384    -5.71907    -5.94612   0.0103908
         385    -5.71633    -5.94552    0.010381
         386    -5.71905    -5.94493   0.0103707
         387    -5.72547    -5.94437   0.0103593
         388    -5.71646    -5.94378   0.0103493
         389    -5.72978    -5.94323   0.0103373
         390    -5.73595     -5.9427   0.0103244
         391    -5.71311    -5.94211   0.0103147
         392    -5.69817    -5.94149   0.0103072
         393    -5.70049    -5.94087   0.0102992
         394    -5.70738    -5.94028   0.0102901
         395    -5.70646    -5.93969    0.010281
         396     -5.7078     -5.9391   0.0102717
         397    -5.70669    -5.93852   0.0102625
         398    -5.70469    -5.93793   0.0102535
         399    -5.70075    -5.93734   0.0102451
         400    -5.69748    -5.93674    0.010237
         401    -5.68659    -5.93611   0.0102304
         402    -5.71596    -5.93557   0.0102196
         403    -5.68801    -5.93495   0.0102127
         404    -5.67465    -5.93431   0.0102077
         405    -5.67174    -5.93366   0.0102031
         406    -5.68737    -5.93305    0.010196
         407    -5.68738    -5.93245   0.0101888
         408    -5.67402    -5.93182   0.0101835
         409    -5.68765    -5.93122   0.0101761
         410    -5.68824    -5.93063   0.0101685
         411    -5.70333    -5.93007   0.0101588
         412    -5.69105    -5.92949   0.0101507
         413    -5.70531    -5.92895   0.0101406
         414    -5.70766    -5.92842   0.0101302
         415    -5.71172    -5.92789   0.0101192
         416    -5.71153    -5.92737   0.0101083
         417    -5.71796    -5.92687   0.0100965
         418    -5.71076    -5.92635   0.0100856
         419    -5.72455    -5.92587    0.010073
         420    -5.72791     -5.9254     0.01006
         421    -5.73381    -5.92495   0.0100464
         422     -5.7246    -5.92447   0.0100338
         423    -5.71656    -5.92398   0.0100221
         424     -5.7312    -5.92352   0.0100088
         425    -5.73496    -5.92308  0.00999508
         426    -5.72786    -5.92262  0.00998212
         427    -5.70804    -5.92212  0.00997138
         428    -5.71413    -5.92163  0.00995992
         429    -5.70949    -5.92114  0.00994897
         430    -5.69152    -5.92061  0.00994016
         431    -5.68223    -5.92005  0.00993247
         432    -5.68437    -5.91951  0.00992445
         433    -5.69103    -5.91898  0.00991554
         434    -5.68684    -5.91844  0.00990711
         435    -5.67563    -5.91789  0.00990005
         436    -5.65729    -5.91729  0.00989537
         437    -5.64207    -5.91666  0.00989275
         438    -5.65039    -5.91605  0.00988882
         439    -5.64035    -5.91542  0.00988622
         440    -5.61659    -5.91474  0.00988705
         441    -5.61683    -5.91407  0.00988768
         442    -5.62752    -5.91342  0.00988654
         443    -5.61112    -5.91274  0.00988775
         444    -5.63799    -5.91212  0.00988482
         445     -5.6436    -5.91152  0.00988101
         446    -5.65742    -5.91095  0.00987527
         447    -5.65707    -5.91038  0.00986949
         448    -5.68486    -5.90987  0.00986029
         449    -5.69887     -5.9094  0.00984952
         450    -5.69222    -5.90892  0.00983945
         451    -5.67794    -5.90841  0.00983096
         452    -5.68405    -5.90791  0.00982173
         453    -5.68391    -5.90742  0.00981249
         454    -5.67695    -5.90691    0.009804
         455    -5.67661     -5.9064  0.00979551
         456    -5.65997    -5.90586  0.00978892
         457    -5.67658    -5.90536  0.00978035
         458     -5.6896    -5.90489  0.00977034
         459    -5.69357    -5.90443  0.00975989
         460    -5.68211    -5.90395  0.00975063
         461    -5.68349    -5.90347   0.0097412
         462    -5.68328    -5.90299  0.00973177
         463    -5.67641     -5.9025  0.00972305
         464    -5.65617    -5.90197  0.00971657
         465    -5.66394    -5.90146  0.00970915
         466    -5.66056    -5.90094  0.00970207
         467    -5.67228    -5.90045  0.00969364
         468    -5.66979    -5.89996  0.00968545
         469    -5.67219    -5.89948  0.00967697
         470    -5.68959    -5.89903  0.00966668
         471    -5.67809    -5.89856  0.00965753
         472    -5.66696    -5.89807  0.00964953
         473    -5.65967    -5.89757  0.00964228
         474     -5.6639    -5.89707  0.00963453
         475    -5.66086    -5.89658  0.00962707
         476    -5.66583    -5.89609  0.00961904
         477    -5.68639    -5.89565  0.00960892
         478    -5.70151    -5.89524   0.0095974
         479    -5.69958    -5.89484  0.00958605
         480    -5.69922    -5.89443  0.00957474
         481    -5.68381    -5.89399  0.00956484
         482    -5.70122    -5.89359  0.00955335
         483     -5.7061     -5.8932  0.00954145
         484    -5.71575    -5.89284  0.00952878
         485     -5.7016    -5.89244  0.00951729
         486    -5.71408    -5.89207  0.00950478
         487    -5.72144    -5.89172  0.00949172
         488    -5.72718    -5.89139  0.00947826
         489    -5.73857    -5.89107  0.00946402
         490    -5.73652    -5.89076  0.00944996
         491    -5.72309    -5.89042  0.00943689
         492    -5.71532    -5.89006  0.00942441
         493    -5.71397     -5.8897  0.00941206
         494    -5.72379    -5.88937    0.009399
         495    -5.71933    -5.88903  0.00938629
         496    -5.71511    -5.88867  0.00937391
         497    -5.72491    -5.88835  0.00936084
         498    -5.73177    -5.88803  0.00934732
         499    -5.74172    -5.88774  0.00933319
         500    -5.74276    -5.88745  0.00931902
         501    -5.74015    -5.88715  0.00930506
         502    -5.73787    -5.88686  0.00929127
         503    -5.73506    -5.88655   0.0092777
         504    -5.71923    -5.88622  0.00926523
         505     -5.7227     -5.8859  0.00925254
         506    -5.71242    -5.88556   0.0092406
         507    -5.71013    -5.88521  0.00922885
         508    -5.70738    -5.88486  0.00921732
         509    -5.70859    -5.88451  0.00920572
         510    -5.70456    -5.88416  0.00919443
         511    -5.69441    -5.88379  0.00918393
         512    -5.70612    -5.88344  0.00917255
         513     -5.7013    -5.88309  0.00916154
         514    -5.69739    -5.88273  0.00915083
         515    -5.70724    -5.88239  0.00913941
         516    -5.70829    -5.88205  0.00912792
         517    -5.69103    -5.88168  0.00911774
         518     -5.7019    -5.88133  0.00910674
         519    -5.68342    -5.88095  0.00909717
         520    -5.67647    -5.88056  0.00908817
         521    -5.67819    -5.88017  0.00907903
         522    -5.67277    -5.87977  0.00907032
         523    -5.67095    -5.87937  0.00906177
         524    -5.65826    -5.87895  0.00905429
         525    -5.64969    -5.87851  0.00904757
         526    -5.68803    -5.87815  0.00903761
         527    -5.68416    -5.87778  0.00902796
         528    -5.67243    -5.87739  0.00901923
         529    -5.68485    -5.87703  0.00900952
         530    -5.69261    -5.87668  0.00899924
         531    -5.66023    -5.87627  0.00899152
         532    -5.67471     -5.8759   0.0089826
         533    -5.66532     -5.8755  0.00897443
         534    -5.68792    -5.87515   0.0089645
         535     -5.6895     -5.8748  0.00895446
         536    -5.68944    -5.87446  0.00894442
         537    -5.68535     -5.8741   0.0089347
         538    -5.68779    -5.87376   0.0089248
         539    -5.69425    -5.87342  0.00891445
         540    -5.68316    -5.87307  0.00890491
         541    -5.68444    -5.87272  0.00889527
         542    -5.66463    -5.87234  0.00888714
         543    -5.64981    -5.87193  0.00888022
         544    -5.66544    -5.87155    0.008872
         545    -5.65064    -5.87114  0.00886498
         546    -5.65739    -5.87075  0.00885738
         547    -5.66002    -5.87037  0.00884956
         548    -5.65809    -5.86998  0.00884189
         549    -5.65965     -5.8696  0.00883408
         550    -5.64434    -5.86919   0.0088275
         551    -5.65521     -5.8688  0.00882002
         552    -5.64454    -5.86839   0.0088134
         553    -5.65868    -5.86801  0.00880561
         554    -5.66321    -5.86764  0.00879748
         555    -5.66593    -5.86728  0.00878913
         556    -5.66535    -5.86692  0.00878082
         557    -5.66936    -5.86656  0.00877222
         558    -5.66451     -5.8662  0.00876397
         559    -5.66533    -5.86584  0.00875565
         560    -5.64276    -5.86544  0.00874908
         561    -5.66017    -5.86508  0.00874113
         562    -5.63548    -5.86467  0.00873512
         563    -5.64519    -5.86428   0.0087283
         564    -5.64591    -5.86389   0.0087214
         565    -5.65636    -5.86352   0.0087137
         566    -5.64037    -5.86313  0.00870722
         567    -5.62202    -5.86271  0.00870224
         568    -5.63845    -5.86231  0.00869587
         569    -5.62886     -5.8619  0.00869026
         570    -5.61258    -5.86146  0.00868602
         571     -5.6178    -5.86104  0.00868128
         572    -5.63197    -5.86064  0.00867534
         573    -5.63725    -5.86025  0.00866895
         574    -5.63011    -5.85984  0.00866312
         575     -5.6266    -5.85944  0.00865754
         576    -5.65068    -5.85908  0.00865009
         577    -5.64222     -5.8587  0.00864326
         578    -5.65056    -5.85834  0.00863581
         579    -5.64233    -5.85797  0.00862895
         580    -5.64492     -5.8576  0.00862188
         581    -5.63935    -5.85722  0.00861522
         582    -5.64517    -5.85686  0.00860812
         583    -5.63064    -5.85647   0.0086021
         584    -5.64447    -5.85611  0.00859502
         585    -5.63046    -5.85572  0.00858898
         586    -5.60685     -5.8553  0.00858482
         587    -5.61175    -5.85488  0.00858022
         588    -5.62261    -5.85449  0.00857471
         589    -5.62462     -5.8541  0.00856903
         590    -5.62983    -5.85372  0.00856293
         591    -5.64062    -5.85336  0.00855603
         592    -5.62287    -5.85297  0.00855043
         593    -5.64564    -5.85262  0.00854316
         594    -5.63912    -5.85226  0.00853634
         595    -5.63862     -5.8519  0.00852954
         596    -5.61098     -5.8515   0.0085248
         597    -5.61222     -5.8511  0.00851994
         598    -5.61142    -5.85069  0.00851511
         599    -5.61174     -5.8503  0.00851023
         600    -5.58386    -5.84985  0.00850763
         601    -5.60181    -5.84944  0.00850348
         602    -5.61388    -5.84905  0.00849835
         603    -5.62178    -5.84867  0.00849261
         604    -5.64436    -5.84833  0.00848528
         605    -5.63594    -5.84798  0.00847852
         606    -5.64093    -5.84764  0.00847141
         607    -5.63111    -5.84728  0.00846496
         608    -5.62697    -5.84692  0.00845879
         609    -5.63584    -5.84657    0.008452
         610    -5.63494    -5.84623  0.00844526
         611    -5.64504     -5.8459  0.00843785
         612    -5.66183     -5.8456  0.00842942
         613    -5.66366     -5.8453   0.0084209
         614    -5.65415    -5.84499  0.00841293
         615    -5.64822    -5.84467  0.00840534
         616     -5.6599    -5.84437  0.00839704
         617    -5.64288    -5.84404  0.00838978
         618    -5.64256    -5.84372  0.00838254
         619    -5.63724    -5.84338  0.00837563
         620    -5.63803    -5.84305  0.00836866
         621    -5.62445     -5.8427  0.00836259
         622      -5.629    -5.84236   0.0083562
         623    -5.61529    -5.84199  0.00835073
         624    -5.60938    -5.84162  0.00834566
         625    -5.62672    -5.84128  0.00833939
         626    -5.62101    -5.84092  0.00833349
         627    -5.61391    -5.84056  0.00832806
         628    -5.60922    -5.84019  0.00832294
         629    -5.59339     -5.8398  0.00831895
         630    -5.59535    -5.83941  0.00831479
         631    -5.59999    -5.83903  0.00831027
         632    -5.59432    -5.83865  0.00830614
         633    -5.61563    -5.83829  0.00830048
         634    -5.60737    -5.83793  0.00829538
         635    -5.62102    -5.83759  0.00828934
         636    -5.60091    -5.83722  0.00828466
         637    -5.59156    -5.83683  0.00828062
         638    -5.59982    -5.83646  0.00827597
         639    -5.60523     -5.8361  0.00827093
         640    -5.60226    -5.83573  0.00826607
         641    -5.59575    -5.83536  0.00826165
         642    -5.59242    -5.83498  0.00825744
         643    -5.58949     -5.8346  0.00825342
         644    -5.57999     -5.8342  0.00825007
         645    -5.58961    -5.83382  0.00824599
         646    -5.58219    -5.83343  0.00824242
         647    -5.58439    -5.83305  0.00823866
         648    -5.59669    -5.83268  0.00823402
         649    -5.58583     -5.8323  0.00823011
         650    -5.59872    -5.83194  0.00822529
         651    -5.60847     -5.8316  0.00821982
         652    -5.60425    -5.83125   0.0082146
         653    -5.61863    -5.83093  0.00820847
         654    -5.60986    -5.83059  0.00820288
         655    -5.60155    -5.83024  0.00819781
         656     -5.6065     -5.8299   0.0081924
         657    -5.61146    -5.82956  0.00818668
         658    -5.60908    -5.82923  0.00818109
         659    -5.57653    -5.82885  0.00817766
         660    -5.61254    -5.82852  0.00817183
         661    -5.62561    -5.82821  0.00816523
         662    -5.63509    -5.82792  0.00815811
         663    -5.63151    -5.82762  0.00815118
         664    -5.62945    -5.82732  0.00814436
         665    -5.63777    -5.82704   0.0081371
         666    -5.64044    -5.82676  0.00812971
         667    -5.63041    -5.82646  0.00812285
         668    -5.63266    -5.82617  0.00811587
         669    -5.63001    -5.82588  0.00810903
         670    -5.63995     -5.8256  0.00810168
         671    -5.64096    -5.82533  0.00809427
         672    -5.63712    -5.82505  0.00808707
         673      -5.648    -5.82479  0.00807933
         674    -5.65626    -5.82454  0.00807121
         675    -5.65782    -5.82429  0.00806304
         676    -5.65751    -5.82404  0.00805488
         677    -5.66157     -5.8238  0.00804656
         678    -5.65573    -5.82355  0.00803851
         679    -5.64326    -5.82329  0.00803105
         680    -5.63798    -5.82302  0.00802387
         681     -5.6326    -5.82274  0.00801695
         682    -5.64083    -5.82247  0.00800963
         683    -5.61394    -5.82216  0.00800372
         684    -5.61564    -5.82186  0.00799772
         685    -5.63467    -5.82159  0.00799071
         686    -5.63671    -5.82132   0.0079836
         687    -5.63179    -5.82104  0.00797675
         688    -5.63285    -5.82077  0.00796984
         689    -5.63731     -5.8205  0.00796272
         690    -5.62214    -5.82022  0.00795637
         691    -5.59605    -5.81989  0.00795146
         692    -5.60283    -5.81958  0.00794616
         693    -5.60002    -5.81926  0.00794101
         694    -5.61777    -5.81897  0.00793487
         695    -5.62628    -5.81869  0.00792829
         696    -5.61968    -5.81841  0.00792206
         697     -5.6084    -5.81811  0.00791642
         698    -5.60978    -5.81781   0.0079107
         699    -5.61838    -5.81752  0.00790453
         700    -5.62636    -5.81725  0.00789795
         701    -5.62522    -5.81698  0.00789143
         702    -5.64002    -5.81672  0.00788422
         703    -5.62944    -5.81646   0.0078775
         704    -5.62938    -5.81619  0.00787079
         705    -5.64332    -5.81595  0.00786345
         706    -5.65518    -5.81572  0.00785561
         707    -5.65546    -5.81549  0.00784777
         708    -5.64423    -5.81525  0.00784041
         709    -5.63904      -5.815  0.00783329
         710    -5.64597    -5.81476  0.00782587
         711    -5.65326    -5.81454  0.00781816
         712    -5.63789    -5.81429  0.00781112
         713    -5.64319    -5.81405  0.00780385
         714    -5.63712     -5.8138  0.00779685
         715    -5.64116    -5.81356  0.00778968
         716    -5.60663    -5.81327  0.00778416
         717    -5.62238      -5.813  0.00777786
         718     -5.6194    -5.81273   0.0077717
         719    -5.61127    -5.81245  0.00776594
         720    -5.61117    -5.81217  0.00776018
         721    -5.60448    -5.81189  0.00775476
         722      -5.598    -5.81159  0.00774968
         723    -5.58547    -5.81128  0.00774527
         724    -5.58314    -5.81096  0.00774098
         725    -5.60111    -5.81067  0.00773571
         726    -5.59981    -5.81038  0.00773051
         727    -5.61069    -5.81011  0.00772475
         728    -5.59167    -5.80981  0.00771997
         729    -5.59698    -5.80952  0.00771489
         730    -5.58196     -5.8092  0.00771062
         731    -5.57282    -5.80888  0.00770685
         732    -5.56963    -5.80855  0.00770325
         733    -5.56232    -5.80822  0.00770006
         734    -5.54662    -5.80786  0.00769781
         735    -5.55554    -5.80752  0.00769499
         736    -5.56393    -5.80719  0.00769165
         737    -5.57147    -5.80687  0.00768786
         738    -5.56969    -5.80655  0.00768416
         739    -5.55472    -5.80621  0.00768131
         740     -5.5583    -5.80587  0.00767824
         741    -5.57928    -5.80556  0.00767396
         742    -5.56527    -5.80524  0.00767045
         743    -5.54628    -5.80489  0.00766804
         744    -5.53523    -5.80453  0.00766629
         745    -5.53238    -5.80416   0.0076647
         746    -5.52728    -5.80379  0.00766341
         747    -5.57186    -5.80348  0.00765944
         748    -5.57598    -5.80318  0.00765523
         749    -5.56683    -5.80286  0.00765151
         750    -5.55312    -5.80253  0.00764855
         751    -5.55405     -5.8022  0.00764552
         752    -5.54543    -5.80186  0.00764298
         753     -5.5305     -5.8015  0.00764132
         754    -5.52606    -5.80113  0.00763991
         755     -5.5081    -5.80074  0.00763964
         756    -5.52746    -5.80038  0.00763809
         757    -5.56205    -5.80007  0.00763448
         758    -5.55673    -5.79975  0.00763116
         759    -5.55852    -5.79943  0.00762772
         760    -5.55347    -5.79911  0.00762454
         761    -5.56111    -5.79879  0.00762094
         762    -5.57252     -5.7985  0.00761672
         763    -5.55935    -5.79818  0.00761318
         764    -5.56598    -5.79788  0.00760928
         765     -5.5701    -5.79758  0.00760516
         766    -5.56478    -5.79728   0.0076013
         767    -5.57676    -5.79699  0.00759682
         768    -5.56917    -5.79669  0.00759272
         769    -5.57408     -5.7964  0.00758836
         770    -5.58449    -5.79613   0.0075835
         771    -5.57224    -5.79584  0.00757922
         772    -5.55804    -5.79553  0.00757566
         773    -5.57121    -5.79524  0.00757141
         774    -5.57131    -5.79495  0.00756716
         775    -5.56062    -5.79465  0.00756343
         776    -5.57628    -5.79437  0.00755892
         777    -5.56303    -5.79407  0.00755505
         778    -5.53713    -5.79374  0.00755256
         779    -5.54394    -5.79342  0.00754966
         780    -5.54261     -5.7931  0.00754683
         781    -5.53875    -5.79277  0.00754419
         782    -5.53527    -5.79244  0.00754173
         783    -5.52318     -5.7921  0.00753993
         784    -5.52558    -5.79176  0.00753797
         785    -5.52246    -5.79141  0.00753617
         786    -5.50604    -5.79105  0.00753533
         787    -5.48242    -5.79066  0.00753595
         788    -5.48879    -5.79028  0.00753612
         789    -5.49155     -5.7899  0.00753607
         790    -5.48791    -5.78951  0.00753622
         791    -5.49442    -5.78914  0.00753592
         792    -5.49278    -5.78877  0.00753569
         793    -5.49087    -5.78839  0.00753554
         794    -5.50241    -5.78803  0.00753466
         795    -5.49943    -5.78767  0.00753392
         796    -5.50872    -5.78732   0.0075326
         797     -5.4888    -5.78694  0.00753245
         798    -5.46008    -5.78653  0.00753414
         799    -5.45504    -5.78612  0.00753613
         800    -5.44533    -5.78569  0.00753874
         801    -5.45697    -5.78528  0.00754049
         802    -5.47942     -5.7849  0.00754073
         803    -5.50446    -5.78455  0.00753942
         804    -5.48591    -5.78418  0.00753918
         805     -5.4932    -5.78382  0.00753848
         806    -5.48905    -5.78345  0.00753799
         807    -5.48332    -5.78308  0.00753782
         808    -5.49131    -5.78272  0.00753714
         809    -5.48367    -5.78235  0.00753688
         810    -5.47346    -5.78197  0.00753722
         811    -5.47469    -5.78159  0.00753744
         812    -5.48376    -5.78122  0.00753708
         813    -5.48722    -5.78086  0.00753648
         814    -5.48707     -5.7805  0.00753585
         815    -5.48688    -5.78014  0.00753522
         816    -5.48762    -5.77978   0.0075345
         817    -5.49546    -5.77943  0.00753331
         818    -5.49148    -5.77908  0.00753233
         819    -5.46948     -5.7787  0.00753261
         820    -5.48365    -5.77834  0.00753201
         821     -5.5014    -5.77801  0.00753039
         822    -5.47047    -5.77763  0.00753051
         823    -5.47188    -5.77726  0.00753052
         824    -5.51554    -5.77694  0.00752808
         825    -5.51536    -5.77663  0.00752563
         826    -5.50468     -5.7763  0.00752372
         827    -5.51307    -5.77598  0.00752135
         828    -5.52298    -5.77567  0.00751847
         829    -5.50751    -5.77535  0.00751635
         830     -5.4931    -5.77501  0.00751499
         831    -5.47746    -5.77465  0.00751447
         832    -5.49616    -5.77432  0.00751289
         833    -5.51874    -5.77401  0.00751013
         834    -5.52383    -5.77371  0.00750712
         835    -5.54416    -5.77344  0.00750316
         836    -5.51624    -5.77313  0.00750049
         837    -5.51304    -5.77282  0.00749796
         838    -5.53645    -5.77254  0.00749431
         839    -5.55177    -5.77227     0.00749
         840    -5.52195    -5.77197  0.00748701
         841    -5.51327    -5.77167  0.00748442
         842    -5.50822    -5.77135  0.00748207
         843    -5.48854    -5.77102  0.00748071
         844    -5.45733    -5.77065  0.00748108
         845    -5.45892    -5.77028  0.00748131
         846     -5.4604    -5.76991  0.00748143
         847    -5.42185     -5.7695  0.00748388
         848    -5.42659     -5.7691  0.00748597
         849    -5.42961     -5.7687  0.00748782
         850    -5.44292    -5.76831  0.00748882
         851     -5.4417    -5.76793  0.00748985
         852    -5.44215    -5.76755  0.00749081
         853    -5.44608    -5.76717   0.0074915
         854    -5.46175    -5.76681  0.00749126
         855    -5.46136    -5.76646  0.00749101
         856    -5.44738    -5.76608  0.00749153
         857    -5.47347    -5.76574  0.00749056
         858    -5.47881    -5.76541   0.0074893
         859    -5.45709    -5.76505  0.00748917
         860    -5.45272    -5.76468  0.00748927
         861    -5.45249    -5.76432  0.00748934
         862    -5.47355    -5.76398  0.00748824
         863    -5.49019    -5.76367  0.00748628
         864    -5.49214    -5.76335  0.00748421
         865    -5.51213    -5.76306  0.00748119
         866    -5.51246    -5.76277  0.00747815
         867    -5.51159    -5.76248  0.00747513
         868    -5.51832     -5.7622  0.00747181
         869    -5.52637    -5.76193  0.00746814
         870     -5.5309    -5.76167  0.00746428
         871    -5.52227    -5.76139  0.00746077
         872    -5.53306    -5.76113   0.0074568
         873    -5.53584    -5.76087  0.00745273
         874    -5.53369    -5.76061  0.00744873
         875    -5.52454    -5.76034   0.0074451
         876    -5.52652    -5.76007  0.00744139
         877    -5.52419     -5.7598  0.00743776
         878    -5.52224    -5.75953  0.00743421
         879    -5.52648    -5.75927  0.00743048
         880    -5.53538    -5.75901  0.00742639
         881    -5.54841    -5.75878  0.00742181
         882    -5.54033    -5.75853  0.00741752
         883    -5.55264    -5.75829  0.00741279
         884    -5.54372    -5.75805  0.00740837
         885    -5.52174    -5.75778  0.00740481
         886    -5.52161    -5.75752  0.00740125
         887    -5.51297    -5.75724  0.00739804
         888    -5.51377    -5.75697  0.00739479
         889     -5.5195     -5.7567  0.00739129
         890    -5.50662    -5.75642  0.00738833
         891    -5.51574    -5.75615  0.00738497
         892    -5.51509    -5.75588  0.00738164
         893    -5.50248     -5.7556  0.00737882
         894     -5.5124    -5.75532  0.00737558
         895    -5.51141    -5.75505  0.00737237
         896    -5.51252    -5.75478  0.00736911
         897    -5.52466    -5.75452  0.00736536
         898    -5.52264    -5.75427  0.00736169
         899    -5.51865      -5.754  0.00735816
         900    -5.50907    -5.75373  0.00735502
         901     -5.5137    -5.75347  0.00735168
         902    -5.51345     -5.7532  0.00734834
         903    -5.50304    -5.75292  0.00734542
         904    -5.51543    -5.75266  0.00734199
         905    -5.51072    -5.75239  0.00733875
         906    -5.51714    -5.75213  0.00733524
         907    -5.53081    -5.75189  0.00733121
         908    -5.53633    -5.75165  0.00732698
         909    -5.52373     -5.7514  0.00732321
         910    -5.53178    -5.75116  0.00731913
         911    -5.54074    -5.75093  0.00731474
         912    -5.53096    -5.75069   0.0073107
         913    -5.52828    -5.75044  0.00730675
         914    -5.49863    -5.75017  0.00730395
         915    -5.48772    -5.74988  0.00730159
         916    -5.49515     -5.7496  0.00729892
         917    -5.51293    -5.74934  0.00729552
         918    -5.52682     -5.7491   0.0072916
         919    -5.53888    -5.74887  0.00728725
         920    -5.53692    -5.74864  0.00728297
         921    -5.53878    -5.74842  0.00727863
         922    -5.53202    -5.74818  0.00727452
         923    -5.53046    -5.74794  0.00727046
         924    -5.56187    -5.74774  0.00726538
         925    -5.53504    -5.74751  0.00726116
         926    -5.52777    -5.74728   0.0072572
         927    -5.53866    -5.74705  0.00725286
         928    -5.53152    -5.74682  0.00724876
         929    -5.52443    -5.74658  0.00724491
         930    -5.51209    -5.74633   0.0072415
         931    -5.51664    -5.74608  0.00723793
         932    -5.51538    -5.74583  0.00723439
         933    -5.48281    -5.74555  0.00723213
         934    -5.48785    -5.74528  0.00722965
         935    -5.47457    -5.74499  0.00722771
         936    -5.47483     -5.7447  0.00722575
         937    -5.49385    -5.74443  0.00722299
         938    -5.49201    -5.74416  0.00722031
         939    -5.48848    -5.74389  0.00721775
         940    -5.49599    -5.74362  0.00721489
         941    -5.46815    -5.74333  0.00721316
         942    -5.46115    -5.74303  0.00721172
         943    -5.46142    -5.74273  0.00721025
         944    -5.48184    -5.74246  0.00720791
         945    -5.48604    -5.74219  0.00720538
         946    -5.49083    -5.74192  0.00720266
         947    -5.50447    -5.74167  0.00719942
         948    -5.48669     -5.7414  0.00719685
         949    -5.49379    -5.74114  0.00719399
         950    -5.48122    -5.74087  0.00719162
         951    -5.48526     -5.7406  0.00718908
         952    -5.46844    -5.74031  0.00718721
         953    -5.47688    -5.74003  0.00718498
         954    -5.47828    -5.73976  0.00718269
         955    -5.51172    -5.73952  0.00717914
         956    -5.52289     -5.7393   0.0071752
         957    -5.56148    -5.73911  0.00717011
         958    -5.54024     -5.7389  0.00716563
         959    -5.53237    -5.73869  0.00716139
         960    -5.51494    -5.73845  0.00715773
         961    -5.51921    -5.73823  0.00715391
         962    -5.52877    -5.73801  0.00714979
         963    -5.49839    -5.73776  0.00714669
         964    -5.49376    -5.73751  0.00714376
         965    -5.50689    -5.73727  0.00714035
         966    -5.49793    -5.73702  0.00713726
         967    -5.47864    -5.73675  0.00713488
         968    -5.47308    -5.73648   0.0071327
         969     -5.4866    -5.73622     0.00713
         970    -5.49138    -5.73597  0.00712712
         971    -5.49968    -5.73573  0.00712393
         972    -5.49597    -5.73548  0.00712087
         973    -5.49078    -5.73523  0.00711799
         974    -5.48514    -5.73497  0.00711531
         975    -5.47235     -5.7347  0.00711311
         976    -5.46333    -5.73442  0.00711126
         977     -5.4497    -5.73413  0.00710995
         978    -5.44202    -5.73383  0.00710895
         979     -5.4274    -5.73352  0.00710857
         980    -5.41036    -5.73319  0.00710897
         981    -5.38096    -5.73283  0.00711078
         982    -5.39162    -5.73248  0.00711202
         983    -5.38489    -5.73213  0.00711357
         984    -5.38288    -5.73178  0.00711519
         985    -5.40318    -5.73144  0.00711579
         986    -5.41521    -5.73112  0.00711579
         987    -5.43894    -5.73082  0.00711474
         988    -5.43687    -5.73053  0.00711376
         989    -5.44624    -5.73024  0.00711237
         990    -5.47318    -5.72998  0.00710992
         991    -5.48571    -5.72973  0.00710702
         992    -5.49443     -5.7295  0.00710381
         993    -5.48468    -5.72925  0.00710093
         994      -5.477      -5.729  0.00709832
         995     -5.4568    -5.72872  0.00709646
         996    -5.45888    -5.72845   0.0070945
         997    -5.45051    -5.72817  0.00709286
         998    -5.46677    -5.72791  0.00709059
         999     -5.4846    -5.72767  0.00708768
        1000    -5.48424    -5.72742  0.00708477
        1001    -5.45789    -5.72715   0.0070828
        1002    -5.44926    -5.72688  0.00708116
        1003    -5.46173    -5.72661  0.00707904
        1004    -5.46479    -5.72635  0.00707679
        1005    -5.48218    -5.72611  0.00707391
        1006     -5.4692    -5.72585  0.00707149
        1007    -5.45407    -5.72558  0.00706962
        1008    -5.44295     -5.7253  0.00706816
        1009    -5.44296    -5.72502  0.00706669
        1010    -5.44989    -5.72475  0.00706495
        1011    -5.44553    -5.72448  0.00706335
        1012    -5.46686    -5.72422  0.00706096
        1013    -5.45433    -5.72395  0.00705901
        1014    -5.45851    -5.72369  0.00705691
        1015    -5.45263    -5.72343    0.007055
        1016    -5.44392    -5.72315  0.00705342
        1017     -5.4382    -5.72287  0.00705205
        1018    -5.44862     -5.7226  0.00705027
        1019    -5.46992    -5.72235  0.00704771
        1020    -5.48259    -5.72212  0.00704471
        1021    -5.49307    -5.72189  0.00704139
        1022    -5.49231    -5.72167  0.00703808
        1023     -5.4701    -5.72142  0.00703549
        1024    -5.44531    -5.72115  0.00703379
        1025    -5.44917    -5.72089  0.00703193
        1026    -5.46281    -5.72064  0.00702957
        1027    -5.44747    -5.72037  0.00702776
        1028    -5.43236    -5.72009   0.0070265
        1029    -5.44474    -5.71982  0.00702477
        1030    -5.43804    -5.71955  0.00702327
        1031    -5.46467     -5.7193  0.00702081
        1032    -5.47017    -5.71906  0.00701816
        1033      -5.485    -5.71883  0.00701502
        1034    -5.48633    -5.71861  0.00701184
        1035    -5.49626    -5.71839  0.00700835
        1036    -5.49058    -5.71817  0.00700504
        1037    -5.48773    -5.71795  0.00700181
        1038    -5.48512    -5.71773  0.00699865
        1039    -5.49209    -5.71751  0.00699529
        1040     -5.4953     -5.7173  0.00699182
        1041    -5.49172    -5.71708  0.00698846
        1042    -5.48771    -5.71686  0.00698522
        1043      -5.476    -5.71663  0.00698234
        1044    -5.44933    -5.71637  0.00698035
        1045    -5.42868     -5.7161  0.00697909
        1046     -5.4244    -5.71582  0.00697799
        1047      -5.431    -5.71555  0.00697663
        1048    -5.43649    -5.71528  0.00697505
        1049    -5.41038    -5.71499  0.00697445
        1050    -5.41936    -5.71471  0.00697349
        1051    -5.41116    -5.71442  0.00697283
        1052    -5.41727    -5.71414  0.00697193
        1053    -5.41945    -5.71386  0.00697092
        1054    -5.41327    -5.71357  0.00697014
        1055    -5.42619     -5.7133  0.00696885
        1056    -5.42746    -5.71303  0.00696751
        1057    -5.42326    -5.71275  0.00696631
        1058    -5.43017    -5.71249  0.00696484
        1059    -5.42282    -5.71221  0.00696363
        1060    -5.42541    -5.71194  0.00696232
        1061    -5.44721    -5.71169  0.00696022
        1062    -5.45825    -5.71146  0.00695776
        1063    -5.41893    -5.71118  0.00695665
        1064     -5.4406    -5.71093  0.00695476
        1065    -5.43649    -5.71067    0.006953
        1066    -5.44169    -5.71042  0.00695106
        1067    -5.44261    -5.71016  0.00694907
        1068    -5.43282    -5.70991  0.00694742
        1069    -5.42266    -5.70964  0.00694611
        1070    -5.42694    -5.70937  0.00694465
        1071    -5.43329    -5.70911  0.00694294
        1072    -5.40553    -5.70883  0.00694224
        1073    -5.38541    -5.70853  0.00694231
        1074    -5.38601    -5.70823  0.00694234
        1075     -5.3998    -5.70794  0.00694181
        1076    -5.40124    -5.70766   0.0069412
        1077    -5.39905    -5.70737  0.00694067
        1078    -5.39434    -5.70708  0.00694031
        1079    -5.41191    -5.70681  0.00693926
        1080    -5.40237    -5.70653  0.00693856
        1081    -5.43075    -5.70627  0.00693683
        1082    -5.43358    -5.70602    0.006935
        1083    -5.45188    -5.70578  0.00693256
        1084    -5.46912    -5.70557   0.0069296
        1085    -5.47175    -5.70535  0.00692657
        1086    -5.47962    -5.70514  0.00692331
        1087     -5.4785    -5.70493  0.00692008
        1088    -5.45433     -5.7047  0.00691755
        1089    -5.48388     -5.7045  0.00691417
        1090    -5.49339    -5.70431  0.00691054
        1091    -5.51534    -5.70413  0.00690637
        1092    -5.50669    -5.70395  0.00690241
        1093    -5.50148    -5.70377  0.00689858
        1094    -5.48545    -5.70357  0.00689516
        1095    -5.49044    -5.70337  0.00689161
        1096    -5.46135    -5.70315  0.00688886
        1097    -5.47186    -5.70294  0.00688581
        1098    -5.47364    -5.70273   0.0068827
        1099    -5.46795    -5.70252  0.00687975
        1100    -5.45542    -5.70229  0.00687717
        1101    -5.45463    -5.70207   0.0068746
        1102    -5.44037    -5.70183  0.00687246
        1103    -5.42847    -5.70158   0.0068707
        1104    -5.43291    -5.70134  0.00686878
        1105    -5.44805    -5.70111  0.00686639
        1106     -5.4307    -5.70087  0.00686453
        1107    -5.42751    -5.70062  0.00686277
        1108    -5.42082    -5.70037  0.00686122
        1109    -5.41377    -5.70011   0.0068599
        1110     -5.3921    -5.69983  0.00685933
        1111    -5.35931    -5.69953     0.00686
        1112     -5.3727    -5.69923  0.00686013
        1113    -5.39274    -5.69896  0.00685949
        1114      -5.394    -5.69868  0.00685879
        1115    -5.38794     -5.6984   0.0068583
        1116    -5.39916    -5.69814  0.00685739
        1117    -5.39024    -5.69786  0.00685679
        1118    -5.39523    -5.69759    0.006856
        1119    -5.39286    -5.69732  0.00685528
        1120    -5.36831    -5.69702  0.00685545
        1121    -5.38407    -5.69674  0.00685501
        1122    -5.39919    -5.69648  0.00685403
        1123    -5.39279    -5.69621  0.00685326
        1124    -5.37736    -5.69592  0.00685303
        1125    -5.37726    -5.69564  0.00685279
        1126    -5.39435    -5.69537  0.00685193
        1127    -5.38158     -5.6951   0.0068515
        1128    -5.41535    -5.69485  0.00684992
        1129    -5.40568    -5.69459  0.00684864
        1130    -5.41428    -5.69434  0.00684707
        1131    -5.41658     -5.6941  0.00684542
        1132    -5.41312    -5.69385  0.00684387
        1133    -5.42212    -5.69361  0.00684203
        1134    -5.41379    -5.69336  0.00684044
        1135    -5.40317    -5.69311  0.00683919
        1136    -5.40142    -5.69285  0.00683799
        1137    -5.42831    -5.69262  0.00683593
        1138    -5.42083    -5.69238   0.0068341
        1139    -5.40921    -5.69213  0.00683262
        1140    -5.40509    -5.69188  0.00683126
        1141    -5.43164    -5.69165  0.00682908
        1142    -5.41174    -5.69141   0.0068275
        1143    -5.41789    -5.69117  0.00682572
        1144    -5.42407    -5.69093  0.00682374
        1145    -5.43605    -5.69071  0.00682141
        1146    -5.43649    -5.69049  0.00681907
        1147    -5.41537    -5.69025  0.00681734
        1148    -5.41945    -5.69001  0.00681548
        1149    -5.41956    -5.68978  0.00681361
        1150     -5.4229    -5.68954  0.00681164
        1151    -5.42721    -5.68932  0.00680953
        1152    -5.42043    -5.68908  0.00680762
        1153    -5.40233    -5.68883  0.00680626
        1154    -5.38004    -5.68857  0.00680562
        1155     -5.3708    -5.68829  0.00680528
        1156      -5.368    -5.68801  0.00680503
        1157    -5.36717    -5.68774   0.0068048
        1158    -5.36305    -5.68746   0.0068047
        1159    -5.37516    -5.68719  0.00680416
        1160    -5.39071    -5.68693  0.00680309
        1161    -5.39902    -5.68668  0.00680175
        1162    -5.38774    -5.68643  0.00680076
        1163    -5.35224    -5.68614  0.00680098
        1164    -5.36416    -5.68586  0.00680076
        1165    -5.37594     -5.6856  0.00680012
        1166    -5.38908    -5.68534  0.00679905
        1167    -5.36779    -5.68507  0.00679866
        1168    -5.37285     -5.6848   0.0067981
        1169    -5.37172    -5.68454  0.00679755
        1170    -5.33627    -5.68424  0.00679826
        1171    -5.35039    -5.68395  0.00679843
        1172    -5.37705    -5.68369  0.00679767
        1173    -5.38221    -5.68343  0.00679673
        1174    -5.36311    -5.68316  0.00679642
        1175    -5.36183    -5.68289  0.00679613
        1176     -5.3678    -5.68262  0.00679563
        1177    -5.35487    -5.68234  0.00679556
        1178    -5.33639    -5.68205  0.00679613
        1179    -5.33367    -5.68175  0.00679679
        1180    -5.33241    -5.68146  0.00679748
        1181    -5.33782    -5.68116  0.00679794
        1182    -5.33115    -5.68087  0.00679864
        1183    -5.30717    -5.68055  0.00680023
        1184    -5.33006    -5.68026  0.00680092
        1185    -5.32686    -5.67996  0.00680172
        1186    -5.30978    -5.67965  0.00680314
        1187    -5.30597    -5.67933  0.00680469
        1188    -5.30182    -5.67901  0.00680638
        1189    -5.26983    -5.67867  0.00680935
        1190    -5.27461    -5.67833  0.00681209
        1191    -5.28466      -5.678  0.00681438
        1192    -5.31436    -5.67769  0.00681549
        1193     -5.3277     -5.6774  0.00681609
        1194    -5.29737    -5.67708  0.00681781
        1195    -5.30016    -5.67677   0.0068194
        1196    -5.29044    -5.67644  0.00682134
        1197    -5.27567    -5.67611  0.00682385
        1198    -5.27557    -5.67578  0.00682634
        1199    -5.30146    -5.67546  0.00682778
        1200    -5.26073    -5.67512  0.00683084
        1201    -5.26511    -5.67478  0.00683367
        1202    -5.25931    -5.67443  0.00683672
        1203    -5.26191    -5.67409  0.00683964
        1204    -5.27662    -5.67376  0.00684192
        1205    -5.27974    -5.67343  0.00684405
        1206    -5.28262    -5.67311  0.00684604
        1207    -5.27946    -5.67278  0.00684813
        1208    -5.26303    -5.67244  0.00685086
        1209    -5.26329     -5.6721  0.00685355
        1210    -5.23697    -5.67174  0.00685731
        1211     -5.1995    -5.67135  0.00686273
        1212    -5.19513    -5.67096   0.0068683
        1213    -5.21229    -5.67058  0.00687304
        1214    -5.20825     -5.6702  0.00687792
        1215    -5.22759    -5.66984   0.0068819
        1216    -5.22737    -5.66947  0.00688586
        1217    -5.24851    -5.66913  0.00688888
        1218    -5.23698    -5.66877  0.00689236
        1219    -5.21323     -5.6684  0.00689683
        1220    -5.24362    -5.66805  0.00689996
        1221    -5.22615    -5.66769  0.00690379
        1222    -5.24142    -5.66734  0.00690695
        1223    -5.25133      -5.667  0.00690967
        1224    -5.24078    -5.66665  0.00691279
        1225    -5.23804     -5.6663    0.006916
        1226    -5.26975    -5.66598  0.00691792
        1227    -5.26256    -5.66565  0.00692009
        1228    -5.25649    -5.66532  0.00692247
        1229    -5.26871    -5.66499  0.00692436
        1230    -5.28732    -5.66469  0.00692553
        1231    -5.28516    -5.66438  0.00692676
        1232    -5.29103    -5.66407  0.00692777
        1233    -5.28367    -5.66377  0.00692901
        1234    -5.29631    -5.66347   0.0069298
        1235    -5.29866    -5.66317  0.00693048
        1236    -5.30781    -5.66289  0.00693083
        1237    -5.31221     -5.6626  0.00693102
        1238    -5.32309    -5.66233  0.00693085
        1239    -5.30289    -5.66204  0.00693132
        1240    -5.29849    -5.66174  0.00693193
        1241    -5.28819    -5.66144  0.00693288
        1242    -5.27396    -5.66113  0.00693431
        1243    -5.24909     -5.6608  0.00693665
        1244    -5.25967    -5.66048  0.00693857
        1245    -5.26007    -5.66016  0.00694044
        1246    -5.26698    -5.65984  0.00694204
        1247    -5.28102    -5.65954  0.00694312
        1248    -5.29111    -5.65924  0.00694383
        1249     -5.2768    -5.65894  0.00694502
        1250    -5.30042    -5.65865  0.00694538
        1251    -5.28825    -5.65835  0.00694614
        1252    -5.28283    -5.65805  0.00694706
        1253    -5.28552    -5.65776  0.00694788
        1254    -5.27425    -5.65745  0.00694906
        1255     -5.2725    -5.65714  0.00695029
        1256    -5.26092    -5.65683  0.00695191
        1257    -5.27927    -5.65653  0.00695287
        1258    -5.27272    -5.65622  0.00695403
        1259    -5.25602     -5.6559  0.00695577
        1260    -5.27969    -5.65561  0.00695666
        1261    -5.27316     -5.6553  0.00695775
        1262    -5.29203    -5.65501  0.00695819
        1263    -5.30734    -5.65474  0.00695812
        1264    -5.30993    -5.65447  0.00695796
        1265    -5.32364     -5.6542  0.00695737
        1266    -5.31972    -5.65394  0.00695689
        1267     -5.3115    -5.65367  0.00695665
        1268    -5.30538     -5.6534  0.00695658
        1269    -5.29585    -5.65311  0.00695681
        1270    -5.32035    -5.65285  0.00695626
        1271    -5.32237    -5.65259  0.00695565
        1272    -5.32845    -5.65234  0.00695484
        1273     -5.3272    -5.65208  0.00695407
        1274     -5.3058    -5.65181  0.00695392
        1275     -5.2966    -5.65153  0.00695404
        1276    -5.30265    -5.65126  0.00695397
        1277    -5.30732    -5.65099  0.00695374
        1278    -5.29962    -5.65071  0.00695373
        1279    -5.31672    -5.65045  0.00695319
        1280    -5.31307    -5.65019  0.00695275
        1281    -5.31649    -5.64993  0.00695221
        1282    -5.30906    -5.64966  0.00695186
        1283    -5.31988    -5.64941   0.0069512
        1284    -5.33873    -5.64916  0.00694999
        1285    -5.29645    -5.64889     0.00695
        1286    -5.31528    -5.64863  0.00694944
        1287    -5.31819    -5.64837  0.00694878
        1288    -5.29907     -5.6481  0.00694867
        1289    -5.29943    -5.64783  0.00694855
        1290    -5.31249    -5.64757  0.00694802
        1291    -5.32927    -5.64732  0.00694701
        1292    -5.33615    -5.64708  0.00694581
        1293    -5.32263    -5.64683  0.00694497
        1294     -5.3206    -5.64658  0.00694418
        1295    -5.30943    -5.64632  0.00694369
        1296    -5.28441    -5.64604  0.00694395
        1297    -5.28289    -5.64576  0.00694424
        1298     -5.2883    -5.64549  0.00694435
        1299    -5.28088     -5.6452  0.00694467
        1300    -5.28523    -5.64493  0.00694485
        1301    -5.29379    -5.64466  0.00694475
        1302     -5.3046     -5.6444  0.00694433
        1303    -5.30982    -5.64414  0.00694374
        1304     -5.2799    -5.64386  0.00694403
        1305    -5.27051    -5.64357   0.0069446
        1306    -5.27392    -5.64329  0.00694505
        1307    -5.28362    -5.64302  0.00694519
        1308    -5.27137    -5.64273  0.00694569
        1309    -5.26378    -5.64244  0.00694641
        1310    -5.25631    -5.64215  0.00694736
        1311    -5.25794    -5.64185  0.00694824
        1312    -5.24561    -5.64155   0.0069495
        1313    -5.24178    -5.64125  0.00695088
        1314    -5.26234    -5.64096  0.00695157
        1315    -5.25972    -5.64067  0.00695232
        1316    -5.24069    -5.64037  0.00695368
        1317    -5.24201    -5.64006  0.00695498
        1318    -5.21595    -5.63974  0.00695714
        1319    -5.22083    -5.63942  0.00695911
        1320     -5.2126     -5.6391  0.00696135
        1321    -5.19487    -5.63876  0.00696419
        1322    -5.21319    -5.63844  0.00696636
        1323     -5.2372    -5.63814   0.0069677
        1324    -5.23343    -5.63783  0.00696913
        1325    -5.23696    -5.63753  0.00697044
        1326    -5.26082    -5.63725  0.00697097
        1327    -5.27557    -5.63697  0.00697104
        1328    -5.28744    -5.63671  0.00697076
        1329    -5.27007    -5.63644  0.00697097
        1330      -5.279    -5.63617  0.00697091
        1331    -5.30047    -5.63591  0.00697023
        1332    -5.28175    -5.63565  0.00697007
        1333    -5.26899    -5.63537  0.00697027
        1334    -5.25566    -5.63509  0.00697085
        1335    -5.27591    -5.63482  0.00697082
        1336    -5.27018    -5.63455  0.00697094
        1337    -5.26137    -5.63427  0.00697131
        1338    -5.26644    -5.63399  0.00697152
        1339    -5.26676    -5.63372  0.00697171
        1340    -5.27361    -5.63345  0.00697168
        1341    -5.27455    -5.63318  0.00697162
        1342    -5.29287    -5.63293  0.00697103
        1343    -5.30091    -5.63268  0.00697023
        1344    -5.31963    -5.63245  0.00696893
        1345    -5.30759    -5.63221  0.00696793
        1346    -5.28571    -5.63195  0.00696751
        1347    -5.28569    -5.63169  0.00696708
        1348    -5.26204    -5.63142   0.0069673
        1349    -5.26278    -5.63115   0.0069675
        1350    -5.26448    -5.63087  0.00696763
        1351    -5.25511     -5.6306  0.00696802
        1352    -5.26285    -5.63032  0.00696817
        1353    -5.26906    -5.63006  0.00696814
        1354    -5.25789    -5.62978  0.00696841
        1355    -5.25762    -5.62951  0.00696868
        1356     -5.2675    -5.62924  0.00696865
        1357    -5.26799    -5.62897   0.0069686
        1358    -5.26402     -5.6287  0.00696865
        1359    -5.28971    -5.62846  0.00696798
        1360    -5.27608     -5.6282  0.00696767
        1361    -5.26634    -5.62793  0.00696762
        1362    -5.28238    -5.62768  0.00696713
        1363    -5.29571    -5.62743  0.00696627
        1364    -5.30307     -5.6272  0.00696522
        1365    -5.30641    -5.62696  0.00696408
        1366    -5.31247    -5.62673  0.00696279
        1367    -5.31903    -5.62651  0.00696133
        1368    -5.32116    -5.62628  0.00695982
        1369    -5.32411    -5.62606  0.00695824
        1370    -5.31907    -5.62584  0.00695676
        1371     -5.3277    -5.62562  0.00695509
        1372    -5.31158    -5.62539  0.00695378
        1373    -5.30558    -5.62516  0.00695262
        1374    -5.30638    -5.62493  0.00695143
        1375    -5.31479     -5.6247  0.00695003
        1376     -5.3058    -5.62447  0.00694884
        1377    -5.28259    -5.62422  0.00694823
        1378    -5.29116    -5.62398  0.00694739
        1379    -5.30907    -5.62375  0.00694611
        1380    -5.32245    -5.62353   0.0069445
        1381    -5.33358    -5.62332  0.00694265
        1382    -5.35187    -5.62313   0.0069404
        1383    -5.34868    -5.62293  0.00693822
        1384    -5.31703    -5.62271  0.00693673
        1385    -5.33038    -5.62249  0.00693493
        1386    -5.31228    -5.62227  0.00693354
        1387    -5.31711    -5.62205  0.00693203
        1388    -5.30129    -5.62182  0.00693088
        1389    -5.32216     -5.6216  0.00692925
        1390    -5.29576    -5.62137  0.00692823
        1391    -5.29754    -5.62114  0.00692716
        1392    -5.28909     -5.6209  0.00692629
        1393    -5.29504    -5.62066  0.00692526
        1394    -5.30161    -5.62044  0.00692408
        1395    -5.30707    -5.62021  0.00692276
        1396     -5.2899    -5.61997  0.00692184
        1397    -5.30168    -5.61975  0.00692063
        1398    -5.29977    -5.61952  0.00691947
        1399    -5.29984    -5.61929  0.00691829
        1400    -5.28621    -5.61905  0.00691744
        1401    -5.29634    -5.61882  0.00691634
        1402     -5.3045     -5.6186  0.00691504
        1403    -5.31841    -5.61838  0.00691342
        1404     -5.2929    -5.61815  0.00691238
        1405    -5.29466    -5.61792  0.00691129
        1406    -5.31049     -5.6177  0.00690984
        1407    -5.28637    -5.61747  0.00690894
        1408    -5.27666    -5.61722  0.00690827
        1409    -5.27629    -5.61698   0.0069076
        1410    -5.27732    -5.61674   0.0069069
        1411    -5.27861     -5.6165  0.00690616
        1412    -5.29782    -5.61628  0.00690496
        1413    -5.29242    -5.61605  0.00690388
        1414    -5.29107    -5.61582  0.00690282
        1415    -5.28592    -5.61558  0.00690187
        1416    -5.27755    -5.61535  0.00690113
        1417    -5.27578    -5.61511  0.00690042
        1418    -5.27455    -5.61487  0.00689973
        1419    -5.26458    -5.61462  0.00689928
        1420    -5.27625    -5.61438  0.00689854
        1421    -5.26595    -5.61414  0.00689804
        1422    -5.26487    -5.61389  0.00689756
        1423    -5.27481    -5.61365  0.00689683
        1424    -5.29376    -5.61343  0.00689564
        1425    -5.29733     -5.6132  0.00689437
        1426    -5.28155    -5.61297  0.00689346
        1427    -5.28526    -5.61274  0.00689245
        1428    -5.28644    -5.61251  0.00689141
        1429    -5.28859    -5.61229  0.00689031
        1430    -5.28963    -5.61206  0.00688919
        1431    -5.30161    -5.61184  0.00688779
        1432    -5.28458    -5.61162  0.00688677
        1433    -5.30142     -5.6114  0.00688537
        1434      -5.304    -5.61119   0.0068839
        1435    -5.28522    -5.61096  0.00688285
        1436    -5.29876    -5.61074  0.00688149
        1437    -5.29206    -5.61052  0.00688027
        1438    -5.28413    -5.61029  0.00687923
        1439    -5.30445    -5.61008  0.00687773
        1440    -5.29813    -5.60986  0.00687637
        1441    -5.28701    -5.60964  0.00687524
        1442    -5.29685    -5.60942   0.0068739
        1443    -5.29565     -5.6092  0.00687257
        1444    -5.31003      -5.609  0.00687094
        1445    -5.30836    -5.60879  0.00686933
        1446    -5.30207    -5.60858  0.00686785
        1447    -5.30721    -5.60837  0.00686626
        1448    -5.27446    -5.60814  0.00686539
        1449    -5.26983    -5.60791  0.00686462
        1450    -5.26941    -5.60767  0.00686386
        1451    -5.30321    -5.60746  0.00686233
        1452    -5.31452    -5.60726  0.00686057
        1453    -5.32081    -5.60706  0.00685868
        1454    -5.30112    -5.60685  0.00685719
        1455    -5.27519    -5.60662  0.00685627
        1456    -5.26603    -5.60639  0.00685555
        1457    -5.29204    -5.60617  0.00685424
        1458    -5.28202    -5.60595  0.00685314
        1459    -5.26716    -5.60572  0.00685238
        1460    -5.24217    -5.60547  0.00685221
        1461    -5.24664    -5.60523  0.00685192
        1462    -5.26155    -5.60499  0.00685126
        1463    -5.24178    -5.60474  0.00685107
        1464    -5.24905     -5.6045   0.0068507
        1465    -5.27207    -5.60427  0.00684978
        1466    -5.27557    -5.60405  0.00684878
        1467    -5.25482    -5.60381  0.00684825
        1468    -5.28024    -5.60359  0.00684713
        1469     -5.2884    -5.60338  0.00684583
        1470    -5.29067    -5.60316  0.00684447
        1471    -5.28775    -5.60295  0.00684318
        1472    -5.29836    -5.60274  0.00684166
        1473    -5.28562    -5.60253   0.0068404
        1474     -5.2776    -5.60231  0.00683931
        1475    -5.27752    -5.60209  0.00683822
        1476     -5.2818    -5.60187  0.00683703
        1477    -5.27925    -5.60165  0.00683589
        1478    -5.25515    -5.60142  0.00683528
        1479    -5.25367    -5.60118   0.0068347
        1480    -5.24359    -5.60094  0.00683435
        1481    -5.23501    -5.60069   0.0068342
        1482    -5.22114    -5.60044  0.00683439
        1483    -5.26873    -5.60021  0.00683344
        1484    -5.26376    -5.59999  0.00683259
        1485    -5.26322    -5.59976  0.00683175
        1486    -5.24731    -5.59952  0.00683127
        1487    -5.23205    -5.59927  0.00683115
        1488    -5.21933    -5.59902  0.00683133
        1489    -5.20848    -5.59876  0.00683177
        1490    -5.22705    -5.59851  0.00683174
        1491     -5.2311    -5.59826   0.0068316
        1492    -5.24049    -5.59802  0.00683123
        1493      -5.245    -5.59778  0.00683075
        1494    -5.22389    -5.59753  0.00683076
        1495    -5.22739    -5.59729  0.00683067
        1496    -5.23643    -5.59705  0.00683036
        1497    -5.25261    -5.59682  0.00682968
        1498    -5.23078    -5.59657  0.00682949
        1499    -5.22403    -5.59632  0.00682945
        1500    -5.21217    -5.59607   0.0068297
        1501    -5.23281    -5.59582  0.00682943
        1502     -5.2306    -5.59558  0.00682921
        1503    -5.23655    -5.59534  0.00682885
        1504    -5.28181    -5.59513  0.00682749
        1505    -5.27589    -5.59492  0.00682625
        1506    -5.27404    -5.59471  0.00682504
        1507    -5.25247    -5.59448  0.00682429
        1508     -5.2571    -5.59426  0.00682343
        1509     -5.2494    -5.59403  0.00682273
        1510    -5.24521     -5.5938  0.00682212
        1511    -5.23173    -5.59356  0.00682181
        1512    -5.23878    -5.59332  0.00682134
        1513    -5.25416     -5.5931  0.00682051
        1514    -5.24959    -5.59287  0.00681978
        1515    -5.25924    -5.59265  0.00681883
        1516    -5.26635    -5.59244  0.00681773
        1517    -5.26105    -5.59222  0.00681673
        1518    -5.26195      -5.592  0.00681572
        1519    -5.27382    -5.59179  0.00681445
        1520     -5.2832    -5.59159  0.00681299
        1521     -5.3046     -5.5914  0.00681112
        1522    -5.29114     -5.5912   0.0068095
        1523    -5.29338    -5.59101  0.00680784
        1524    -5.30855    -5.59082  0.00680589
        1525    -5.31106    -5.59064   0.0068039
        1526    -5.30397    -5.59045  0.00680204
        1527    -5.29957    -5.59026  0.00680025
        1528    -5.30222    -5.59007  0.00679841
        1529    -5.29553    -5.58988  0.00679669
        1530    -5.30569    -5.58969  0.00679479
        1531    -5.30445    -5.58951   0.0067929
        1532    -5.30013    -5.58932   0.0067911
        1533    -5.29659    -5.58913  0.00678935
        1534    -5.32687    -5.58896  0.00678708
        1535     -5.3273    -5.58879  0.00678479
        1536    -5.32798    -5.58862   0.0067825
        1537    -5.33333    -5.58845  0.00678012
        1538    -5.33186    -5.58828  0.00677777
        1539    -5.32931    -5.58811  0.00677545
        1540    -5.32194    -5.58794  0.00677326
        1541    -5.32014    -5.58777  0.00677109
        1542    -5.32436     -5.5876  0.00676885
        1543     -5.3339    -5.58743  0.00676646
        1544    -5.33086    -5.58727  0.00676412
        1545    -5.30137    -5.58708  0.00676227
        1546    -5.28795    -5.58689  0.00676067
        1547    -5.27978    -5.58669  0.00675921
        1548    -5.26297    -5.58648  0.00675808
        1549    -5.24499    -5.58626  0.00675731
        1550    -5.22739    -5.58603  0.00675691
        1551    -5.23553     -5.5858  0.00675634
        1552    -5.23222    -5.58557  0.00675582
        1553    -5.23526    -5.58535  0.00675524
        1554    -5.26057    -5.58514  0.00675412
        1555    -5.26975    -5.58494  0.00675282
        1556    -5.27412    -5.58474  0.00675144
        1557    -5.29059    -5.58455  0.00674974
        1558    -5.25682    -5.58434  0.00674869
        1559    -5.28334    -5.58415  0.00674712
        1560    -5.29076    -5.58396  0.00674542
        1561     -5.3007    -5.58378  0.00674354
        1562    -5.27715    -5.58358  0.00674208
        1563    -5.25224    -5.58337  0.00674109
        1564     -5.2451    -5.58315  0.00674025
        1565     -5.2471    -5.58294  0.00673936
        1566    -5.23493    -5.58271  0.00673872
        1567    -5.24389     -5.5825  0.00673789
        1568    -5.24299    -5.58228  0.00673707
        1569    -5.25217    -5.58207  0.00673606
        1570    -5.24937    -5.58186  0.00673511
        1571    -5.25336    -5.58165  0.00673406
        1572    -5.24277    -5.58143  0.00673323
        1573    -5.25156    -5.58122  0.00673221
        1574    -5.24424    -5.58101  0.00673134
        1575    -5.23995    -5.58079  0.00673055
        1576    -5.23495    -5.58057  0.00672985
        1577    -5.24872    -5.58036  0.00672888
        1578    -5.25992    -5.58016  0.00672768
        1579     -5.2531    -5.57995   0.0067266
        1580    -5.23127    -5.57973  0.00672596
        1581    -5.25109    -5.57953  0.00672492
        1582    -5.22268     -5.5793  0.00672445
        1583    -5.21176    -5.57907  0.00672421
        1584    -5.21677    -5.57884  0.00672386
        1585    -5.21915    -5.57861  0.00672344
        1586    -5.19839    -5.57837  0.00672347
        1587    -5.18682    -5.57813  0.00672376
        1588     -5.2325    -5.57791  0.00672305
        1589    -5.24062     -5.5777  0.00672217
        1590    -5.26361     -5.5775  0.00672084
        1591    -5.26389     -5.5773  0.00671951
        1592    -5.28237    -5.57712  0.00671784
        1593    -5.29993    -5.57694  0.00671588
        1594    -5.29516    -5.57676  0.00671399
        1595    -5.27207    -5.57657   0.0067125
        1596    -5.26556    -5.57638  0.00671112
        1597    -5.28804     -5.5762  0.00670935
        1598    -5.28254    -5.57601  0.00670766
        1599    -5.27432    -5.57583  0.00670612
        1600    -5.26812    -5.57563  0.00670469
        1601    -5.27778    -5.57545  0.00670308
        1602    -5.29592    -5.57527  0.00670117
        1603    -5.29972     -5.5751  0.00669919
        1604    -5.28614    -5.57492  0.00669744
        1605     -5.2776    -5.57474  0.00669583
        1606    -5.25666    -5.57454  0.00669459
        1607    -5.26001    -5.57434  0.00669328
        1608    -5.25286    -5.57414   0.0066921
        1609    -5.23859    -5.57393  0.00669119
        1610    -5.27008    -5.57374   0.0066897
        1611    -5.29234    -5.57357  0.00668782
        1612    -5.28164    -5.57339  0.00668613
        1613    -5.27433     -5.5732  0.00668455
        1614    -5.27181    -5.57302  0.00668302
        1615    -5.27008    -5.57283  0.00668151
        1616    -5.28629    -5.57265  0.00667973
        1617    -5.27737    -5.57247   0.0066781
        1618    -5.26245    -5.57228  0.00667672
        1619     -5.3029    -5.57211  0.00667466
        1620    -5.30003    -5.57194  0.00667266
        1621     -5.2819    -5.57176  0.00667094
        1622    -5.26559    -5.57158   0.0066695
        1623    -5.24509    -5.57137  0.00666842
        1624    -5.24868    -5.57118  0.00666727
        1625    -5.26692    -5.57099   0.0066658
        1626    -5.26724     -5.5708  0.00666432
        1627    -5.27104    -5.57062  0.00666277
        1628     -5.2661    -5.57043   0.0066613
        1629    -5.27492    -5.57025  0.00665968
        1630    -5.27355    -5.57007  0.00665808
        1631    -5.28654    -5.56989  0.00665627
        1632    -5.27459    -5.56971  0.00665465
        1633    -5.26846    -5.56953  0.00665313
        1634    -5.26433    -5.56934  0.00665168
        1635    -5.26046    -5.56915  0.00665029
        1636    -5.25197    -5.56896  0.00664905
        1637    -5.25524    -5.56877  0.00664775
        1638    -5.27023    -5.56858  0.00664619
        1639     -5.2612     -5.5684  0.00664478
        1640    -5.27902    -5.56822  0.00664307
        1641    -5.27728    -5.56804  0.00664139
        1642    -5.26725    -5.56786  0.00663987
        1643    -5.25792    -5.56767  0.00663851
        1644     -5.2802     -5.5675  0.00663678
        1645    -5.29029    -5.56733  0.00663488
        1646    -5.28184    -5.56715  0.00663312
        1647    -5.27498    -5.56698  0.00663146
        1648    -5.27934     -5.5668  0.00662973
        1649    -5.26508    -5.56662  0.00662824
        1650    -5.24034    -5.56642  0.00662717
        1651    -5.24509    -5.56623  0.00662601
        1652    -5.21052    -5.56601   0.0066255
        1653    -5.22839    -5.56581  0.00662464
        1654     -5.2083    -5.56559  0.00662416
        1655    -5.19379    -5.56537  0.00662396
        1656    -5.19571    -5.56514  0.00662372
        1657      -5.194    -5.56492  0.00662351
        1658    -5.17893    -5.56469  0.00662361
        1659    -5.23793    -5.56449  0.00662254
        1660    -5.25044     -5.5643  0.00662126
        1661    -5.26688    -5.56412  0.00661969
        1662    -5.27408    -5.56395  0.00661801
        1663    -5.26753    -5.56377  0.00661643
        1664    -5.26052    -5.56359  0.00661496
        1665    -5.24517     -5.5634  0.00661375
        1666    -5.22479    -5.56319   0.0066129
        1667    -5.22693    -5.56299  0.00661201
        1668     -5.1976    -5.56277  0.00661168
        1669    -5.21582    -5.56256  0.00661098
        1670    -5.20784    -5.56235  0.00661043
        1671    -5.22143    -5.56215  0.00660963
        1672    -5.23987    -5.56195  0.00660848
        1673    -5.20222    -5.56174  0.00660803
        1674    -5.19555    -5.56152   0.0066077
        1675    -5.23674    -5.56133   0.0066066
        1676    -5.24888    -5.56114  0.00660529
        1677     -5.2561    -5.56096  0.00660385
        1678    -5.26488    -5.56078  0.00660228
        1679    -5.26296     -5.5606  0.00660073
        1680    -5.26431    -5.56043  0.00659915
        1681     -5.2462    -5.56024  0.00659787
        1682    -5.25156    -5.56006   0.0065965
        1683    -5.24706    -5.55987  0.00659521
        1684    -5.26354     -5.5597  0.00659364
        1685    -5.25946    -5.55952  0.00659213
        1686    -5.26061    -5.55934   0.0065906
        1687    -5.25284    -5.55916   0.0065892
        1688    -5.25393    -5.55898  0.00658778
        1689    -5.24368    -5.55879  0.00658652
        1690     -5.2265    -5.55859  0.00658556
        1691    -5.24807    -5.55841  0.00658422
        1692    -5.24712    -5.55823   0.0065829
        1693     -5.2413    -5.55804  0.00658167
        1694    -5.22819    -5.55784  0.00658067
        1695    -5.22448    -5.55765  0.00657973
        1696    -5.23368    -5.55746  0.00657862
        1697    -5.23347    -5.55727  0.00657751
        1698    -5.24811    -5.55708  0.00657616
        1699    -5.26444    -5.55691  0.00657454
        1700    -5.27548    -5.55675  0.00657276
        1701    -5.27036    -5.55658  0.00657105
        1702     -5.2986    -5.55643  0.00656894
        1703    -5.30982    -5.55628  0.00656668
        1704    -5.30408    -5.55613  0.00656449
        1705    -5.29652    -5.55598  0.00656241
        1706    -5.28455    -5.55582  0.00656049
        1707    -5.27514    -5.55566   0.0065587
        1708    -5.28263     -5.5555  0.00655681
        1709    -5.26488    -5.55533  0.00655518
        1710    -5.26106    -5.55516  0.00655361
        1711    -5.27217    -5.55499  0.00655186
        1712    -5.26242    -5.55482  0.00655026
        1713    -5.26625    -5.55465   0.0065486
        1714    -5.25853    -5.55448  0.00654706
        1715    -5.23689    -5.55429  0.00654586
        1716    -5.26093    -5.55412  0.00654428
        1717    -5.25251    -5.55395  0.00654283
        1718    -5.26305    -5.55378  0.00654121
        1719    -5.26206    -5.55361   0.0065396
        1720    -5.24596    -5.55343  0.00653825
        1721    -5.26302    -5.55326  0.00653663
        1722    -5.25753    -5.55309  0.00653509
        1723    -5.22096     -5.5529  0.00653414
        1724    -5.24038    -5.55271  0.00653286
        1725    -5.24213    -5.55253  0.00653155
        1726    -5.24028    -5.55235  0.00653027
        1727    -5.23554    -5.55217  0.00652907
        1728    -5.23548    -5.55199  0.00652786
        1729    -5.22467     -5.5518  0.00652683
        1730    -5.22594    -5.55161  0.00652578
        1731    -5.22931    -5.55142  0.00652466
        1732    -5.22321    -5.55123  0.00652365
        1733    -5.19319    -5.55103  0.00652315
        1734    -5.18618    -5.55082  0.00652278
        1735    -5.20819    -5.55062  0.00652201
        1736    -5.17471     -5.5504  0.00652185
        1737    -5.18984    -5.55019   0.0065214
        1738    -5.19891    -5.54999  0.00652078
        1739    -5.20826     -5.5498  0.00651999
        1740    -5.19273    -5.54959  0.00651947
        1741    -5.20829    -5.54939  0.00651867
        1742    -5.19498    -5.54919   0.0065181
        1743    -5.21721      -5.549  0.00651714
        1744    -5.21575    -5.54881  0.00651621
        1745    -5.22277    -5.54862  0.00651515
        1746    -5.21925    -5.54843  0.00651415
        1747    -5.21922    -5.54825  0.00651315
        1748    -5.21923    -5.54806  0.00651214
        1749    -5.23486    -5.54788  0.00651088
        1750    -5.24948    -5.54771  0.00650939
        1751    -5.25366    -5.54754  0.00650784
        1752    -5.23422    -5.54736  0.00650658
        1753    -5.24084    -5.54719  0.00650522
        1754    -5.25987    -5.54702  0.00650357
        1755    -5.28318    -5.54687   0.0065016
        1756     -5.2992    -5.54673  0.00649943
        1757    -5.31067     -5.5466  0.00649712
        1758    -5.31612    -5.54647  0.00649475
        1759    -5.32511    -5.54634  0.00649227
        1760    -5.32695    -5.54622  0.00648978
        1761    -5.31952    -5.54609  0.00648737
        1762    -5.31819    -5.54596  0.00648498
        1763    -5.32767    -5.54583  0.00648248
        1764    -5.35403    -5.54572  0.00647972
        1765    -5.34992    -5.54561    0.006477
        1766      -5.369    -5.54551   0.0064741
        1767    -5.34922     -5.5454  0.00647139
        1768     -5.3541    -5.54529  0.00646864
        1769    -5.37369     -5.5452  0.00646571
        1770    -5.38445    -5.54511  0.00646269
        1771    -5.35914      -5.545   0.0064599
        1772    -5.36624     -5.5449  0.00645704
        1773    -5.35197    -5.54479  0.00645431
        1774    -5.35227    -5.54468  0.00645159
        1775    -5.37121    -5.54459  0.00644869
        1776    -5.36824    -5.54449  0.00644583
        1777      -5.382    -5.54439  0.00644285
        1778    -5.37993     -5.5443  0.00643989
        1779    -5.36776     -5.5442  0.00643703
        1780    -5.37527    -5.54411  0.00643412
        1781    -5.38165    -5.54402  0.00643115
        1782     -5.3662    -5.54392  0.00642831
        1783    -5.37709    -5.54382  0.00642539
        1784     -5.3728    -5.54373   0.0064225
        1785    -5.36998    -5.54363  0.00641964
        1786    -5.38808    -5.54354  0.00641664
        1787    -5.37751    -5.54345  0.00641372
        1788    -5.37293    -5.54335  0.00641084
        1789    -5.36406    -5.54325  0.00640804
        1790     -5.3527    -5.54315  0.00640535
        1791    -5.34212    -5.54304  0.00640275
        1792    -5.32318    -5.54291  0.00640036
        1793    -5.31324    -5.54279  0.00639807
        1794    -5.30594    -5.54265  0.00639586
        1795     -5.3156    -5.54253  0.00639355
        1796    -5.33706    -5.54241  0.00639102
        1797    -5.33388     -5.5423  0.00638851
        1798    -5.31509    -5.54217  0.00638621
        1799    -5.29408    -5.54203  0.00638415
        1800    -5.28377    -5.54189  0.00638221
        1801    -5.30491    -5.54176  0.00638003
        1802    -5.29044    -5.54162  0.00637801
        1803    -5.30593    -5.54149  0.00637581
        1804    -5.28876    -5.54135  0.00637382
        1805    -5.27688     -5.5412  0.00637197
        1806    -5.28694    -5.54106     0.00637
        1807    -5.28433    -5.54092  0.00636805
        1808    -5.29737    -5.54078  0.00636596
        1809     -5.2826    -5.54064  0.00636404
        1810    -5.28202     -5.5405  0.00636213
        1811    -5.27851    -5.54035  0.00636026
        1812     -5.2937    -5.54022   0.0063582
        1813    -5.29475    -5.54008  0.00635614
        1814    -5.29909    -5.53995  0.00635402
        1815    -5.29734    -5.53981  0.00635193
        1816    -5.30671    -5.53969  0.00634973
        1817    -5.29618    -5.53955  0.00634765
        1818    -5.28285    -5.53941  0.00634572
        1819    -5.30836    -5.53928  0.00634351
        1820     -5.3058    -5.53916  0.00634132
        1821    -5.30456    -5.53903  0.00633914
        1822     -5.3004     -5.5389  0.00633702
        1823    -5.30898    -5.53877   0.0063348
        1824    -5.29855    -5.53864  0.00633269
        1825    -5.30033    -5.53851  0.00633057
        1826    -5.29455    -5.53837  0.00632851
        1827    -5.30095    -5.53824  0.00632638
        1828    -5.31125    -5.53812  0.00632414
        1829    -5.32605      -5.538  0.00632174
        1830    -5.32891    -5.53789  0.00631932
        1831    -5.35704    -5.53779  0.00631664
        1832    -5.36807     -5.5377  0.00631387
        1833    -5.37374    -5.53761  0.00631106
        1834    -5.34542     -5.5375  0.00630849
        1835    -5.33461    -5.53739  0.00630602
        1836    -5.33143    -5.53728  0.00630359
        1837    -5.32338    -5.53716  0.00630123
        1838    -5.30655    -5.53704  0.00629905
        1839    -5.30693    -5.53691  0.00629687
        1840     -5.3143    -5.53679  0.00629461
        1841    -5.31117    -5.53667  0.00629238
        1842    -5.28484    -5.53653  0.00629045
        1843      -5.291     -5.5364  0.00628845
        1844    -5.30624    -5.53628  0.00628628
        1845    -5.29412    -5.53614  0.00628424
        1846    -5.28208    -5.53601  0.00628234
        1847    -5.26224    -5.53586  0.00628069
        1848    -5.26932    -5.53571  0.00627895
        1849    -5.28796    -5.53558  0.00627698
        1850     -5.2935    -5.53545  0.00627495
        1851    -5.29791    -5.53532  0.00627287
        1852    -5.30816     -5.5352  0.00627069
        1853    -5.31523    -5.53508  0.00626842
        1854     -5.3373    -5.53497  0.00626595
        1855    -5.33636    -5.53487  0.00626349
        1856    -5.34747    -5.53476  0.00626093
        1857    -5.32844    -5.53465  0.00625854
        1858    -5.33237    -5.53454  0.00625612
        1859    -5.32143    -5.53443   0.0062538
        1860     -5.3423    -5.53433   0.0062513
        1861    -5.38263    -5.53425  0.00624847
        1862    -5.36196    -5.53415   0.0062458
        1863    -5.36686    -5.53406  0.00624309
        1864     -5.3644    -5.53397   0.0062404
        1865    -5.35293    -5.53388  0.00623781
        1866    -5.36513    -5.53378  0.00623513
        1867    -5.36956     -5.5337  0.00623241
        1868    -5.35202     -5.5336  0.00622983
        1869     -5.3497     -5.5335  0.00622727
        1870    -5.35594    -5.53341  0.00622467
        1871    -5.35766    -5.53331  0.00622205
        1872    -5.36846    -5.53322  0.00621935
        1873    -5.38845    -5.53315  0.00621651
        1874    -5.39624    -5.53307  0.00621362
        1875    -5.39793      -5.533  0.00621072
        1876    -5.40815    -5.53294  0.00620777
        1877    -5.43285    -5.53288  0.00620469
        1878    -5.43905    -5.53283  0.00620159
        1879    -5.43927    -5.53278  0.00619849
        1880    -5.44422    -5.53273  0.00619537
        1881    -5.43713    -5.53268  0.00619228
        1882    -5.43984    -5.53263  0.00618919
        1883    -5.43733    -5.53258  0.00618611
        1884    -5.44272    -5.53254  0.00618301
        1885    -5.42749    -5.53248  0.00617998
        1886    -5.43247    -5.53243  0.00617693
        1887    -5.46486    -5.53239  0.00617376
        1888    -5.45155    -5.53235  0.00617064
        1889    -5.44425     -5.5323  0.00616755
        1890    -5.41365    -5.53224  0.00616461
        1891    -5.41181    -5.53218  0.00616168
        1892    -5.42243    -5.53212  0.00615869
        1893     -5.4044    -5.53205  0.00615581
        1894    -5.41361    -5.53199  0.00615288
        1895    -5.39905    -5.53192  0.00615003
        1896    -5.39915    -5.53185  0.00614718
        1897    -5.39151    -5.53177  0.00614439
        1898    -5.42295    -5.53172  0.00614142
        1899    -5.41875    -5.53166  0.00613847
        1900    -5.41102    -5.53159  0.00613557
        1901    -5.40427    -5.53153  0.00613271
        1902    -5.41359    -5.53146   0.0061298
        1903    -5.41136     -5.5314   0.0061269
        1904    -5.42048    -5.53134  0.00612396
        1905    -5.42673    -5.53129  0.00612099
        1906    -5.43808    -5.53124  0.00611798
        1907    -5.43342    -5.53119  0.00611498
        1908    -5.40818    -5.53112  0.00611212
        1909    -5.43491    -5.53107  0.00610912
        1910    -5.44762    -5.53103  0.00610608
        1911    -5.43496    -5.53098  0.00610309
        1912    -5.42104    -5.53092  0.00610017
        1913    -5.42625    -5.53087  0.00609723
        1914    -5.40917     -5.5308  0.00609438
        1915     -5.4044    -5.53074  0.00609155
        1916    -5.39792    -5.53067  0.00608877
        1917    -5.38355    -5.53059  0.00608607
        1918    -5.39287    -5.53052  0.00608332
        1919    -5.40556    -5.53045   0.0060805
        1920    -5.39075    -5.53038  0.00607777
        1921    -5.40183    -5.53031  0.00607497
        1922    -5.41208    -5.53025  0.00607213
        1923    -5.41097    -5.53019  0.00606928
        1924    -5.41176    -5.53013  0.00606644
        1925    -5.41684    -5.53007  0.00606358
        1926    -5.42265    -5.53002  0.00606068
        1927    -5.41731    -5.52996  0.00605782
        1928     -5.4095    -5.52989    0.006055
        1929    -5.42906    -5.52984  0.00605209
        1930    -5.43046    -5.52979  0.00604917
        1931    -5.43082    -5.52974  0.00604626
        1932    -5.41082    -5.52968  0.00604344
        1933    -5.43829    -5.52963   0.0060405
        1934    -5.42714    -5.52958  0.00603761
        1935    -5.41791    -5.52952  0.00603476
        1936    -5.40957    -5.52946  0.00603196
        1937    -5.38532    -5.52938  0.00602931
        1938    -5.37801    -5.52931   0.0060267
        1939    -5.38392    -5.52923  0.00602406
        1940    -5.40836    -5.52917  0.00602128
        1941    -5.41551    -5.52911  0.00601846
        1942    -5.40385    -5.52904  0.00601571
        1943    -5.41886    -5.52899  0.00601288
        1944    -5.40367    -5.52892  0.00601013
        1945     -5.3931    -5.52885  0.00600745
        1946    -5.39698    -5.52879  0.00600474
        1947    -5.40593    -5.52872  0.00600199
        1948    -5.41137    -5.52866  0.00599921
        1949    -5.41635     -5.5286  0.00599641
        1950    -5.45257    -5.52857  0.00599346
        1951    -5.45927    -5.52853  0.00599049
        1952     -5.4697     -5.5285   0.0059875
        1953    -5.45767    -5.52846  0.00598455
        1954    -5.44963    -5.52842  0.00598162
        1955    -5.45077    -5.52838  0.00597869
        1956    -5.45355    -5.52835  0.00597576
        1957    -5.44639     -5.5283  0.00597285
        1958    -5.44552    -5.52826  0.00596995
        1959    -5.43745    -5.52822  0.00596708
        1960    -5.43097    -5.52817  0.00596424
        1961    -5.40924     -5.5281  0.00596151
        1962    -5.40775    -5.52804  0.00595879
        1963    -5.41138    -5.52798  0.00595605
        1964    -5.38978    -5.52791  0.00595343
        1965    -5.38598    -5.52784  0.00595084
        1966    -5.37838    -5.52777   0.0059483
        1967    -5.40365     -5.5277  0.00594561
        1968    -5.36885    -5.52762  0.00594314
        1969    -5.36716    -5.52754  0.00594068
        1970    -5.37756    -5.52746  0.00593815
        1971    -5.37144    -5.52738  0.00593566
        1972    -5.35704     -5.5273  0.00593328
        1973      -5.369    -5.52722  0.00593082
        1974    -5.37291    -5.52714  0.00592833
        1975    -5.38861    -5.52707  0.00592574
        1976    -5.37646    -5.52699  0.00592323
        1977     -5.3606    -5.52691  0.00592083
        1978    -5.34781    -5.52682  0.00591853
        1979    -5.34197    -5.52673  0.00591628
        1980    -5.32689    -5.52662  0.00591415
        1981    -5.30234    -5.52651  0.00591225
        1982    -5.31064     -5.5264  0.00591027
        1983    -5.31053    -5.52629  0.00590829
        1984    -5.30428    -5.52618  0.00590637
        1985    -5.30819    -5.52607  0.00590442
        1986    -5.29279    -5.52595  0.00590261
        1987    -5.29686    -5.52584  0.00590077
        1988    -5.29103    -5.52572  0.00589898
        1989    -5.26227    -5.52559  0.00589751
        1990    -5.25958    -5.52546  0.00589606
        1991     -5.2616    -5.52532  0.00589458
        1992    -5.25294    -5.52519  0.00589321
        1993    -5.24003    -5.52504  0.00589199
        1994    -5.22654    -5.52489  0.00589094
        1995    -5.25304    -5.52476  0.00588956
        1996    -5.24484    -5.52462  0.00588828
        1997    -5.26399    -5.52449  0.00588678
        1998    -5.26988    -5.52436  0.00588521
        1999     -5.2565    -5.52422  0.00588379
        2000    -5.26009    -5.52409  0.00588233
        2001    -5.26965    -5.52397  0.00588076
        2002    -5.26785    -5.52384  0.00587922
        2003    -5.27134    -5.52371  0.00587763
        2004    -5.27471    -5.52359  0.00587601
        2005    -5.28073    -5.52347  0.00587433
        2006    -5.30487    -5.52336  0.00587241
        2007    -5.30741    -5.52325  0.00587047
        2008    -5.31132    -5.52314   0.0058685
        2009    -5.30518    -5.52304  0.00586658
        2010    -5.31287    -5.52293  0.00586459
        2011    -5.31702    -5.52283  0.00586257
        2012    -5.31858    -5.52273  0.00586054
        2013     -5.3252    -5.52263  0.00585845
        2014    -5.33797    -5.52254  0.00585626
        2015    -5.35535    -5.52245  0.00585394
        2016    -5.34008    -5.52236  0.00585173
        2017    -5.31286    -5.52226  0.00584975
        2018    -5.31171    -5.52216  0.00584778
        2019    -5.31274    -5.52205  0.00584581
        2020    -5.32276    -5.52195  0.00584375
        2021    -5.32887    -5.52186  0.00584164
        2022    -5.34818    -5.52177  0.00583938
        2023    -5.35202    -5.52169  0.00583709
        2024    -5.35738    -5.52161  0.00583477
        2025    -5.37248    -5.52153  0.00583236
        2026    -5.37645    -5.52146  0.00582992
        2027    -5.39017     -5.5214   0.0058274
        2028    -5.36283    -5.52132  0.00582505
        2029    -5.37132    -5.52124  0.00582265
        2030    -5.38152    -5.52118  0.00582019
        2031    -5.38184    -5.52111  0.00581773
        2032     -5.3806    -5.52104  0.00581528
        2033    -5.38141    -5.52097  0.00581282
        2034     -5.3807     -5.5209  0.00581037
        2035    -5.37597    -5.52083  0.00580795
        2036    -5.38537    -5.52076  0.00580548
        2037    -5.39009     -5.5207  0.00580299
        2038    -5.40695    -5.52064  0.00580041
        2039    -5.41984    -5.52059  0.00579777
        2040    -5.40631    -5.52054   0.0057952
        2041    -5.40724    -5.52048  0.00579263
        2042    -5.41312    -5.52043  0.00579003
        2043    -5.41132    -5.52038  0.00578744
        2044    -5.39468    -5.52031  0.00578494
        2045    -5.37502    -5.52024  0.00578255
        2046    -5.37202    -5.52017  0.00578017
        2047    -5.35987    -5.52009  0.00577788
        2048    -5.34035       -5.52  0.00577573
        2049    -5.32203    -5.51991  0.00577372
        2050    -5.31268    -5.51981  0.00577178
        2051    -5.31728    -5.51971  0.00576981
        2052     -5.3303    -5.51962  0.00576774
        2053    -5.30521    -5.51951  0.00576588
        2054    -5.33017    -5.51942  0.00576381
        2055    -5.32334    -5.51932  0.00576179
        2056    -5.30852    -5.51922   0.0057599
        2057    -5.31738    -5.51912  0.00575794
        2058    -5.31472    -5.51902    0.005756
        2059    -5.31342    -5.51892  0.00575407
        2060    -5.29174    -5.51881  0.00575233
        2061    -5.30142    -5.51871  0.00575051
        2062    -5.28223    -5.51859  0.00574886
        2063      -5.297    -5.51849  0.00574708
        2064    -5.29138    -5.51838  0.00574535
        2065    -5.27478    -5.51826  0.00574377
        2066    -5.25575    -5.51813   0.0057424
        2067    -5.25015      -5.518  0.00574108
        2068    -5.23319    -5.51786  0.00573996
        2069    -5.23139    -5.51773  0.00573886
        2070    -5.22285    -5.51758  0.00573785
        2071    -5.23501    -5.51745   0.0057367
        2072    -5.25617    -5.51732  0.00573532
        2073     -5.2412    -5.51719   0.0057341
        2074    -5.24127    -5.51705  0.00573288
        2075    -5.22028    -5.51691   0.0057319
        2076     -5.2057    -5.51676   0.0057311
        2077      -5.211    -5.51661  0.00573023
        2078    -5.20487    -5.51646  0.00572943
        2079    -5.20597    -5.51631  0.00572862
        2080    -5.20398    -5.51616  0.00572784
        2081    -5.21526    -5.51602  0.00572691
        2082    -5.23645    -5.51589  0.00572573
        2083    -5.26005    -5.51576   0.0057243
        2084    -5.28221    -5.51565  0.00572265
        2085    -5.28348    -5.51554  0.00572099
        2086     -5.3085    -5.51544  0.00571911
        2087    -5.30149    -5.51534  0.00571729
        2088    -5.30869    -5.51524  0.00571541
        2089    -5.30958    -5.51514  0.00571352
        2090    -5.33362    -5.51505  0.00571144
        2091    -5.32284    -5.51496  0.00570945
        2092    -5.31555    -5.51487  0.00570752
        2093    -5.33906    -5.51478  0.00570541
        2094    -5.33035    -5.51469  0.00570337
        2095    -5.31817     -5.5146  0.00570141
        2096    -5.32072    -5.51451  0.00569944
        2097     -5.3252    -5.51442  0.00569744
        2098    -5.32262    -5.51433  0.00569546
        2099    -5.32785    -5.51424  0.00569344
        2100    -5.31052    -5.51414  0.00569155
        2101    -5.32304    -5.51405  0.00568957
        2102    -5.33195    -5.51396  0.00568752
        2103    -5.31786    -5.51387  0.00568558
        2104    -5.31303    -5.51377  0.00568368
        2105    -5.29514    -5.51367  0.00568193
        2106    -5.31155    -5.51357  0.00568004
        2107    -5.30401    -5.51347  0.00567822
        2108    -5.29953    -5.51337  0.00567643
        2109    -5.28808    -5.51327  0.00567475
        2110    -5.27454    -5.51315  0.00567318
        2111    -5.28203    -5.51304  0.00567155
        2112    -5.30243    -5.51294  0.00566974
        2113    -5.29597    -5.51284  0.00566799
        2114    -5.29209    -5.51274  0.00566627
        2115    -5.29724    -5.51263  0.00566451
        2116    -5.27632    -5.51252  0.00566293
        2117    -5.30554    -5.51243   0.0056611
        2118    -5.27633    -5.51231  0.00565953
        2119    -5.25048    -5.51219   0.0056582
        2120    -5.24613    -5.51206  0.00565693
        2121    -5.25395    -5.51194  0.00565557
        2122    -5.27257    -5.51183  0.00565403
        2123    -5.27829    -5.51172  0.00565244
        2124    -5.28671    -5.51161  0.00565077
        2125    -5.30333    -5.51152  0.00564896
        2126    -5.30252    -5.51142  0.00564716
        2127    -5.29516    -5.51132  0.00564542
        2128    -5.29227    -5.51121   0.0056437
        2129    -5.29061    -5.51111    0.005642
        2130    -5.27683      -5.511  0.00564042
        2131    -5.29822     -5.5109  0.00563866
        2132    -5.31842    -5.51081  0.00563674
        2133    -5.33253    -5.51073  0.00563472
        2134    -5.32363    -5.51064  0.00563276
        2135    -5.33907    -5.51056  0.00563069
        2136    -5.34229    -5.51048  0.00562861
        2137    -5.31886    -5.51039  0.00562669
        2138    -5.31265     -5.5103  0.00562482
        2139    -5.32602    -5.51021  0.00562285
        2140    -5.33227    -5.51013  0.00562083
        2141    -5.30975    -5.51003  0.00561899
        2142    -5.32043    -5.50995  0.00561706
        2143    -5.33704    -5.50986  0.00561502
        2144    -5.35403    -5.50979  0.00561287
        2145    -5.35769    -5.50972   0.0056107
        2146    -5.37333    -5.50966  0.00560845
        2147     -5.3629    -5.50959  0.00560625
        2148    -5.36246    -5.50952  0.00560406
        2149    -5.33885    -5.50944  0.00560202
        2150    -5.35031    -5.50937   0.0055999
        2151    -5.35432     -5.5093  0.00559776
        2152    -5.33261    -5.50921  0.00559576
        2153    -5.34774    -5.50914  0.00559366
        2154    -5.35364    -5.50907  0.00559153
        2155    -5.35173    -5.50899  0.00558942
        2156    -5.35374    -5.50892  0.00558729
        2157    -5.35719    -5.50885  0.00558514
        2158    -5.35932    -5.50878  0.00558298
        2159    -5.37676    -5.50872  0.00558073
        2160    -5.34998    -5.50865  0.00557863
        2161    -5.37185    -5.50858  0.00557641
        2162    -5.39653    -5.50853  0.00557407
        2163    -5.41105    -5.50849  0.00557167
        2164    -5.40183    -5.50844  0.00556932
        2165    -5.40705    -5.50839  0.00556694
        2166     -5.4216    -5.50835  0.00556452
        2167    -5.40792     -5.5083  0.00556214
        2168    -5.41553    -5.50826  0.00555974
        2169    -5.42485    -5.50822  0.00555731
        2170    -5.38253    -5.50816  0.00555505
        2171    -5.37158     -5.5081  0.00555285
        2172    -5.38013    -5.50804   0.0055506
        2173    -5.38971    -5.50799  0.00554832
        2174     -5.3842    -5.50793  0.00554606
        2175    -5.36567    -5.50787  0.00554389
        2176    -5.36695     -5.5078  0.00554172
        2177    -5.36936    -5.50774  0.00553954
        2178    -5.34451    -5.50766  0.00553751
        2179    -5.31965    -5.50758  0.00553564
        2180    -5.32058    -5.50749  0.00553376
        2181    -5.29435    -5.50739  0.00553209
        2182    -5.30793     -5.5073  0.00553031
        2183    -5.31739    -5.50721  0.00552846
        2184    -5.30307    -5.50712  0.00552672
        2185    -5.28363    -5.50702  0.00552513
        2186    -5.29115    -5.50692  0.00552349
        2187    -5.28499    -5.50682   0.0055219
        2188    -5.27434    -5.50671  0.00552039
        2189    -5.26234     -5.5066    0.005519
        2190     -5.2765     -5.5065  0.00551748
        2191    -5.29175     -5.5064  0.00551583
        2192     -5.2979     -5.5063  0.00551414
        2193     -5.2741     -5.5062  0.00551264
        2194    -5.25764    -5.50608  0.00551129
        2195    -5.27844    -5.50598  0.00550976
        2196    -5.28369    -5.50588  0.00550818
        2197    -5.27079    -5.50577  0.00550671
        2198    -5.28066    -5.50567  0.00550516
        2199    -5.26575    -5.50556  0.00550373
        2200    -5.26556    -5.50545  0.00550231
        2201    -5.26762    -5.50534  0.00550087
        2202    -5.27412    -5.50524  0.00549938
        2203    -5.27271    -5.50513  0.00549789
        2204    -5.28376    -5.50503  0.00549632
        2205    -5.27454    -5.50493  0.00549482
        2206    -5.26389    -5.50482  0.00549341
        2207    -5.27115    -5.50471  0.00549194
        2208    -5.28178    -5.50461  0.00549039
        2209    -5.26488     -5.5045  0.00548897
        2210    -5.25971    -5.50439  0.00548761
        2211     -5.2408    -5.50427  0.00548642
        2212      -5.256    -5.50416  0.00548509
        2213    -5.24776    -5.50404  0.00548383
        2214    -5.26095    -5.50393  0.00548245
        2215    -5.25483    -5.50382  0.00548113
        2216    -5.23517     -5.5037     0.00548
        2217    -5.26018    -5.50359  0.00547863
        2218    -5.27199    -5.50349  0.00547715
        2219    -5.25617    -5.50338  0.00547582
        2220    -5.23533    -5.50325  0.00547468
        2221    -5.25167    -5.50314  0.00547339
        2222    -5.21598    -5.50301  0.00547245
        2223    -5.23816    -5.50289  0.00547129
        2224    -5.23534    -5.50277  0.00547015
        2225    -5.23484    -5.50265  0.00546902
        2226    -5.22936    -5.50253  0.00546794
        2227    -5.21486     -5.5024  0.00546701
        2228    -5.21376    -5.50227  0.00546609
        2229    -5.21032    -5.50214   0.0054652
        2230    -5.19771      -5.502  0.00546446
        2231    -5.17893    -5.50186  0.00546393
        2232     -5.1515     -5.5017  0.00546373
        2233    -5.16598    -5.50155  0.00546336
        2234    -5.15134    -5.50139  0.00546316
        2235    -5.15431    -5.50124  0.00546292
        2236    -5.16853    -5.50109   0.0054625
        2237    -5.17189    -5.50094  0.00546204
        2238    -5.13959    -5.50078  0.00546199
        2239    -5.14926    -5.50062  0.00546181
        2240    -5.16062    -5.50047  0.00546148
        2241    -5.15163    -5.50032  0.00546126
        2242    -5.16096    -5.50017  0.00546092
        2243    -5.19986    -5.50003  0.00546012
        2244    -5.18641    -5.49989  0.00545948
        2245    -5.20274    -5.49976  0.00545865
        2246    -5.20661    -5.49963  0.00545778
        2247      -5.205     -5.4995  0.00545693
        2248     -5.2089    -5.49937  0.00545603
        2249    -5.20513    -5.49924  0.00545517
        2250    -5.23742    -5.49912  0.00545399
        2251    -5.22091      -5.499  0.00545297
        2252    -5.23154    -5.49888  0.00545184
        2253    -5.25439    -5.49877   0.0054505
        2254    -5.25757    -5.49866  0.00544913
        2255    -5.26496    -5.49856   0.0054477
        2256    -5.27603    -5.49846  0.00544618
        2257    -5.27111    -5.49836   0.0054447
        2258    -5.27191    -5.49826  0.00544321
        2259    -5.26933    -5.49816  0.00544174
        2260     -5.2627    -5.49806  0.00544033
        2261    -5.28858    -5.49796  0.00543872
        2262    -5.29198    -5.49787  0.00543707
        2263    -5.28198    -5.49778  0.00543551
        2264    -5.27966    -5.49768  0.00543396
        2265     -5.2722    -5.49758  0.00543247
        2266    -5.28747    -5.49749  0.00543087
        2267    -5.27157    -5.49739  0.00542939
        2268    -5.27881    -5.49729  0.00542785
        2269    -5.30516    -5.49721  0.00542612
        2270      -5.277    -5.49711  0.00542459
        2271     -5.2495      -5.497   0.0054233
        2272    -5.23019    -5.49688  0.00542218
        2273    -5.21053    -5.49676  0.00542126
        2274    -5.21465    -5.49663   0.0054203
        2275    -5.19321     -5.4965  0.00541955
        2276    -5.19557    -5.49637  0.00541879
        2277    -5.18003    -5.49623  0.00541819
        2278    -5.21012     -5.4961  0.00541726
        2279    -5.22117    -5.49598  0.00541623
        2280    -5.23946    -5.49587  0.00541502
        2281    -5.24917    -5.49576  0.00541373
        2282    -5.24516    -5.49565  0.00541247
        2283    -5.27296    -5.49555  0.00541098
        2284    -5.27621    -5.49546  0.00540946
        2285    -5.29209    -5.49537  0.00540783
        2286    -5.29264    -5.49528  0.00540619
        2287    -5.29152    -5.49519  0.00540456
        2288    -5.28835     -5.4951  0.00540295
        2289     -5.2956    -5.49501  0.00540129
        2290    -5.30532    -5.49493  0.00539957
        2291    -5.29983    -5.49485  0.00539789
        2292    -5.29364    -5.49476  0.00539624
        2293    -5.29623    -5.49467  0.00539459
        2294    -5.29587    -5.49458  0.00539293
        2295    -5.31746    -5.49451  0.00539113
        2296     -5.3221    -5.49443  0.00538931
        2297    -5.34349    -5.49437  0.00538736
        2298    -5.35149     -5.4943  0.00538538
        2299    -5.35668    -5.49424  0.00538337
        2300    -5.36117    -5.49419  0.00538134
        2301    -5.35848    -5.49413  0.00537932
        2302    -5.34945    -5.49407  0.00537735
        2303     -5.3482      -5.494  0.00537539
        2304    -5.34391    -5.49394  0.00537345
        2305    -5.33875    -5.49387  0.00537154
        2306    -5.33706     -5.4938  0.00536964
        2307     -5.3366    -5.49373  0.00536775
        2308    -5.34495    -5.49367  0.00536581
        2309    -5.31525    -5.49359  0.00536404
        2310    -5.29691    -5.49351  0.00536239
        2311    -5.30806    -5.49343  0.00536067
        2312    -5.30131    -5.49334    0.005359
        2313    -5.29548    -5.49326  0.00535737
        2314    -5.26102    -5.49316  0.00535599
        2315    -5.24511    -5.49305  0.00535475
        2316    -5.25522    -5.49295  0.00535342
        2317    -5.25705    -5.49285  0.00535208
        2318    -5.28403    -5.49276  0.00535053
        2319     -5.2792    -5.49266  0.00534901
        2320    -5.29101    -5.49258  0.00534741
        2321    -5.31745     -5.4925  0.00534564
        2322    -5.31885    -5.49243  0.00534386
        2323     -5.3168    -5.49235   0.0053421
        2324    -5.31162    -5.49227  0.00534036
        2325    -5.31175     -5.4922  0.00533863
        2326    -5.32126    -5.49212  0.00533684
        2327    -5.30306    -5.49204  0.00533517
        2328    -5.30356    -5.49196  0.00533349
        2329    -5.29359    -5.49187  0.00533188
        2330    -5.29195    -5.49179  0.00533028
        2331    -5.28239     -5.4917  0.00532875
        2332    -5.28652    -5.49161  0.00532719
        2333    -5.29792    -5.49153  0.00532556
        2334     -5.3228    -5.49146  0.00532377
        2335    -5.32494    -5.49138  0.00532196
        2336     -5.3217    -5.49131  0.00532018
        2337    -5.33958    -5.49125   0.0053183
        2338    -5.35083    -5.49119  0.00531637
        2339    -5.38975    -5.49114  0.00531427
        2340    -5.38373     -5.4911   0.0053122
        2341    -5.36261    -5.49104  0.00531021
        2342    -5.34965    -5.49098  0.00530829
        2343    -5.37402    -5.49093  0.00530626
        2344    -5.36461    -5.49088  0.00530427
        2345    -5.37004    -5.49083  0.00530225
        2346    -5.35932    -5.49077  0.00530029
        2347    -5.33641     -5.4907  0.00529844
        2348    -5.35828    -5.49065  0.00529648
        2349    -5.35859    -5.49059  0.00529453
        2350     -5.3503    -5.49053  0.00529261
        2351     -5.3163    -5.49046  0.00529088
        2352    -5.33238    -5.49039  0.00528906
        2353    -5.34538    -5.49033  0.00528717
        2354    -5.35689    -5.49027  0.00528522
        2355    -5.35126    -5.49021  0.00528331
        2356    -5.35493    -5.49016  0.00528138
        2357     -5.3574     -5.4901  0.00527944
        2358    -5.37099    -5.49005  0.00527744
        2359    -5.35552    -5.48999  0.00527551
        2360    -5.36416    -5.48994  0.00527355
        2361    -5.35131    -5.48988  0.00527164
        2362    -5.35071    -5.48982  0.00526974
        2363    -5.33773    -5.48976   0.0052679
        2364    -5.33241    -5.48969  0.00526609
        2365    -5.33165    -5.48962  0.00526429
        2366    -5.36232    -5.48957  0.00526234
        2367     -5.3518    -5.48951  0.00526044
        2368    -5.32864    -5.48944  0.00525866
        2369    -5.34428    -5.48938  0.00525679
        2370    -5.35388    -5.48933  0.00525489
        2371    -5.35414    -5.48927  0.00525298
        2372     -5.3346     -5.4892  0.00525117
        2373    -5.33849    -5.48914  0.00524934
        2374    -5.31411    -5.48907  0.00524765
        2375    -5.34209      -5.489   0.0052458
        2376    -5.31789    -5.48893  0.00524409
        2377    -5.31181    -5.48886  0.00524241
        2378    -5.30585    -5.48878  0.00524077
        2379    -5.30909     -5.4887  0.00523911
        2380    -5.33406    -5.48864  0.00523731
        2381    -5.32477    -5.48857  0.00523557
        2382    -5.33121    -5.48851  0.00523379
        2383    -5.32022    -5.48843  0.00523207
        2384    -5.32264    -5.48836  0.00523033
        2385    -5.32436     -5.4883  0.00522859
        2386    -5.32043    -5.48823  0.00522687
        2387    -5.32759    -5.48816  0.00522512
        2388    -5.33523    -5.48809  0.00522332
        2389    -5.35293    -5.48804  0.00522144
        2390    -5.36332    -5.48799  0.00521952
        2391    -5.36354    -5.48793   0.0052176
        2392     -5.3639    -5.48788  0.00521567
        2393    -5.36172    -5.48783  0.00521376
        2394    -5.34362    -5.48777  0.00521193
        2395    -5.35349    -5.48771  0.00521005
        2396    -5.32983    -5.48765   0.0052083
        2397    -5.31262    -5.48757  0.00520664
        2398    -5.29868     -5.4875  0.00520506
        2399    -5.29535    -5.48742  0.00520351
        2400    -5.29249    -5.48733  0.00520197
        2401    -5.27884    -5.48725  0.00520053
        2402    -5.29518    -5.48717  0.00519898
        2403    -5.32428     -5.4871  0.00519726
        2404    -5.32812    -5.48703  0.00519552
        2405    -5.33359    -5.48697  0.00519375
        2406    -5.31954     -5.4869  0.00519206
        2407    -5.31826    -5.48683  0.00519037
        2408    -5.32588    -5.48676  0.00518865
        2409    -5.34218     -5.4867  0.00518684
        2410    -5.33227    -5.48664  0.00518508
        2411    -5.34612    -5.48658  0.00518326
        2412    -5.33213    -5.48652  0.00518151
        2413    -5.31228    -5.48644  0.00517986
        2414    -5.32976    -5.48638  0.00517812
        2415    -5.28009    -5.48629  0.00517668
        2416     -5.3039    -5.48622  0.00517509
        2417    -5.30557    -5.48614  0.00517349
        2418    -5.30073    -5.48607  0.00517192
        2419    -5.31823      -5.486  0.00517025
        2420    -5.33226    -5.48593   0.0051685
        2421    -5.32037    -5.48587  0.00516682
        2422    -5.31957     -5.4858  0.00516514
        2423    -5.29131    -5.48572  0.00516363
        2424    -5.32405    -5.48565  0.00516193
        2425    -5.31959    -5.48558  0.00516026
        2426     -5.3043    -5.48551  0.00515867
        2427    -5.30508    -5.48543  0.00515708
        2428    -5.30416    -5.48536   0.0051555
        2429    -5.28641    -5.48528  0.00515403
        2430    -5.27945    -5.48519   0.0051526
        2431    -5.28663    -5.48511  0.00515113
        2432    -5.26386    -5.48502  0.00514981
        2433    -5.24434    -5.48492  0.00514865
        2434    -5.22174    -5.48481  0.00514767
        2435    -5.24683    -5.48471  0.00514648
        2436    -5.26351    -5.48462  0.00514517
        2437    -5.28126    -5.48454  0.00514374
        2438    -5.28867    -5.48446  0.00514225
        2439    -5.28983    -5.48438  0.00514076
        2440    -5.26473    -5.48429  0.00513945
        2441    -5.25398     -5.4842  0.00513821
        2442    -5.23967    -5.48409  0.00513708
        2443    -5.23053    -5.48399  0.00513602
        2444    -5.23869    -5.48389   0.0051349
        2445    -5.25367     -5.4838  0.00513367
        2446    -5.25261     -5.4837  0.00513244
        2447    -5.22996     -5.4836  0.00513139
        2448    -5.25041     -5.4835  0.00513017
        2449    -5.23293     -5.4834   0.0051291
        2450    -5.24535     -5.4833  0.00512793
        2451    -5.28351    -5.48322  0.00512648
        2452     -5.2787    -5.48314  0.00512507
        2453    -5.27152    -5.48305  0.00512371
        2454    -5.28397    -5.48297  0.00512226
        2455    -5.27634    -5.48289  0.00512087
        2456     -5.2715     -5.4828   0.0051195
        2457    -5.27204    -5.48272  0.00511814
        2458    -5.29637    -5.48264  0.00511662
        2459    -5.32181    -5.48257  0.00511496
        2460    -5.32173    -5.48251  0.00511329
        2461    -5.30776    -5.48244  0.00511171
        2462    -5.32425    -5.48237  0.00511004
        2463    -5.31125     -5.4823  0.00510843
        2464    -5.31582    -5.48224  0.00510681
        2465    -5.31084    -5.48217  0.00510521
        2466    -5.30939     -5.4821  0.00510362
        2467    -5.30448    -5.48202  0.00510206
        2468    -5.30788    -5.48195  0.00510048
        2469    -5.30251    -5.48188  0.00509893
        2470    -5.29689    -5.48181  0.00509742
        2471    -5.29888    -5.48173  0.00509589
        2472    -5.27225    -5.48165  0.00509454
        2473    -5.26172    -5.48156  0.00509325
        2474    -5.25306    -5.48147  0.00509203
        2475    -5.27397    -5.48138  0.00509066
        2476    -5.26993     -5.4813  0.00508932
        2477    -5.27491    -5.48121  0.00508795
        2478    -5.26086    -5.48113  0.00508667
        2479    -5.25606    -5.48103  0.00508543
        2480    -5.22832    -5.48093   0.0050844
        2481    -5.23065    -5.48083  0.00508335
        2482    -5.20598    -5.48072  0.00508251
        2483    -5.20429    -5.48061  0.00508168
        2484    -5.18578    -5.48049  0.00508102
        2485    -5.21008    -5.48038  0.00508014
        2486    -5.20441    -5.48027  0.00507931
        2487    -5.22076    -5.48017  0.00507834
        2488    -5.21919    -5.48006  0.00507739
        2489    -5.19935    -5.47995   0.0050766
        2490    -5.20233    -5.47984  0.00507578
        2491    -5.19244    -5.47972  0.00507506
        2492    -5.19708    -5.47961  0.00507429
        2493    -5.20343     -5.4795  0.00507346
        2494    -5.21698    -5.47939  0.00507252
        2495    -5.22648    -5.47929   0.0050715
        2496    -5.23592    -5.47919   0.0050704
        2497     -5.2546     -5.4791  0.00506917
        2498    -5.26534    -5.47902  0.00506786
        2499    -5.25926    -5.47893   0.0050666
        2500    -5.26125    -5.47884  0.00506532
        2501    -5.28396    -5.47877  0.00506389
        2502    -5.26579    -5.47868  0.00506259
        2503     -5.2505    -5.47859  0.00506138
        2504    -5.24522     -5.4785  0.00506022
        2505    -5.24295     -5.4784  0.00505907
        2506     -5.2496    -5.47831  0.00505788
        2507    -5.25726    -5.47822  0.00505663
        2508    -5.25326    -5.47813  0.00505541
        2509     -5.2651    -5.47805  0.00505411
        2510    -5.27474    -5.47797  0.00505274
        2511    -5.30382     -5.4779  0.00505121
        2512    -5.31081    -5.47783  0.00504963
        2513     -5.3012    -5.47776  0.00504811
        2514    -5.27864    -5.47768  0.00504673
        2515    -5.25466    -5.47759   0.0050455
        2516    -5.26739    -5.47751  0.00504419
        2517    -5.27998    -5.47743  0.00504279
        2518    -5.25351    -5.47734  0.00504157
        2519    -5.24942    -5.47725  0.00504038
        2520    -5.24675    -5.47716  0.00503921
        2521    -5.25986    -5.47707  0.00503795
        2522     -5.2778    -5.47699  0.00503657
        2523    -5.24515     -5.4769  0.00503542
        2524    -5.24142    -5.47681  0.00503428
        2525    -5.25574    -5.47672  0.00503305
        2526    -5.24622    -5.47663  0.00503189
        2527    -5.23222    -5.47653  0.00503082
        2528    -5.22027    -5.47643  0.00502986
        2529    -5.22467    -5.47633  0.00502885
        2530    -5.20798    -5.47623  0.00502798
        2531    -5.20072    -5.47612  0.00502717
        2532    -5.21048    -5.47601  0.00502628
        2533    -5.19746     -5.4759   0.0050255
        2534    -5.21926     -5.4758  0.00502454
        2535    -5.23624    -5.47571  0.00502345
        2536    -5.24451    -5.47562  0.00502229
        2537    -5.25739    -5.47553  0.00502105
        2538    -5.24567    -5.47544  0.00501989
        2539    -5.23387    -5.47534  0.00501881
        2540    -5.23384    -5.47525  0.00501774
        2541    -5.23087    -5.47515  0.00501668
        2542    -5.20145    -5.47505  0.00501587
        2543    -5.19598    -5.47494  0.00501509
        2544    -5.21762    -5.47483  0.00501414
        2545    -5.21422    -5.47473  0.00501322
        2546    -5.19545    -5.47462  0.00501245
        2547    -5.20586    -5.47452  0.00501159
        2548    -5.21853    -5.47442  0.00501063
        2549    -5.20061    -5.47431  0.00500982
        2550     -5.2031     -5.4742  0.00500898
        2551     -5.1808    -5.47409  0.00500834
        2552     -5.1915    -5.47398   0.0050076
        2553    -5.19929    -5.47387  0.00500679
        2554    -5.20462    -5.47376  0.00500594
        2555    -5.19493    -5.47365  0.00500517
        2556    -5.20382    -5.47355  0.00500433
        2557    -5.21082    -5.47345  0.00500343
        2558    -5.19388    -5.47334  0.00500266
        2559     -5.1908    -5.47323  0.00500193
        2560     -5.2149    -5.47313  0.00500099
        2561    -5.23053    -5.47303  0.00499993
        2562    -5.22272    -5.47293  0.00499894
        2563    -5.24443    -5.47284  0.00499778
        2564    -5.24957    -5.47276  0.00499659
        2565    -5.22388    -5.47266  0.00499559
        2566    -5.20943    -5.47256  0.00499469
        2567    -5.20201    -5.47245  0.00499386
        2568    -5.23046    -5.47236   0.0049928
        2569    -5.20355    -5.47225  0.00499195
        2570    -5.21268    -5.47215  0.00499103
        2571    -5.21321    -5.47205  0.00499011
        2572     -5.2211    -5.47195  0.00498912
        2573    -5.21273    -5.47185   0.0049882
        2574    -5.19084    -5.47174  0.00498746
        2575    -5.19835    -5.47164  0.00498665
        2576    -5.17805    -5.47152  0.00498602
        2577     -5.1912    -5.47142  0.00498527
        2578    -5.19268    -5.47131  0.00498451
        2579    -5.18876     -5.4712  0.00498378
        2580    -5.18842    -5.47109  0.00498305
        2581    -5.19196    -5.47098  0.00498229
        2582    -5.20505    -5.47088  0.00498143
        2583     -5.2109    -5.47078  0.00498052
        2584    -5.20769    -5.47067  0.00497963
        2585    -5.17833    -5.47056  0.00497899
        2586    -5.16734    -5.47044  0.00497844
        2587     -5.1748    -5.47033  0.00497783
        2588     -5.1742    -5.47022  0.00497722
        2589    -5.16195     -5.4701  0.00497672
        2590     -5.1612    -5.46998  0.00497623
        2591    -5.17178    -5.46986  0.00497564
        2592    -5.17725    -5.46975    0.004975
        2593     -5.1587    -5.46963  0.00497453
        2594    -5.17477    -5.46952  0.00497391
        2595    -5.17227     -5.4694  0.00497331
        2596     -5.1807    -5.46929  0.00497264
        2597    -5.18722    -5.46918  0.00497191
        2598    -5.17826    -5.46907  0.00497126
        2599    -5.18388    -5.46896  0.00497056
        2600    -5.20404    -5.46886  0.00496969
        2601    -5.20341    -5.46876  0.00496883
        2602    -5.16449    -5.46864  0.00496829
        2603    -5.18915    -5.46853  0.00496754
        2604    -5.20363    -5.46843  0.00496668
        2605    -5.20128    -5.46833  0.00496583
        2606    -5.18188    -5.46822  0.00496514
        2607    -5.20108    -5.46811  0.00496429
        2608     -5.1946    -5.46801   0.0049635
        2609    -5.20697    -5.46791   0.0049626
        2610    -5.22475    -5.46782  0.00496158
        2611    -5.23465    -5.46773  0.00496048
        2612    -5.23403    -5.46764  0.00495939
        2613    -5.22508    -5.46754  0.00495836
        2614    -5.22253    -5.46745  0.00495735
        2615    -5.22413    -5.46736  0.00495632
        2616    -5.21517    -5.46726  0.00495537
        2617    -5.20981    -5.46716  0.00495445
        2618    -5.16755    -5.46705  0.00495388
        2619    -5.17386    -5.46694  0.00495325
        2620    -5.13446    -5.46681  0.00495299
        2621    -5.10724    -5.46667    0.004953
        2622    -5.08034    -5.46653   0.0049533
        2623    -5.09251    -5.46638  0.00495346
        2624    -5.09484    -5.46624   0.0049536
        2625    -5.09556     -5.4661  0.00495372
        2626    -5.08878    -5.46596  0.00495392
        2627    -5.08113    -5.46581   0.0049542
        2628    -5.10027    -5.46567  0.00495427
        2629    -5.07543    -5.46552  0.00495461
        2630    -5.07651    -5.46537  0.00495493
        2631    -5.07486    -5.46523  0.00495527
        2632    -5.11355    -5.46509  0.00495519
        2633    -5.12067    -5.46496  0.00495503
        2634    -5.12031    -5.46483  0.00495488
        2635    -5.12524     -5.4647  0.00495467
        2636    -5.13467    -5.46458  0.00495437
        2637       -5.15    -5.46446  0.00495393
        2638    -5.15853    -5.46434  0.00495341
        2639    -5.18477    -5.46424  0.00495267
        2640    -5.20815    -5.46414  0.00495174
        2641    -5.21775    -5.46404  0.00495074
        2642     -5.2212    -5.46395  0.00494972
        2643    -5.22135    -5.46386   0.0049487
        2644    -5.22864    -5.46377  0.00494763
        2645    -5.22244    -5.46368   0.0049466
        2646    -5.21689    -5.46359  0.00494561
        2647    -5.19631    -5.46349  0.00494477
        2648    -5.20682    -5.46339  0.00494386
        2649    -5.21367     -5.4633  0.00494289
        2650    -5.21196     -5.4632  0.00494193
        2651    -5.20474     -5.4631  0.00494103
        2652    -5.21094    -5.46301  0.00494008
        2653    -5.20505    -5.46291  0.00493918
        2654    -5.18292    -5.46281  0.00493844
        2655    -5.18319     -5.4627   0.0049377
        2656    -5.16536    -5.46259  0.00493711
        2657    -5.19063    -5.46249  0.00493632
        2658    -5.19941    -5.46239  0.00493545
        2659     -5.1897    -5.46228  0.00493466
        2660     -5.1619    -5.46217   0.0049341
        2661     -5.1811    -5.46207  0.00493337
        2662    -5.17945    -5.46196  0.00493266
        2663    -5.19266    -5.46186  0.00493185
        2664     -5.1857    -5.46175  0.00493109
        2665    -5.17879    -5.46165  0.00493038
        2666    -5.17957    -5.46154  0.00492966
        2667    -5.19544    -5.46144  0.00492883
        2668    -5.20379    -5.46135  0.00492792
        2669    -5.21673    -5.46125  0.00492693
        2670    -5.21829    -5.46116  0.00492592
        2671     -5.2144    -5.46107  0.00492495
        2672    -5.21757    -5.46098  0.00492395
        2673    -5.20974    -5.46089    0.004923
        2674    -5.20851    -5.46079  0.00492207
        2675    -5.21467     -5.4607  0.00492109
        2676     -5.2129    -5.46061  0.00492012
        2677    -5.21311    -5.46051  0.00491915
        2678    -5.19343    -5.46042  0.00491832
        2679    -5.21776    -5.46032  0.00491732
        2680    -5.21193    -5.46023  0.00491636
        2681    -5.18992    -5.46013  0.00491556
        2682    -5.20722    -5.46004  0.00491463
        2683    -5.20395    -5.45994  0.00491373
        2684    -5.20815    -5.45985  0.00491279
        2685    -5.21667    -5.45976   0.0049118
        2686    -5.20422    -5.45966  0.00491089
        2687    -5.19352    -5.45956  0.00491006
        2688    -5.18929    -5.45946  0.00490926
        2689    -5.17745    -5.45936  0.00490856
        2690    -5.16816    -5.45925  0.00490792
        2691    -5.16263    -5.45914  0.00490734
        2692    -5.15332    -5.45903  0.00490683
        2693     -5.1546    -5.45891  0.00490631
        2694    -5.13992    -5.45879  0.00490592
        2695    -5.12357    -5.45867  0.00490567
        2696    -5.14892    -5.45855   0.0049052
        2697     -5.1349    -5.45843  0.00490485
        2698    -5.12354    -5.45831   0.0049046
        2699    -5.13469    -5.45819  0.00490425
        2700    -5.12148    -5.45807  0.00490402
        2701    -5.13173    -5.45794  0.00490369
        2702    -5.13833    -5.45783   0.0049033
        2703    -5.14829    -5.45771  0.00490283
        2704    -5.14032    -5.45759  0.00490242
        2705    -5.14605    -5.45748  0.00490196
        2706    -5.14117    -5.45736  0.00490154
        2707    -5.12628    -5.45724  0.00490125
        2708    -5.09189    -5.45711   0.0049013
        2709    -5.09522    -5.45697  0.00490131
        2710    -5.06584    -5.45683  0.00490163
        2711     -5.0774    -5.45669  0.00490182
        2712    -5.02827    -5.45653  0.00490255
        2713    -5.02204    -5.45637  0.00490336
        2714    -4.99593     -5.4562  0.00490449
        2715     -5.0245    -5.45604  0.00490526
        2716     -5.0398    -5.45589  0.00490585
        2717    -5.02805    -5.45573  0.00490657
        2718    -5.03229    -5.45557  0.00490724
        2719    -5.05072    -5.45543  0.00490769
        2720     -5.0664    -5.45528  0.00490797
        2721    -5.05587    -5.45514  0.00490836
        2722    -5.08358      -5.455  0.00490846
        2723    -5.10379    -5.45487  0.00490835
        2724    -5.08398    -5.45473  0.00490843
        2725    -5.08787     -5.4546  0.00490848
        2726    -5.08827    -5.45446  0.00490852
        2727    -5.09605    -5.45433  0.00490848
        2728     -5.1148    -5.45421  0.00490825
        2729    -5.12069    -5.45409  0.00490798
        2730    -5.14079    -5.45397  0.00490752
        2731    -5.14429    -5.45386  0.00490703
        2732    -5.14154    -5.45374  0.00490657
        2733     -5.1471    -5.45363  0.00490606
        2734     -5.1453    -5.45352  0.00490556
        2735    -5.13524     -5.4534  0.00490514
        2736    -5.13389    -5.45329  0.00490474
        2737    -5.13872    -5.45317   0.0049043
        2738    -5.15259    -5.45306  0.00490373
        2739     -5.1352    -5.45295  0.00490332
        2740    -5.13802    -5.45283  0.00490287
        2741    -5.14649    -5.45272  0.00490236
        2742    -5.15968    -5.45261  0.00490173
        2743    -5.15656     -5.4525  0.00490114
        2744    -5.15598     -5.4524  0.00490054
        2745     -5.1605    -5.45229  0.00489991
        2746    -5.15551    -5.45218  0.00489932
        2747    -5.17024    -5.45208  0.00489861
        2748    -5.19004    -5.45198  0.00489775
        2749    -5.20245    -5.45189  0.00489681
        2750     -5.2073     -5.4518  0.00489584
        2751    -5.20947    -5.45172  0.00489485
        2752    -5.21128    -5.45163  0.00489385
        2753    -5.21735    -5.45154  0.00489282
        2754    -5.23429    -5.45146  0.00489168
        2755    -5.24124    -5.45139   0.0048905
        2756    -5.25231    -5.45132  0.00488925
        2757    -5.23978    -5.45124  0.00488808
        2758     -5.2505    -5.45117  0.00488685
        2759     -5.2497    -5.45109  0.00488563
        2760    -5.26013    -5.45102  0.00488435
        2761    -5.27178    -5.45096  0.00488301
        2762    -5.27567     -5.4509  0.00488165
        2763    -5.26749    -5.45083  0.00488034
        2764    -5.27294    -5.45076    0.004879
        2765     -5.2478    -5.45069  0.00487778
        2766    -5.25024    -5.45062  0.00487656
        2767    -5.25276    -5.45055  0.00487532
        2768    -5.23815    -5.45047  0.00487416
        2769    -5.23571    -5.45039  0.00487302
        2770    -5.25694    -5.45032  0.00487176
        2771    -5.25124    -5.45025  0.00487053
        2772    -5.23997    -5.45018  0.00486937
        2773    -5.22993     -5.4501  0.00486826
        2774    -5.22276    -5.45001  0.00486719
        2775    -5.22203    -5.44993  0.00486613
        2776    -5.22484    -5.44985  0.00486505
        2777    -5.22429    -5.44977  0.00486398
        2778    -5.21709    -5.44969  0.00486295
        2779    -5.21409     -5.4496  0.00486194
        2780    -5.20035    -5.44951  0.00486102
        2781    -5.21762    -5.44943  0.00485998
        2782    -5.19679    -5.44934  0.00485909
        2783    -5.19023    -5.44924  0.00485823
        2784    -5.19851    -5.44915  0.00485732
        2785    -5.21563    -5.44907   0.0048563
        2786    -5.21244    -5.44899   0.0048553
        2787    -5.20434     -5.4489  0.00485435
        2788    -5.19777    -5.44881  0.00485345
        2789    -5.20224    -5.44872  0.00485251
        2790     -5.2217    -5.44864  0.00485145
        2791    -5.19746    -5.44855  0.00485055
        2792    -5.17783    -5.44845  0.00484978
        2793     -5.1581    -5.44835  0.00484916
        2794    -5.14431    -5.44824  0.00484865
        2795    -5.15909    -5.44813  0.00484801
        2796    -5.15463    -5.44803  0.00484742
        2797    -5.18862    -5.44794  0.00484657
        2798    -5.18042    -5.44784  0.00484578
        2799    -5.19307    -5.44775  0.00484491
        2800    -5.20056    -5.44766  0.00484398
        2801    -5.21471    -5.44758  0.00484296
        2802     -5.2136     -5.4475  0.00484196
        2803    -5.18285     -5.4474  0.00484115
        2804    -5.18195    -5.44731  0.00484035
        2805    -5.17982    -5.44721  0.00483956
        2806    -5.17982    -5.44712  0.00483877
        2807    -5.20637    -5.44703  0.00483781
        2808    -5.20519    -5.44694  0.00483685
        2809    -5.19614    -5.44685  0.00483596
        2810    -5.22188    -5.44677   0.0048349
        2811    -5.19787    -5.44669  0.00483399
        2812     -5.2209    -5.44661  0.00483294
        2813    -5.26542    -5.44654  0.00483165
        2814    -5.26297    -5.44648  0.00483037
        2815    -5.27637    -5.44642  0.00482903
        2816    -5.26417    -5.44635  0.00482775
        2817    -5.26402    -5.44629  0.00482647
        2818    -5.25489    -5.44622  0.00482524
        2819    -5.27499    -5.44616  0.00482391
        2820    -5.27253     -5.4461  0.00482259
        2821    -5.28336    -5.44604  0.00482123
        2822    -5.28515    -5.44598  0.00481985
        2823     -5.2919    -5.44593  0.00481846
        2824    -5.28607    -5.44587  0.00481708
        2825    -5.27004    -5.44581  0.00481578
        2826    -5.28309    -5.44575  0.00481442
        2827    -5.27846    -5.44569  0.00481308
        2828    -5.28262    -5.44563  0.00481172
        2829    -5.26691    -5.44557  0.00481044
        2830    -5.27013    -5.44551  0.00480914
        2831    -5.27187    -5.44545  0.00480783
        2832    -5.27026    -5.44538  0.00480653
        2833    -5.28008    -5.44533  0.00480519
        2834    -5.26414    -5.44526  0.00480392
        2835    -5.27703     -5.4452  0.00480259
        2836     -5.2656    -5.44514  0.00480131
        2837      -5.251    -5.44507  0.00480011
        2838     -5.2336      -5.445  0.00479899
        2839    -5.23761    -5.44492  0.00479786
        2840    -5.23951    -5.44485  0.00479672
        2841    -5.27466    -5.44479   0.0047954
        2842    -5.27137    -5.44473   0.0047941
        2843    -5.27689    -5.44467  0.00479278
        2844     -5.2675    -5.44461   0.0047915
        2845    -5.26968    -5.44455  0.00479021
        2846    -5.27468    -5.44449   0.0047889
        2847    -5.28012    -5.44443  0.00478756
        2848    -5.28995    -5.44438  0.00478619
        2849    -5.28036    -5.44432  0.00478486
        2850    -5.28571    -5.44426   0.0047835
        2851    -5.27554     -5.4442  0.00478219
        2852    -5.26488    -5.44414  0.00478093
        2853    -5.26742    -5.44408  0.00477965
        2854    -5.27389    -5.44402  0.00477835
        2855    -5.29855    -5.44397  0.00477695
        2856    -5.31559    -5.44392  0.00477549
        2857    -5.32907    -5.44388  0.00477398
        2858    -5.31927    -5.44384  0.00477251
        2859    -5.31019    -5.44379  0.00477107
        2860    -5.30317    -5.44374  0.00476966
        2861    -5.28504    -5.44369  0.00476831
        2862    -5.29378    -5.44364  0.00476693
        2863    -5.26675    -5.44357  0.00476567
        2864    -5.24079     -5.4435  0.00476453
        2865    -5.23082    -5.44343  0.00476345
        2866    -5.24455    -5.44336  0.00476229
        2867    -5.22371    -5.44328  0.00476125
        2868    -5.23776    -5.44321  0.00476012
        2869    -5.23179    -5.44314  0.00475904
        2870    -5.22396    -5.44306  0.00475799
        2871    -5.24805    -5.44299  0.00475682
        2872    -5.24558    -5.44292  0.00475566
        2873    -5.26478    -5.44286  0.00475441
        2874    -5.27167     -5.4428  0.00475313
        2875    -5.26735    -5.44274  0.00475186
        2876    -5.27089    -5.44268  0.00475059
        2877    -5.27318    -5.44262   0.0047493
        2878    -5.26562    -5.44256  0.00474805
        2879    -5.26265     -5.4425  0.00474681
        2880    -5.25127    -5.44243  0.00474563
        2881    -5.24489    -5.44236  0.00474448
        2882    -5.25645     -5.4423  0.00474327
        2883    -5.27267    -5.44224  0.00474199
        2884    -5.26426    -5.44218  0.00474075
        2885    -5.24377    -5.44211   0.0047396
        2886    -5.24013    -5.44204  0.00473848
        2887    -5.23437    -5.44197  0.00473738
        2888    -5.25545     -5.4419  0.00473618
        2889    -5.24502    -5.44184  0.00473503
        2890    -5.25241    -5.44177  0.00473385
        2891    -5.26206    -5.44171  0.00473262
        2892    -5.25512    -5.44164  0.00473142
        2893    -5.23286    -5.44157  0.00473033
        2894    -5.21594    -5.44149  0.00472934
        2895    -5.21564    -5.44142  0.00472835
        2896     -5.2128    -5.44134  0.00472738
        2897    -5.19034    -5.44125  0.00472654
        2898    -5.19341    -5.44116  0.00472568
        2899    -5.18135    -5.44107   0.0047249
        2900    -5.17435    -5.44098  0.00472417
        2901    -5.17484    -5.44089  0.00472343
        2902    -5.21639    -5.44081  0.00472244
        2903    -5.21904    -5.44074  0.00472143
        2904    -5.23079    -5.44067  0.00472036
        2905    -5.23284    -5.44059  0.00471927
        2906    -5.24344    -5.44053  0.00471814
        2907    -5.21289    -5.44045  0.00471716
        2908    -5.23263    -5.44038  0.00471608
        2909    -5.23357     -5.4403    0.004715
        2910    -5.22384    -5.44023  0.00471396
        2911    -5.23774    -5.44016  0.00471286
        2912    -5.22083    -5.44009  0.00471184
        2913    -5.20154       -5.44  0.00471094
        2914    -5.20255    -5.43992  0.00471002
        2915    -5.20761    -5.43984  0.00470908
        2916    -5.20417    -5.43976  0.00470816
        2917     -5.1625    -5.43967  0.00470751
        2918    -5.14299    -5.43957  0.00470699
        2919    -5.16667    -5.43947  0.00470631
        2920    -5.17363    -5.43938  0.00470557
        2921     -5.1682    -5.43929  0.00470488
        2922    -5.17445     -5.4392  0.00470414
        2923    -5.16197     -5.4391  0.00470349
        2924    -5.17635    -5.43901  0.00470274
        2925     -5.1743    -5.43892    0.004702
        2926    -5.17369    -5.43883  0.00470127
        2927    -5.19133    -5.43875  0.00470042
        2928    -5.20623    -5.43867  0.00469949
        2929    -5.18504    -5.43858  0.00469868
        2930     -5.1715    -5.43849  0.00469796
        2931    -5.17697     -5.4384  0.00469721
        2932    -5.17919    -5.43831  0.00469644
        2933    -5.18059    -5.43822  0.00469566
        2934    -5.15916    -5.43813  0.00469502
        2935    -5.17027    -5.43804  0.00469431
        2936    -5.15428    -5.43794   0.0046937
        2937    -5.16024    -5.43785  0.00469306
        2938    -5.15725    -5.43775  0.00469243
        2939    -5.12678    -5.43765  0.00469203
        2940    -5.13188    -5.43754  0.00469158
        2941    -5.11945    -5.43743  0.00469123
        2942    -5.12321    -5.43733  0.00469086
        2943     -5.1493    -5.43723  0.00469028
        2944    -5.10379    -5.43711  0.00469006
        2945    -5.11415    -5.43701  0.00468975
        2946    -5.13472     -5.4369  0.00468928
        2947    -5.13288     -5.4368  0.00468882
        2948    -5.14399     -5.4367  0.00468828
        2949    -5.13129     -5.4366  0.00468784
        2950    -5.13323    -5.43649  0.00468737
        2951    -5.12826    -5.43639  0.00468695
        2952    -5.11938    -5.43628  0.00468659
        2953    -5.08968    -5.43616  0.00468647
        2954    -5.07837    -5.43604  0.00468645
        2955    -5.06903    -5.43592  0.00468651
        2956    -5.04882    -5.43579  0.00468676
        2957    -5.07069    -5.43566   0.0046868
        2958    -5.08491    -5.43555  0.00468671
        2959    -5.11303    -5.43544   0.0046864
        2960    -5.11654    -5.43533  0.00468605
        2961    -5.11114    -5.43522  0.00468575
        2962    -5.11704    -5.43511   0.0046854
        2963    -5.12939    -5.43501  0.00468495
        2964    -5.13581    -5.43491  0.00468446
        2965    -5.15105    -5.43481  0.00468386
        2966    -5.14772    -5.43472  0.00468328
        2967    -5.13913    -5.43462  0.00468276
        2968     -5.1212    -5.43451  0.00468237
        2969    -5.10244     -5.4344  0.00468213
        2970    -5.10547    -5.43429  0.00468186
        2971     -5.0984    -5.43418  0.00468165
        2972    -5.08203    -5.43406  0.00468158
        2973    -5.05855    -5.43393   0.0046817
        2974    -5.03727     -5.4338  0.00468203
        2975    -5.02857    -5.43366  0.00468244
        2976    -5.03452    -5.43353  0.00468278
        2977    -5.04531     -5.4334  0.00468303
        2978    -5.04837    -5.43327  0.00468324
        2979     -5.0471    -5.43314  0.00468346
        2980    -5.03948    -5.43301  0.00468375
        2981    -5.05337    -5.43288  0.00468391
        2982    -5.04532    -5.43275  0.00468414
        2983    -5.02699    -5.43261  0.00468455
        2984    -5.05238    -5.43248  0.00468471
        2985    -5.04787    -5.43236  0.00468491
        2986    -5.04475    -5.43223  0.00468514
        2987    -5.07932    -5.43211  0.00468506
        2988    -5.09033    -5.43199  0.00468489
        2989    -5.13001    -5.43189  0.00468441
        2990    -5.13212    -5.43179  0.00468392
        2991    -5.12433    -5.43169  0.00468348
        2992    -5.10129    -5.43158  0.00468322
        2993    -5.09178    -5.43147  0.00468303
        2994     -5.0998    -5.43135  0.00468277
        2995    -5.11408    -5.43125  0.00468241
        2996    -5.11213    -5.43114  0.00468206
        2997    -5.11231    -5.43104   0.0046817
        2998     -5.0879    -5.43092  0.00468154
        2999    -5.08801    -5.43081  0.00468137
        3000    -5.08495    -5.43069  0.00468123
        3001    -5.08621    -5.43058  0.00468108
        3002    -5.03922    -5.43045  0.00468134
        3003    -5.01975    -5.43031  0.00468177
        3004    -5.01842    -5.43017  0.00468222
        3005    -5.02745    -5.43004  0.00468258
        3006    -5.03749    -5.42991  0.00468285
        3007     -5.0209    -5.42977  0.00468326
        3008    -5.02685    -5.42964  0.00468362
        3009    -5.00327     -5.4295  0.00468421
        3010    -4.99276    -5.42935   0.0046849
        3011    -4.99975    -5.42921  0.00468551
        3012    -4.99442    -5.42906  0.00468618
        3013    -5.01121    -5.42893  0.00468668
        3014    -4.99084    -5.42878  0.00468738
        3015    -4.98208    -5.42863  0.00468816
        3016    -4.97706    -5.42848    0.004689
        3017    -5.01616    -5.42835  0.00468944
        3018    -4.99991     -5.4282  0.00469003
        3019    -5.00466    -5.42806  0.00469057
        3020    -4.99721    -5.42792  0.00469119
        3021    -5.01525    -5.42778  0.00469163
        3022    -5.01677    -5.42765  0.00469204
        3023    -4.99939    -5.42751  0.00469263
        3024    -5.02684    -5.42737  0.00469295
        3025    -5.01846    -5.42724  0.00469334
        3026    -5.02918    -5.42711  0.00469364
        3027    -5.07216    -5.42699  0.00469355
        3028    -5.08048    -5.42688   0.0046934
        3029    -5.08083    -5.42676  0.00469324
        3030     -5.0302    -5.42663  0.00469351
        3031    -5.04661     -5.4265  0.00469364
        3032    -5.05241    -5.42638  0.00469371
        3033    -5.04594    -5.42626  0.00469384
        3034    -5.05328    -5.42613   0.0046939
        3035    -5.07429    -5.42602  0.00469379
        3036    -5.06012     -5.4259  0.00469379
        3037    -5.06517    -5.42578  0.00469374
        3038    -5.08317    -5.42567  0.00469355
        3039    -5.07164    -5.42555  0.00469345
        3040    -5.06877    -5.42543  0.00469338
        3041     -5.0708    -5.42531  0.00469328
        3042    -5.07479     -5.4252  0.00469315
        3043     -5.0874    -5.42509  0.00469292
        3044    -5.07351    -5.42497   0.0046928
        3045    -5.06655    -5.42486  0.00469274
        3046    -5.08439    -5.42474  0.00469253
        3047    -5.09633    -5.42464  0.00469223
        3048    -5.07509    -5.42452  0.00469209
        3049    -5.07312    -5.42441  0.00469197
        3050    -5.09108     -5.4243   0.0046917
        3051    -5.12304     -5.4242   0.0046912
        3052      -5.117     -5.4241  0.00469074
        3053    -5.11161    -5.42399  0.00469032
        3054    -5.11125    -5.42389  0.00468991
        3055    -5.12645    -5.42379  0.00468938
        3056    -5.12837     -5.4237  0.00468884
        3057    -5.12238     -5.4236  0.00468834
        3058    -5.08103    -5.42349  0.00468815
        3059    -5.05811    -5.42337  0.00468814
        3060    -5.05865    -5.42325  0.00468812
        3061    -5.03062    -5.42312  0.00468834
        3062    -5.04318      -5.423  0.00468845
        3063    -5.05863    -5.42288  0.00468843
        3064    -5.09855    -5.42277   0.0046881
        3065    -5.10566    -5.42267  0.00468771
        3066    -5.06254    -5.42255  0.00468765
        3067    -5.07398    -5.42244   0.0046875
        3068    -5.04644    -5.42231  0.00468757
        3069    -5.07463     -5.4222  0.00468742
        3070    -5.08379    -5.42209  0.00468719
        3071    -5.10362    -5.42199  0.00468681
        3072     -5.0824    -5.42188  0.00468658
        3073     -5.0686    -5.42176  0.00468647
        3074    -5.07308    -5.42165  0.00468632
        3075      -5.087    -5.42154  0.00468606
        3076     -5.0851    -5.42143  0.00468581
        3077    -5.09997    -5.42133  0.00468545
        3078    -5.08026    -5.42122  0.00468524
        3079     -5.0694     -5.4211  0.00468511
        3080    -5.06576    -5.42099  0.00468501
        3081    -5.05136    -5.42087  0.00468502
        3082    -5.08166    -5.42076   0.0046848
        3083    -5.08133    -5.42065  0.00468457
        3084    -5.10213    -5.42054  0.00468419
        3085    -5.11145    -5.42044  0.00468374
        3086    -5.11074    -5.42034   0.0046833
        3087    -5.13269    -5.42025  0.00468271
        3088    -5.10776    -5.42015  0.00468229
        3089    -5.08337    -5.42004  0.00468204
        3090    -5.08287    -5.41993   0.0046818
        3091    -5.09501    -5.41982  0.00468146
        3092    -5.09698    -5.41972  0.00468111
        3093    -5.09742    -5.41962  0.00468076
        3094    -5.10763    -5.41951  0.00468033
        3095      -5.129    -5.41942  0.00467976
        3096    -5.13624    -5.41933  0.00467914
        3097    -5.12376    -5.41923   0.0046786
        3098    -5.14738    -5.41915  0.00467792
        3099    -5.13956    -5.41906  0.00467728
        3100    -5.14719    -5.41897  0.00467659
        3101     -5.1441    -5.41888  0.00467592
        3102    -5.14963    -5.41879  0.00467522
        3103    -5.12714     -5.4187  0.00467466
        3104    -5.15281    -5.41861  0.00467394
        3105    -5.15756    -5.41853  0.00467319
        3106    -5.17008    -5.41845  0.00467237
        3107    -5.15307    -5.41836  0.00467165
        3108    -5.13953    -5.41827    0.004671
        3109    -5.12366    -5.41818  0.00467046
        3110    -5.14659    -5.41809  0.00466978
        3111    -5.12808      -5.418  0.00466921
        3112    -5.15072    -5.41791   0.0046685
        3113     -5.1573    -5.41783  0.00466775
        3114    -5.18091    -5.41775  0.00466687
        3115    -5.18277    -5.41768  0.00466598
        3116    -5.18362     -5.4176  0.00466509
        3117    -5.16602    -5.41752  0.00466429
        3118    -5.17249    -5.41744  0.00466345
        3119    -5.18864    -5.41737  0.00466254
        3120    -5.18913     -5.4173  0.00466161
        3121    -5.18543    -5.41722  0.00466071
        3122    -5.20338    -5.41715  0.00465972
        3123    -5.20573    -5.41709  0.00465872
        3124    -5.19119    -5.41701  0.00465779
        3125    -5.20207    -5.41694  0.00465681
        3126    -5.18712    -5.41687   0.0046559
        3127    -5.18651     -5.4168  0.00465499
        3128    -5.18333    -5.41672   0.0046541
        3129    -5.16737    -5.41664   0.0046533
        3130    -5.18952    -5.41657  0.00465238
        3131    -5.20164     -5.4165   0.0046514
        3132    -5.20236    -5.41643  0.00465042
        3133    -5.18584    -5.41636  0.00464951
        3134    -5.20198    -5.41629  0.00464853
        3135    -5.18504    -5.41622  0.00464764
        3136     -5.1903    -5.41615  0.00464671
        3137    -5.21611    -5.41608  0.00464567
        3138    -5.21987    -5.41602  0.00464461
        3139    -5.21713    -5.41596  0.00464356
        3140    -5.22614     -5.4159  0.00464248
        3141    -5.21266    -5.41583  0.00464145
        3142    -5.20464    -5.41576  0.00464046
        3143    -5.20378     -5.4157  0.00463947
        3144    -5.18602    -5.41562  0.00463857
        3145    -5.19481    -5.41555  0.00463763
        3146    -5.21897    -5.41549  0.00463658
        3147    -5.22309    -5.41543  0.00463551
        3148    -5.23801    -5.41537  0.00463438
        3149    -5.22789    -5.41531  0.00463329
        3150    -5.21686    -5.41525  0.00463224
        3151    -5.22435    -5.41519  0.00463117
        3152    -5.20253    -5.41512  0.00463019
        3153    -5.19643    -5.41505  0.00462924
        3154    -5.18057    -5.41498  0.00462837
        3155    -5.19959    -5.41491  0.00462741
        3156    -5.21236    -5.41485  0.00462639
        3157    -5.18571    -5.41477  0.00462549
        3158    -5.18929     -5.4147  0.00462458
        3159    -5.17995    -5.41463  0.00462371
        3160    -5.19187    -5.41456  0.00462278
        3161    -5.20906    -5.41449  0.00462178
        3162    -5.20835    -5.41443  0.00462078
        3163    -5.21354    -5.41436  0.00461975
        3164    -5.22606     -5.4143  0.00461868
        3165    -5.22086    -5.41424  0.00461762
        3166    -5.20534    -5.41418  0.00461663
        3167    -5.17105     -5.4141  0.00461581
        3168     -5.1787    -5.41403  0.00461496
        3169    -5.17569    -5.41395  0.00461411
        3170     -5.1914    -5.41388  0.00461319
        3171    -5.20535    -5.41382   0.0046122
        3172    -5.22434    -5.41376  0.00461114
        3173    -5.22806     -5.4137  0.00461006
        3174    -5.22219    -5.41364    0.004609
        3175    -5.23017    -5.41358  0.00460791
        3176    -5.22783    -5.41352  0.00460683
        3177      -5.238    -5.41346  0.00460571
        3178    -5.23094    -5.41341  0.00460462
        3179    -5.22946    -5.41335  0.00460353
        3180      -5.247     -5.4133  0.00460238
        3181    -5.22878    -5.41324   0.0046013
        3182    -5.22587    -5.41318  0.00460023
        3183    -5.23033    -5.41312  0.00459915
        3184    -5.26163    -5.41308  0.00459795
        3185    -5.26841    -5.41303  0.00459673
        3186    -5.27584    -5.41299  0.00459549
        3187    -5.26446    -5.41294  0.00459428
        3188    -5.25979    -5.41289  0.00459309
        3189     -5.2462    -5.41284  0.00459195
        3190     -5.2309    -5.41278  0.00459086
        3191    -5.21033    -5.41272  0.00458986
        3192    -5.22126    -5.41266  0.00458882
        3193    -5.22538     -5.4126  0.00458776
        3194    -5.23187    -5.41254  0.00458667
        3195    -5.24372    -5.41249  0.00458554
        3196    -5.24815    -5.41244  0.00458439
        3197    -5.24308    -5.41239  0.00458326
        3198    -5.25395    -5.41234   0.0045821
        3199    -5.23946    -5.41228  0.00458098
        3200    -5.22978    -5.41223  0.00457991
        3201    -5.23943    -5.41217  0.00457879
        3202     -5.2572    -5.41212  0.00457762
        3203    -5.25394    -5.41207  0.00457646
        3204    -5.25892    -5.41203  0.00457528
        3205    -5.24984    -5.41198  0.00457413
        3206    -5.23251    -5.41192  0.00457305
        3207    -5.24036    -5.41187  0.00457193
        3208    -5.23363    -5.41181  0.00457085
        3209    -5.24974    -5.41176   0.0045697
        3210    -5.23435    -5.41171  0.00456861
        3211    -5.22406    -5.41165  0.00456756
        3212    -5.24879     -5.4116  0.00456642
        3213    -5.26073    -5.41155  0.00456524
        3214    -5.26172     -5.4115  0.00456406
        3215    -5.26659    -5.41146  0.00456286
        3216    -5.27811    -5.41142  0.00456163
        3217    -5.27361    -5.41137  0.00456041
        3218    -5.24919    -5.41132  0.00455928
        3219    -5.22277    -5.41126  0.00455824
        3220    -5.20444     -5.4112  0.00455727
        3221    -5.23689    -5.41115  0.00455618
        3222    -5.22823    -5.41109  0.00455512
        3223    -5.25009    -5.41104  0.00455398
        3224    -5.21931    -5.41098  0.00455295
        3225    -5.22384    -5.41092  0.00455191
        3226    -5.21915    -5.41086  0.00455089
        3227    -5.20632     -5.4108  0.00454992
        3228    -5.20992    -5.41074  0.00454894
        3229    -5.22275    -5.41068   0.0045479
        3230    -5.20084    -5.41061  0.00454696
        3231    -5.19957    -5.41055  0.00454602
        3232    -5.19276    -5.41048  0.00454511
        3233    -5.19026    -5.41041  0.00454422
        3234    -5.17142    -5.41034  0.00454341
        3235    -5.17656    -5.41027  0.00454258
        3236    -5.17093    -5.41019  0.00454178
        3237    -5.14158    -5.41011  0.00454114
        3238    -5.14613    -5.41003  0.00454046
        3239    -5.15548    -5.40995  0.00453974
        3240    -5.16265    -5.40987  0.00453898
        3241    -5.15729     -5.4098  0.00453825
        3242     -5.1528    -5.40972  0.00453754
        3243    -5.12847    -5.40963  0.00453697
        3244    -5.11737    -5.40954  0.00453647
        3245    -5.11306    -5.40945  0.00453599
        3246    -5.09148    -5.40935  0.00453565
        3247    -5.09914    -5.40925  0.00453526
        3248    -5.13283    -5.40917  0.00453466
        3249    -5.16381    -5.40909   0.0045339
        3250    -5.16639    -5.40902  0.00453312
        3251    -5.16923    -5.40895  0.00453232
        3252    -5.18828    -5.40888  0.00453144
        3253    -5.18974    -5.40881  0.00453054
        3254    -5.19055    -5.40874  0.00452965
        3255    -5.15717    -5.40867  0.00452892
        3256    -5.13946    -5.40858  0.00452828
        3257    -5.14545     -5.4085  0.00452761
        3258    -5.14155    -5.40842  0.00452696
        3259    -5.14047    -5.40834  0.00452632
        3260      -5.154    -5.40826   0.0045256
        3261    -5.16329    -5.40818  0.00452484
        3262    -5.14393     -5.4081  0.00452418
        3263    -5.14199    -5.40802  0.00452352
        3264    -5.14069    -5.40794  0.00452288
        3265    -5.10199    -5.40785  0.00452247
        3266    -5.12456    -5.40776  0.00452191
        3267    -5.12427    -5.40767  0.00452136
        3268    -5.12602    -5.40759   0.0045208
        3269    -5.11067     -5.4075  0.00452033
        3270    -5.13228    -5.40741  0.00451973
        3271    -5.12859    -5.40733  0.00451915
        3272    -5.12652    -5.40724  0.00451858
        3273     -5.1236    -5.40715  0.00451804
        3274    -5.12847    -5.40707  0.00451746
        3275    -5.12916    -5.40698  0.00451687
        3276    -5.13044     -5.4069  0.00451628
        3277    -5.13281    -5.40682  0.00451568
        3278     -5.1355    -5.40673  0.00451506
        3279    -5.14336    -5.40665   0.0045144
        3280    -5.14817    -5.40657  0.00451371
        3281    -5.15367     -5.4065  0.00451299
        3282    -5.14129    -5.40642  0.00451234
        3283    -5.14504    -5.40634  0.00451167
        3284    -5.16557    -5.40626  0.00451089
        3285    -5.16636    -5.40619  0.00451011
        3286     -5.1645    -5.40612  0.00450934
        3287    -5.14618    -5.40604  0.00450866
        3288    -5.14934    -5.40596  0.00450796
        3289    -5.16216    -5.40589   0.0045072
        3290    -5.13336     -5.4058  0.00450659
        3291      -5.145    -5.40572  0.00450592
        3292    -5.13795    -5.40564  0.00450528
        3293    -5.12532    -5.40556  0.00450472
        3294    -5.12372    -5.40547  0.00450417
        3295    -5.13211    -5.40539  0.00450356
        3296    -5.11124     -5.4053  0.00450308
        3297    -5.08273     -5.4052  0.00450278
        3298    -5.06455     -5.4051   0.0045026
        3299    -5.07121      -5.405  0.00450237
        3300    -5.07833     -5.4049  0.00450209
        3301    -5.10215    -5.40481  0.00450166
        3302    -5.10742    -5.40472   0.0045012
        3303    -5.11697    -5.40463  0.00450068
        3304    -5.10743    -5.40454  0.00450022
        3305    -5.10948    -5.40445  0.00449974
        3306    -5.11884    -5.40436  0.00449921
        3307     -5.1366    -5.40428  0.00449858
        3308    -5.14522     -5.4042   0.0044979
        3309    -5.15782    -5.40413  0.00449716
        3310    -5.16733    -5.40406  0.00449637
        3311    -5.17731    -5.40399  0.00449553
        3312    -5.18128    -5.40392  0.00449468
        3313    -5.17189    -5.40385  0.00449386
        3314    -5.17326    -5.40378  0.00449305
        3315    -5.17666    -5.40371  0.00449221
        3316    -5.14579    -5.40364  0.00449153
        3317    -5.13936    -5.40356  0.00449089
        3318    -5.13665    -5.40348  0.00449025
        3319    -5.15187     -5.4034  0.00448954
        3320    -5.15382    -5.40333  0.00448882
        3321    -5.16711    -5.40325  0.00448803
        3322     -5.1633    -5.40318  0.00448726
        3323    -5.17427    -5.40311  0.00448644
        3324    -5.19042    -5.40305  0.00448554
        3325    -5.18096    -5.40298  0.00448469
        3326    -5.16853    -5.40291   0.0044839
        3327    -5.18609    -5.40285  0.00448302
        3328    -5.15582    -5.40277  0.00448229
        3329     -5.1662     -5.4027  0.00448151
        3330    -5.16785    -5.40263  0.00448072
        3331    -5.18077    -5.40256  0.00447987
        3332    -5.20747    -5.40251   0.0044789
        3333    -5.21033    -5.40245  0.00447793
        3334    -5.21291    -5.40239  0.00447695
        3335     -5.2138    -5.40233  0.00447596
        3336    -5.21714    -5.40228  0.00447497
        3337    -5.21143    -5.40222  0.00447399
        3338     -5.2188    -5.40217  0.00447299
        3339    -5.19979    -5.40211  0.00447206
        3340    -5.22027    -5.40205  0.00447105
        3341    -5.20658    -5.40199   0.0044701
        3342    -5.20471    -5.40193  0.00446915
        3343    -5.20105    -5.40187  0.00446822
        3344    -5.19378    -5.40181  0.00446731
        3345     -5.1752    -5.40174  0.00446649
        3346    -5.16324    -5.40167  0.00446572
        3347    -5.17549    -5.40161   0.0044649
        3348    -5.18125    -5.40154  0.00446405
        3349    -5.20209    -5.40148  0.00446312
        3350    -5.21327    -5.40142  0.00446214
        3351     -5.2037    -5.40137   0.0044612
        3352    -5.20146    -5.40131  0.00446027
        3353     -5.1872    -5.40124  0.00445939
        3354    -5.17861    -5.40118  0.00445856
        3355    -5.18381    -5.40111   0.0044577
        3356     -5.1956    -5.40105  0.00445679
        3357    -5.19401    -5.40099  0.00445589
        3358    -5.18801    -5.40092  0.00445501
        3359    -5.18716    -5.40086  0.00445414
        3360    -5.16997    -5.40079  0.00445335
        3361    -5.16754    -5.40072  0.00445256
        3362     -5.1527    -5.40065  0.00445185
        3363    -5.12536    -5.40057  0.00445128
        3364    -5.13257    -5.40049  0.00445067
        3365    -5.17376    -5.40042  0.00444985
        3366    -5.16072    -5.40035   0.0044491
        3367    -5.15164    -5.40027  0.00444839
        3368    -5.15498     -5.4002  0.00444767
        3369    -5.14835    -5.40013  0.00444698
        3370    -5.15034    -5.40005  0.00444628
        3371    -5.12121    -5.39997  0.00444573
        3372    -5.11972    -5.39989  0.00444518
        3373    -5.13329    -5.39981  0.00444457
        3374    -5.15223    -5.39973  0.00444386
        3375    -5.16487    -5.39967  0.00444309
        3376    -5.17612     -5.3996  0.00444226
        3377    -5.17885    -5.39953  0.00444143
        3378    -5.18858    -5.39947  0.00444055
        3379    -5.18058    -5.39941  0.00443971
        3380    -5.18289    -5.39934  0.00443886
        3381    -5.17114    -5.39927  0.00443806
        3382    -5.18169    -5.39921  0.00443721
        3383    -5.17269    -5.39914  0.00443641
        3384     -5.1927    -5.39908  0.00443552
        3385    -5.19139    -5.39902  0.00443463
        3386    -5.20951    -5.39897  0.00443367
        3387    -5.23595    -5.39892  0.00443263
        3388    -5.24258    -5.39887  0.00443156
        3389    -5.24455    -5.39883  0.00443048
        3390    -5.24354    -5.39878  0.00442941
        3391    -5.26558    -5.39874  0.00442828
        3392    -5.28458    -5.39871   0.0044271
        3393    -5.30022    -5.39868  0.00442589
        3394    -5.29066    -5.39865   0.0044247
        3395    -5.28952    -5.39861  0.00442352
        3396    -5.28272    -5.39858  0.00442235
        3397     -5.2689    -5.39854  0.00442121
        3398    -5.26914     -5.3985  0.00442007
        3399    -5.23045    -5.39845  0.00441905
        3400    -5.22954     -5.3984  0.00441803
        3401    -5.25831    -5.39836  0.00441692
        3402    -5.23462    -5.39831  0.00441589
        3403    -5.24109    -5.39827  0.00441483
        3404    -5.22937    -5.39822  0.00441381
        3405    -5.24611    -5.39817  0.00441274
        3406    -5.24421    -5.39813  0.00441168
        3407    -5.26768    -5.39809  0.00441055
        3408    -5.27889    -5.39806  0.00440939
        3409    -5.28417    -5.39802  0.00440823
        3410    -5.28878    -5.39799  0.00440705
        3411    -5.28346    -5.39796  0.00440589
        3412    -5.26828    -5.39792  0.00440476
        3413    -5.25385    -5.39788  0.00440367
        3414    -5.24709    -5.39783   0.0044026
        3415    -5.22986    -5.39778  0.00440159
        3416    -5.23698    -5.39774  0.00440055
        3417    -5.24874    -5.39769  0.00439948
        3418    -5.26201    -5.39765  0.00439837
        3419    -5.24956    -5.39761   0.0043973
        3420    -5.24805    -5.39757  0.00439623
        3421    -5.23288    -5.39752  0.00439521
        3422    -5.23015    -5.39747   0.0043942
        3423    -5.22206    -5.39742  0.00439321
        3424    -5.22605    -5.39737  0.00439221
        3425    -5.23206    -5.39732   0.0043912
        3426    -5.24058    -5.39727  0.00439015
        3427    -5.20402    -5.39722  0.00438923
        3428    -5.20922    -5.39716  0.00438829
        3429    -5.21854    -5.39711  0.00438732
        3430    -5.20727    -5.39705  0.00438639
        3431    -5.22207      -5.397  0.00438541
        3432     -5.2458    -5.39696  0.00438436
        3433    -5.22942    -5.39691  0.00438335
        3434    -5.22303    -5.39686  0.00438237
        3435    -5.19043     -5.3968   0.0043815
        3436    -5.18127    -5.39674  0.00438068
        3437    -5.16764    -5.39667  0.00437991
        3438     -5.1962    -5.39661  0.00437902
        3439    -5.22783    -5.39656  0.00437802
        3440    -5.23336    -5.39652  0.00437701
        3441    -5.24367    -5.39647  0.00437596
        3442    -5.26485    -5.39643  0.00437486
        3443    -5.27645     -5.3964  0.00437373
        3444    -5.25469    -5.39636  0.00437265
        3445    -5.24902    -5.39631  0.00437159
        3446    -5.24206    -5.39627  0.00437055
        3447    -5.21987    -5.39622  0.00436958
        3448    -5.18576    -5.39616  0.00436874
        3449    -5.19275     -5.3961  0.00436787
        3450    -5.21265    -5.39605  0.00436693
        3451    -5.20044    -5.39599  0.00436603
        3452    -5.22062    -5.39594  0.00436506
        3453    -5.19781    -5.39588  0.00436418
        3454    -5.18542    -5.39582  0.00436334
        3455    -5.17481    -5.39576  0.00436254
        3456    -5.17317    -5.39569  0.00436176
        3457    -5.15826    -5.39562  0.00436104
        3458    -5.14528    -5.39555  0.00436038
        3459    -5.15667    -5.39548  0.00435966
        3460    -5.16458    -5.39541  0.00435891
        3461    -5.14936    -5.39534  0.00435823
        3462    -5.13057    -5.39527  0.00435765
        3463    -5.13372    -5.39519  0.00435704
        3464    -5.12768    -5.39511  0.00435647
        3465    -5.13074    -5.39504  0.00435588
        3466    -5.12331    -5.39496  0.00435533
        3467    -5.10744    -5.39488  0.00435486
        3468    -5.11731     -5.3948  0.00435434
        3469    -5.10948    -5.39471  0.00435386
        3470    -5.10862    -5.39463  0.00435339
        3471     -5.0942    -5.39455  0.00435299
        3472    -5.11341    -5.39446  0.00435249
        3473    -5.10204    -5.39438  0.00435205
        3474    -5.13079     -5.3943  0.00435146
        3475     -5.1371    -5.39423  0.00435084
        3476    -5.14754    -5.39416  0.00435017
        3477    -5.13736    -5.39409  0.00434954
        3478    -5.14833    -5.39401  0.00434887
        3479      -5.153    -5.39395  0.00434817
        3480    -5.14559    -5.39387   0.0043475
        3481    -5.13848     -5.3938  0.00434687
        3482    -5.14744    -5.39373   0.0043462
        3483    -5.16478    -5.39366  0.00434545
        3484    -5.15101    -5.39359  0.00434476
        3485     -5.1532    -5.39353  0.00434406
        3486    -5.15719    -5.39346  0.00434335
        3487    -5.17628     -5.3934  0.00434255
        3488    -5.16386    -5.39333   0.0043418
        3489    -5.14855    -5.39326  0.00434112
        3490    -5.14173    -5.39319  0.00434048
        3491    -5.12642    -5.39311  0.00433991
        3492    -5.10875    -5.39303  0.00433943
        3493    -5.10203    -5.39295  0.00433898
        3494    -5.13068    -5.39287  0.00433839
        3495    -5.10226    -5.39279  0.00433795
        3496    -5.11817    -5.39271  0.00433742
        3497    -5.12251    -5.39263  0.00433687
        3498    -5.12965    -5.39256  0.00433628
        3499     -5.1545    -5.39249  0.00433557
        3500    -5.16275    -5.39242  0.00433483
        3501    -5.15917    -5.39236   0.0043341
        3502    -5.16543    -5.39229  0.00433335
        3503    -5.16954    -5.39223  0.00433258
        3504    -5.16745    -5.39216  0.00433182
        3505    -5.15459     -5.3921  0.00433111
        3506    -5.16413    -5.39203  0.00433037
        3507    -5.14785    -5.39196  0.00432969
        3508    -5.14413    -5.39189  0.00432903
        3509    -5.13756    -5.39182  0.00432841
        3510    -5.12862    -5.39174  0.00432782
        3511    -5.15154    -5.39168  0.00432713
        3512    -5.17025    -5.39161  0.00432636
        3513    -5.18842    -5.39155  0.00432551
        3514    -5.17737    -5.39149  0.00432471
        3515    -5.19677    -5.39144  0.00432383
        3516    -5.19212    -5.39138  0.00432298
        3517    -5.18607    -5.39132  0.00432214
        3518    -5.19628    -5.39127  0.00432127
        3519    -5.20059    -5.39121  0.00432038
        3520    -5.17996    -5.39115  0.00431957
        3521    -5.18232    -5.39109  0.00431875
        3522    -5.15672    -5.39103  0.00431804
        3523    -5.17231    -5.39097  0.00431726
        3524    -5.16805     -5.3909   0.0043165
        3525    -5.16296    -5.39084  0.00431576
        3526    -5.15902    -5.39077  0.00431503
        3527    -5.15493     -5.3907  0.00431433
        3528    -5.15468    -5.39064  0.00431362
        3529    -5.15046    -5.39057  0.00431294
        3530    -5.18443    -5.39051  0.00431211
        3531     -5.2041    -5.39046  0.00431121
        3532    -5.18631     -5.3904  0.00431038
        3533    -5.19208    -5.39034  0.00430952
        3534      -5.191    -5.39029  0.00430867
        3535    -5.18642    -5.39023  0.00430784
        3536    -5.19221    -5.39017  0.00430699
        3537    -5.15862    -5.39011  0.00430627
        3538    -5.14662    -5.39004   0.0043056
        3539    -5.13149    -5.38997    0.004305
        3540    -5.12882    -5.38989  0.00430442
        3541    -5.12922    -5.38982  0.00430383
        3542    -5.13488    -5.38975  0.00430322
        3543    -5.15233    -5.38968  0.00430253
        3544    -5.16871    -5.38962  0.00430176
        3545    -5.16432    -5.38955  0.00430102
        3546    -5.16301    -5.38949  0.00430028
        3547     -5.1798    -5.38943  0.00429948
        3548    -5.16815    -5.38937  0.00429872
        3549    -5.16484    -5.38931  0.00429797
        3550    -5.15301    -5.38924  0.00429728
        3551     -5.1451    -5.38917  0.00429662
        3552    -5.17387    -5.38911  0.00429583
        3553    -5.16553    -5.38905  0.00429508
        3554    -5.14847    -5.38898  0.00429441
        3555    -5.14646    -5.38891  0.00429374
        3556    -5.13655    -5.38884  0.00429312
        3557    -5.13388    -5.38877  0.00429251
        3558     -5.1629    -5.38871  0.00429178
        3559    -5.16691    -5.38864  0.00429102
        3560    -5.16772    -5.38858  0.00429027
        3561    -5.13705    -5.38851  0.00428964
        3562    -5.17671    -5.38845  0.00428885
        3563    -5.18944     -5.3884  0.00428801
        3564    -5.17969    -5.38834  0.00428721
        3565    -5.18895    -5.38828  0.00428637
        3566    -5.19436    -5.38823  0.00428551
        3567    -5.21536    -5.38818  0.00428459
        3568    -5.19889    -5.38812  0.00428371
        3569    -5.18942    -5.38807  0.00428287
        3570    -5.20624    -5.38802  0.00428198
        3571    -5.22166    -5.38797  0.00428103
        3572    -5.21926    -5.38792  0.00428009
        3573    -5.21395    -5.38788  0.00427917
        3574    -5.20879    -5.38783  0.00427827
        3575    -5.20153    -5.38777  0.00427739
        3576      -5.206    -5.38772   0.0042765
        3577    -5.20054    -5.38767  0.00427562
        3578    -5.19538    -5.38762  0.00427476
        3579    -5.20252    -5.38756  0.00427388
        3580    -5.20546    -5.38751  0.00427299
        3581    -5.20054    -5.38746  0.00427212
        3582    -5.19056    -5.38741  0.00427128
        3583    -5.20852    -5.38736  0.00427038
        3584    -5.20995    -5.38731  0.00426947
        3585    -5.23246    -5.38726   0.0042685
        3586     -5.2349    -5.38722  0.00426752
        3587    -5.23508    -5.38718  0.00426654
        3588    -5.24623    -5.38714  0.00426553
        3589    -5.24676     -5.3871  0.00426452
        3590    -5.25723    -5.38706  0.00426349
        3591       -5.26    -5.38703  0.00426245
        3592    -5.28004      -5.387  0.00426137
        3593     -5.2805    -5.38697  0.00426028
        3594    -5.30157    -5.38695  0.00425917
        3595    -5.30382    -5.38692  0.00425804
        3596    -5.31475     -5.3869  0.00425691
        3597    -5.29998    -5.38688  0.00425579
        3598    -5.29103    -5.38685  0.00425469
        3599    -5.30201    -5.38683  0.00425358
        3600    -5.32066    -5.38681  0.00425243
        3601    -5.30704    -5.38679  0.00425131
        3602    -5.30119    -5.38676   0.0042502
        3603    -5.31075    -5.38674  0.00424907
        3604    -5.29392    -5.38672  0.00424797
        3605    -5.28674    -5.38669  0.00424688
        3606    -5.27375    -5.38666  0.00424582
        3607    -5.26119    -5.38662  0.00424478
        3608    -5.25981    -5.38659  0.00424375
        3609    -5.25765    -5.38655  0.00424273
        3610    -5.26047    -5.38652   0.0042417
        3611    -5.26942    -5.38649  0.00424064
        3612    -5.27577    -5.38645  0.00423958
        3613    -5.24534    -5.38642  0.00423859
        3614    -5.26124    -5.38638  0.00423756
        3615    -5.22949    -5.38634  0.00423661
        3616    -5.24362     -5.3863  0.00423562
        3617    -5.23097    -5.38626  0.00423467
        3618     -5.2327    -5.38621  0.00423371
        3619    -5.23732    -5.38617  0.00423274
        3620     -5.2424    -5.38613  0.00423175
        3621    -5.24971    -5.38609  0.00423075
        3622    -5.24619    -5.38606  0.00422976
        3623     -5.2546    -5.38602  0.00422875
        3624    -5.23053    -5.38598   0.0042278
        3625    -5.21476    -5.38593   0.0042269
        3626    -5.23184    -5.38589  0.00422595
        3627    -5.24131    -5.38585  0.00422497
        3628    -5.23476    -5.38581  0.00422401
        3629     -5.2413    -5.38577  0.00422303
        3630    -5.24292    -5.38573  0.00422205
        3631    -5.24778    -5.38569  0.00422106
        3632    -5.23982    -5.38565  0.00422009
        3633    -5.24358    -5.38561  0.00421911
        3634    -5.26597    -5.38558  0.00421808
        3635    -5.25414    -5.38554  0.00421707
        3636    -5.22727     -5.3855  0.00421614
        3637    -5.23571    -5.38545  0.00421518
        3638    -5.23839    -5.38541  0.00421421
        3639    -5.25301    -5.38538  0.00421321
        3640    -5.26082    -5.38534  0.00421219
        3641    -5.26709    -5.38531  0.00421116
        3642    -5.25847    -5.38528  0.00421015
        3643    -5.26946    -5.38524  0.00420911
        3644    -5.25081    -5.38521  0.00420812
        3645    -5.23127    -5.38517  0.00420718
        3646    -5.23365    -5.38512  0.00420623
        3647    -5.21342    -5.38508  0.00420534
        3648    -5.20781    -5.38503  0.00420447
        3649    -5.19117    -5.38498  0.00420365
        3650    -5.17984    -5.38492  0.00420288
        3651    -5.16627    -5.38486  0.00420215
        3652    -5.16912     -5.3848  0.00420142
        3653    -5.19129    -5.38475   0.0042006
        3654    -5.20612     -5.3847  0.00419973
        3655    -5.18809    -5.38464  0.00419893
        3656    -5.19965    -5.38459  0.00419809
        3657    -5.17791    -5.38454  0.00419732
        3658    -5.18258    -5.38448  0.00419653
        3659    -5.16241    -5.38442  0.00419583
        3660    -5.16721    -5.38436   0.0041951
        3661    -5.21038    -5.38431  0.00419422
        3662    -5.19295    -5.38426   0.0041934
        3663    -5.21253    -5.38422  0.00419252
        3664     -5.2125    -5.38417  0.00419164
        3665    -5.22129    -5.38412  0.00419073
        3666    -5.21526    -5.38408  0.00418984
        3667    -5.21821    -5.38403  0.00418894
        3668    -5.23381    -5.38399    0.004188
        3669    -5.24371    -5.38395  0.00418703
        3670    -5.25908    -5.38392  0.00418603
        3671    -5.27855    -5.38389  0.00418499
        3672    -5.25865    -5.38386  0.00418399
        3673    -5.27622    -5.38383  0.00418295
        3674    -5.26539     -5.3838  0.00418194
        3675    -5.27557    -5.38377   0.0041809
        3676    -5.27202    -5.38374  0.00417988
        3677    -5.27589    -5.38371  0.00417884
        3678    -5.28711    -5.38368  0.00417779
        3679     -5.2766    -5.38365  0.00417675
        3680    -5.26137    -5.38362  0.00417575
        3681    -5.23587    -5.38358  0.00417481
        3682    -5.24195    -5.38354  0.00417385
        3683    -5.26628    -5.38351  0.00417284
        3684    -5.28405    -5.38348   0.0041718
        3685    -5.28022    -5.38345  0.00417076
        3686    -5.27887    -5.38342  0.00416972
        3687    -5.30301     -5.3834  0.00416865
        3688    -5.31037    -5.38338  0.00416757
        3689    -5.28931    -5.38336  0.00416651
        3690    -5.27223    -5.38333  0.00416549
        3691    -5.28395     -5.3833  0.00416445
        3692     -5.2559    -5.38326  0.00416347
        3693    -5.25803    -5.38323  0.00416248
        3694    -5.23826    -5.38319  0.00416154
        3695     -5.2399    -5.38315  0.00416059
        3696    -5.22651    -5.38311  0.00415968
        3697    -5.22393    -5.38307  0.00415878
        3698    -5.23648    -5.38303  0.00415784
        3699    -5.23535    -5.38299  0.00415691
        3700    -5.23831    -5.38295  0.00415597
        3701    -5.23774    -5.38291  0.00415503
        3702    -5.24543    -5.38287  0.00415408
        3703    -5.25836    -5.38284  0.00415309
        3704    -5.23807     -5.3828  0.00415215
        3705    -5.26085    -5.38277  0.00415116
        3706    -5.24132    -5.38273  0.00415022
        3707     -5.2471    -5.38269  0.00414926
        3708    -5.25403    -5.38266  0.00414829
        3709    -5.23634    -5.38262  0.00414736
        3710    -5.21988    -5.38257  0.00414647
        3711    -5.23985    -5.38254  0.00414553
        3712    -5.26433     -5.3825  0.00414454
        3713     -5.2823    -5.38248  0.00414351
        3714    -5.30749    -5.38246  0.00414244
        3715    -5.30047    -5.38243  0.00414138
        3716    -5.30462    -5.38241  0.00414032
        3717    -5.30347    -5.38239  0.00413926
        3718    -5.28665    -5.38237  0.00413823
        3719     -5.3005    -5.38234  0.00413718
        3720    -5.31083    -5.38233  0.00413611
        3721    -5.32517    -5.38231  0.00413503
        3722     -5.3297     -5.3823  0.00413394
        3723     -5.3351    -5.38228  0.00413285
        3724    -5.33429    -5.38227  0.00413176
        3725    -5.32496    -5.38225  0.00413068
        3726     -5.3091    -5.38224  0.00412962
        3727    -5.29739    -5.38221  0.00412857
        3728    -5.30579    -5.38219  0.00412751
        3729    -5.31212    -5.38217  0.00412645
        3730    -5.31834    -5.38216  0.00412538
        3731    -5.29859    -5.38213  0.00412433
        3732    -5.28251    -5.38211  0.00412332
        3733    -5.29579    -5.38208  0.00412228
        3734    -5.28156    -5.38206  0.00412126
        3735      -5.282    -5.38203  0.00412024
        3736    -5.26414      -5.382  0.00411926
        3737    -5.28171    -5.38197  0.00411825
        3738    -5.26625    -5.38194  0.00411726
        3739    -5.26764    -5.38191  0.00411627
        3740    -5.26101    -5.38188   0.0041153
        3741    -5.26371    -5.38185  0.00411432
        3742    -5.26658    -5.38182  0.00411334
        3743    -5.25877    -5.38178  0.00411237
        3744    -5.24731    -5.38175  0.00411143
        3745    -5.24896    -5.38171  0.00411048
        3746    -5.25748    -5.38168  0.00410952
        3747    -5.26484    -5.38165  0.00410854
        3748    -5.25593    -5.38161  0.00410758
        3749    -5.22815    -5.38157  0.00410669
        3750     -5.2451    -5.38154  0.00410576
        3751    -5.25642     -5.3815   0.0041048
        3752    -5.27101    -5.38147  0.00410381
        3753    -5.26802    -5.38144  0.00410283
        3754    -5.27446    -5.38141  0.00410183
        3755    -5.24586    -5.38138   0.0041009
        3756    -5.21955    -5.38134  0.00410003
        3757    -5.18717    -5.38128  0.00409927
        3758    -5.20375    -5.38124  0.00409845
        3759    -5.19365    -5.38119  0.00409766
        3760    -5.20978    -5.38114  0.00409683
        3761    -5.21817     -5.3811  0.00409597
        3762    -5.22025    -5.38105   0.0040951
        3763    -5.21782    -5.38101  0.00409424
        3764    -5.25587    -5.38098  0.00409329
        3765    -5.23734    -5.38094  0.00409238
        3766    -5.24934    -5.38091  0.00409144
        3767    -5.25493    -5.38087  0.00409049
        3768    -5.25393    -5.38084  0.00408955
        3769    -5.26595    -5.38081  0.00408857
        3770    -5.30309    -5.38079  0.00408754
        3771     -5.3009    -5.38077  0.00408651
        3772    -5.29768    -5.38074  0.00408549
        3773    -5.28484    -5.38072  0.00408449
        3774    -5.26111    -5.38069  0.00408353
        3775    -5.27331    -5.38066  0.00408254
        3776    -5.25346    -5.38062   0.0040816
        3777    -5.28767     -5.3806  0.00408059
        3778    -5.27699    -5.38057  0.00407961
        3779    -5.28185    -5.38055  0.00407861
        3780    -5.26145    -5.38051  0.00407765
        3781    -5.25056    -5.38048  0.00407672
        3782    -5.24428    -5.38044   0.0040758
        3783    -5.23364    -5.38041  0.00407491
        3784    -5.22464    -5.38036  0.00407404
        3785    -5.22996    -5.38032  0.00407316
        3786    -5.23081    -5.38029  0.00407227
        3787      -5.223    -5.38024  0.00407141
        3788     -5.2007     -5.3802  0.00407061
        3789    -5.20865    -5.38015  0.00406979
        3790    -5.21206    -5.38011  0.00406896
        3791    -5.20006    -5.38006  0.00406816
        3792    -5.19346    -5.38001  0.00406738
        3793    -5.19946    -5.37996  0.00406659
        3794     -5.2012    -5.37992  0.00406579
        3795    -5.21682    -5.37987  0.00406495
        3796     -5.2155    -5.37983  0.00406411
        3797    -5.19431    -5.37978  0.00406333
        3798    -5.17904    -5.37973   0.0040626
        3799    -5.19302    -5.37968  0.00406183
        3800    -5.19438    -5.37963  0.00406106
        3801     -5.1748    -5.37958  0.00406034
        3802      -5.165    -5.37952  0.00405967
        3803    -5.15479    -5.37946  0.00405903
        3804    -5.14657     -5.3794  0.00405843
        3805    -5.16131    -5.37934  0.00405776
        3806    -5.16645    -5.37929  0.00405708
        3807    -5.19517    -5.37924  0.00405631
        3808    -5.19829    -5.37919  0.00405552
        3809    -5.18374    -5.37914  0.00405478
        3810    -5.18492    -5.37909  0.00405404
        3811    -5.18193    -5.37904   0.0040533
        3812    -5.20212    -5.37899   0.0040525
        3813    -5.20176    -5.37894  0.00405171
        3814    -5.16043    -5.37889  0.00405105
        3815    -5.15512    -5.37883  0.00405041
        3816    -5.16159    -5.37877  0.00404975
        3817    -5.14611    -5.37871  0.00404915
        3818    -5.09801    -5.37864  0.00404876
        3819    -5.11742    -5.37857  0.00404827
        3820    -5.11753     -5.3785  0.00404779
        3821    -5.11448    -5.37843  0.00404732
        3822    -5.09468    -5.37836  0.00404694
        3823    -5.08473    -5.37828  0.00404661
        3824    -5.12541    -5.37821   0.0040461
        3825    -5.13486    -5.37815  0.00404554
        3826    -5.12829    -5.37808  0.00404501
        3827    -5.13548    -5.37802  0.00404445
        3828     -5.1407    -5.37796  0.00404387
        3829    -5.14179     -5.3779  0.00404328
        3830    -5.13577    -5.37783  0.00404272
        3831    -5.14256    -5.37777  0.00404213
        3832    -5.15314    -5.37771   0.0040415
        3833    -5.15078    -5.37765  0.00404088
        3834    -5.16663     -5.3776   0.0040402
        3835    -5.16993    -5.37754  0.00403951
        3836    -5.18983     -5.3775  0.00403875
        3837     -5.2182    -5.37745  0.00403791
        3838    -5.22879    -5.37742  0.00403705
        3839    -5.18259    -5.37736  0.00403631
        3840    -5.17149    -5.37731  0.00403562
        3841    -5.13613    -5.37725  0.00403506
        3842    -5.16204    -5.37719   0.0040344
        3843     -5.1839    -5.37714  0.00403366
        3844    -5.16252    -5.37709    0.004033
        3845    -5.15824    -5.37703  0.00403235
        3846    -5.18123    -5.37698  0.00403162
        3847    -5.18591    -5.37693  0.00403088
        3848    -5.15647    -5.37687  0.00403024
        3849     -5.1507    -5.37681  0.00402962
        3850    -5.19516    -5.37677  0.00402885
        3851    -5.18401    -5.37672  0.00402812
        3852    -5.21673    -5.37667  0.00402728
        3853    -5.22972    -5.37664  0.00402642
        3854    -5.21484    -5.37659  0.00402559
        3855    -5.22936    -5.37656  0.00402473
        3856    -5.24772    -5.37652  0.00402383
        3857    -5.26738    -5.37649  0.00402288
        3858    -5.27525    -5.37647  0.00402192
        3859    -5.28959    -5.37645  0.00402094
        3860    -5.26472    -5.37642  0.00402001
        3861    -5.28444    -5.37639  0.00401904
        3862    -5.30167    -5.37637  0.00401804
        3863    -5.31003    -5.37636  0.00401704
        3864    -5.32331    -5.37634  0.00401602
        3865    -5.31231    -5.37633  0.00401502
        3866    -5.32077    -5.37631  0.00401401
        3867    -5.31263    -5.37629    0.004013
        3868    -5.32646    -5.37628  0.00401198
        3869    -5.32764    -5.37627  0.00401097
        3870    -5.31452    -5.37625  0.00400996
        3871     -5.3033    -5.37623  0.00400897
        3872    -5.31475    -5.37622  0.00400797
        3873    -5.30865     -5.3762  0.00400697
        3874     -5.3164    -5.37619  0.00400597
        3875    -5.31278    -5.37617  0.00400497
        3876      -5.286    -5.37615    0.004004
        3877     -5.2774    -5.37612  0.00400305
        3878    -5.30597     -5.3761  0.00400206
        3879    -5.30502    -5.37608  0.00400107
        3880    -5.29688    -5.37606  0.00400009
        3881    -5.31072    -5.37605  0.00399909
        3882    -5.30375    -5.37603  0.00399811
        3883    -5.28255      -5.376  0.00399715
        3884     -5.2796    -5.37598   0.0039962
        3885    -5.25769    -5.37595  0.00399528
        3886    -5.25437    -5.37592  0.00399438
        3887    -5.26941    -5.37589  0.00399344
        3888     -5.2339    -5.37585  0.00399258
        3889    -5.22001    -5.37581  0.00399176
        3890    -5.22441    -5.37577  0.00399092
        3891    -5.23008    -5.37574  0.00399007
        3892    -5.18796    -5.37569  0.00398934
        3893    -5.22907    -5.37565  0.00398849
        3894    -5.23068    -5.37561  0.00398764
        3895     -5.2332    -5.37558  0.00398678
        3896    -5.25002    -5.37555  0.00398589
        3897    -5.23093    -5.37551  0.00398504
        3898    -5.23363    -5.37547  0.00398419
        3899    -5.22027    -5.37543  0.00398336
        3900    -5.22274    -5.37539  0.00398253
        3901    -5.21285    -5.37535  0.00398173
        3902    -5.21337    -5.37531  0.00398093
        3903    -5.20739    -5.37527  0.00398014
        3904    -5.22837    -5.37523   0.0039793
        3905    -5.23624    -5.37519  0.00397844
        3906    -5.24067    -5.37516  0.00397757
        3907    -5.26484    -5.37513  0.00397665
        3908     -5.2901    -5.37511  0.00397569
        3909    -5.29012    -5.37509  0.00397473
        3910    -5.27278    -5.37506   0.0039738
        3911     -5.2513    -5.37503  0.00397291
        3912    -5.23497    -5.37499  0.00397206
        3913    -5.22857    -5.37496  0.00397122
        3914    -5.20899    -5.37491  0.00397043
        3915    -5.21216    -5.37487  0.00396964
        3916    -5.19262    -5.37483   0.0039689
        3917    -5.18645    -5.37478  0.00396817
        3918     -5.1993    -5.37473  0.00396741
        3919     -5.2033    -5.37469  0.00396664
        3920     -5.2079    -5.37465  0.00396586
        3921    -5.23043    -5.37461  0.00396502
        3922    -5.22788    -5.37457  0.00396418
        3923     -5.2157    -5.37453  0.00396338
        3924    -5.20935    -5.37449  0.00396259
        3925    -5.19785    -5.37444  0.00396184
        3926    -5.17665    -5.37439  0.00396115
        3927    -5.16277    -5.37434  0.00396051
        3928    -5.15689    -5.37429  0.00395989
        3929    -5.18662    -5.37424  0.00395917
        3930    -5.17115    -5.37419   0.0039585
        3931     -5.1893    -5.37414  0.00395777
        3932    -5.20124    -5.37409  0.00395701
        3933     -5.1937    -5.37405  0.00395627
        3934    -5.18667      -5.374  0.00395555
        3935    -5.17027    -5.37395  0.00395488
        3936    -5.18537     -5.3739  0.00395417
        3937     -5.2066    -5.37386  0.00395339
        3938    -5.23121    -5.37382  0.00395255
        3939    -5.24046    -5.37379  0.00395169
        3940    -5.24625    -5.37376  0.00395082
        3941     -5.2307    -5.37372  0.00394999
        3942    -5.23683    -5.37369  0.00394914
        3943    -5.23597    -5.37365  0.00394829
        3944     -5.2335    -5.37362  0.00394745
        3945    -5.23591    -5.37358   0.0039466
        3946    -5.22293    -5.37354  0.00394579
        3947    -5.22257     -5.3735  0.00394497
        3948    -5.21599    -5.37346  0.00394418
        3949    -5.19848    -5.37342  0.00394343
        3950    -5.19714    -5.37337  0.00394268
        3951     -5.1897    -5.37333  0.00394196
        3952    -5.18342    -5.37328  0.00394125
        3953    -5.18128    -5.37323  0.00394056
        3954    -5.19121    -5.37319  0.00393983
        3955    -5.19222    -5.37314   0.0039391
        3956    -5.19585     -5.3731  0.00393836
        3957    -5.20246    -5.37305   0.0039376
        3958    -5.18844    -5.37301  0.00393688
        3959    -5.16655    -5.37295  0.00393623
        3960    -5.18388    -5.37291  0.00393552
        3961    -5.19483    -5.37286  0.00393479
        3962    -5.19933    -5.37282  0.00393404
        3963    -5.20606    -5.37277  0.00393327
        3964    -5.22786    -5.37274  0.00393245
        3965    -5.23191     -5.3727  0.00393162
        3966    -5.22847    -5.37267  0.00393079
        3967    -5.24607    -5.37263  0.00392993
        3968    -5.25172     -5.3726  0.00392906
        3969    -5.25072    -5.37257  0.00392819
        3970    -5.25077    -5.37254  0.00392732
        3971    -5.23459    -5.37251  0.00392649
        3972    -5.23639    -5.37247  0.00392565
        3973    -5.25466    -5.37244  0.00392477
        3974    -5.26452    -5.37242  0.00392388
        3975    -5.25897    -5.37239  0.00392299
        3976    -5.27176    -5.37236  0.00392209
        3977    -5.26358    -5.37234   0.0039212
        3978    -5.26038    -5.37231  0.00392031
        3979     -5.2716    -5.37228  0.00391941
        3980    -5.26603    -5.37226  0.00391852
        3981    -5.26291    -5.37223  0.00391763
        3982    -5.25816     -5.3722  0.00391675
        3983    -5.24306    -5.37217   0.0039159
        3984    -5.24458    -5.37213  0.00391505
        3985    -5.23148     -5.3721  0.00391422
        3986     -5.2612    -5.37207  0.00391334
        3987     -5.2701    -5.37205  0.00391244
        3988    -5.25562    -5.37202  0.00391157
        3989    -5.25058    -5.37199  0.00391071
        3990    -5.25918    -5.37196  0.00390983
        3991    -5.25722    -5.37193  0.00390896
        3992    -5.26128     -5.3719  0.00390808
        3993    -5.26125    -5.37187   0.0039072
        3994    -5.26833    -5.37185   0.0039063
        3995    -5.28223    -5.37183  0.00390539
        3996    -5.29386    -5.37181  0.00390446
        3997    -5.28325    -5.37178  0.00390355
        3998    -5.27959    -5.37176  0.00390264
        3999    -5.27886    -5.37174  0.00390173
        4000    -5.29338    -5.37172  0.00390081
        4001    -5.28551     -5.3717  0.00389989
        4002    -5.27412    -5.37167  0.00389899
        4003     -5.2461    -5.37164  0.00389814
        4004     -5.2393    -5.37161  0.00389731
        4005    -5.24981    -5.37158  0.00389646
        4006     -5.2409    -5.37154  0.00389562
        4007    -5.26109    -5.37152  0.00389475
        4008    -5.24291    -5.37149  0.00389391
        4009    -5.25649    -5.37146  0.00389304
        4010    -5.26038    -5.37143  0.00389217
        4011    -5.26109     -5.3714  0.00389129
        4012    -5.25058    -5.37137  0.00389044
        4013    -5.25007    -5.37134  0.00388959
        4014    -5.24378    -5.37131  0.00388875
        4015    -5.25864    -5.37128  0.00388788
        4016    -5.27027    -5.37126    0.003887
        4017    -5.24881    -5.37123  0.00388615
        4018    -5.25847     -5.3712  0.00388528
        4019    -5.25423    -5.37117  0.00388442
        4020    -5.28379    -5.37115  0.00388352
        4021    -5.28153    -5.37112  0.00388262
        4022    -5.24778    -5.37109  0.00388177
        4023    -5.26498    -5.37107   0.0038809
        4024    -5.27419    -5.37104  0.00388001
        4025    -5.28833    -5.37102   0.0038791
        4026    -5.28215      -5.371   0.0038782
        4027    -5.29496    -5.37098  0.00387728
        4028    -5.29294    -5.37096  0.00387637
        4029    -5.27307    -5.37094  0.00387548
        4030    -5.29055    -5.37092  0.00387457
        4031    -5.29596     -5.3709  0.00387365
        4032    -5.30668    -5.37088  0.00387273
        4033    -5.31093    -5.37087  0.00387179
        4034    -5.33392    -5.37086  0.00387084
        4035    -5.32114    -5.37085  0.00386991
        4036    -5.32636    -5.37084  0.00386896
        4037    -5.33619    -5.37083  0.00386801
        4038    -5.33047    -5.37082  0.00386707
        4039    -5.31148     -5.3708  0.00386614
        4040     -5.3139    -5.37079  0.00386521
        4041    -5.33296    -5.37078  0.00386426
        4042    -5.30958    -5.37076  0.00386334
        4043    -5.31917    -5.37075   0.0038624
        4044    -5.29592    -5.37073  0.00386149
        4045    -5.29805    -5.37071  0.00386058
        4046     -5.3169     -5.3707  0.00385965
        4047    -5.30296    -5.37068  0.00385873
        4048     -5.3091    -5.37067  0.00385781
        4049    -5.30775    -5.37065  0.00385688
        4050    -5.29324    -5.37064  0.00385598
        4051     -5.2706    -5.37061  0.00385511
        4052    -5.25831    -5.37058  0.00385425
        4053    -5.27157    -5.37056  0.00385338
        4054    -5.29165    -5.37054  0.00385248
        4055    -5.30013    -5.37052  0.00385157
        4056    -5.30691    -5.37051  0.00385065
        4057    -5.30604    -5.37049  0.00384973
        4058    -5.29972    -5.37047  0.00384883
        4059    -5.32239    -5.37046   0.0038479
        4060     -5.3391    -5.37045  0.00384696
        4061    -5.33766    -5.37044  0.00384602
        4062    -5.34289    -5.37044  0.00384508
        4063    -5.34824    -5.37043  0.00384413
        4064    -5.35579    -5.37043  0.00384319
        4065    -5.36151    -5.37043  0.00384224
        4066    -5.37357    -5.37043   0.0038413
        4067    -5.38123    -5.37043  0.00384036
        4068    -5.35976    -5.37043  0.00383941
        4069    -5.35285    -5.37042  0.00383847
        4070    -5.36207    -5.37042  0.00383753
        4071    -5.34306    -5.37041  0.00383659
        4072    -5.35316    -5.37041  0.00383565
        4073    -5.34776     -5.3704  0.00383471
        4074    -5.35551     -5.3704  0.00383378
        4075    -5.36495     -5.3704  0.00383283
        4076    -5.34338    -5.37039   0.0038319
        4077    -5.34537    -5.37039  0.00383097
        4078    -5.35344    -5.37038  0.00383003
        4079    -5.36342    -5.37038  0.00382909
        4080    -5.36653    -5.37038  0.00382815
        4081    -5.36871    -5.37038  0.00382721
        4082    -5.36022    -5.37038  0.00382628
        4083    -5.36833    -5.37038  0.00382534
        4084    -5.35809    -5.37037   0.0038244
        4085    -5.35153    -5.37037  0.00382347
        4086      -5.363    -5.37037  0.00382254
        4087    -5.37544    -5.37037   0.0038216
        4088    -5.38403    -5.37037  0.00382067
        4089    -5.36954    -5.37037  0.00381973
        4090    -5.36282    -5.37037   0.0038188
        4091    -5.34726    -5.37036  0.00381787
        4092    -5.34451    -5.37036  0.00381694
        4093      -5.346    -5.37035  0.00381601
        4094    -5.32715    -5.37034   0.0038151
        4095    -5.33018    -5.37033  0.00381418
        4096    -5.31057    -5.37032  0.00381327
        4097    -5.30682     -5.3703  0.00381237
        4098    -5.33618    -5.37029  0.00381145
        4099    -5.31632    -5.37028  0.00381055
        4100    -5.34455    -5.37027  0.00380962
        4101    -5.33341    -5.37026   0.0038087
        4102    -5.33616    -5.37026  0.00380778
        4103    -5.34998    -5.37025  0.00380686
        4104    -5.35267    -5.37025  0.00380593
        4105    -5.34954    -5.37024  0.00380501
        4106    -5.32482    -5.37023   0.0038041
        4107    -5.31654    -5.37022   0.0038032
        4108    -5.31781    -5.37021  0.00380229
        4109    -5.30633    -5.37019   0.0038014
        4110    -5.27867    -5.37017  0.00380054
        4111    -5.24337    -5.37014  0.00379974
        4112    -5.22411     -5.3701  0.00379898
        4113    -5.24585    -5.37007  0.00379818
        4114    -5.24565    -5.37004  0.00379737
        4115    -5.22546    -5.37001  0.00379661
        4116    -5.25148    -5.36998   0.0037958
        4117    -5.25973    -5.36995  0.00379497
        4118    -5.26953    -5.36993  0.00379413
        4119    -5.27254     -5.3699  0.00379328
        4120    -5.27662    -5.36988  0.00379243
        4121    -5.27604    -5.36986  0.00379158
        4122    -5.29584    -5.36984   0.0037907
        4123    -5.29094    -5.36982  0.00378983
        4124    -5.29879     -5.3698  0.00378895
        4125    -5.29243    -5.36978  0.00378808
        4126     -5.3005    -5.36977   0.0037872
        4127    -5.28426    -5.36975  0.00378634
        4128    -5.27565    -5.36972  0.00378549
        4129    -5.25811     -5.3697  0.00378467
        4130    -5.25779    -5.36967  0.00378385
        4131    -5.25475    -5.36964  0.00378303
        4132    -5.23943    -5.36961  0.00378225
        4133    -5.22668    -5.36957  0.00378149
        4134    -5.22284    -5.36954  0.00378074
        4135     -5.2329    -5.36951  0.00377997
        4136    -5.22212    -5.36947  0.00377923
        4137    -5.21257    -5.36943  0.00377851
        4138    -5.21123    -5.36939  0.00377779
        4139    -5.22533    -5.36936  0.00377703
        4140    -5.23147    -5.36933  0.00377627
        4141    -5.22971    -5.36929  0.00377551
        4142    -5.24268    -5.36926  0.00377472
        4143    -5.24304    -5.36923  0.00377393
        4144    -5.24014     -5.3692  0.00377315
        4145    -5.24487    -5.36917  0.00377236
        4146    -5.23748    -5.36914  0.00377158
        4147    -5.23565    -5.36911  0.00377081
        4148    -5.22897    -5.36907  0.00377005
        4149    -5.23158    -5.36904  0.00376929
        4150    -5.22278      -5.369  0.00376854
        4151    -5.21039    -5.36897  0.00376783
        4152    -5.21374    -5.36893  0.00376711
        4153     -5.2242    -5.36889  0.00376636
        4154    -5.21032    -5.36886  0.00376565
        4155    -5.21113    -5.36882  0.00376493
        4156    -5.20463    -5.36878  0.00376424
        4157    -5.22676    -5.36874  0.00376349
        4158    -5.22094    -5.36871  0.00376275
        4159    -5.20718    -5.36867  0.00376204
        4160    -5.21071    -5.36863  0.00376133
        4161    -5.21534     -5.3686  0.00376061
        4162    -5.20785    -5.36856   0.0037599
        4163    -5.19501    -5.36851  0.00375923
        4164    -5.21881    -5.36848   0.0037585
        4165    -5.22336    -5.36844  0.00375776
        4166    -5.24588    -5.36841  0.00375697
        4167    -5.25822    -5.36839  0.00375616
        4168    -5.26268    -5.36836  0.00375535
        4169    -5.28271    -5.36834   0.0037545
        4170    -5.28154    -5.36832  0.00375366
        4171    -5.29109     -5.3683  0.00375281
        4172    -5.28645    -5.36828  0.00375196
        4173    -5.26636    -5.36826  0.00375114
        4174    -5.28134    -5.36824   0.0037503
        4175    -5.26425    -5.36821  0.00374948
        4176    -5.26282    -5.36819  0.00374867
        4177    -5.25863    -5.36816  0.00374786
        4178    -5.28084    -5.36814  0.00374702
        4179    -5.28204    -5.36812  0.00374618
        4180    -5.28235     -5.3681  0.00374534
        4181    -5.27315    -5.36808  0.00374452
        4182    -5.29697    -5.36806  0.00374366
        4183    -5.27982    -5.36804  0.00374282
        4184    -5.29405    -5.36802  0.00374197
        4185    -5.28595      -5.368  0.00374113
        4186    -5.28923    -5.36798  0.00374028
        4187    -5.29203    -5.36796  0.00373943
        4188    -5.28787    -5.36795  0.00373859
        4189     -5.2777    -5.36792  0.00373776
        4190    -5.26316     -5.3679  0.00373695
        4191    -5.27123    -5.36788  0.00373613
        4192    -5.25994    -5.36785  0.00373533
        4193    -5.25938    -5.36782  0.00373453
        4194    -5.24318    -5.36779  0.00373375
        4195    -5.24776    -5.36777  0.00373297
        4196    -5.23745    -5.36773  0.00373221
        4197    -5.22195     -5.3677  0.00373149
        4198     -5.2368    -5.36767  0.00373073
        4199    -5.24922    -5.36764  0.00372995
        4200     -5.2525    -5.36761  0.00372916
        4201     -5.2248    -5.36758  0.00372843
        4202    -5.22019    -5.36754   0.0037277
        4203    -5.25369    -5.36752  0.00372691
        4204    -5.23907    -5.36749  0.00372615
        4205     -5.2418    -5.36746  0.00372539
        4206    -5.21948    -5.36742  0.00372467
        4207    -5.20516    -5.36738  0.00372398
        4208    -5.19815    -5.36734  0.00372331
        4209    -5.17516     -5.3673  0.00372271
        4210    -5.18329    -5.36725  0.00372208
        4211    -5.17213    -5.36721  0.00372149
        4212    -5.17879    -5.36716  0.00372087
        4213    -5.18629    -5.36712  0.00372024
        4214    -5.19295    -5.36708  0.00371958
        4215    -5.21779    -5.36704  0.00371887
        4216    -5.21605    -5.36701  0.00371816
        4217    -5.23196    -5.36697  0.00371742
        4218    -5.22786    -5.36694  0.00371668
        4219     -5.2382    -5.36691  0.00371592
        4220    -5.23083    -5.36688  0.00371518
        4221    -5.25401    -5.36685   0.0037144
        4222    -5.26625    -5.36683   0.0037136
        4223    -5.26847    -5.36681  0.00371279
        4224    -5.26298    -5.36678  0.00371199
        4225    -5.26481    -5.36676  0.00371119
        4226    -5.26947    -5.36673  0.00371039
        4227    -5.26404    -5.36671  0.00370959
        4228    -5.26478    -5.36668  0.00370879
        4229     -5.2592    -5.36666    0.003708
        4230    -5.24943    -5.36663  0.00370723
        4231    -5.24446     -5.3666  0.00370646
        4232    -5.24321    -5.36657   0.0037057
        4233    -5.21768    -5.36654  0.00370499
        4234     -5.2237     -5.3665  0.00370427
        4235     -5.2175    -5.36647  0.00370356
        4236    -5.20452    -5.36643  0.00370289
        4237    -5.20808    -5.36639   0.0037022
        4238     -5.2338    -5.36636  0.00370146
        4239    -5.24393    -5.36633   0.0037007
        4240     -5.2555    -5.36631  0.00369992
        4241    -5.25635    -5.36628  0.00369914
        4242     -5.2485    -5.36625  0.00369837
        4243    -5.25602    -5.36623  0.00369759
        4244     -5.2417     -5.3662  0.00369683
        4245    -5.23412    -5.36617  0.00369609
        4246    -5.23371    -5.36614  0.00369536
        4247    -5.23664    -5.36611  0.00369461
        4248    -5.22904    -5.36607  0.00369388
        4249    -5.22847    -5.36604  0.00369315
        4250    -5.24813    -5.36601  0.00369239
        4251    -5.26026    -5.36599   0.0036916
        4252     -5.2625    -5.36596  0.00369082
        4253    -5.26845    -5.36594  0.00369002
        4254    -5.27329    -5.36592  0.00368922
        4255    -5.26392     -5.3659  0.00368843
        4256    -5.25348    -5.36587  0.00368766
        4257    -5.26769    -5.36585  0.00368686
        4258    -5.28081    -5.36583  0.00368605
        4259    -5.28128    -5.36581  0.00368524
        4260    -5.29557    -5.36579  0.00368441
        4261    -5.29616    -5.36577  0.00368358
        4262    -5.28126    -5.36575  0.00368277
        4263    -5.28076    -5.36573  0.00368196
        4264    -5.27065    -5.36571  0.00368116
        4265    -5.24461    -5.36568  0.00368041
        4266    -5.22891    -5.36565  0.00367969
        4267    -5.24045    -5.36562  0.00367894
        4268    -5.21659    -5.36559  0.00367825
        4269    -5.18687    -5.36554  0.00367762
        4270    -5.17811     -5.3655  0.00367702
        4271    -5.19233    -5.36546  0.00367639
        4272    -5.18186    -5.36542  0.00367578
        4273    -5.16889    -5.36537   0.0036752
        4274    -5.16428    -5.36532  0.00367465
        4275    -5.15624    -5.36528  0.00367411
        4276    -5.15854    -5.36523  0.00367357
        4277    -5.14422    -5.36518  0.00367307
        4278    -5.14575    -5.36512  0.00367257
        4279    -5.14884    -5.36507  0.00367206
        4280    -5.13737    -5.36502  0.00367159
        4281    -5.14201    -5.36497   0.0036711
        4282    -5.16322    -5.36492  0.00367055
        4283    -5.16473    -5.36487  0.00366999
        4284    -5.16177    -5.36483  0.00366944
        4285    -5.17295    -5.36478  0.00366886
        4286    -5.18358    -5.36474  0.00366824
        4287    -5.16879    -5.36469  0.00366767
        4288    -5.16226    -5.36465  0.00366712
        4289    -5.18489    -5.36461   0.0036665
        4290    -5.14699    -5.36455    0.003666
        4291    -5.15605    -5.36451  0.00366547
        4292    -5.15776    -5.36446  0.00366493
        4293    -5.15391    -5.36441  0.00366441
        4294    -5.16318    -5.36436  0.00366385
        4295    -5.13233    -5.36431   0.0036634
        4296    -5.11427    -5.36425  0.00366301
        4297    -5.07646    -5.36418  0.00366277
        4298    -5.10631    -5.36412  0.00366241
        4299    -5.09679    -5.36406  0.00366208
        4300    -5.10032      -5.364  0.00366174
        4301    -5.12157    -5.36394  0.00366133
        4302    -5.14143    -5.36389  0.00366084
        4303     -5.1434    -5.36384  0.00366035
        4304    -5.13214    -5.36379  0.00365989
        4305    -5.12691    -5.36373  0.00365946
        4306     -5.1112    -5.36367  0.00365908
        4307    -5.10141    -5.36361  0.00365873
        4308    -5.11956    -5.36355  0.00365832
        4309     -5.1592    -5.36351  0.00365778
        4310    -5.13632    -5.36345  0.00365731
        4311    -5.13009     -5.3634  0.00365686
        4312    -5.12522    -5.36335  0.00365643
        4313    -5.13722    -5.36329  0.00365596
        4314    -5.15826    -5.36325  0.00365542
        4315    -5.15855     -5.3632  0.00365488
        4316    -5.18356    -5.36316  0.00365427
        4317    -5.18916    -5.36312  0.00365365
        4318    -5.17192    -5.36307  0.00365307
        4319    -5.13891    -5.36302   0.0036526
        4320    -5.12446    -5.36296  0.00365217
        4321    -5.11851    -5.36291  0.00365176
        4322    -5.09177    -5.36285  0.00365145
        4323    -5.11615    -5.36279  0.00365106
        4324    -5.14303    -5.36274  0.00365056
        4325    -5.14264    -5.36269  0.00365008
        4326    -5.14797    -5.36264  0.00364957
        4327    -5.14011    -5.36259  0.00364909
        4328    -5.13611    -5.36253  0.00364862
        4329    -5.14642    -5.36248  0.00364812
        4330    -5.16828    -5.36244  0.00364755
        4331    -5.18042     -5.3624  0.00364695
        4332    -5.18301    -5.36235  0.00364634
        4333    -5.15961    -5.36231   0.0036458
        4334    -5.16443    -5.36226  0.00364525
        4335    -5.15826    -5.36222  0.00364471
        4336    -5.15765    -5.36217  0.00364418
        4337    -5.18252    -5.36213  0.00364357
        4338    -5.15709    -5.36208  0.00364304
        4339    -5.13722    -5.36203  0.00364257
        4340    -5.10231    -5.36197  0.00364222
        4341    -5.09515    -5.36191   0.0036419
        4342     -5.0426    -5.36183   0.0036418
        4343    -5.01186    -5.36175  0.00364185
        4344    -5.02707    -5.36168  0.00364183
        4345    -5.04577     -5.3616  0.00364172
        4346    -5.06576    -5.36153  0.00364152
        4347    -5.05241    -5.36146  0.00364137
        4348    -5.05722    -5.36139  0.00364121
        4349        -5.1    -5.36133  0.00364087
        4350    -5.08529    -5.36127  0.00364058
        4351    -5.10115    -5.36121  0.00364024
        4352    -5.09313    -5.36115  0.00363992
        4353    -5.09992    -5.36109  0.00363958
        4354    -5.11741    -5.36103  0.00363917
        4355    -5.13353    -5.36098  0.00363871
        4356    -5.15567    -5.36093  0.00363818
        4357    -5.15552    -5.36089  0.00363765
        4358    -5.16061    -5.36084  0.00363711
        4359    -5.16044    -5.36079  0.00363657
        4360     -5.1437    -5.36074  0.00363607
        4361    -5.15806     -5.3607  0.00363554
        4362    -5.16866    -5.36065  0.00363497
        4363    -5.15988    -5.36061  0.00363443
        4364    -5.20554    -5.36057  0.00363377
        4365    -5.19895    -5.36054  0.00363312
        4366    -5.20116     -5.3605  0.00363248
        4367    -5.22524    -5.36047  0.00363178
        4368    -5.21577    -5.36043   0.0036311
        4369    -5.21698     -5.3604  0.00363041
        4370    -5.21723    -5.36037  0.00362973
        4371    -5.20842    -5.36033  0.00362907
        4372    -5.21936     -5.3603  0.00362838
        4373    -5.24339    -5.36028  0.00362765
        4374    -5.25242    -5.36025   0.0036269
        4375    -5.25362    -5.36023  0.00362616
        4376    -5.26929    -5.36021  0.00362539
        4377    -5.27076    -5.36018  0.00362462
        4378    -5.25148    -5.36016  0.00362387
        4379    -5.24905    -5.36013  0.00362313
        4380     -5.2254     -5.3601  0.00362244
        4381    -5.22195    -5.36007  0.00362175
        4382    -5.20476    -5.36004  0.00362109
        4383    -5.22004       -5.36  0.00362041
        4384    -5.22609    -5.35997  0.00361971
        4385     -5.2148    -5.35994  0.00361904
        4386    -5.23338    -5.35991  0.00361833
        4387     -5.2325    -5.35988  0.00361762
        4388    -5.24417    -5.35986  0.00361689
        4389    -5.22425    -5.35983   0.0036162
        4390    -5.21959    -5.35979  0.00361552
        4391    -5.18838    -5.35976   0.0036149
        4392    -5.19374    -5.35972  0.00361428
        4393    -5.18497    -5.35968  0.00361367
        4394    -5.20271    -5.35964  0.00361303
        4395    -5.18069     -5.3596  0.00361244
        4396    -5.17653    -5.35956  0.00361185
        4397    -5.16312    -5.35951  0.00361131
        4398    -5.16354    -5.35947  0.00361076
        4399    -5.15427    -5.35942  0.00361024
        4400    -5.16056    -5.35938  0.00360971
        4401    -5.16828    -5.35933  0.00360915
        4402    -5.14858    -5.35929  0.00360864
        4403    -5.14263    -5.35924  0.00360816
        4404    -5.14993    -5.35919  0.00360765
        4405    -5.15213    -5.35914  0.00360714
        4406     -5.1567     -5.3591  0.00360662
        4407    -5.17387    -5.35906  0.00360604
        4408    -5.16331    -5.35901   0.0036055
        4409    -5.17361    -5.35897  0.00360492
        4410    -5.17944    -5.35893  0.00360434
        4411    -5.19665    -5.35889  0.00360371
        4412    -5.20494    -5.35886  0.00360306
        4413      -5.203    -5.35882  0.00360242
        4414    -5.20572    -5.35879  0.00360177
        4415    -5.21398    -5.35875   0.0036011
        4416    -5.19946    -5.35872  0.00360047
        4417    -5.22046    -5.35869  0.00359979
        4418    -5.22263    -5.35866   0.0035991
        4419    -5.24151    -5.35863  0.00359839
        4420    -5.22812     -5.3586  0.00359769
        4421    -5.21345    -5.35857  0.00359703
        4422    -5.20218    -5.35853  0.00359639
        4423    -5.23232     -5.3585  0.00359569
        4424    -5.23483    -5.35847  0.00359499
        4425    -5.25601    -5.35845  0.00359425
        4426    -5.22197    -5.35842  0.00359357
        4427    -5.25437     -5.3584  0.00359283
        4428    -5.23862    -5.35837  0.00359212
        4429     -5.2377    -5.35834  0.00359142
        4430    -5.25407    -5.35832  0.00359068
        4431    -5.26607     -5.3583  0.00358993
        4432    -5.27916    -5.35828  0.00358917
        4433    -5.29263    -5.35827  0.00358839
        4434    -5.26141    -5.35824  0.00358765
        4435    -5.25577    -5.35822  0.00358691
        4436    -5.26113     -5.3582  0.00358617
        4437    -5.26087    -5.35818  0.00358543
        4438    -5.26361    -5.35816  0.00358468
        4439       -5.27    -5.35814  0.00358393
        4440    -5.28011    -5.35812  0.00358317
        4441    -5.28772     -5.3581   0.0035824
        4442    -5.27105    -5.35808  0.00358164
        4443    -5.29683    -5.35807  0.00358086
        4444    -5.31171    -5.35806  0.00358007
        4445    -5.32356    -5.35805  0.00357928
        4446    -5.32297    -5.35804  0.00357848
        4447      -5.328    -5.35804  0.00357768
        4448    -5.33264    -5.35803  0.00357688
        4449    -5.32545    -5.35802  0.00357608
        4450     -5.3336    -5.35802  0.00357528
        4451    -5.32876    -5.35801  0.00357449
        4452     -5.3216      -5.358  0.00357369
        4453    -5.30827    -5.35799  0.00357291
        4454    -5.27632    -5.35797  0.00357215
        4455    -5.27513    -5.35796   0.0035714
        4456    -5.29301    -5.35794  0.00357063
        4457     -5.3187    -5.35793  0.00356984
        4458    -5.33353    -5.35793  0.00356904
        4459    -5.33824    -5.35792  0.00356824
        4460    -5.33948    -5.35792  0.00356745
        4461    -5.35338    -5.35792  0.00356665
        4462    -5.36639    -5.35792  0.00356585
        4463    -5.36433    -5.35792  0.00356505
        4464    -5.36492    -5.35792  0.00356425
        4465    -5.37154    -5.35792  0.00356345
        4466    -5.36945    -5.35793  0.00356266
        4467    -5.36754    -5.35793  0.00356186
        4468     -5.3485    -5.35793  0.00356106
        4469     -5.3374    -5.35792  0.00356027
        4470    -5.33274    -5.35792  0.00355948
        4471    -5.31735    -5.35791  0.00355869
        4472    -5.30582     -5.3579  0.00355792
        4473    -5.31063    -5.35789  0.00355714
        4474     -5.3063    -5.35787  0.00355636
        4475    -5.29376    -5.35786  0.00355559
        4476    -5.29234    -5.35785  0.00355483
        4477    -5.28112    -5.35783  0.00355408
        4478    -5.29593    -5.35781  0.00355331
        4479    -5.30186     -5.3578  0.00355254
        4480    -5.33268     -5.3578  0.00355175
        4481    -5.32577    -5.35779  0.00355097
        4482    -5.32542    -5.35778  0.00355018
        4483    -5.32917    -5.35778  0.00354939
        4484    -5.31548    -5.35777  0.00354862
        4485    -5.33073    -5.35776  0.00354783
        4486    -5.32598    -5.35775  0.00354705
        4487    -5.30601    -5.35774  0.00354627
        4488    -5.29854    -5.35773  0.00354551
        4489    -5.28828    -5.35771  0.00354475
        4490    -5.29506     -5.3577  0.00354399
        4491    -5.29461    -5.35768  0.00354323
        4492    -5.30112    -5.35767  0.00354246
        4493    -5.28464    -5.35766  0.00354171
        4494    -5.28816    -5.35764  0.00354096
        4495    -5.29808    -5.35763  0.00354019
        4496    -5.28467    -5.35761  0.00353944
        4497    -5.29521     -5.3576  0.00353868
        4498      -5.255    -5.35757  0.00353797
        4499    -5.24791    -5.35755  0.00353727
        4500    -5.23048    -5.35752  0.00353659
        4501    -5.23115    -5.35749  0.00353592
        4502    -5.22548    -5.35746  0.00353526
        4503    -5.21501    -5.35743  0.00353461
        4504    -5.22315     -5.3574  0.00353395
        4505    -5.23386    -5.35738  0.00353328
        4506    -5.26011    -5.35735  0.00353256
        4507    -5.24401    -5.35733  0.00353186
        4508    -5.23881     -5.3573  0.00353118
        4509    -5.21794    -5.35727  0.00353053
        4510    -5.22756    -5.35724  0.00352986
        4511    -5.20865    -5.35721  0.00352924
        4512    -5.20858    -5.35718  0.00352861
        4513    -5.18339    -5.35714  0.00352804
        4514    -5.19807     -5.3571  0.00352743
        4515    -5.21782    -5.35707  0.00352678
        4516      -5.223    -5.35704  0.00352613
        4517    -5.22808    -5.35701  0.00352546
        4518    -5.22377    -5.35698  0.00352481
        4519     -5.2426    -5.35696  0.00352412
        4520    -5.24157    -5.35693  0.00352343
        4521    -5.25425    -5.35691  0.00352272
        4522    -5.24952    -5.35689  0.00352202
        4523    -5.24924    -5.35686  0.00352133
        4524    -5.24256    -5.35684  0.00352064
        4525    -5.25519    -5.35682  0.00351993
        4526    -5.23614    -5.35679  0.00351925
        4527    -5.22516    -5.35676   0.0035186
        4528    -5.23506    -5.35673  0.00351792
        4529     -5.2188     -5.3567  0.00351728
        4530    -5.20623    -5.35667  0.00351666
        4531    -5.18844    -5.35663  0.00351608
        4532    -5.17317    -5.35659  0.00351554
        4533    -5.17331    -5.35655  0.00351499
        4534    -5.18441    -5.35651  0.00351442
        4535    -5.20321    -5.35648  0.00351381
        4536    -5.19557    -5.35644  0.00351321
        4537    -5.21768    -5.35641  0.00351257
        4538     -5.2286    -5.35639  0.00351191
        4539    -5.22166    -5.35636  0.00351126
        4540    -5.23378    -5.35633  0.00351059
        4541    -5.25969    -5.35631  0.00350989
        4542    -5.26827    -5.35629  0.00350917
        4543     -5.2738    -5.35627  0.00350844
        4544    -5.27034    -5.35625  0.00350772
        4545    -5.26611    -5.35623    0.003507
        4546    -5.27421    -5.35621  0.00350628
        4547    -5.28364     -5.3562  0.00350554
        4548    -5.29329    -5.35618   0.0035048
        4549    -5.29366    -5.35617  0.00350406
        4550    -5.29468    -5.35616  0.00350331
        4551    -5.29691    -5.35614  0.00350257
        4552    -5.28066    -5.35613  0.00350184
        4553    -5.25416     -5.3561  0.00350114
        4554    -5.25405    -5.35608  0.00350044
        4555    -5.26541    -5.35606  0.00349973
        4556    -5.25725    -5.35604  0.00349903
        4557    -5.28134    -5.35602   0.0034983
        4558    -5.29393    -5.35601  0.00349756
        4559    -5.28259    -5.35599  0.00349683
        4560     -5.2943    -5.35598  0.00349609
        4561     -5.2999    -5.35597  0.00349534
        4562    -5.27693    -5.35595  0.00349462
        4563    -5.26713    -5.35593  0.00349391
        4564    -5.25913    -5.35591  0.00349321
        4565    -5.25403    -5.35589  0.00349251
        4566    -5.23272    -5.35586  0.00349185
        4567    -5.24454    -5.35584  0.00349117
        4568    -5.26223    -5.35582  0.00349047
        4569    -5.24724    -5.35579  0.00348979
        4570    -5.25577    -5.35577  0.00348909
        4571    -5.26407    -5.35575  0.00348839
        4572    -5.25979    -5.35573  0.00348769
        4573    -5.27517    -5.35571  0.00348697
        4574    -5.27697    -5.35569  0.00348625
        4575    -5.26902    -5.35568  0.00348554
        4576    -5.27857    -5.35566  0.00348482
        4577    -5.27879    -5.35564   0.0034841
        4578    -5.28144    -5.35563  0.00348337
        4579    -5.29369    -5.35561  0.00348264
        4580    -5.28774     -5.3556  0.00348191
        4581    -5.28995    -5.35558  0.00348118
        4582    -5.28974    -5.35557  0.00348045
        4583    -5.31204    -5.35556   0.0034797
        4584     -5.3171    -5.35555  0.00347895
        4585    -5.31804    -5.35554   0.0034782
        4586    -5.31627    -5.35553  0.00347746
        4587    -5.32012    -5.35553  0.00347671
        4588    -5.32313    -5.35552  0.00347596
        4589    -5.31424    -5.35551  0.00347521
        4590    -5.30048     -5.3555  0.00347447
        4591    -5.24938    -5.35547  0.00347379
        4592    -5.24325    -5.35545  0.00347312
        4593    -5.23691    -5.35542  0.00347246
        4594    -5.23724     -5.3554   0.0034718
        4595    -5.24688    -5.35538  0.00347113
        4596     -5.2498    -5.35535  0.00347045
        4597    -5.24677    -5.35533  0.00346977
        4598    -5.24347     -5.3553   0.0034691
        4599    -5.24498    -5.35528  0.00346843
        4600    -5.25169    -5.35526  0.00346775
        4601    -5.24444    -5.35523  0.00346708
        4602    -5.23659    -5.35521  0.00346642
        4603     -5.2415    -5.35518  0.00346576
        4604    -5.21507    -5.35515  0.00346514
        4605    -5.20568    -5.35512  0.00346454
        4606    -5.20817    -5.35509  0.00346393
        4607    -5.22382    -5.35506   0.0034633
        4608     -5.2179    -5.35503  0.00346268
        4609    -5.21234      -5.355  0.00346206
        4610    -5.21378    -5.35497  0.00346145
        4611    -5.22425    -5.35494  0.00346081
        4612    -5.22432    -5.35491  0.00346018
        4613    -5.22105    -5.35488  0.00345955
        4614    -5.20869    -5.35485  0.00345894
        4615    -5.20556    -5.35482  0.00345835
        4616    -5.22522    -5.35479  0.00345771
        4617    -5.21421    -5.35476   0.0034571
        4618    -5.20456    -5.35473   0.0034565
        4619    -5.22661     -5.3547  0.00345586
        4620    -5.23612    -5.35467  0.00345521
        4621    -5.22364    -5.35465  0.00345458
        4622    -5.23479    -5.35462  0.00345393
        4623     -5.2404     -5.3546  0.00345327
        4624    -5.24524    -5.35457  0.00345261
        4625    -5.24845    -5.35455  0.00345193
        4626    -5.24123    -5.35452  0.00345128
        4627    -5.20511    -5.35449  0.00345068
        4628    -5.22305    -5.35446  0.00345005
        4629    -5.20849    -5.35443  0.00344945
        4630    -5.20592     -5.3544  0.00344885
        4631    -5.19714    -5.35437  0.00344828
        4632    -5.19567    -5.35433   0.0034477
        4633    -5.19648     -5.3543  0.00344713
        4634    -5.21419    -5.35427  0.00344652
        4635    -5.20102    -5.35423  0.00344593
        4636    -5.20096     -5.3542  0.00344535
        4637    -5.19288    -5.35417  0.00344478
        4638    -5.19432    -5.35413  0.00344421
        4639    -5.16289    -5.35409  0.00344371
        4640    -5.14223    -5.35405  0.00344327
        4641    -5.16848    -5.35401  0.00344276
        4642    -5.14897    -5.35396  0.00344231
        4643    -5.16413    -5.35392  0.00344181
        4644    -5.17434    -5.35388  0.00344128
        4645    -5.16815    -5.35384  0.00344077
        4646    -5.14762     -5.3538  0.00344032
        4647    -5.17471    -5.35376   0.0034398
        4648    -5.16793    -5.35372  0.00343929
        4649    -5.16555    -5.35368  0.00343879
        4650    -5.18948    -5.35364  0.00343823
        4651    -5.17635     -5.3536   0.0034377
        4652    -5.19272    -5.35357  0.00343713
        4653    -5.17454    -5.35353  0.00343661
        4654    -5.18896     -5.3535  0.00343606
        4655    -5.18533    -5.35346  0.00343551
        4656    -5.17286    -5.35342  0.00343499
        4657    -5.18151    -5.35338  0.00343445
        4658    -5.16143    -5.35334  0.00343396
        4659    -5.15418     -5.3533  0.00343349
        4660    -5.17479    -5.35326  0.00343296
        4661    -5.16532    -5.35322  0.00343246
        4662    -5.16754    -5.35318  0.00343196
        4663    -5.16195    -5.35314  0.00343147
        4664    -5.14785     -5.3531  0.00343102
        4665     -5.1429    -5.35305  0.00343058
        4666     -5.1189      -5.353  0.00343021
        4667    -5.09309    -5.35295  0.00342992
        4668    -5.08943    -5.35289  0.00342965
        4669    -5.08974    -5.35283  0.00342938
        4670    -5.04526    -5.35277  0.00342928
        4671    -5.04353     -5.3527  0.00342919
        4672    -5.05045    -5.35264  0.00342906
        4673    -5.02953    -5.35257  0.00342902
        4674    -5.04534     -5.3525  0.00342892
        4675    -5.04921    -5.35244   0.0034288
        4676    -5.05015    -5.35237  0.00342868
        4677    -5.05625    -5.35231  0.00342853
        4678     -5.0727    -5.35225  0.00342832
        4679    -5.05121    -5.35218  0.00342819
        4680    -5.04185    -5.35212   0.0034281
        4681    -5.03559    -5.35205  0.00342803
        4682    -5.00874    -5.35198  0.00342808
        4683    -5.01444    -5.35191  0.00342811
        4684    -5.01539    -5.35183  0.00342813
        4685    -5.03382    -5.35177  0.00342807
        4686    -5.02255     -5.3517  0.00342806
        4687    -5.00305    -5.35162  0.00342813
        4688    -5.01678    -5.35155  0.00342815
        4689    -5.02244    -5.35148  0.00342813
        4690    -5.01366    -5.35141  0.00342816
        4691    -5.02746    -5.35134  0.00342812
        4692    -5.02911    -5.35127  0.00342808
        4693     -5.0718    -5.35121  0.00342787
        4694    -5.09502    -5.35116  0.00342757
        4695    -5.12447    -5.35111  0.00342718
        4696    -5.11027    -5.35106  0.00342684
        4697    -5.09373      -5.351  0.00342654
        4698    -5.11798    -5.35095  0.00342617
        4699    -5.11099     -5.3509  0.00342583
        4700    -5.11203    -5.35085  0.00342547
        4701    -5.08611    -5.35079  0.00342521
        4702    -5.08634    -5.35074  0.00342494
        4703    -5.07276    -5.35068  0.00342472
        4704    -5.08335    -5.35062  0.00342447
        4705    -5.05286    -5.35056  0.00342432
        4706    -5.04919    -5.35049  0.00342419
        4707    -5.07005    -5.35043  0.00342399
        4708    -5.06831    -5.35037  0.00342378
        4709    -5.08221    -5.35032  0.00342353
        4710     -5.1057    -5.35027   0.0034232
        4711    -5.10621    -5.35021  0.00342286
        4712    -5.12331    -5.35017  0.00342247
        4713    -5.11239    -5.35012  0.00342212
        4714    -5.10429    -5.35006  0.00342179
        4715    -5.11434    -5.35001  0.00342143
        4716    -5.11225    -5.34996  0.00342108
        4717    -5.14613    -5.34992  0.00342062
        4718    -5.15184    -5.34988  0.00342016
        4719    -5.13856    -5.34983  0.00341972
        4720    -5.14542    -5.34979  0.00341927
        4721    -5.13121    -5.34974  0.00341886
        4722    -5.14068     -5.3497  0.00341843
        4723    -5.13074    -5.34965  0.00341802
        4724    -5.14665    -5.34961  0.00341756
        4725    -5.13954    -5.34956  0.00341713
        4726    -5.18413    -5.34953  0.00341659
        4727    -5.16872    -5.34949  0.00341608
        4728    -5.18108    -5.34946  0.00341554
        4729    -5.17398    -5.34942  0.00341502
        4730    -5.18781    -5.34938  0.00341447
        4731    -5.17396    -5.34935  0.00341395
        4732    -5.15757    -5.34931  0.00341347
        4733    -5.15067    -5.34927    0.003413
        4734    -5.12367    -5.34922  0.00341262
        4735    -5.14743    -5.34917  0.00341216
        4736    -5.13654    -5.34913  0.00341174
        4737    -5.13941    -5.34909   0.0034113
        4738    -5.13447    -5.34904  0.00341088
        4739    -5.11734    -5.34899  0.00341051
        4740    -5.15908    -5.34895  0.00341003
        4741    -5.14974    -5.34891  0.00340957
        4742    -5.16141    -5.34887  0.00340908
        4743    -5.16314    -5.34883  0.00340859
        4744    -5.18585     -5.3488  0.00340804
        4745    -5.16477    -5.34876  0.00340754
        4746    -5.16249    -5.34872  0.00340705
        4747      -5.149    -5.34868  0.00340659
        4748    -5.15643    -5.34864  0.00340612
        4749    -5.16736     -5.3486  0.00340561
        4750    -5.19054    -5.34856  0.00340506
        4751    -5.19509    -5.34853  0.00340449
        4752    -5.18492     -5.3485  0.00340395
        4753    -5.16715    -5.34846  0.00340345
        4754     -5.1767    -5.34842  0.00340293
        4755    -5.17838    -5.34839   0.0034024
        4756     -5.1875    -5.34835  0.00340185
        4757    -5.19031    -5.34832   0.0034013
        4758    -5.19692    -5.34829  0.00340073
        4759     -5.1684    -5.34825  0.00340023
        4760    -5.16589    -5.34821  0.00339973
        4761    -5.16181    -5.34817  0.00339924
        4762     -5.1406    -5.34813  0.00339881
        4763    -5.13917    -5.34809  0.00339838
        4764    -5.11968    -5.34804    0.003398
        4765    -5.13399    -5.34799  0.00339758
        4766    -5.13333    -5.34795  0.00339717
        4767     -5.1412     -5.3479  0.00339673
        4768    -5.16341    -5.34787  0.00339624
        4769    -5.15735    -5.34783  0.00339576
        4770    -5.16514    -5.34779  0.00339527
        4771    -5.15491    -5.34775   0.0033948
        4772     -5.1576    -5.34771  0.00339432
        4773    -5.12691    -5.34766  0.00339392
        4774    -5.14215    -5.34762  0.00339349
        4775    -5.12767    -5.34757  0.00339309
        4776    -5.11456    -5.34752  0.00339273
        4777     -5.1245    -5.34748  0.00339234
        4778    -5.11229    -5.34743  0.00339199
        4779    -5.12721    -5.34738  0.00339159
        4780    -5.14729    -5.34734  0.00339114
        4781    -5.11578    -5.34729  0.00339078
        4782    -5.10033    -5.34724  0.00339046
        4783    -5.09868    -5.34719  0.00339015
        4784     -5.0826    -5.34713  0.00338989
        4785    -5.10322    -5.34708  0.00338957
        4786    -5.08749    -5.34703  0.00338929
        4787    -5.05034    -5.34696  0.00338915
        4788    -5.05465     -5.3469  0.00338899
        4789    -5.07616    -5.34685  0.00338876
        4790    -5.09143    -5.34679  0.00338847
        4791    -5.05659    -5.34673   0.0033883
        4792    -5.05195    -5.34667  0.00338815
        4793    -5.04582    -5.34661  0.00338803
        4794    -5.03305    -5.34654  0.00338795
        4795    -5.01125    -5.34647  0.00338797
        4796    -5.01598     -5.3464  0.00338796
        4797    -5.01765    -5.34634  0.00338795
        4798    -5.02092    -5.34627  0.00338792
        4799    -5.07051    -5.34621   0.0033877
        4800    -5.07776    -5.34616  0.00338746
        4801    -5.10697    -5.34611  0.00338712
        4802    -5.12392    -5.34606  0.00338673
        4803    -5.08092      -5.346  0.00338647
        4804    -5.06246    -5.34594  0.00338628
        4805    -5.06948    -5.34589  0.00338607
        4806    -5.05971    -5.34583  0.00338589
        4807    -5.05473    -5.34577  0.00338572
        4808    -5.08285    -5.34571  0.00338546
        4809    -5.07719    -5.34566  0.00338522
        4810    -5.07512     -5.3456  0.00338498
        4811    -5.08971    -5.34555   0.0033847
        4812    -5.09925     -5.3455  0.00338438
        4813    -5.13796    -5.34545  0.00338395
        4814    -5.14259    -5.34541  0.00338351
        4815    -5.19272    -5.34538  0.00338296
        4816    -5.18538    -5.34535  0.00338242
        4817    -5.16801    -5.34531  0.00338192
        4818    -5.17399    -5.34527   0.0033814
        4819     -5.1638    -5.34524  0.00338091
        4820    -5.15971     -5.3452  0.00338043
        4821    -5.16681    -5.34516  0.00337993
        4822    -5.17705    -5.34513  0.00337941
        4823    -5.18777    -5.34509  0.00337886
        4824    -5.17605    -5.34506  0.00337834
        4825    -5.17445    -5.34502  0.00337783
        4826    -5.16755    -5.34499  0.00337733
        4827    -5.14219    -5.34494  0.00337689
        4828     -5.1223     -5.3449  0.00337651
        4829    -5.11599    -5.34485  0.00337614
        4830    -5.11102     -5.3448  0.00337579
        4831    -5.10667    -5.34475  0.00337545
        4832    -5.11507     -5.3447  0.00337508
        4833    -5.08366    -5.34465  0.00337482
        4834    -5.06983    -5.34459   0.0033746
        4835    -5.06733    -5.34454  0.00337439
        4836    -5.07475    -5.34448  0.00337415
        4837    -5.07863    -5.34443   0.0033739
        4838    -5.07596    -5.34437  0.00337366
        4839    -5.07978    -5.34432  0.00337341
        4840    -5.07599    -5.34426  0.00337317
        4841     -5.0972    -5.34421  0.00337285
        4842    -5.10196    -5.34416  0.00337253
        4843    -5.09909    -5.34411  0.00337221
        4844    -5.12096    -5.34406  0.00337183
        4845    -5.12966    -5.34402  0.00337143
        4846    -5.13766    -5.34398    0.003371
        4847    -5.14569    -5.34393  0.00337055
        4848     -5.1473    -5.34389   0.0033701
        4849    -5.15576    -5.34386  0.00336963
        4850    -5.17104    -5.34382  0.00336912
        4851    -5.16786    -5.34378  0.00336862
        4852    -5.13805    -5.34374   0.0033682
        4853    -5.16265     -5.3437  0.00336771
        4854     -5.1843    -5.34367  0.00336717
        4855    -5.15333    -5.34363  0.00336671
        4856     -5.1777     -5.3436  0.00336619
        4857    -5.16071    -5.34356  0.00336571
        4858    -5.12195    -5.34351  0.00336532
        4859    -5.11549    -5.34347  0.00336496
        4860    -5.09809    -5.34342  0.00336464
        4861    -5.11094    -5.34337  0.00336429
        4862    -5.12668    -5.34332  0.00336389
        4863    -5.12035    -5.34328  0.00336352
        4864    -5.09387    -5.34323  0.00336321
        4865    -5.08656    -5.34317  0.00336294
        4866    -5.09554    -5.34312  0.00336263
        4867    -5.13253    -5.34308  0.00336222
        4868    -5.13754    -5.34304  0.00336179
        4869    -5.14755      -5.343  0.00336134
        4870    -5.18587    -5.34297  0.00336081
        4871    -5.21712    -5.34294  0.00336022
        4872     -5.2237    -5.34292  0.00335962
        4873    -5.25416     -5.3429  0.00335898
        4874    -5.24364    -5.34288  0.00335835
        4875    -5.25585    -5.34286  0.00335771
        4876    -5.26867    -5.34284  0.00335705
        4877    -5.24457    -5.34282  0.00335642
        4878    -5.23617     -5.3428  0.00335581
        4879    -5.21616    -5.34278  0.00335522
        4880    -5.23164    -5.34275  0.00335461
        4881    -5.22842    -5.34273    0.003354
        4882    -5.23319    -5.34271  0.00335339
        4883    -5.22367    -5.34268  0.00335279
        4884    -5.22699    -5.34266  0.00335219
        4885    -5.22879    -5.34264  0.00335159
        4886    -5.22507    -5.34261  0.00335099
        4887     -5.1998    -5.34258  0.00335043
        4888    -5.22451    -5.34256  0.00334983
        4889    -5.20832    -5.34253  0.00334926
        4890     -5.2096     -5.3425  0.00334868
        4891     -5.1885    -5.34247  0.00334815
        4892    -5.20314    -5.34244  0.00334758
        4893    -5.18127    -5.34241  0.00334706
        4894    -5.19876    -5.34238  0.00334651
        4895     -5.2021    -5.34235  0.00334595
        4896    -5.19838    -5.34232  0.00334539
        4897    -5.19192    -5.34229  0.00334485
        4898    -5.17888    -5.34226  0.00334433
        4899    -5.17369    -5.34223  0.00334383
        4900    -5.15877    -5.34219  0.00334335
        4901    -5.16143    -5.34215  0.00334287
        4902    -5.13618    -5.34211  0.00334246
        4903    -5.16204    -5.34207  0.00334198
        4904    -5.17841    -5.34204  0.00334146
        4905    -5.17157      -5.342  0.00334096
        4906    -5.15664    -5.34197  0.00334049
        4907    -5.15325    -5.34193  0.00334004
        4908    -5.13708    -5.34189  0.00333962
        4909    -5.11612    -5.34184  0.00333925
        4910    -5.13606     -5.3418  0.00333883
        4911    -5.13539    -5.34176  0.00333842
        4912    -5.14517    -5.34172  0.00333798
        4913    -5.13897    -5.34167  0.00333756
        4914    -5.12404    -5.34163  0.00333717
        4915    -5.08979    -5.34158  0.00333688
        4916    -5.09268    -5.34153  0.00333659
        4917    -5.07689    -5.34147  0.00333634
        4918    -5.08554    -5.34142  0.00333607
        4919    -5.07067    -5.34137  0.00333585
        4920    -5.06252    -5.34131  0.00333565
        4921    -5.05984    -5.34125  0.00333546
        4922    -5.06088     -5.3412  0.00333527
        4923    -5.06952    -5.34114  0.00333505
        4924    -5.07896    -5.34109   0.0033348
        4925    -5.08091    -5.34104  0.00333454
        4926    -5.08483    -5.34098  0.00333427
        4927    -5.09114    -5.34093  0.00333398
        4928     -5.0794    -5.34088  0.00333372
        4929     -5.0955    -5.34083  0.00333342
        4930    -5.08647    -5.34078  0.00333314
        4931    -5.07462    -5.34072   0.0033329
        4932    -5.06503    -5.34067   0.0033327
        4933    -5.05814    -5.34061  0.00333251
        4934    -5.05744    -5.34055  0.00333233
        4935    -5.03553    -5.34049  0.00333223
        4936    -5.07973    -5.34044  0.00333197
        4937    -5.06536    -5.34038  0.00333176
        4938    -5.08269    -5.34033   0.0033315
        4939    -5.10147    -5.34028  0.00333117
        4940    -5.08079    -5.34023  0.00333091
        4941    -5.08097    -5.34018  0.00333065
        4942    -5.09899    -5.34013  0.00333034
        4943    -5.11331    -5.34008  0.00332998
        4944    -5.11532    -5.34004  0.00332962
        4945    -5.12533    -5.33999  0.00332923
        4946    -5.12896    -5.33995  0.00332883
        4947    -5.13463    -5.33991  0.00332841
        4948    -5.14256    -5.33987  0.00332798
        4949    -5.15711    -5.33983  0.00332751
        4950    -5.14421    -5.33979  0.00332707
        4951    -5.12253    -5.33975  0.00332669
        4952    -5.13875    -5.33971  0.00332627
        4953     -5.1533    -5.33967  0.00332581
        4954    -5.15321    -5.33963  0.00332535
        4955    -5.14048    -5.33959  0.00332492
        4956    -5.12178    -5.33955  0.00332454
        4957    -5.13642    -5.33951  0.00332412
        4958    -5.11854    -5.33946  0.00332375
        4959    -5.14639    -5.33943  0.00332331
        4960    -5.15435    -5.33939  0.00332285
        4961     -5.1302    -5.33935  0.00332245
        4962    -5.14407    -5.33931  0.00332201
        4963    -5.16666    -5.33927  0.00332152
        4964    -5.17334    -5.33924  0.00332102
        4965     -5.1826    -5.33921   0.0033205
        4966    -5.19945    -5.33918  0.00331995
        4967    -5.19887    -5.33915   0.0033194
        4968    -5.19178    -5.33912  0.00331887
        4969    -5.17487    -5.33909  0.00331837
        4970    -5.19359    -5.33906  0.00331783
        4971    -5.18717    -5.33903   0.0033173
        4972    -5.21448      -5.339  0.00331673
        4973    -5.18789    -5.33897   0.0033162
        4974    -5.18681    -5.33894  0.00331567
        4975    -5.18174    -5.33891  0.00331516
        4976    -5.19255    -5.33888  0.00331462
        4977    -5.19687    -5.33885  0.00331408
        4978    -5.19301    -5.33882  0.00331354
        4979    -5.19862    -5.33879    0.003313
        4980    -5.18293    -5.33876  0.00331248
        4981    -5.17123    -5.33873  0.00331199
        4982    -5.18666     -5.3387  0.00331146
        4983    -5.16208    -5.33866  0.00331099
        4984    -5.15321    -5.33863  0.00331053
        4985    -5.16478    -5.33859  0.00331005
        4986    -5.17701    -5.33856  0.00330955
        4987    -5.16016    -5.33852  0.00330908
        4988    -5.14203    -5.33848  0.00330865
        4989    -5.15885    -5.33845  0.00330818
        4990    -5.14943    -5.33841  0.00330773
        4991    -5.18151    -5.33838  0.00330722
        4992    -5.19327    -5.33835  0.00330669
        4993    -5.20154    -5.33832  0.00330614
        4994    -5.18676    -5.33829  0.00330561
        4995    -5.21088    -5.33827  0.00330505
        4996    -5.22741    -5.33824  0.00330446
        4997    -5.21676    -5.33822  0.00330389
        4998    -5.21158    -5.33819  0.00330333
        4999    -5.18177    -5.33816  0.00330282
        5000    -5.17813    -5.33813  0.00330231
