#     BLOCK:  ACTUAL_PE:     PE_AVE:      ERROR:
           1    -6.35937    -6.35937           0
           2    -6.33839    -6.34888  0.00742009
           3    -6.29947    -6.33241   0.0143294
           4    -6.22718     -6.3061   0.0251903
           5     -6.1372    -6.27232   0.0363178
           6    -6.01445    -6.22934   0.0495505
           7    -5.84713    -6.17474   0.0660246
           8    -5.67727    -6.11256   0.0819821
           9    -5.51524    -6.04619   0.0960513
          10    -5.39664    -5.98123    0.106161
          11    -5.34453    -5.92335    0.111175
          12    -5.36119    -5.87651    0.111344
          13    -5.42673    -5.84191    0.108021
          14    -5.50854    -5.81809    0.102896
          15    -5.57876    -5.80214   0.0972657
          16    -5.62264    -5.79092   0.0918313
          17    -5.63666    -5.78185   0.0868766
          18    -5.62759    -5.77328   0.0824717
          19    -5.60356    -5.76434   0.0786133
          20    -5.57271    -5.75476   0.0752643
          21    -5.54258    -5.74466   0.0723554
          22    -5.51927    -5.73441    0.069788
          23    -5.50561    -5.72446   0.0674591
          24    -5.50342    -5.71525    0.065274
          25    -5.51262    -5.70715   0.0631643
          26    -5.52811    -5.70026   0.0611091
          27    -5.54353    -5.69446   0.0591209
          28    -5.55695    -5.68955    0.057213
          29    -5.56615    -5.68529   0.0553982
          30    -5.56809    -5.68139   0.0536891
          31    -5.56383    -5.67759    0.052091
          32    -5.55371    -5.67372   0.0506068
          33     -5.5475     -5.6699   0.0492176
          34    -5.55345    -5.66647    0.047889
          35    -5.57099    -5.66374   0.0465984
          36    -5.59432    -5.66182   0.0453439
          37    -5.61709    -5.66061   0.0441345
          38    -5.63531    -5.65994   0.0429781
          39    -5.64947    -5.65967   0.0418769
          40    -5.66367    -5.65977   0.0408301
          41    -5.67893    -5.66024   0.0398369
          42    -5.69063    -5.66096    0.038895
          43    -5.69397    -5.66173    0.037998
          44    -5.68522    -5.66226   0.0371382
          45     -5.6693    -5.66242   0.0363132
          46    -5.64658    -5.66208   0.0355254
          47    -5.62117    -5.66121   0.0347802
          48    -5.59633    -5.65985   0.0340819
          49    -5.57384     -5.6581   0.0334315
          50    -5.55596    -5.65606   0.0328253
          51    -5.54444    -5.65387   0.0322545
          52     -5.5362    -5.65161   0.0317135
          53    -5.53148    -5.64934    0.031196
          54    -5.53799    -5.64728   0.0306864
          55    -5.55653    -5.64563   0.0301728
          56    -5.57869    -5.64443   0.0296576
          57    -5.59658    -5.64359   0.0291492
          58     -5.6083    -5.64298    0.028653
          59    -5.61438     -5.6425   0.0281714
          60    -5.61487    -5.64204   0.0277057
          61    -5.61332    -5.64157   0.0272555
          62    -5.60795    -5.64103   0.0268213
          63    -5.60142     -5.6404   0.0264029
          64    -5.59426    -5.63968   0.0260002
          65    -5.59346    -5.63896   0.0256099
          66     -5.6015     -5.6384   0.0252282
          67    -5.61965    -5.63812   0.0248532
          68    -5.64154    -5.63817   0.0244878
          69    -5.65997    -5.63848   0.0241349
          70    -5.66937    -5.63892   0.0237941
          71    -5.67199    -5.63939   0.0234636
          72    -5.66707    -5.63978   0.0231408
          73     -5.6607    -5.64006   0.0228256
          74    -5.65564    -5.64027   0.0225181
          75    -5.65257    -5.64044   0.0222185
          76    -5.64527     -5.6405   0.0219262
          77    -5.63292     -5.6404   0.0216417
          78    -5.61588    -5.64009   0.0213665
          79    -5.59944    -5.63957   0.0211023
          80    -5.58535    -5.63889   0.0208494
          81    -5.57447     -5.6381   0.0206071
          82    -5.56515    -5.63721    0.020375
          83    -5.55722    -5.63625   0.0201523
          84    -5.55378    -5.63526   0.0199363
          85    -5.55094    -5.63427   0.0197264
          86    -5.54408    -5.63322   0.0195249
          87     -5.5311    -5.63205   0.0193357
          88    -5.51765    -5.63075   0.0191597
          89    -5.51004    -5.62939   0.0189923
          90    -5.51239    -5.62809   0.0188257
          91    -5.52223    -5.62693   0.0186548
          92    -5.53955    -5.62598   0.0184762
          93    -5.55767    -5.62525   0.0182921
          94    -5.56836    -5.62464   0.0181075
          95    -5.57026    -5.62407   0.0179259
          96    -5.56384    -5.62344   0.0177502
          97      -5.552     -5.6227   0.0175825
          98    -5.53681    -5.62183   0.0174249
          99    -5.51949    -5.62079   0.0172795
         100    -5.49974    -5.61958   0.0171491
         101    -5.48102    -5.61821   0.0170341
         102    -5.46571    -5.61672   0.0169326
         103    -5.45781    -5.61517   0.0168383
         104    -5.45993    -5.61368   0.0167424
         105    -5.47452    -5.61236   0.0166353
         106    -5.49621    -5.61126   0.0165145
         107    -5.51886     -5.6104   0.0163827
         108    -5.53856    -5.60973   0.0162445
         109    -5.55428    -5.60922   0.0161034
         110    -5.56374    -5.60881   0.0159623
         111     -5.5665    -5.60843   0.0158231
         112    -5.56341    -5.60803   0.0156869
         113    -5.56244    -5.60762   0.0155533
         114    -5.55977     -5.6072   0.0154225
         115    -5.55647    -5.60676   0.0152947
         116    -5.54741    -5.60625   0.0151714
         117    -5.53368    -5.60563   0.0150544
         118    -5.52065    -5.60491    0.014944
         119    -5.51117    -5.60412   0.0148392
         120    -5.50432    -5.60329   0.0147388
         121    -5.50474    -5.60248   0.0146395
         122    -5.51001    -5.60172   0.0145391
         123    -5.51664    -5.60103   0.0144374
         124    -5.52532    -5.60042   0.0143338
         125    -5.53218    -5.59987   0.0142295
         126    -5.54319    -5.59942   0.0141237
         127    -5.55633    -5.59908   0.0140166
         128    -5.57046    -5.59886   0.0139089
         129    -5.58371    -5.59874   0.0138015
         130    -5.59216    -5.59869   0.0136955
         131    -5.59213    -5.59864    0.013591
         132    -5.58681    -5.59855   0.0134883
         133    -5.57921     -5.5984   0.0133877
         134    -5.57076     -5.5982   0.0132894
         135    -5.56346    -5.59794   0.0131934
         136    -5.55976    -5.59766   0.0130994
         137    -5.55846    -5.59737   0.0130069
         138    -5.56215    -5.59712   0.0129152
         139    -5.57231    -5.59694   0.0128235
         140    -5.58338    -5.59684   0.0127323
         141    -5.59197    -5.59681    0.012642
         142    -5.59709    -5.59681    0.012553
         143    -5.59946    -5.59683   0.0124652
         144    -5.59523    -5.59682   0.0123787
         145    -5.58446    -5.59673   0.0122936
         146    -5.56405    -5.59651   0.0122114
         147    -5.53884    -5.59612   0.0121346
         148    -5.52165    -5.59561   0.0120631
         149    -5.51531    -5.59507   0.0119942
         150    -5.52325     -5.5946   0.0119237
         151    -5.53917    -5.59423   0.0118504
         152    -5.55752    -5.59399   0.0117749
         153    -5.57264    -5.59385   0.0116988
         154     -5.5809    -5.59376   0.0116231
         155    -5.58187    -5.59369   0.0115484
         156    -5.57863    -5.59359   0.0114748
         157    -5.57791    -5.59349   0.0114021
         158    -5.58637    -5.59345     0.01133
         159    -5.59991    -5.59349   0.0112589
         160    -5.61412    -5.59361   0.0111892
         161     -5.6251    -5.59381   0.0111214
         162    -5.62875    -5.59403   0.0110549
         163    -5.62693    -5.59423   0.0109889
         164    -5.61945    -5.59438    0.010923
         165    -5.60905    -5.59447   0.0108571
         166    -5.59548    -5.59448   0.0107917
         167     -5.5778    -5.59438   0.0107276
         168    -5.55637    -5.59415   0.0106661
         169    -5.53279    -5.59379   0.0106092
         170     -5.5123    -5.59331   0.0105576
         171    -5.50176    -5.59277   0.0105094
         172    -5.50866    -5.59228   0.0104597
         173    -5.53032    -5.59193   0.0104053
         174    -5.55425    -5.59171   0.0103478
         175    -5.57204     -5.5916   0.0102893
         176    -5.57541     -5.5915   0.0102312
         177      -5.567    -5.59137   0.0101744
         178    -5.55036    -5.59114   0.0101198
         179    -5.53971    -5.59085   0.0100674
         180     -5.5388    -5.59056   0.0100156
         181    -5.54669    -5.59032  0.00996317
         182    -5.55613    -5.59013   0.0099102
         183    -5.55922    -5.58996  0.00985749
         184    -5.55383    -5.58976  0.00980587
         185    -5.54041     -5.5895  0.00975649
         186    -5.52229    -5.58914  0.00971072
         187    -5.50834     -5.5887   0.0096684
         188    -5.49987    -5.58823  0.00962852
         189    -5.49913    -5.58776  0.00958911
         190    -5.50343    -5.58732   0.0095489
         191    -5.51142    -5.58692  0.00950717
         192     -5.5228    -5.58658  0.00946352
         193    -5.53557    -5.58632  0.00941818
         194    -5.55288    -5.58615  0.00937121
         195    -5.56248    -5.58603  0.00932393
         196     -5.5659    -5.58592  0.00927693
         197    -5.56456    -5.58582  0.00923047
         198    -5.56475    -5.58571  0.00918447
         199     -5.5721    -5.58564  0.00913857
         200    -5.58255    -5.58563  0.00909289
         201    -5.59052    -5.58565  0.00904768
         202    -5.59205    -5.58568  0.00900295
         203    -5.58402    -5.58567   0.0089586
         204     -5.5714     -5.5856  0.00891496
         205    -5.55768    -5.58547  0.00887251
         206    -5.54775    -5.58528  0.00883133
         207    -5.54666     -5.5851  0.00879064
         208    -5.55209    -5.58494  0.00874981
         209    -5.56227    -5.58483  0.00870862
         210    -5.57535    -5.58479  0.00866726
         211    -5.58611    -5.58479  0.00862619
         212    -5.59083    -5.58482  0.00858555
         213    -5.58909    -5.58484  0.00854526
         214    -5.58447    -5.58484  0.00850533
         215    -5.57793    -5.58481  0.00846583
         216     -5.5668    -5.58472  0.00842705
         217    -5.55151    -5.58457   0.0083896
         218    -5.52997    -5.58432  0.00835486
         219    -5.50983    -5.58398  0.00832363
         220    -5.49528    -5.58358  0.00829555
         221    -5.48769    -5.58314  0.00826935
         222    -5.48265    -5.58269  0.00824448
         223    -5.48058    -5.58223  0.00822022
         224    -5.48078    -5.58178  0.00819599
         225     -5.4907    -5.58137  0.00816955
         226     -5.5158    -5.58108  0.00813855
         227    -5.54772    -5.58094  0.00810403
         228    -5.57566    -5.58091  0.00806852
         229    -5.59281    -5.58097  0.00803345
         230    -5.59933    -5.58105  0.00799892
         231    -5.59874    -5.58112  0.00796466
         232    -5.59416    -5.58118  0.00793053
         233    -5.59042    -5.58122  0.00789659
         234    -5.58279    -5.58122  0.00786285
         235    -5.57164    -5.58118  0.00782949
         236    -5.55655    -5.58108  0.00779701
         237    -5.53723    -5.58089  0.00776631
         238    -5.51851    -5.58063   0.0077381
         239    -5.50393    -5.58031  0.00771237
         240    -5.49557    -5.57996  0.00768832
         241    -5.49368     -5.5796  0.00766475
         242    -5.49942    -5.57927  0.00764023
         243    -5.51138    -5.57899   0.0076139
         244    -5.52228    -5.57876  0.00758624
         245    -5.53235    -5.57857  0.00755764
         246    -5.54142    -5.57842  0.00752843
         247    -5.54988     -5.5783  0.00749883
         248    -5.55768    -5.57822  0.00746906
         249    -5.56329    -5.57816   0.0074393
         250    -5.55841    -5.57808  0.00740996
         251    -5.54549    -5.57795  0.00738158
         252    -5.52657    -5.57775   0.0073551
         253    -5.51301    -5.57749  0.00733048
         254    -5.50835    -5.57722  0.00730667
         255    -5.50885    -5.57695  0.00728293
         256    -5.50842    -5.57668   0.0072594
         257    -5.50731    -5.57641  0.00723617
         258    -5.49977    -5.57611  0.00721422
         259    -5.48531    -5.57576  0.00719488
         260     -5.4679    -5.57535  0.00717916
         261    -5.45465    -5.57489  0.00716653
         262    -5.45676    -5.57444  0.00715335
         263    -5.47094    -5.57404  0.00713696
         264    -5.48979    -5.57372  0.00711706
         265    -5.50719    -5.57347  0.00709463
         266       -5.52    -5.57327  0.00707081
         267    -5.52505    -5.57309  0.00704663
         268    -5.52502    -5.57291  0.00702262
         269    -5.52343    -5.57273  0.00699892
         270    -5.52446    -5.57255  0.00697528
         271    -5.53277     -5.5724  0.00695109
         272    -5.55003    -5.57232  0.00692602
         273    -5.57059    -5.57231  0.00690065
         274    -5.59033    -5.57238  0.00687578
         275    -5.60164    -5.57249   0.0068516
         276    -5.59787    -5.57258   0.0068274
         277     -5.5786     -5.5726  0.00680278
         278    -5.54902    -5.57251  0.00677884
         279    -5.52058    -5.57233   0.0067571
         280    -5.50055    -5.57207  0.00673783
         281    -5.49131    -5.57178  0.00671998
         282    -5.49005    -5.57149   0.0067024
         283    -5.49321    -5.57122  0.00668442
         284    -5.49899    -5.57096  0.00666572
         285    -5.50698    -5.57074  0.00664611
         286    -5.51647    -5.57055  0.00662558
         287    -5.52245    -5.57038  0.00660461
         288    -5.51952     -5.5702  0.00658404
         289    -5.51259    -5.57001  0.00656428
         290    -5.51396    -5.56981  0.00654449
         291    -5.53511    -5.56969  0.00652308
         292    -5.55955    -5.56966  0.00650084
         293    -5.57512    -5.56968  0.00647867
         294    -5.57308    -5.56969  0.00645665
         295    -5.55882    -5.56965  0.00643487
         296     -5.5375    -5.56954  0.00641404
         297    -5.51509    -5.56936  0.00639507
         298    -5.49896    -5.56912  0.00637797
         299    -5.49474    -5.56887  0.00636149
         300    -5.49859    -5.56864   0.0063446
         301    -5.50656    -5.56843  0.00632687
         302    -5.51303    -5.56825  0.00630858
         303    -5.51444    -5.56807  0.00629026
         304    -5.51094    -5.56789  0.00627237
         305    -5.50433    -5.56768  0.00625527
         306    -5.50121    -5.56746   0.0062386
         307    -5.50595    -5.56726  0.00622149
         308    -5.51053    -5.56707  0.00620402
         309    -5.51178     -5.5669  0.00618652
         310    -5.50362    -5.56669  0.00616993
         311    -5.49971    -5.56648  0.00615385
         312    -5.50669    -5.56628  0.00613711
         313    -5.52302    -5.56615  0.00611906
         314    -5.53682    -5.56605  0.00610028
         315    -5.54125    -5.56597  0.00608143
         316     -5.5333    -5.56587  0.00606306
         317    -5.52264    -5.56573  0.00604547
         318    -5.51837    -5.56559  0.00602829
         319    -5.51944    -5.56544  0.00601113
         320    -5.52597    -5.56532  0.00599361
         321    -5.53196    -5.56521  0.00597584
         322    -5.53264    -5.56511  0.00595813
         323    -5.52437    -5.56499  0.00594102
         324    -5.50516     -5.5648  0.00592556
         325    -5.47888    -5.56454  0.00591322
         326     -5.4519    -5.56419  0.00590517
         327    -5.43394    -5.56379  0.00590053
         328    -5.43315     -5.5634  0.00589596
         329    -5.44387    -5.56303  0.00588923
         330    -5.46122    -5.56272  0.00587946
         331    -5.47817    -5.56247  0.00586724
         332    -5.49383    -5.56226  0.00585321
         333    -5.50469    -5.56209  0.00583819
         334    -5.50875    -5.56193  0.00582289
         335    -5.50424    -5.56176  0.00580805
         336    -5.49885    -5.56157  0.00579378
         337    -5.49561    -5.56137   0.0057799
         338    -5.49764    -5.56119  0.00576587
         339    -5.50474    -5.56102  0.00575127
         340    -5.51366    -5.56088  0.00573604
         341    -5.52092    -5.56076  0.00572041
         342    -5.52411    -5.56065  0.00570469
         343    -5.51877    -5.56053  0.00568937
         344    -5.51001    -5.56039  0.00567472
         345    -5.50522    -5.56023  0.00566053
         346    -5.50504    -5.56007  0.00564641
         347    -5.50562    -5.55991  0.00563232
         348    -5.50909    -5.55976  0.00561803
         349    -5.51248    -5.55963  0.00560357
         350    -5.51011    -5.55949  0.00558934
         351    -5.50068    -5.55932  0.00557593
         352     -5.4889    -5.55912  0.00556367
         353    -5.47753    -5.55889  0.00555271
         354    -5.47328    -5.55865  0.00554229
         355    -5.47864    -5.55842  0.00553126
         356    -5.49546    -5.55824  0.00551855
         357    -5.51868    -5.55813   0.0055042
         358    -5.54587     -5.5581  0.00548893
         359    -5.57186    -5.55814  0.00547378
         360    -5.58869    -5.55822  0.00545923
         361    -5.59194    -5.55832  0.00544491
         362    -5.58418    -5.55839  0.00543033
         363    -5.57185    -5.55842   0.0054155
         364    -5.56127    -5.55843  0.00540063
         365    -5.55463    -5.55842  0.00538584
         366    -5.55321    -5.55841  0.00537115
         367    -5.55701     -5.5584  0.00535651
         368    -5.56326    -5.55842  0.00534197
         369    -5.56104    -5.55842   0.0053275
         370    -5.54749    -5.55839  0.00531318
         371    -5.53399    -5.55833  0.00529927
         372    -5.53087    -5.55825  0.00528554
         373    -5.53458    -5.55819  0.00527175
         374    -5.54471    -5.55815  0.00525778
         375    -5.55988    -5.55816  0.00524376
         376    -5.57853    -5.55821  0.00523009
         377    -5.59828    -5.55832   0.0052173
         378    -5.61085    -5.55846  0.00520535
         379    -5.61307     -5.5586  0.00519361
         380    -5.60217    -5.55872  0.00518121
         381    -5.58253    -5.55878  0.00516798
         382    -5.55801    -5.55878  0.00515445
         383    -5.54093    -5.55873  0.00514121
         384    -5.53199    -5.55866  0.00512829
         385    -5.53234    -5.55859  0.00511543
         386    -5.53583    -5.55853  0.00510251
         387    -5.54198    -5.55849  0.00508951
         388    -5.55516    -5.55848   0.0050764
         389    -5.57893    -5.55854  0.00506362
         390     -5.6032    -5.55865  0.00505193
         391    -5.62242    -5.55881  0.00504164
         392    -5.62539    -5.55898  0.00503164
         393    -5.61633    -5.55913  0.00502095
         394    -5.60754    -5.55925  0.00500971
         395    -5.60547    -5.55937   0.0049984
         396    -5.60288    -5.55948  0.00498698
         397    -5.60177    -5.55959  0.00497556
         398    -5.60622     -5.5597  0.00496444
         399    -5.61155    -5.55983  0.00495369
         400    -5.61414    -5.55997  0.00494317
         401     -5.6099    -5.56009  0.00493241
         402    -5.59898    -5.56019  0.00492109
         403    -5.58644    -5.56025  0.00490931
         404    -5.57447    -5.56029  0.00489728
         405     -5.5689    -5.56031  0.00488524
         406    -5.56757    -5.56033  0.00487324
         407    -5.56757    -5.56035   0.0048613
         408    -5.56675    -5.56036  0.00484941
         409    -5.56473    -5.56037  0.00483756
         410    -5.56265    -5.56038  0.00482577
         411    -5.56127    -5.56038  0.00481403
         412    -5.56231    -5.56039  0.00480234
         413    -5.56465     -5.5604  0.00479073
         414      -5.572    -5.56042  0.00477924
         415    -5.58139    -5.56047  0.00476799
         416    -5.59174    -5.56055  0.00475712
         417    -5.60272    -5.56065  0.00474679
         418    -5.61537    -5.56078  0.00473723
         419    -5.63186    -5.56095  0.00472896
         420    -5.64221    -5.56114  0.00472166
         421     -5.6435    -5.56134   0.0047145
         422    -5.63338    -5.56151  0.00470641
         423    -5.61529    -5.56164  0.00469701
         424    -5.59566    -5.56172  0.00468661
         425    -5.57752    -5.56176  0.00467573
         426    -5.55951    -5.56175  0.00466476
         427    -5.54191     -5.5617  0.00465407
         428    -5.52596    -5.56162  0.00464394
         429     -5.5196    -5.56152  0.00463415
         430    -5.52546    -5.56144  0.00462413
         431    -5.53854    -5.56139  0.00461371
         432     -5.5513    -5.56136  0.00460309
         433    -5.55878    -5.56136  0.00459246
         434    -5.56071    -5.56135  0.00458188
         435    -5.55687    -5.56134  0.00457136
         436    -5.54993    -5.56132  0.00456095
         437    -5.54547    -5.56128  0.00455065
         438     -5.5435    -5.56124  0.00454045
         439    -5.54506     -5.5612  0.00453025
         440    -5.54357    -5.56116  0.00452013
         441    -5.53691    -5.56111  0.00451022
         442    -5.52871    -5.56104  0.00450061
         443    -5.52258    -5.56095  0.00449129
         444    -5.52042    -5.56086   0.0044821
         445    -5.52292    -5.56077  0.00447284
         446    -5.52622     -5.5607  0.00446348
         447    -5.52535    -5.56062   0.0044542
         448    -5.52224    -5.56053  0.00444508
         449    -5.51773    -5.56044   0.0044362
         450    -5.51514    -5.56033  0.00442748
         451    -5.52374    -5.56025  0.00441841
         452    -5.54291    -5.56022   0.0044088
         453     -5.5671    -5.56023  0.00439909
         454    -5.58581    -5.56029  0.00438977
         455    -5.58544    -5.56034  0.00438047
         456    -5.56548    -5.56035  0.00437087
         457    -5.53567     -5.5603  0.00436164
         458    -5.51143    -5.56019  0.00435343
         459    -5.50844    -5.56008   0.0043454
         460    -5.52601    -5.56001  0.00433659
         461    -5.55826       -5.56  0.00432718
         462    -5.59434    -5.56008  0.00431845
         463    -5.62184    -5.56021  0.00431119
         464    -5.63208    -5.56036  0.00430468
         465    -5.62326     -5.5605  0.00429754
         466    -5.60262    -5.56059  0.00428927
         467    -5.57532    -5.56062   0.0042802
         468    -5.55041     -5.5606  0.00427111
         469    -5.53517    -5.56055  0.00426235
         470      -5.529    -5.56048  0.00425381
         471    -5.52755    -5.56041  0.00424535
         472    -5.52836    -5.56034   0.0042369
         473    -5.52937    -5.56028  0.00422845
         474    -5.52578     -5.5602  0.00422016
         475     -5.5208    -5.56012  0.00421209
         476    -5.51004    -5.56001  0.00420455
         477    -5.49884    -5.55989  0.00419769
         478    -5.49028    -5.55974  0.00419144
         479    -5.48219    -5.55958  0.00418581
         480    -5.47707    -5.55941  0.00418062
         481    -5.47271    -5.55923  0.00417581
         482    -5.47023    -5.55904  0.00417123
         483    -5.47394    -5.55887  0.00416631
         484    -5.48774    -5.55872  0.00416029
         485    -5.50807    -5.55861  0.00415303
         486    -5.53028    -5.55856  0.00414489
         487    -5.55052    -5.55854  0.00413641
         488    -5.56329    -5.55855  0.00412795
         489    -5.57069    -5.55857  0.00411958
         490    -5.57219     -5.5586  0.00411127
         491    -5.56794    -5.55862  0.00410294
         492    -5.56596    -5.55864  0.00409462
         493    -5.56855    -5.55866  0.00408637
         494    -5.57958     -5.5587  0.00407832
         495    -5.58769    -5.55876   0.0040705
         496    -5.58707    -5.55881  0.00406269
         497    -5.57197    -5.55884   0.0040546
         498    -5.54868    -5.55882  0.00404651
         499    -5.52113    -5.55874  0.00403911
         500    -5.49837    -5.55862  0.00403283
         501    -5.48342    -5.55847  0.00402758
         502    -5.47995    -5.55832  0.00402259
         503    -5.48426    -5.55817  0.00401729
         504    -5.49154    -5.55804  0.00401149
         505    -5.49654    -5.55792   0.0040054
         506    -5.49896     -5.5578  0.00399917
         507    -5.50238    -5.55769  0.00399278
         508    -5.51051     -5.5576    0.003986
         509    -5.52529    -5.55753  0.00397868
         510    -5.54495    -5.55751  0.00397095
         511    -5.56274    -5.55752  0.00396319
         512    -5.57841    -5.55756  0.00395566
         513    -5.58664    -5.55762  0.00394836
         514    -5.58733    -5.55767   0.0039411
         515    -5.58323    -5.55772  0.00393376
         516    -5.57601    -5.55776  0.00392629
         517    -5.56916    -5.55778  0.00391876
         518    -5.56842     -5.5578  0.00391125
         519    -5.56988    -5.55783  0.00390378
         520     -5.5729    -5.55785  0.00389638
         521    -5.57758    -5.55789  0.00388909
         522    -5.58524    -5.55794  0.00388199
         523    -5.59661    -5.55802  0.00387527
         524     -5.6106    -5.55812  0.00386918
         525    -5.62414    -5.55824  0.00386385
         526    -5.63218    -5.55839  0.00385906
         527    -5.62975    -5.55852  0.00385411
         528    -5.61548    -5.55863  0.00384832
         529    -5.59402     -5.5587  0.00384163
         530    -5.57087    -5.55872  0.00383445
         531    -5.55343    -5.55871  0.00382724
         532    -5.54305    -5.55868  0.00382016
         533     -5.5365    -5.55864  0.00381322
         534     -5.5334    -5.55859  0.00380637
         535    -5.53592    -5.55855  0.00379949
         536     -5.5423    -5.55852  0.00379253
         537    -5.55273    -5.55851  0.00378548
         538    -5.56032    -5.55851  0.00377844
         539    -5.56157    -5.55852  0.00377144
         540    -5.55796    -5.55851  0.00376445
         541    -5.55211     -5.5585  0.00375751
         542    -5.54761    -5.55848  0.00375063
         543    -5.54669    -5.55846  0.00374379
         544    -5.54751    -5.55844  0.00373696
         545    -5.54843    -5.55842  0.00373015
         546    -5.54879     -5.5584  0.00372336
         547    -5.54407    -5.55838  0.00371665
         548    -5.54112    -5.55835     0.00371
         549    -5.54258    -5.55832  0.00370335
         550    -5.55474    -5.55831  0.00369662
         551    -5.57536    -5.55834  0.00369004
         552    -5.59599    -5.55841  0.00368399
         553    -5.60938     -5.5585  0.00367848
         554    -5.61407     -5.5586  0.00367321
         555    -5.60821    -5.55869  0.00366768
         556      -5.593    -5.55875   0.0036616
         557    -5.57568    -5.55878  0.00365515
         558    -5.55874    -5.55878   0.0036486
         559    -5.54409    -5.55876  0.00364217
         560    -5.53086    -5.55871    0.003636
         561    -5.52095    -5.55864  0.00363015
         562    -5.51779    -5.55857  0.00362441
         563    -5.51984     -5.5585  0.00361863
         564     -5.5292    -5.55845  0.00361259
         565    -5.53771    -5.55841  0.00360638
         566    -5.53934    -5.55838  0.00360016
         567    -5.53289    -5.55833   0.0035941
         568    -5.52266    -5.55827  0.00358832
         569    -5.50814    -5.55818  0.00358309
         570    -5.49356    -5.55807   0.0035786
         571    -5.48284    -5.55794  0.00357476
         572     -5.4861    -5.55781  0.00357071
         573    -5.50451    -5.55772  0.00356569
         574    -5.53555    -5.55768  0.00355969
         575    -5.57168     -5.5577  0.00355358
         576     -5.6023    -5.55778  0.00354826
         577    -5.62361     -5.5579  0.00354394
         578    -5.63878    -5.55804  0.00354057
         579    -5.64846    -5.55819   0.0035379
         580    -5.65381    -5.55836  0.00353564
         581    -5.65419    -5.55852   0.0035334
         582    -5.65381    -5.55868  0.00353112
         583    -5.65225    -5.55885  0.00352871
         584    -5.64698      -5.559  0.00352589
         585    -5.63905    -5.55913  0.00352252
         586    -5.63188    -5.55926  0.00351869
         587    -5.62592    -5.55937  0.00351453
         588    -5.62544    -5.55948  0.00351035
         589    -5.62819     -5.5596  0.00350633
         590    -5.63025    -5.55972  0.00350243
         591    -5.62922    -5.55984  0.00349847
         592    -5.62427    -5.55995  0.00349426
         593    -5.61572    -5.56004  0.00348963
         594    -5.60366    -5.56011  0.00348453
         595    -5.58686    -5.56016  0.00347896
         596    -5.56421    -5.56017  0.00347313
         597    -5.53922    -5.56013  0.00346749
         598    -5.51457    -5.56005  0.00346253
         599    -5.49485    -5.55995  0.00345846
         600      -5.483    -5.55982  0.00345507
         601    -5.47951    -5.55968  0.00345191
         602    -5.48259    -5.55956  0.00344855
         603    -5.49256    -5.55944  0.00344462
         604    -5.51089    -5.55936  0.00343985
         605    -5.53157    -5.55932  0.00343447
         606     -5.5496     -5.5593  0.00342884
         607    -5.56223    -5.55931   0.0034232
         608    -5.56841    -5.55932   0.0034176
         609    -5.57184    -5.55934  0.00341205
         610    -5.57352    -5.55937  0.00340653
         611    -5.57201    -5.55939  0.00340102
         612    -5.57001     -5.5594  0.00339551
         613    -5.56528    -5.55941  0.00338998
         614    -5.55627    -5.55941  0.00338447
         615    -5.54694    -5.55939  0.00337902
         616    -5.53285    -5.55934  0.00337381
         617    -5.51818    -5.55928    0.003369
         618    -5.50582    -5.55919  0.00336466
         619    -5.49844    -5.55909  0.00336066
         620    -5.49791    -5.55899  0.00335669
         621    -5.51035    -5.55892   0.0033522
         622    -5.52892    -5.55887  0.00334715
         623    -5.55148    -5.55886   0.0033418
         624    -5.56957    -5.55887  0.00333649
         625    -5.57884    -5.55891   0.0033313
         626    -5.57773    -5.55894  0.00332612
         627    -5.56737    -5.55895  0.00332084
         628    -5.55596    -5.55894  0.00331556
         629    -5.54525    -5.55892  0.00331036
         630     -5.5343    -5.55888  0.00330533
         631    -5.52437    -5.55883  0.00330055
         632    -5.51662    -5.55876    0.003296
         633    -5.51121    -5.55869  0.00329165
         634    -5.50718    -5.55861  0.00328746
         635    -5.50788    -5.55853  0.00328325
         636    -5.51075    -5.55845  0.00327895
         637    -5.51945    -5.55839  0.00327437
         638    -5.53343    -5.55835  0.00326948
         639    -5.55052    -5.55834  0.00326438
         640    -5.56714    -5.55835  0.00325931
         641    -5.57649    -5.55838  0.00325435
         642    -5.57829    -5.55841  0.00324943
         643    -5.57747    -5.55844  0.00324451
         644    -5.57638    -5.55847  0.00323959
         645    -5.57771     -5.5585  0.00323471
         646    -5.58034    -5.55853  0.00322987
         647     -5.5837    -5.55857  0.00322512
         648    -5.58427    -5.55861  0.00322038
         649    -5.57813    -5.55864  0.00321556
         650    -5.56603    -5.55865  0.00321063
         651    -5.55704    -5.55865   0.0032057
         652    -5.55566    -5.55864  0.00320079
         653    -5.56172    -5.55865  0.00319589
         654    -5.56891    -5.55867  0.00319104
         655    -5.57398    -5.55869  0.00318626
         656    -5.57751    -5.55872  0.00318153
         657    -5.57745    -5.55875  0.00317682
         658    -5.57242    -5.55877  0.00317206
         659    -5.56348    -5.55877  0.00316725
         660    -5.55207    -5.55876  0.00316247
         661      -5.537    -5.55873  0.00315785
         662    -5.52419    -5.55868  0.00315352
         663     -5.5203    -5.55862  0.00314929
         664     -5.5268    -5.55857  0.00314491
         665    -5.53692    -5.55854  0.00314035
         666    -5.55382    -5.55853  0.00313564
         667    -5.57703    -5.55856  0.00313107
         668    -5.59331    -5.55861  0.00312681
         669    -5.59715    -5.55867  0.00312267
         670    -5.58744    -5.55871   0.0031183
         671    -5.57408    -5.55874  0.00311374
         672    -5.55985    -5.55874  0.00310911
         673    -5.55072    -5.55873  0.00310451
         674    -5.54318     -5.5587  0.00309999
         675    -5.53857    -5.55867  0.00309554
         676    -5.53766    -5.55864  0.00309112
         677    -5.54031    -5.55861  0.00308667
         678    -5.54209    -5.55859  0.00308221
         679    -5.54249    -5.55857  0.00307776
         680    -5.54092    -5.55854  0.00307335
         681     -5.5378    -5.55851  0.00306899
         682    -5.53667    -5.55848  0.00306465
         683    -5.53141    -5.55844  0.00306042
         684    -5.52098    -5.55838  0.00305644
         685    -5.50984    -5.55831   0.0030528
         686    -5.50108    -5.55823  0.00304949
         687    -5.49645    -5.55814  0.00304637
         688    -5.49885    -5.55805  0.00304316
         689      -5.506    -5.55798  0.00303969
         690    -5.51655    -5.55792  0.00303587
         691    -5.52881    -5.55788  0.00303177
         692    -5.54096    -5.55785  0.00302749
         693    -5.54978    -5.55784  0.00302314
         694    -5.55548    -5.55784  0.00301879
         695    -5.55452    -5.55783  0.00301445
         696    -5.54861    -5.55782  0.00301015
         697    -5.54175     -5.5578  0.00300592
         698    -5.53538    -5.55776  0.00300178
         699    -5.53229    -5.55773  0.00299771
         700    -5.53596     -5.5577  0.00299359
         701     -5.5459    -5.55768  0.00298936
         702    -5.55669    -5.55768  0.00298511
         703     -5.5652    -5.55769  0.00298088
         704    -5.56543     -5.5577  0.00297666
         705    -5.55444    -5.55769  0.00297245
         706    -5.53488    -5.55766  0.00296841
         707    -5.50983    -5.55759  0.00296498
         708    -5.48786     -5.5575  0.00296243
         709    -5.47524    -5.55738  0.00296052
         710    -5.47529    -5.55726  0.00295861
         711    -5.48588    -5.55716  0.00295615
         712    -5.50528    -5.55709   0.0029529
         713    -5.52643    -5.55705  0.00294907
         714    -5.54904    -5.55704  0.00294496
         715    -5.57203    -5.55706  0.00294092
         716    -5.59133    -5.55711   0.0029372
         717    -5.60112    -5.55717  0.00293374
         718     -5.6054    -5.55723  0.00293043
         719     -5.6101    -5.55731  0.00292727
         720    -5.61447    -5.55739  0.00292428
         721     -5.6212    -5.55748  0.00292157
         722    -5.62227    -5.55757   0.0029189
         723     -5.6132    -5.55764  0.00291588
         724    -5.59601     -5.5577  0.00291233
         725    -5.57547    -5.55772  0.00290842
         726    -5.55709    -5.55772  0.00290441
         727    -5.54526     -5.5577  0.00290047
         728     -5.5424    -5.55768  0.00289656
         729    -5.54542    -5.55766  0.00289263
         730     -5.5551    -5.55766  0.00288867
         731    -5.55961    -5.55766  0.00288472
         732     -5.5562    -5.55766  0.00288078
         733     -5.5397    -5.55764  0.00287696
         734    -5.51167    -5.55757  0.00287372
         735    -5.47998    -5.55747  0.00287175
         736    -5.45749    -5.55733  0.00287106
         737    -5.45403    -5.55719  0.00287058
         738    -5.46635    -5.55707  0.00286933
         739     -5.4875    -5.55698  0.00286699
         740     -5.5071    -5.55691  0.00286391
         741    -5.51806    -5.55686  0.00286052
         742    -5.52627    -5.55681  0.00285696
         743    -5.53359    -5.55678  0.00285329
         744    -5.54263    -5.55676  0.00284952
         745    -5.55149    -5.55676   0.0028457
         746    -5.56018    -5.55676  0.00284189
         747    -5.56736    -5.55678  0.00283812
         748    -5.57793     -5.5568  0.00283447
         749    -5.58888    -5.55685  0.00283101
         750    -5.58876    -5.55689  0.00282755
         751    -5.57751    -5.55692  0.00282392
         752    -5.56174    -5.55692  0.00282017
         753    -5.54909    -5.55691  0.00281645
         754    -5.54218    -5.55689  0.00281278
         755    -5.53808    -5.55687  0.00280916
         756    -5.53328    -5.55684  0.00280562
         757    -5.52744     -5.5568  0.00280218
         758    -5.52375    -5.55675  0.00279883
         759    -5.52638    -5.55671  0.00279543
         760      -5.536    -5.55669  0.00279188
         761    -5.54876    -5.55668  0.00278823
         762    -5.56457    -5.55669  0.00278459
         763    -5.58206    -5.55672  0.00278114
         764     -5.5986    -5.55678  0.00277804
         765    -5.61061    -5.55685   0.0027753
         766    -5.61412    -5.55692  0.00277268
         767    -5.60765    -5.55699  0.00276986
         768    -5.59501    -5.55704  0.00276669
         769    -5.58297    -5.55707   0.0027633
         770     -5.5788     -5.5571  0.00275986
         771    -5.58841    -5.55714  0.00275658
         772    -5.61127    -5.55721   0.0027539
         773    -5.63671    -5.55731  0.00275225
         774    -5.65364    -5.55744  0.00275151
         775    -5.65173    -5.55756  0.00275065
         776    -5.63181    -5.55765  0.00274877
         777    -5.59997    -5.55771  0.00274577
         778     -5.5687    -5.55772  0.00274228
         779    -5.54782    -5.55771  0.00273879
         780    -5.54022    -5.55769  0.00273537
         781    -5.54158    -5.55767  0.00273194
         782    -5.54403    -5.55765   0.0027285
         783    -5.54603    -5.55763  0.00272506
         784    -5.54579    -5.55762  0.00272163
         785    -5.53977     -5.5576  0.00271825
         786    -5.52723    -5.55756  0.00271507
         787    -5.50853     -5.5575  0.00271233
         788    -5.49338    -5.55741  0.00271011
         789    -5.49182    -5.55733  0.00270795
         790    -5.50522    -5.55726  0.00270533
         791    -5.52599    -5.55723   0.0027022
         792     -5.5469    -5.55721  0.00269882
         793    -5.56886    -5.55723  0.00269545
         794     -5.5882    -5.55727  0.00269234
         795    -5.60245    -5.55732  0.00268955
         796    -5.61027    -5.55739    0.002687
         797    -5.60729    -5.55745  0.00268436
         798    -5.58981    -5.55749   0.0026813
         799    -5.55799    -5.55749  0.00267794
         800    -5.52174    -5.55745  0.00267497
         801    -5.49165    -5.55737  0.00267289
         802    -5.47838    -5.55727  0.00267137
         803    -5.48369    -5.55718  0.00266961
         804    -5.50261    -5.55711  0.00266716
         805    -5.52554    -5.55707  0.00266413
         806    -5.54415    -5.55705  0.00266087
         807    -5.55499    -5.55705  0.00265758
         808    -5.56019    -5.55705  0.00265429
         809    -5.56627    -5.55707  0.00265104
         810    -5.57701    -5.55709  0.00264788
         811    -5.58815    -5.55713  0.00264489
         812    -5.59296    -5.55717    0.002642
         813    -5.59015    -5.55721  0.00263906
         814    -5.57972    -5.55724  0.00263596
         815    -5.56472    -5.55725  0.00263275
         816    -5.55078    -5.55724  0.00262953
         817    -5.53864    -5.55722  0.00262641
         818    -5.53003    -5.55719  0.00262341
         819    -5.51799    -5.55714  0.00262064
         820    -5.50719    -5.55708  0.00261816
         821    -5.49857    -5.55701  0.00261594
         822    -5.49876    -5.55694  0.00261371
         823    -5.50611    -5.55687  0.00261127
         824    -5.51848    -5.55683  0.00260851
         825    -5.53051     -5.5568  0.00260555
         826    -5.53521    -5.55677  0.00260252
         827    -5.53211    -5.55674  0.00259955
         828    -5.52188     -5.5567  0.00259675
         829    -5.51702    -5.55665  0.00259406
         830    -5.52164    -5.55661  0.00259128
         831    -5.53386    -5.55658   0.0025883
         832    -5.55102    -5.55657   0.0025852
         833    -5.56212    -5.55658  0.00258211
         834    -5.56907    -5.55659  0.00257905
         835    -5.57137    -5.55661  0.00257602
         836    -5.56975    -5.55663  0.00257299
         837    -5.56722    -5.55664  0.00256995
         838    -5.56167    -5.55665  0.00256689
         839    -5.55549    -5.55665  0.00256383
         840    -5.55066    -5.55664  0.00256079
         841     -5.5499    -5.55663  0.00255775
         842     -5.5518    -5.55662  0.00255472
         843    -5.55247    -5.55662   0.0025517
         844    -5.55553    -5.55662  0.00254867
         845    -5.55859    -5.55662  0.00254566
         846    -5.56026    -5.55662  0.00254265
         847    -5.56178    -5.55663  0.00253966
         848    -5.55967    -5.55663  0.00253667
         849    -5.55242    -5.55663  0.00253368
         850    -5.54097    -5.55661  0.00253077
         851    -5.52593    -5.55658  0.00252805
         852     -5.5194    -5.55653  0.00252546
         853    -5.52104    -5.55649  0.00252284
         854    -5.52954    -5.55646  0.00252009
         855    -5.53971    -5.55644  0.00251722
         856    -5.54884    -5.55643  0.00251429
         857    -5.55242    -5.55643  0.00251136
         858    -5.55315    -5.55642  0.00250844
         859    -5.55319    -5.55642  0.00250552
         860     -5.5567    -5.55642  0.00250261
         861    -5.56683    -5.55643  0.00249973
         862    -5.58754    -5.55647  0.00249709
         863    -5.61336    -5.55653  0.00249507
         864    -5.63794    -5.55663  0.00249396
         865    -5.65781    -5.55674  0.00249382
         866    -5.67041    -5.55687  0.00249439
         867    -5.67335    -5.55701  0.00249513
         868    -5.66259    -5.55713  0.00249521
         869    -5.63334    -5.55722  0.00249388
         870    -5.59138    -5.55726  0.00249133
         871    -5.54916    -5.55725  0.00248848
         872    -5.51681     -5.5572  0.00248606
         873    -5.50368    -5.55714  0.00248397
         874     -5.5105    -5.55709   0.0024817
         875    -5.53029    -5.55706  0.00247905
         876    -5.55482    -5.55705  0.00247622
         877    -5.57483    -5.55707  0.00247348
         878    -5.58072     -5.5571  0.00247081
         879     -5.5727    -5.55712  0.00246807
         880    -5.55486    -5.55712  0.00246526
         881      -5.535    -5.55709  0.00246259
         882    -5.52263    -5.55705  0.00246011
         883    -5.52142    -5.55701  0.00245766
         884    -5.52764    -5.55698   0.0024551
         885    -5.53111    -5.55695   0.0024525
         886    -5.52953    -5.55692  0.00244993
         887    -5.52026    -5.55688  0.00244751
         888    -5.51308    -5.55683  0.00244525
         889    -5.51259    -5.55678  0.00244301
         890    -5.51778    -5.55673  0.00244066
         891    -5.51874    -5.55669  0.00243829
         892    -5.51244    -5.55664  0.00243606
         893    -5.50079    -5.55658  0.00243414
         894    -5.48997     -5.5565  0.00243255
         895    -5.48766    -5.55643  0.00243105
         896    -5.49715    -5.55636  0.00242924
         897    -5.51693    -5.55632  0.00242693
         898    -5.53847     -5.5563  0.00242431
         899    -5.55721     -5.5563  0.00242161
         900    -5.56673    -5.55631  0.00241895
         901    -5.57063    -5.55633  0.00241632
         902    -5.56845    -5.55634  0.00241367
         903    -5.55727    -5.55634    0.002411
         904    -5.54196    -5.55632  0.00240839
         905    -5.52265    -5.55629  0.00240601
         906     -5.5023    -5.55623  0.00240409
         907    -5.48898    -5.55615  0.00240259
         908     -5.4849    -5.55608  0.00240122
         909    -5.49036      -5.556  0.00239967
         910    -5.50096    -5.55594  0.00239779
         911    -5.51102    -5.55589  0.00239567
         912    -5.52026    -5.55585  0.00239336
         913    -5.52487    -5.55582  0.00239098
         914    -5.52404    -5.55579  0.00238862
         915     -5.5147    -5.55574  0.00238643
         916    -5.49891    -5.55568  0.00238463
         917    -5.48246     -5.5556  0.00238337
         918    -5.47465    -5.55551   0.0023824
         919    -5.47818    -5.55543  0.00238129
         920    -5.49292    -5.55536  0.00237967
         921    -5.51167    -5.55531  0.00237756
         922    -5.53107    -5.55528  0.00237513
         923    -5.54476    -5.55527  0.00237258
         924     -5.5488    -5.55527  0.00237003
         925    -5.54403    -5.55525   0.0023675
         926    -5.53111    -5.55523  0.00236508
         927    -5.51116    -5.55518  0.00236301
         928    -5.49068    -5.55511  0.00236148
         929    -5.47593    -5.55503  0.00236048
         930    -5.47088    -5.55494  0.00235968
         931    -5.47146    -5.55485  0.00235884
         932    -5.47516    -5.55476  0.00235786
         933    -5.47971    -5.55468  0.00235671
         934    -5.48429     -5.5546  0.00235539
         935    -5.49193    -5.55454  0.00235382
         936     -5.5036    -5.55448  0.00235194
         937    -5.51631    -5.55444  0.00234978
         938     -5.5256    -5.55441  0.00234748
         939    -5.53249    -5.55439  0.00234509
         940    -5.53767    -5.55437  0.00234266
         941    -5.54205    -5.55436  0.00234021
         942    -5.54784    -5.55435  0.00233774
         943    -5.55374    -5.55435  0.00233526
         944    -5.56288    -5.55436   0.0023328
         945    -5.57563    -5.55438  0.00233044
         946    -5.59064    -5.55442  0.00232829
         947    -5.60468    -5.55447  0.00232644
         948    -5.61641    -5.55454   0.0023249
         949     -5.6194    -5.55461  0.00232346
         950    -5.61525    -5.55467  0.00232189
         951    -5.60441    -5.55472  0.00232004
         952    -5.59063    -5.55476  0.00231791
         953    -5.57885    -5.55479  0.00231561
         954    -5.56995     -5.5548  0.00231324
         955    -5.56803    -5.55482  0.00231086
         956    -5.57143    -5.55483  0.00230851
         957    -5.57477    -5.55485  0.00230619
         958     -5.5739    -5.55487  0.00230387
         959    -5.57018    -5.55489  0.00230152
         960    -5.56319     -5.5549  0.00229914
         961    -5.55685     -5.5549  0.00229675
         962    -5.55145     -5.5549  0.00229436
         963    -5.55109    -5.55489  0.00229198
         964    -5.55058    -5.55489  0.00228961
         965    -5.55057    -5.55488  0.00228724
         966    -5.54757    -5.55488  0.00228489
         967    -5.53795    -5.55486  0.00228259
         968    -5.52656    -5.55483  0.00228042
         969    -5.51679    -5.55479   0.0022784
         970    -5.50837    -5.55474  0.00227656
         971    -5.49769    -5.55468  0.00227497
         972    -5.48379    -5.55461   0.0022738
         973    -5.46865    -5.55452  0.00227318
         974    -5.45579    -5.55442   0.0022731
         975    -5.45205    -5.55432  0.00227319
         976    -5.46105    -5.55422  0.00227287
         977    -5.47946    -5.55414  0.00227183
         978    -5.50524    -5.55409  0.00227006
         979    -5.53302    -5.55407  0.00226784
         980     -5.5555    -5.55407  0.00226553
         981       -5.57    -5.55409  0.00226328
         982    -5.57443    -5.55411  0.00226107
         983     -5.5729    -5.55413  0.00225885
         984    -5.56425    -5.55414  0.00225658
         985    -5.54991    -5.55414  0.00225429
         986    -5.52888    -5.55411  0.00225215
         987    -5.50596    -5.55406   0.0022504
         988    -5.48471    -5.55399  0.00224921
         989    -5.46885     -5.5539  0.00224859
         990     -5.4598    -5.55381  0.00224832
         991    -5.45894    -5.55371  0.00224809
         992    -5.46187    -5.55362  0.00224773
         993     -5.4654    -5.55353  0.00224722
         994    -5.47138    -5.55345  0.00224648
         995    -5.48054    -5.55338  0.00224542
         996    -5.49554    -5.55332  0.00224391
         997     -5.5157    -5.55328  0.00224198
         998    -5.53209    -5.55326  0.00223984
         999    -5.54439    -5.55325  0.00223761
        1000    -5.54906    -5.55325  0.00223538
        1001    -5.55051    -5.55324  0.00223315
        1002    -5.55001    -5.55324  0.00223092
        1003    -5.54975    -5.55324   0.0022287
        1004    -5.54595    -5.55323  0.00222649
        1005    -5.53884    -5.55322  0.00222432
        1006    -5.53114    -5.55319  0.00222222
        1007     -5.5247    -5.55317  0.00222019
        1008    -5.51805    -5.55313  0.00221826
        1009    -5.50855    -5.55309   0.0022165
        1010     -5.5025    -5.55304  0.00221487
        1011    -5.50177    -5.55299  0.00221326
        1012    -5.50167    -5.55293  0.00221166
        1013    -5.49968    -5.55288   0.0022101
        1014    -5.49649    -5.55283  0.00220862
        1015    -5.49628    -5.55277  0.00220715
        1016    -5.50479    -5.55272  0.00220548
        1017    -5.52139    -5.55269  0.00220353
        1018    -5.53988    -5.55268   0.0022014
        1019    -5.55712    -5.55268  0.00219924
        1020     -5.5689     -5.5527  0.00219714
        1021    -5.57774    -5.55273  0.00219513
        1022    -5.58717    -5.55276  0.00219324
        1023    -5.59592     -5.5528   0.0021915
        1024    -5.60178    -5.55285  0.00218988
        1025    -5.59826    -5.55289  0.00218819
        1026    -5.58414    -5.55292  0.00218627
        1027    -5.55875    -5.55293  0.00218415
        1028    -5.53025    -5.55291  0.00218214
        1029    -5.51093    -5.55287   0.0021804
        1030    -5.50451    -5.55282  0.00217879
        1031    -5.50594    -5.55277  0.00217715
        1032    -5.51064    -5.55273  0.00217542
        1033    -5.51537     -5.5527  0.00217362
        1034    -5.51988    -5.55267  0.00217175
        1035    -5.51883    -5.55263  0.00216989
        1036    -5.51077    -5.55259  0.00216817
        1037    -5.49841    -5.55254  0.00216671
        1038    -5.49379    -5.55248  0.00216537
        1039    -5.49973    -5.55243  0.00216388
        1040    -5.51724     -5.5524  0.00216206
        1041    -5.53817    -5.55239  0.00216003
        1042    -5.55421    -5.55239  0.00215795
        1043    -5.56362     -5.5524  0.00215591
        1044    -5.56373    -5.55241  0.00215387
        1045    -5.55666    -5.55241  0.00215182
        1046    -5.54953    -5.55241  0.00214976
        1047    -5.54506     -5.5524  0.00214772
        1048     -5.5424    -5.55239  0.00214569
        1049    -5.53763    -5.55238  0.00214369
        1050    -5.53094    -5.55236  0.00214175
        1051    -5.52644    -5.55233  0.00213985
        1052    -5.52767    -5.55231  0.00213795
        1053    -5.53371    -5.55229  0.00213599
        1054    -5.54248    -5.55228  0.00213398
        1055    -5.54753    -5.55228  0.00213197
        1056    -5.55176    -5.55228  0.00212995
        1057    -5.55008    -5.55228  0.00212793
        1058    -5.54349    -5.55227  0.00212594
        1059     -5.5357    -5.55225  0.00212399
        1060    -5.52914    -5.55223   0.0021221
        1061     -5.5284    -5.55221  0.00212021
        1062    -5.53193    -5.55219   0.0021183
        1063    -5.53622    -5.55217  0.00211636
        1064    -5.54013    -5.55216  0.00211441
        1065    -5.54544    -5.55216  0.00211243
        1066    -5.55543    -5.55216  0.00211045
        1067    -5.57136    -5.55218  0.00210855
        1068    -5.58876    -5.55221  0.00210685
        1069    -5.60187    -5.55226  0.00210539
        1070    -5.60983    -5.55231  0.00210411
        1071    -5.60881    -5.55236  0.00210281
        1072    -5.60339    -5.55241  0.00210139
        1073    -5.58787    -5.55245  0.00209969
        1074    -5.56539    -5.55246  0.00209777
        1075    -5.53992    -5.55245  0.00209585
        1076    -5.51735    -5.55241  0.00209416
        1077    -5.50275    -5.55237  0.00209272
        1078    -5.49809    -5.55232  0.00209138
        1079    -5.50439    -5.55227  0.00208992
        1080    -5.51632    -5.55224  0.00208825
        1081    -5.53252    -5.55222  0.00208639
        1082    -5.54908    -5.55222  0.00208447
        1083    -5.56664    -5.55223  0.00208259
        1084     -5.5847    -5.55226  0.00208088
        1085    -5.59673     -5.5523  0.00207937
        1086    -5.59883    -5.55235  0.00207789
        1087    -5.59448    -5.55238  0.00207634
        1088    -5.58561    -5.55241  0.00207466
        1089    -5.57905    -5.55244   0.0020729
        1090    -5.57784    -5.55246  0.00207113
        1091    -5.58217    -5.55249  0.00206941
        1092    -5.58006    -5.55251  0.00206767
        1093    -5.56896    -5.55253  0.00206583
        1094    -5.54585    -5.55252  0.00206395
        1095     -5.5173    -5.55249  0.00206232
        1096    -5.48857    -5.55243  0.00206126
        1097    -5.46673    -5.55235  0.00206086
        1098    -5.45655    -5.55227  0.00206083
        1099      -5.456    -5.55218  0.00206081
        1100     -5.4606     -5.5521  0.00206062
        1101    -5.46819    -5.55202  0.00206016
        1102    -5.47688    -5.55195  0.00205942
        1103    -5.48329    -5.55189  0.00205849
        1104    -5.48327    -5.55183  0.00205756
        1105    -5.47348    -5.55176  0.00205692
        1106    -5.45505    -5.55167  0.00205692
        1107     -5.4361    -5.55157  0.00205771
        1108    -5.42353    -5.55145   0.0020591
        1109    -5.42412    -5.55133  0.00206044
        1110    -5.43688    -5.55123  0.00206116
        1111    -5.45809    -5.55115  0.00206101
        1112    -5.47898    -5.55108  0.00206018
        1113    -5.49652    -5.55103  0.00205891
        1114    -5.51017      -5.551  0.00205739
        1115    -5.51742    -5.55097  0.00205576
        1116     -5.5233    -5.55094  0.00205407
        1117    -5.53099    -5.55092  0.00205231
        1118    -5.54221    -5.55092  0.00205049
        1119    -5.55482    -5.55092  0.00204866
        1120     -5.5691    -5.55094  0.00204689
        1121    -5.58262    -5.55096  0.00204526
        1122    -5.59345      -5.551  0.00204379
        1123    -5.59651    -5.55104  0.00204237
        1124    -5.58932    -5.55108  0.00204084
        1125    -5.57483     -5.5511  0.00203913
        1126    -5.55727     -5.5511  0.00203733
        1127    -5.53659    -5.55109  0.00203556
        1128    -5.51156    -5.55106  0.00203406
        1129    -5.48532      -5.551  0.00203309
        1130    -5.46022    -5.55092  0.00203288
        1131    -5.44886    -5.55083  0.00203308
        1132    -5.45469    -5.55074  0.00203306
        1133    -5.47074    -5.55067  0.00203249
        1134     -5.4856    -5.55061  0.00203151
        1135    -5.49372    -5.55056  0.00203034
        1136    -5.49342    -5.55051  0.00202917
        1137    -5.48802    -5.55046  0.00202813
        1138    -5.48583     -5.5504  0.00202715
        1139    -5.49163    -5.55035  0.00202602
        1140    -5.50755    -5.55031  0.00202459
        1141    -5.52509    -5.55029  0.00202294
        1142    -5.54144    -5.55028  0.00202118
        1143    -5.55429    -5.55029  0.00201942
        1144    -5.55968    -5.55029  0.00201767
        1145    -5.56135     -5.5503  0.00201593
        1146    -5.55474    -5.55031  0.00201418
        1147    -5.54375     -5.5503  0.00201243
        1148    -5.53068    -5.55029  0.00201075
        1149    -5.52195    -5.55026  0.00200915
        1150    -5.52301    -5.55024  0.00200754
        1151    -5.52912    -5.55022  0.00200588
        1152    -5.53464    -5.55021  0.00200419
        1153    -5.53692    -5.55019  0.00200248
        1154    -5.54197    -5.55019  0.00200076
        1155    -5.55089    -5.55019  0.00199903
        1156     -5.5579    -5.55019  0.00199731
        1157    -5.55775     -5.5502  0.00199559
        1158    -5.54854     -5.5502  0.00199387
        1159    -5.53538    -5.55019  0.00199219
        1160    -5.52278    -5.55016  0.00199061
        1161    -5.51296    -5.55013  0.00198916
        1162    -5.50345    -5.55009  0.00198785
        1163    -5.49223    -5.55004  0.00198676
        1164    -5.48123    -5.54998  0.00198593
        1165     -5.4719    -5.54991  0.00198536
        1166    -5.46435    -5.54984  0.00198501
        1167    -5.46109    -5.54977  0.00198477
        1168    -5.46673    -5.54969  0.00198434
        1169    -5.47997    -5.54963  0.00198354
        1170    -5.50023    -5.54959   0.0019823
        1171    -5.51842    -5.54957  0.00198078
        1172    -5.52785    -5.54955  0.00197918
        1173    -5.52813    -5.54953  0.00197757
        1174    -5.52054     -5.5495  0.00197604
        1175    -5.51092    -5.54947  0.00197464
        1176    -5.50489    -5.54943  0.00197332
        1177    -5.50431    -5.54939  0.00197202
        1178    -5.51173    -5.54936   0.0019706
        1179    -5.52622    -5.54934  0.00196903
        1180    -5.54515    -5.54934  0.00196736
        1181    -5.56407    -5.54935  0.00196574
        1182    -5.57243    -5.54937  0.00196417
        1183    -5.56289    -5.54938  0.00196254
        1184     -5.5385    -5.54937  0.00196091
        1185    -5.51253    -5.54934   0.0019595
        1186    -5.49205    -5.54929  0.00195844
        1187    -5.48347    -5.54924  0.00195758
        1188    -5.48693    -5.54919  0.00195663
        1189    -5.49257    -5.54914  0.00195556
        1190    -5.49305    -5.54909  0.00195449
        1191    -5.48487    -5.54904  0.00195359
        1192    -5.47247    -5.54897  0.00195301
        1193     -5.4643     -5.5489  0.00195266
        1194    -5.45803    -5.54883  0.00195251
        1195    -5.45359    -5.54875   0.0019525
        1196    -5.45301    -5.54867  0.00195251
        1197    -5.46436     -5.5486  0.00195215
        1198    -5.48669    -5.54854   0.0019512
        1199    -5.51454    -5.54852  0.00194978
        1200    -5.54283    -5.54851  0.00194816
        1201     -5.5655    -5.54853  0.00194659
        1202    -5.58112    -5.54855  0.00194516
        1203    -5.59117    -5.54859  0.00194386
        1204    -5.59364    -5.54863  0.00194261
        1205    -5.58987    -5.54866   0.0019413
        1206    -5.58043    -5.54869  0.00193987
        1207    -5.56556     -5.5487  0.00193831
        1208    -5.54795     -5.5487  0.00193671
        1209    -5.53004    -5.54868  0.00193517
        1210    -5.52003    -5.54866  0.00193371
        1211    -5.51806    -5.54864  0.00193228
        1212    -5.51987    -5.54861  0.00193083
        1213    -5.52066    -5.54859  0.00192938
        1214    -5.52253    -5.54857  0.00192791
        1215    -5.52699    -5.54855   0.0019264
        1216     -5.5353    -5.54854  0.00192485
        1217    -5.54907    -5.54854  0.00192327
        1218    -5.56512    -5.54855  0.00192174
        1219    -5.57567    -5.54857  0.00192029
        1220    -5.57618     -5.5486  0.00191885
        1221    -5.56816    -5.54861  0.00191734
        1222    -5.55227    -5.54862  0.00191578
        1223    -5.53413     -5.5486  0.00191425
        1224    -5.51504    -5.54858  0.00191288
        1225    -5.50026    -5.54854  0.00191173
        1226    -5.49099    -5.54849  0.00191074
        1227    -5.48812    -5.54844  0.00190982
        1228    -5.48858    -5.54839  0.00190889
        1229    -5.48779    -5.54834  0.00190797
        1230    -5.48447    -5.54829  0.00190712
        1231    -5.47895    -5.54824  0.00190641
        1232    -5.47436    -5.54818   0.0019058
        1233    -5.47644    -5.54812  0.00190514
        1234    -5.48856    -5.54807  0.00190421
        1235    -5.50913    -5.54804  0.00190293
        1236    -5.53279    -5.54802  0.00190143
        1237    -5.55248    -5.54803   0.0018999
        1238    -5.56475    -5.54804  0.00189841
        1239    -5.56901    -5.54806  0.00189695
        1240    -5.57063    -5.54808  0.00189551
        1241    -5.56909    -5.54809  0.00189406
        1242    -5.56469    -5.54811  0.00189258
        1243    -5.55826    -5.54812  0.00189108
        1244    -5.54871    -5.54812  0.00188956
        1245    -5.53955    -5.54811  0.00188805
        1246    -5.53042     -5.5481  0.00188659
        1247    -5.52434    -5.54808  0.00188517
        1248      -5.525    -5.54806  0.00188375
        1249    -5.53132    -5.54804  0.00188229
        1250    -5.53642    -5.54803  0.00188081
        1251     -5.5338    -5.54802  0.00187934
        1252    -5.52653    -5.54801  0.00187792
        1253    -5.51556    -5.54798   0.0018766
        1254    -5.50418    -5.54795  0.00187543
        1255    -5.49996    -5.54791  0.00187432
        1256    -5.50367    -5.54787  0.00187316
        1257    -5.51302    -5.54784  0.00187188
        1258    -5.52176    -5.54782   0.0018705
        1259    -5.52733    -5.54781  0.00186909
        1260    -5.53011    -5.54779  0.00186766
        1261    -5.53159    -5.54778  0.00186622
        1262    -5.52774    -5.54776  0.00186481
        1263    -5.51704    -5.54774  0.00186349
        1264      -5.497     -5.5477  0.00186245
        1265    -5.47397    -5.54764  0.00186189
        1266    -5.45541    -5.54757  0.00186184
        1267     -5.4443    -5.54749  0.00186216
        1268    -5.44535    -5.54741  0.00186243
        1269    -5.45821    -5.54734  0.00186229
        1270    -5.47843    -5.54728  0.00186161
        1271    -5.49614    -5.54724  0.00186058
        1272    -5.51166    -5.54721  0.00185933
        1273    -5.52072    -5.54719  0.00185798
        1274    -5.52459    -5.54718  0.00185661
        1275     -5.5223    -5.54716  0.00185526
        1276    -5.51327    -5.54713  0.00185399
        1277    -5.50096    -5.54709  0.00185289
        1278    -5.48825    -5.54705  0.00185202
        1279      -5.482      -5.547  0.00185127
        1280    -5.48685    -5.54695  0.00185042
        1281    -5.50323    -5.54692  0.00184929
        1282    -5.52615     -5.5469  0.00184791
        1283    -5.54359     -5.5469  0.00184648
        1284    -5.55344     -5.5469  0.00184505
        1285    -5.55808    -5.54691  0.00184363
        1286    -5.55995    -5.54692  0.00184222
        1287     -5.5618    -5.54693  0.00184083
        1288    -5.56833    -5.54695  0.00183947
        1289    -5.57476    -5.54697  0.00183817
        1290     -5.5799      -5.547  0.00183693
        1291    -5.57937    -5.54702  0.00183567
        1292    -5.57624    -5.54704  0.00183439
        1293    -5.56961    -5.54706  0.00183306
        1294    -5.56223    -5.54707  0.00183168
        1295    -5.55408    -5.54708  0.00183027
        1296    -5.54473    -5.54708  0.00182886
        1297    -5.53305    -5.54707  0.00182748
        1298    -5.52094    -5.54705  0.00182619
        1299    -5.51012    -5.54702    0.001825
        1300    -5.50268    -5.54698  0.00182392
        1301    -5.49562    -5.54694  0.00182294
        1302    -5.49554     -5.5469  0.00182197
        1303    -5.50558    -5.54687  0.00182085
        1304     -5.5255    -5.54686  0.00181952
        1305    -5.54847    -5.54686  0.00181813
        1306    -5.56769    -5.54687  0.00181681
        1307    -5.58262     -5.5469  0.00181562
        1308    -5.59289    -5.54694  0.00181458
        1309    -5.59807    -5.54697  0.00181361
        1310    -5.59823    -5.54701  0.00181265
        1311    -5.59544    -5.54705  0.00181164
        1312    -5.59095    -5.54708  0.00181057
        1313    -5.58305    -5.54711   0.0018094
        1314    -5.57347    -5.54713  0.00180813
        1315    -5.56192    -5.54714  0.00180679
        1316    -5.54843    -5.54714  0.00180542
        1317    -5.53325    -5.54713  0.00180408
        1318    -5.51927    -5.54711  0.00180283
        1319    -5.51323    -5.54709  0.00180165
        1320    -5.51644    -5.54706  0.00180043
        1321    -5.52578    -5.54705  0.00179914
        1322    -5.54038    -5.54704  0.00179779
        1323    -5.55746    -5.54705  0.00179645
        1324    -5.57133    -5.54707  0.00179519
        1325    -5.58054    -5.54709  0.00179401
        1326    -5.58597    -5.54712  0.00179289
        1327    -5.58738    -5.54715   0.0017918
        1328    -5.58476    -5.54718  0.00179067
        1329     -5.5834    -5.54721  0.00178953
        1330    -5.58919    -5.54724  0.00178847
        1331    -5.59747    -5.54728  0.00178752
        1332    -5.60804    -5.54732  0.00178676
        1333    -5.61453    -5.54737  0.00178613
        1334     -5.6197    -5.54743  0.00178562
        1335    -5.62199    -5.54748  0.00178515
        1336    -5.62341    -5.54754  0.00178472
        1337    -5.62482     -5.5476  0.00178432
        1338    -5.62764    -5.54766  0.00178399
        1339    -5.63131    -5.54772  0.00178375
        1340    -5.63345    -5.54778  0.00178357
        1341    -5.63136    -5.54785  0.00178333
        1342    -5.62328     -5.5479  0.00178288
        1343    -5.61242    -5.54795   0.0017822
        1344    -5.60015    -5.54799   0.0017813
        1345    -5.58608    -5.54802   0.0017802
        1346    -5.57258    -5.54804  0.00177897
        1347    -5.55586    -5.54804  0.00177766
        1348    -5.53829    -5.54804  0.00177636
        1349     -5.5196    -5.54801  0.00177516
        1350    -5.49812    -5.54798  0.00177423
        1351    -5.48025    -5.54793  0.00177363
        1352     -5.4722    -5.54787   0.0017732
        1353    -5.47678    -5.54782  0.00177267
        1354    -5.49376    -5.54778  0.00177181
        1355    -5.52147    -5.54776  0.00177061
        1356     -5.5525    -5.54776  0.00176931
        1357    -5.57789    -5.54779  0.00176814
        1358    -5.58484    -5.54781  0.00176705
        1359    -5.57418    -5.54783  0.00176586
        1360    -5.55116    -5.54783  0.00176456
        1361    -5.52852    -5.54782  0.00176332
        1362    -5.51781     -5.5478  0.00176216
        1363    -5.52064    -5.54778  0.00176098
        1364     -5.5325    -5.54777  0.00175973
        1365    -5.54675    -5.54777  0.00175844
        1366    -5.56439    -5.54778  0.00175719
        1367    -5.58071     -5.5478  0.00175607
        1368    -5.58988    -5.54783  0.00175506
        1369    -5.59433    -5.54787   0.0017541
        1370    -5.59307     -5.5479  0.00175313
        1371    -5.58638    -5.54793  0.00175208
        1372    -5.57541    -5.54795  0.00175092
        1373       -5.57    -5.54796  0.00174972
        1374    -5.58176    -5.54799  0.00174862
        1375    -5.60823    -5.54803  0.00174789
        1376    -5.63767     -5.5481  0.00174784
        1377    -5.66053    -5.54818  0.00174847
        1378    -5.67166    -5.54827   0.0017495
        1379    -5.67058    -5.54836  0.00175048
        1380    -5.65614    -5.54844  0.00175095
        1381    -5.63143     -5.5485  0.00175071
        1382    -5.60111    -5.54853  0.00174986
        1383    -5.56926    -5.54855  0.00174866
        1384    -5.54484    -5.54855   0.0017474
        1385    -5.52867    -5.54853  0.00174619
        1386    -5.51876    -5.54851  0.00174507
        1387    -5.51127    -5.54848  0.00174402
        1388    -5.50334    -5.54845  0.00174306
        1389    -5.49454    -5.54841  0.00174224
        1390    -5.48738    -5.54837  0.00174154
        1391    -5.48605    -5.54832  0.00174086
        1392    -5.49528    -5.54829  0.00174003
        1393     -5.5123    -5.54826  0.00173897
        1394     -5.5329    -5.54825  0.00173776
        1395    -5.54546    -5.54825  0.00173652
        1396    -5.54921    -5.54825  0.00173527
        1397    -5.54231    -5.54824  0.00173403
        1398    -5.52941    -5.54823  0.00173285
        1399    -5.51299     -5.5482  0.00173179
        1400     -5.4951    -5.54817  0.00173097
        1401    -5.47952    -5.54812  0.00173043
        1402    -5.46858    -5.54806  0.00173012
        1403    -5.47114    -5.54801  0.00172976
        1404    -5.48714    -5.54796  0.00172907
        1405    -5.51002    -5.54794  0.00172805
        1406    -5.53104    -5.54792  0.00172686
        1407    -5.54295    -5.54792  0.00172564
        1408    -5.54936    -5.54792  0.00172441
        1409    -5.55762    -5.54793   0.0017232
        1410    -5.56694    -5.54794  0.00172203
        1411     -5.5731    -5.54796  0.00172091
        1412    -5.57195    -5.54798  0.00171977
        1413    -5.56276    -5.54799  0.00171858
        1414    -5.54965    -5.54799  0.00171737
        1415    -5.53631    -5.54798  0.00171618
        1416    -5.52412    -5.54796  0.00171505
        1417    -5.51311    -5.54794  0.00171401
        1418    -5.50092    -5.54791  0.00171312
        1419    -5.48604    -5.54786  0.00171247
        1420    -5.46764     -5.5478   0.0017122
        1421    -5.45471    -5.54774  0.00171225
        1422    -5.45552    -5.54767  0.00171227
        1423    -5.47007    -5.54762  0.00171193
        1424    -5.49388    -5.54758  0.00171115
        1425     -5.5206    -5.54756  0.00171005
        1426     -5.5449    -5.54756  0.00170885
        1427    -5.56054    -5.54757  0.00170768
        1428    -5.56293    -5.54758  0.00170652
        1429    -5.54938    -5.54758  0.00170532
        1430    -5.52498    -5.54757  0.00170421
        1431    -5.49597    -5.54753   0.0017034
        1432    -5.47058    -5.54748  0.00170305
        1433    -5.45776    -5.54741  0.00170302
        1434    -5.46293    -5.54736  0.00170285
        1435     -5.4804    -5.54731   0.0017023
        1436    -5.50813    -5.54728  0.00170133
        1437    -5.54003    -5.54728  0.00170016
        1438    -5.56858    -5.54729  0.00169904
        1439    -5.59048    -5.54732  0.00169812
        1440    -5.59823    -5.54736  0.00169731
        1441    -5.59261    -5.54739  0.00169642
        1442    -5.57306    -5.54741  0.00169534
        1443    -5.54702    -5.54741  0.00169417
        1444    -5.52044    -5.54739   0.0016931
        1445    -5.49686    -5.54735  0.00169229
        1446    -5.47993    -5.54731  0.00169176
        1447    -5.47268    -5.54725  0.00169137
        1448    -5.47711    -5.54721   0.0016909
        1449    -5.49405    -5.54717  0.00169013
        1450    -5.51731    -5.54715  0.00168909
        1451    -5.53723    -5.54714  0.00168794
        1452     -5.5493    -5.54714  0.00168678
        1453    -5.54879    -5.54714  0.00168562
        1454    -5.53898    -5.54714  0.00168447
        1455    -5.52274    -5.54712  0.00168339
        1456    -5.50644    -5.54709  0.00168247
        1457    -5.49819    -5.54706  0.00168165
        1458     -5.5007    -5.54703   0.0016808
        1459    -5.51077      -5.547  0.00167983
        1460    -5.51707    -5.54698   0.0016788
        1461    -5.51238    -5.54696  0.00167782
        1462    -5.49579    -5.54692  0.00167704
        1463    -5.47838    -5.54688  0.00167655
        1464    -5.46989    -5.54682  0.00167623
        1465    -5.47596    -5.54678  0.00167578
        1466    -5.48922    -5.54674   0.0016751
        1467    -5.50075    -5.54671  0.00167425
        1468    -5.50785    -5.54668  0.00167332
        1469    -5.50958    -5.54665  0.00167237
        1470    -5.50865    -5.54663  0.00167143
        1471    -5.50769     -5.5466   0.0016705
        1472    -5.51121    -5.54658  0.00166954
        1473    -5.52189    -5.54656  0.00166849
        1474    -5.53265    -5.54655  0.00166739
        1475      -5.535    -5.54654  0.00166627
        1476    -5.53053    -5.54653  0.00166518
        1477     -5.5204    -5.54652  0.00166415
        1478    -5.51099    -5.54649  0.00166319
        1479    -5.50808    -5.54646  0.00166227
        1480    -5.51408    -5.54644  0.00166129
        1481    -5.52389    -5.54643  0.00166024
        1482    -5.53752    -5.54642  0.00165913
        1483    -5.55523    -5.54643  0.00165802
        1484    -5.57462    -5.54645  0.00165702
        1485    -5.59364    -5.54648  0.00165621
        1486    -5.61247    -5.54652  0.00165569
        1487    -5.62213    -5.54657  0.00165535
        1488    -5.62121    -5.54662    0.001655
        1489    -5.60429    -5.54666  0.00165434
        1490    -5.57406    -5.54668  0.00165333
        1491    -5.53526    -5.54667  0.00165224
        1492    -5.50375    -5.54664  0.00165139
        1493    -5.49353    -5.54661  0.00165066
        1494    -5.50278    -5.54658  0.00164982
        1495    -5.52736    -5.54657  0.00164876
        1496    -5.55239    -5.54657  0.00164767
        1497    -5.57072    -5.54659  0.00164665
        1498    -5.57867    -5.54661  0.00164569
        1499      -5.578    -5.54663  0.00164472
        1500    -5.57063    -5.54665   0.0016437
        1501     -5.5583    -5.54665  0.00164263
        1502    -5.54419    -5.54665  0.00164153
        1503    -5.53607    -5.54664  0.00164046
        1504     -5.5416    -5.54664  0.00163937
        1505     -5.5558    -5.54665  0.00163829
        1506    -5.56831    -5.54666  0.00163727
        1507    -5.57444    -5.54668  0.00163628
        1508    -5.57705     -5.5467  0.00163532
        1509     -5.5721    -5.54672  0.00163433
        1510    -5.56222    -5.54673  0.00163327
        1511    -5.54785    -5.54673  0.00163219
        1512    -5.53005    -5.54672  0.00163115
        1513    -5.51187    -5.54669  0.00163024
        1514    -5.49529    -5.54666  0.00162951
        1515    -5.47764    -5.54661  0.00162907
        1516    -5.46616    -5.54656  0.00162886
        1517    -5.46278    -5.54651  0.00162873
        1518    -5.47253    -5.54646  0.00162838
        1519    -5.49399    -5.54642  0.00162768
        1520     -5.5172     -5.5464  0.00162672
        1521      -5.535     -5.5464  0.00162567
        1522    -5.53972    -5.54639   0.0016246
        1523    -5.53358    -5.54638  0.00162356
        1524    -5.51862    -5.54637   0.0016226
        1525    -5.50549    -5.54634  0.00162175
        1526    -5.49867    -5.54631  0.00162099
        1527     -5.4958    -5.54627  0.00162027
        1528    -5.49486    -5.54624  0.00161956
        1529    -5.49354    -5.54621  0.00161886
        1530    -5.49566    -5.54617  0.00161814
        1531    -5.50519    -5.54615  0.00161731
        1532    -5.52252    -5.54613  0.00161633
        1533    -5.54538    -5.54613  0.00161527
        1534    -5.56701    -5.54614  0.00161428
        1535    -5.57935    -5.54617  0.00161337
        1536    -5.57649    -5.54619  0.00161244
        1537      -5.557    -5.54619  0.00161141
        1538    -5.53413    -5.54618  0.00161038
        1539    -5.51772    -5.54617  0.00160944
        1540    -5.51215    -5.54614  0.00160854
        1541    -5.51262    -5.54612  0.00160765
        1542    -5.51858     -5.5461   0.0016067
        1543    -5.52878    -5.54609   0.0016057
        1544    -5.53903    -5.54609  0.00160467
        1545      -5.545    -5.54609  0.00160363
        1546    -5.54346    -5.54609  0.00160259
        1547     -5.5355    -5.54608  0.00160157
        1548    -5.52304    -5.54606  0.00160061
        1549    -5.51488    -5.54604   0.0015997
        1550    -5.51673    -5.54603  0.00159878
        1551    -5.52514    -5.54601  0.00159781
        1552    -5.53812    -5.54601  0.00159678
        1553    -5.55366    -5.54601  0.00159576
        1554     -5.5682    -5.54603   0.0015948
        1555    -5.58005    -5.54605  0.00159392
        1556    -5.58644    -5.54607  0.00159311
        1557    -5.58298     -5.5461  0.00159226
        1558    -5.57317    -5.54611  0.00159134
        1559    -5.55847    -5.54612  0.00159034
        1560    -5.54329    -5.54612  0.00158932
        1561    -5.53228    -5.54611  0.00158832
        1562    -5.52359     -5.5461  0.00158737
        1563    -5.51475    -5.54608  0.00158648
        1564    -5.50087    -5.54605  0.00158573
        1565    -5.48846    -5.54601  0.00158515
        1566    -5.48657    -5.54597  0.00158459
        1567    -5.49921    -5.54594  0.00158386
        1568    -5.52482    -5.54593  0.00158291
        1569    -5.55674    -5.54594  0.00158191
        1570    -5.58569    -5.54596  0.00158111
        1571    -5.60658      -5.546  0.00158057
        1572    -5.61592    -5.54605  0.00158019
        1573    -5.61258    -5.54609  0.00157975
        1574    -5.59613    -5.54612  0.00157907
        1575    -5.57046    -5.54614  0.00157814
        1576    -5.54475    -5.54613  0.00157714
        1577    -5.52861    -5.54612  0.00157618
        1578    -5.52811    -5.54611  0.00157522
        1579    -5.53186     -5.5461  0.00157425
        1580    -5.52862    -5.54609  0.00157329
        1581    -5.51082    -5.54607  0.00157246
        1582    -5.48482    -5.54603  0.00157194
        1583    -5.45796    -5.54598  0.00157193
        1584    -5.43755    -5.54591  0.00157243
        1585    -5.42882    -5.54583  0.00157317
        1586    -5.43133    -5.54576  0.00157383
        1587    -5.44242     -5.5457  0.00157419
        1588    -5.45785    -5.54564  0.00157417
        1589    -5.47591     -5.5456  0.00157379
        1590     -5.4935    -5.54556  0.00157314
        1591    -5.51082    -5.54554   0.0015723
        1592     -5.5245    -5.54553  0.00157137
        1593     -5.5353    -5.54552   0.0015704
        1594    -5.54253    -5.54552  0.00156941
        1595    -5.55098    -5.54552  0.00156843
        1596    -5.55666    -5.54553  0.00156747
        1597    -5.56192    -5.54554  0.00156652
        1598    -5.56736    -5.54555   0.0015656
        1599    -5.57193    -5.54557  0.00156471
        1600    -5.57616    -5.54559  0.00156385
        1601    -5.57856    -5.54561    0.001563
        1602    -5.57861    -5.54563  0.00156216
        1603    -5.57298    -5.54565  0.00156128
        1604    -5.56366    -5.54566  0.00156035
        1605    -5.55159    -5.54566  0.00155938
        1606    -5.53746    -5.54566  0.00155842
        1607    -5.52575    -5.54565   0.0015575
        1608    -5.51683    -5.54563  0.00155663
        1609    -5.50701     -5.5456  0.00155585
        1610    -5.49741    -5.54557  0.00155517
        1611    -5.48962    -5.54554  0.00155459
        1612    -5.48661     -5.5455  0.00155406
        1613    -5.49039    -5.54547  0.00155347
        1614    -5.50168    -5.54544  0.00155275
        1615    -5.52106    -5.54543  0.00155186
        1616    -5.54575    -5.54543   0.0015509
        1617    -5.56774    -5.54544     0.00155
        1618    -5.57676    -5.54546  0.00154916
        1619    -5.56556    -5.54547  0.00154826
        1620    -5.53904    -5.54547  0.00154731
        1621    -5.50129    -5.54544  0.00154659
        1622    -5.46164    -5.54539   0.0015465
        1623    -5.42999    -5.54532  0.00154718
        1624    -5.41417    -5.54524  0.00154833
        1625    -5.41958    -5.54516  0.00154931
        1626    -5.44316     -5.5451  0.00154963
        1627    -5.47391    -5.54505  0.00154929
        1628    -5.49563    -5.54502  0.00154864
        1629    -5.50249      -5.545  0.00154791
        1630    -5.49563    -5.54497  0.00154725
        1631    -5.48589    -5.54493  0.00154673
        1632    -5.48268    -5.54489  0.00154625
        1633    -5.48546    -5.54486  0.00154573
        1634    -5.49667    -5.54483  0.00154507
        1635    -5.51268    -5.54481  0.00154425
        1636    -5.53447     -5.5448  0.00154332
        1637    -5.55822    -5.54481   0.0015424
        1638    -5.57754    -5.54483  0.00154159
        1639    -5.58909    -5.54486  0.00154088
        1640    -5.59381    -5.54489  0.00154023
        1641    -5.59146    -5.54491  0.00153955
        1642    -5.57734    -5.54493  0.00153874
        1643    -5.55529    -5.54494  0.00153782
        1644     -5.5347    -5.54493   0.0015369
        1645     -5.5231    -5.54492  0.00153602
        1646    -5.52398    -5.54491  0.00153514
        1647    -5.53199     -5.5449  0.00153423
        1648    -5.54231     -5.5449   0.0015333
        1649    -5.54874     -5.5449  0.00153237
        1650    -5.54955     -5.5449  0.00153144
        1651    -5.54421     -5.5449  0.00153052
        1652    -5.53687     -5.5449   0.0015296
        1653    -5.53153    -5.54489  0.00152869
        1654     -5.5289    -5.54488   0.0015278
        1655     -5.5243    -5.54487  0.00152693
        1656    -5.51483    -5.54485  0.00152611
        1657    -5.50227    -5.54482  0.00152541
        1658    -5.49039    -5.54479  0.00152484
        1659    -5.48481    -5.54476  0.00152435
        1660    -5.48663    -5.54472  0.00152383
        1661    -5.49725    -5.54469  0.00152318
        1662    -5.51971    -5.54468  0.00152234
        1663     -5.5485    -5.54468  0.00152143
        1664    -5.57798     -5.5447  0.00152065
        1665    -5.60007    -5.54473   0.0015201
        1666    -5.61205    -5.54477  0.00151972
        1667    -5.61636    -5.54482  0.00151942
        1668    -5.61543    -5.54486  0.00151909
        1669    -5.61437     -5.5449  0.00151875
        1670    -5.61158    -5.54494  0.00151837
        1671     -5.6026    -5.54497  0.00151785
        1672    -5.58184      -5.545  0.00151711
        1673    -5.55113      -5.545   0.0015162
        1674    -5.51837    -5.54498  0.00151538
        1675    -5.49737    -5.54496  0.00151474
        1676    -5.49707    -5.54493  0.00151411
        1677    -5.50798     -5.5449  0.00151337
        1678    -5.52456    -5.54489  0.00151251
        1679     -5.5439    -5.54489  0.00151161
        1680    -5.56037     -5.5449  0.00151074
        1681     -5.5712    -5.54492  0.00150992
        1682    -5.57641    -5.54494  0.00150914
        1683    -5.57785    -5.54496  0.00150837
        1684    -5.57246    -5.54497  0.00150756
        1685    -5.56033    -5.54498   0.0015067
        1686    -5.54032    -5.54498  0.00150581
        1687    -5.51718    -5.54496    0.001505
        1688    -5.50376    -5.54494  0.00150431
        1689    -5.50341    -5.54491  0.00150362
        1690    -5.51496    -5.54489  0.00150283
        1691    -5.53601    -5.54489  0.00150195
        1692    -5.55841     -5.5449  0.00150109
        1693    -5.57558    -5.54492  0.00150031
        1694    -5.58914    -5.54494  0.00149965
        1695    -5.59883    -5.54497   0.0014991
        1696    -5.60527    -5.54501  0.00149864
        1697    -5.60519    -5.54504  0.00149818
        1698    -5.59572    -5.54507  0.00149759
        1699    -5.57804    -5.54509  0.00149684
        1700    -5.55665     -5.5451  0.00149597
        1701    -5.53557    -5.54509   0.0014951
        1702    -5.52122    -5.54508  0.00149429
        1703    -5.51713    -5.54506   0.0014935
        1704    -5.52418    -5.54505  0.00149268
        1705    -5.53385    -5.54505  0.00149182
        1706    -5.54303    -5.54504  0.00149094
        1707    -5.54323    -5.54504  0.00149007
        1708    -5.53366    -5.54504  0.00148921
        1709    -5.51861    -5.54502  0.00148842
        1710    -5.50499      -5.545  0.00148773
        1711    -5.49646    -5.54497  0.00148714
        1712    -5.49249    -5.54494  0.00148658
        1713    -5.49755    -5.54491  0.00148597
        1714    -5.50645    -5.54489  0.00148527
        1715    -5.51752    -5.54487  0.00148449
        1716    -5.52717    -5.54486  0.00148367
        1717    -5.53535    -5.54486  0.00148281
        1718    -5.54281    -5.54486  0.00148195
        1719    -5.55113    -5.54486  0.00148109
        1720     -5.5615    -5.54487  0.00148026
        1721    -5.57054    -5.54488  0.00147948
        1722    -5.57515     -5.5449  0.00147872
        1723    -5.57048    -5.54492  0.00147794
        1724    -5.56018    -5.54493  0.00147711
        1725    -5.54826    -5.54493  0.00147625
        1726    -5.54106    -5.54492   0.0014754
        1727    -5.53843    -5.54492  0.00147455
        1728     -5.5398    -5.54492   0.0014737
        1729    -5.54515    -5.54492  0.00147285
        1730    -5.55176    -5.54492    0.001472
        1731    -5.56098    -5.54493  0.00147118
        1732    -5.56945    -5.54495   0.0014704
        1733    -5.57734    -5.54496  0.00146967
        1734     -5.5782    -5.54498  0.00146895
        1735    -5.57422      -5.545   0.0014682
        1736    -5.56141    -5.54501  0.00146738
        1737    -5.54373    -5.54501  0.00146654
        1738    -5.52804      -5.545  0.00146572
        1739    -5.52011    -5.54498  0.00146495
        1740    -5.52392    -5.54497  0.00146416
        1741    -5.53811    -5.54497  0.00146332
        1742    -5.55196    -5.54497  0.00146249
        1743    -5.55758    -5.54498  0.00146167
        1744    -5.55671    -5.54499  0.00146085
        1745     -5.5512    -5.54499  0.00146001
        1746    -5.54784    -5.54499  0.00145918
        1747    -5.54779    -5.54499  0.00145834
        1748    -5.54754      -5.545  0.00145751
        1749    -5.54515      -5.545  0.00145668
        1750    -5.53679    -5.54499  0.00145585
        1751    -5.52093    -5.54498  0.00145509
        1752    -5.49756    -5.54495  0.00145451
        1753    -5.46914    -5.54491  0.00145432
        1754    -5.44806    -5.54485  0.00145454
        1755    -5.43876    -5.54479  0.00145496
        1756    -5.44875    -5.54474  0.00145516
        1757    -5.47407     -5.5447  0.00145489
        1758     -5.5005    -5.54467  0.00145428
        1759    -5.52636    -5.54466  0.00145349
        1760    -5.54704    -5.54466  0.00145267
        1761    -5.56328    -5.54467  0.00145188
        1762    -5.57341    -5.54469  0.00145115
        1763    -5.57554    -5.54471  0.00145043
        1764    -5.57052    -5.54472  0.00144968
        1765    -5.56092    -5.54473  0.00144889
        1766    -5.55496    -5.54474  0.00144808
        1767    -5.55349    -5.54474  0.00144727
        1768    -5.55262    -5.54475  0.00144646
        1769    -5.55171    -5.54475  0.00144565
        1770     -5.5512    -5.54475  0.00144483
        1771     -5.5499    -5.54476  0.00144402
        1772    -5.54892    -5.54476  0.00144321
        1773    -5.54816    -5.54476  0.00144239
        1774    -5.54364    -5.54476  0.00144158
        1775    -5.52848    -5.54475   0.0014408
        1776    -5.50436    -5.54473  0.00144017
        1777    -5.48128    -5.54469   0.0014398
        1778    -5.47338    -5.54465  0.00143955
        1779    -5.49109    -5.54462  0.00143905
        1780    -5.52316    -5.54461   0.0014383
        1781    -5.54892    -5.54461  0.00143749
        1782    -5.56037    -5.54462  0.00143671
        1783    -5.55805    -5.54463  0.00143592
        1784    -5.55071    -5.54463  0.00143512
        1785    -5.54814    -5.54463  0.00143432
        1786    -5.55569    -5.54464  0.00143353
        1787    -5.56941    -5.54465   0.0014328
        1788     -5.5834    -5.54468  0.00143216
        1789     -5.5956     -5.5447  0.00143164
        1790    -5.60621    -5.54474  0.00143125
        1791    -5.62011    -5.54478  0.00143107
        1792    -5.63868    -5.54483  0.00143123
        1793    -5.65864     -5.5449  0.00143184
        1794    -5.67362    -5.54497  0.00143284
        1795    -5.68147    -5.54504  0.00143406
        1796      -5.681    -5.54512  0.00143526
        1797    -5.67094    -5.54519  0.00143617
        1798    -5.65708    -5.54525  0.00143671
        1799    -5.64181    -5.54531  0.00143692
        1800     -5.6272    -5.54535  0.00143684
        1801    -5.61104    -5.54539   0.0014365
        1802    -5.59278    -5.54541  0.00143595
        1803    -5.57307    -5.54543  0.00143523
        1804    -5.55625    -5.54544  0.00143445
        1805    -5.54341    -5.54543  0.00143366
        1806     -5.5328    -5.54543  0.00143288
        1807     -5.5254    -5.54542  0.00143213
        1808    -5.52236     -5.5454  0.00143139
        1809    -5.52588    -5.54539  0.00143064
        1810    -5.53398    -5.54539  0.00142987
        1811    -5.54324    -5.54538  0.00142908
        1812    -5.55005    -5.54539  0.00142829
        1813    -5.55474    -5.54539  0.00142751
        1814    -5.56187     -5.5454  0.00142675
        1815    -5.57154    -5.54542  0.00142604
        1816    -5.57668    -5.54543  0.00142536
        1817    -5.56828    -5.54545  0.00142463
        1818    -5.54443    -5.54545  0.00142385
        1819    -5.51504    -5.54543  0.00142316
        1820    -5.49711     -5.5454  0.00142263
        1821    -5.50302    -5.54538  0.00142204
        1822    -5.52228    -5.54537  0.00142131
        1823    -5.54294    -5.54536  0.00142053
        1824    -5.55642    -5.54537  0.00141977
        1825    -5.56326    -5.54538  0.00141902
        1826    -5.56576    -5.54539  0.00141829
        1827    -5.56082     -5.5454  0.00141754
        1828    -5.54688     -5.5454  0.00141677
        1829    -5.52411    -5.54539  0.00141604
        1830    -5.49519    -5.54536  0.00141553
        1831    -5.46396    -5.54532  0.00141546
        1832    -5.44523    -5.54526  0.00141574
        1833    -5.44376    -5.54521  0.00141605
        1834    -5.46391    -5.54516  0.00141597
        1835    -5.49076    -5.54513  0.00141551
        1836    -5.51404    -5.54512  0.00141484
        1837    -5.52868    -5.54511   0.0014141
        1838    -5.53184     -5.5451  0.00141334
        1839    -5.52767    -5.54509  0.00141261
        1840    -5.52608    -5.54508  0.00141188
        1841    -5.52786    -5.54507  0.00141114
        1842    -5.53027    -5.54506   0.0014104
        1843    -5.52832    -5.54505  0.00140966
        1844    -5.52596    -5.54504  0.00140894
        1845    -5.52354    -5.54503  0.00140822
        1846    -5.52252    -5.54502  0.00140751
        1847    -5.52075    -5.54501  0.00140681
        1848    -5.51871    -5.54499  0.00140612
        1849    -5.51635    -5.54498  0.00140545
        1850    -5.51352    -5.54496  0.00140479
        1851     -5.5128    -5.54494  0.00140414
        1852    -5.51467    -5.54493  0.00140347
        1853    -5.51871    -5.54491  0.00140279
        1854    -5.51979     -5.5449   0.0014021
        1855    -5.52031    -5.54489   0.0014014
        1856    -5.52035    -5.54487  0.00140071
        1857    -5.52116    -5.54486  0.00140001
        1858      -5.524    -5.54485  0.00139931
        1859    -5.52803    -5.54484  0.00139858
        1860     -5.5324    -5.54483  0.00139785
        1861    -5.54051    -5.54483   0.0013971
        1862    -5.54898    -5.54483  0.00139635
        1863    -5.55704    -5.54484  0.00139561
        1864    -5.55817    -5.54485  0.00139488
        1865    -5.54925    -5.54485  0.00139414
        1866    -5.53576    -5.54484   0.0013934
        1867    -5.51931    -5.54483  0.00139272
        1868     -5.5084    -5.54481  0.00139211
        1869    -5.50499    -5.54479  0.00139153
        1870     -5.5086    -5.54477  0.00139092
        1871    -5.51439    -5.54475  0.00139027
        1872    -5.51685    -5.54474  0.00138961
        1873    -5.52022    -5.54473  0.00138893
        1874    -5.52804    -5.54472  0.00138822
        1875    -5.53604    -5.54471  0.00138748
        1876    -5.53979    -5.54471  0.00138675
        1877    -5.53713    -5.54471  0.00138601
        1878    -5.53416     -5.5447  0.00138529
        1879    -5.53519    -5.54469  0.00138456
        1880    -5.54027    -5.54469  0.00138382
        1881    -5.54695    -5.54469  0.00138309
        1882    -5.54884     -5.5447  0.00138236
        1883    -5.54176    -5.54469  0.00138162
        1884    -5.52191    -5.54468  0.00138094
        1885    -5.49023    -5.54465  0.00138051
        1886    -5.45163     -5.5446  0.00138066
        1887    -5.41408    -5.54453  0.00138166
        1888    -5.39075    -5.54445  0.00138333
        1889    -5.39625    -5.54437  0.00138482
        1890    -5.43256    -5.54432  0.00138535
        1891    -5.48682    -5.54429  0.00138495
        1892    -5.53928    -5.54428  0.00138422
        1893    -5.58296     -5.5443  0.00138364
        1894    -5.61121    -5.54434  0.00138336
        1895    -5.62854    -5.54438  0.00138334
        1896    -5.63542    -5.54443  0.00138345
        1897    -5.63462    -5.54448  0.00138353
        1898      -5.626    -5.54452  0.00138347
        1899    -5.61422    -5.54456  0.00138323
        1900    -5.59888    -5.54459   0.0013828
        1901    -5.58172    -5.54461  0.00138221
        1902    -5.56589    -5.54462  0.00138153
        1903    -5.55141    -5.54462  0.00138081
        1904    -5.54074    -5.54462  0.00138008
        1905    -5.53547    -5.54461  0.00137937
        1906    -5.53789    -5.54461  0.00137865
        1907    -5.54521    -5.54461  0.00137792
        1908    -5.55367    -5.54462  0.00137721
        1909     -5.5621    -5.54462  0.00137652
        1910    -5.56437    -5.54463  0.00137584
        1911    -5.56272    -5.54464  0.00137515
        1912     -5.5586    -5.54465  0.00137445
        1913    -5.55606    -5.54466  0.00137374
        1914    -5.55881    -5.54467  0.00137305
        1915    -5.56676    -5.54468  0.00137238
        1916    -5.57596    -5.54469  0.00137176
        1917      -5.583    -5.54471  0.00137119
        1918    -5.58942    -5.54474  0.00137067
        1919    -5.60243    -5.54477  0.00137029
        1920     -5.6161     -5.5448  0.00137008
        1921     -5.6251    -5.54485     0.00137
        1922    -5.62958    -5.54489     0.00137
        1923    -5.63011    -5.54493     0.00137
        1924    -5.62911    -5.54498  0.00136999
        1925    -5.62489    -5.54502  0.00136991
        1926     -5.6187    -5.54506  0.00136973
        1927    -5.61204    -5.54509  0.00136946
        1928    -5.60414    -5.54512  0.00136909
        1929    -5.59452    -5.54515  0.00136862
        1930    -5.58174    -5.54517  0.00136804
        1931    -5.56704    -5.54518  0.00136738
        1932    -5.55549    -5.54518  0.00136668
        1933    -5.54889    -5.54519  0.00136598
        1934    -5.55122    -5.54519  0.00136528
        1935    -5.56253     -5.5452   0.0013646
        1936      -5.583    -5.54522  0.00136403
        1937    -5.60394    -5.54525  0.00136367
        1938    -5.61726    -5.54528  0.00136347
        1939    -5.61837    -5.54532  0.00136329
        1940    -5.60954    -5.54536  0.00136299
        1941    -5.59366    -5.54538  0.00136251
        1942    -5.57926     -5.5454  0.00136192
        1943     -5.5676    -5.54541  0.00136127
        1944    -5.55916    -5.54542  0.00136059
        1945    -5.55103    -5.54542  0.00135989
        1946    -5.54479    -5.54542  0.00135919
        1947    -5.54028    -5.54542   0.0013585
        1948    -5.53778    -5.54541   0.0013578
        1949    -5.54152    -5.54541  0.00135711
        1950    -5.54763    -5.54541  0.00135641
        1951    -5.55519    -5.54542  0.00135573
        1952    -5.56063    -5.54542  0.00135505
        1953     -5.5649    -5.54543   0.0013544
        1954    -5.56755    -5.54545  0.00135375
        1955    -5.57146    -5.54546  0.00135312
        1956     -5.5779    -5.54548  0.00135253
        1957    -5.58456     -5.5455  0.00135199
        1958    -5.58881    -5.54552  0.00135148
        1959    -5.59327    -5.54554  0.00135101
        1960    -5.59982    -5.54557  0.00135061
        1961    -5.60924     -5.5456  0.00135031
        1962    -5.61678    -5.54564  0.00135011
        1963    -5.61957    -5.54568  0.00134994
        1964    -5.61546    -5.54571  0.00134972
        1965    -5.60933    -5.54574  0.00134943
        1966    -5.60388    -5.54577  0.00134906
        1967    -5.59875     -5.5458  0.00134865
        1968    -5.58944    -5.54582  0.00134814
        1969    -5.57367    -5.54584  0.00134753
        1970    -5.54678    -5.54584  0.00134685
        1971    -5.51499    -5.54582  0.00134626
        1972    -5.48571    -5.54579  0.00134592
        1973    -5.47436    -5.54575  0.00134572
        1974    -5.48365    -5.54572  0.00134541
        1975    -5.50438     -5.5457  0.00134489
        1976    -5.52517    -5.54569  0.00134425
        1977    -5.54163    -5.54569  0.00134357
        1978    -5.54871    -5.54569  0.00134289
        1979     -5.5473    -5.54569  0.00134222
        1980    -5.54364    -5.54569  0.00134154
        1981    -5.54005    -5.54569  0.00134086
        1982    -5.53844    -5.54568  0.00134019
        1983    -5.54455    -5.54568  0.00133952
        1984    -5.56175    -5.54569  0.00133887
        1985    -5.58582    -5.54571  0.00133834
        1986    -5.60777    -5.54574  0.00133803
        1987    -5.62495    -5.54578  0.00133795
        1988      -5.631    -5.54583  0.00133797
        1989    -5.62454    -5.54587  0.00133788
        1990    -5.61039     -5.5459   0.0013376
        1991    -5.59814    -5.54592  0.00133719
        1992    -5.59022    -5.54595   0.0013367
        1993    -5.58139    -5.54596  0.00133615
        1994    -5.57073    -5.54598  0.00133554
        1995    -5.55835    -5.54598  0.00133488
        1996    -5.54883    -5.54598  0.00133421
        1997    -5.54686    -5.54599  0.00133354
        1998    -5.55018    -5.54599  0.00133288
        1999     -5.5552    -5.54599  0.00133222
        2000    -5.55828      -5.546  0.00133157
        2001    -5.55551      -5.546  0.00133091
        2002    -5.55029    -5.54601  0.00133025
        2003    -5.54507      -5.546  0.00132958
        2004    -5.54422      -5.546  0.00132892
        2005    -5.55071    -5.54601  0.00132826
        2006    -5.56459    -5.54602  0.00132763
        2007    -5.58284    -5.54603   0.0013271
        2008    -5.60339    -5.54606  0.00132674
        2009    -5.62016     -5.5461  0.00132659
        2010    -5.62915    -5.54614  0.00132658
        2011    -5.62663    -5.54618  0.00132652
        2012    -5.60262    -5.54621  0.00132616
        2013    -5.57013    -5.54622  0.00132555
        2014    -5.55249    -5.54622   0.0013249
        2015    -5.55943    -5.54623  0.00132426
        2016    -5.56996    -5.54624  0.00132365
        2017    -5.56927    -5.54625  0.00132305
        2018    -5.56276    -5.54626  0.00132242
        2019    -5.55413    -5.54627  0.00132177
        2020    -5.54797    -5.54627  0.00132111
        2021    -5.54437    -5.54627  0.00132046
        2022    -5.54372    -5.54626  0.00131981
        2023    -5.54225    -5.54626  0.00131916
        2024    -5.53609    -5.54626  0.00131851
        2025    -5.53109    -5.54625  0.00131788
        2026    -5.52217    -5.54624  0.00131729
        2027    -5.51411    -5.54622  0.00131673
        2028    -5.50652     -5.5462  0.00131623
        2029    -5.50189    -5.54618  0.00131576
        2030    -5.50702    -5.54616  0.00131525
        2031    -5.52614    -5.54615  0.00131464
        2032    -5.55492    -5.54616    0.001314
        2033    -5.58253    -5.54617  0.00131348
        2034    -5.59745     -5.5462  0.00131308
        2035    -5.59661    -5.54622  0.00131266
        2036    -5.58162    -5.54624  0.00131213
        2037    -5.56091    -5.54625  0.00131151
        2038    -5.54325    -5.54625  0.00131087
        2039     -5.5375    -5.54624  0.00131023
        2040    -5.54211    -5.54624  0.00130959
        2041    -5.55165    -5.54624  0.00130895
        2042    -5.56002    -5.54625  0.00130833
        2043    -5.56508    -5.54626  0.00130772
        2044    -5.56802    -5.54627  0.00130712
        2045    -5.56827    -5.54628  0.00130653
        2046    -5.56806    -5.54629  0.00130593
        2047    -5.57485     -5.5463  0.00130537
        2048    -5.58735    -5.54632  0.00130489
        2049    -5.60007    -5.54635  0.00130451
        2050    -5.60774    -5.54638  0.00130422
        2051    -5.60937    -5.54641  0.00130395
        2052    -5.60549    -5.54644  0.00130363
        2053    -5.59716    -5.54647  0.00130323
        2054    -5.58996    -5.54649  0.00130276
        2055    -5.58946    -5.54651   0.0013023
        2056    -5.59738    -5.54653   0.0013019
        2057    -5.60982    -5.54656  0.00130163
        2058    -5.62344     -5.5466  0.00130153
        2059    -5.63252    -5.54664  0.00130157
        2060    -5.63426    -5.54668  0.00130163
        2061    -5.62858    -5.54672  0.00130161
        2062    -5.61592    -5.54676  0.00130141
        2063    -5.59934    -5.54678  0.00130103
        2064    -5.58344     -5.5468  0.00130052
        2065    -5.56979    -5.54681  0.00129994
        2066    -5.55788    -5.54682  0.00129932
        2067    -5.54424    -5.54682  0.00129869
        2068    -5.53336    -5.54681  0.00129808
        2069    -5.52667     -5.5468  0.00129749
        2070    -5.52656    -5.54679   0.0012969
        2071    -5.52983    -5.54678   0.0012963
        2072    -5.53331    -5.54678  0.00129569
        2073    -5.53573    -5.54677  0.00129508
        2074    -5.53569    -5.54676  0.00129446
        2075    -5.53145    -5.54676  0.00129386
        2076    -5.53001    -5.54675  0.00129326
        2077    -5.53441    -5.54674  0.00129265
        2078    -5.54888    -5.54674  0.00129203
        2079     -5.5753    -5.54676  0.00129148
        2080    -5.60765    -5.54679  0.00129119
        2081    -5.63858    -5.54683  0.00129133
        2082    -5.65495    -5.54688  0.00129175
        2083    -5.65379    -5.54693  0.00129215
        2084     -5.6338    -5.54698   0.0012922
        2085    -5.59831      -5.547  0.00129181
        2086    -5.56483    -5.54701  0.00129122
        2087     -5.5407    -5.54701  0.00129061
        2088    -5.53239      -5.547  0.00129001
        2089    -5.53304    -5.54699  0.00128941
        2090    -5.53741    -5.54699   0.0012888
        2091    -5.53992    -5.54699  0.00128819
        2092    -5.54232    -5.54698  0.00128757
        2093    -5.53861    -5.54698  0.00128697
        2094    -5.53162    -5.54697  0.00128637
        2095    -5.52045    -5.54696  0.00128582
        2096    -5.50671    -5.54694  0.00128535
        2097    -5.49326    -5.54691  0.00128499
        2098     -5.4857    -5.54688  0.00128471
        2099    -5.49142    -5.54686  0.00128437
        2100    -5.51073    -5.54684  0.00128387
        2101    -5.53524    -5.54684  0.00128327
        2102    -5.55935    -5.54684  0.00128268
        2103    -5.58167    -5.54686  0.00128218
        2104    -5.60054    -5.54688  0.00128182
        2105    -5.61391    -5.54692  0.00128161
        2106    -5.61679    -5.54695  0.00128143
        2107    -5.60987    -5.54698  0.00128117
        2108    -5.59236      -5.547  0.00128074
        2109    -5.57145    -5.54701  0.00128018
        2110    -5.55503    -5.54702  0.00127958
        2111     -5.5459    -5.54702  0.00127898
        2112    -5.54194    -5.54701  0.00127837
        2113    -5.54026    -5.54701  0.00127777
        2114     -5.5367      -5.547  0.00127718
        2115    -5.53038      -5.547   0.0012766
        2116    -5.52491    -5.54699  0.00127604
        2117    -5.52578    -5.54698  0.00127547
        2118    -5.53177    -5.54697  0.00127489
        2119    -5.53951    -5.54697   0.0012743
        2120    -5.55166    -5.54697   0.0012737
        2121    -5.56538    -5.54698  0.00127313
        2122    -5.57788    -5.54699  0.00127261
        2123    -5.58535    -5.54701  0.00127214
        2124    -5.58977    -5.54703   0.0012717
        2125    -5.59459    -5.54705   0.0012713
        2126    -5.60262    -5.54708  0.00127097
        2127    -5.61576    -5.54711  0.00127078
        2128    -5.62568    -5.54715  0.00127072
        2129    -5.62559    -5.54718  0.00127066
        2130    -5.60743    -5.54721  0.00127037
        2131    -5.57718    -5.54723  0.00126986
        2132    -5.55145    -5.54723  0.00126926
        2133      -5.549    -5.54723  0.00126867
        2134    -5.56418    -5.54724   0.0012681
        2135    -5.57688    -5.54725  0.00126758
        2136    -5.57655    -5.54726  0.00126706
        2137    -5.56132    -5.54727  0.00126648
        2138    -5.53605    -5.54727   0.0012659
        2139    -5.50451    -5.54725  0.00126547
        2140    -5.47423    -5.54721  0.00126534
        2141    -5.45365    -5.54717   0.0012655
        2142       -5.45    -5.54712  0.00126572
        2143    -5.45773    -5.54708  0.00126582
        2144    -5.46687    -5.54704  0.00126578
        2145    -5.47658    -5.54701  0.00126562
        2146    -5.48813    -5.54698  0.00126533
        2147    -5.50326    -5.54696   0.0012649
        2148    -5.51735    -5.54695  0.00126439
        2149    -5.53034    -5.54694  0.00126382
        2150    -5.53783    -5.54694  0.00126324
        2151    -5.54476    -5.54694  0.00126265
        2152    -5.55275    -5.54694  0.00126207
        2153    -5.56479    -5.54695  0.00126151
        2154    -5.57417    -5.54696  0.00126099
        2155    -5.57481    -5.54697  0.00126047
        2156    -5.56371    -5.54698  0.00125991
        2157    -5.54545    -5.54698  0.00125933
        2158    -5.52757    -5.54697  0.00125877
        2159    -5.51738    -5.54696  0.00125827
        2160    -5.51562    -5.54694  0.00125777
        2161    -5.51842    -5.54693  0.00125725
        2162     -5.5222    -5.54692  0.00125672
        2163    -5.52805    -5.54691  0.00125617
        2164    -5.53819    -5.54691   0.0012556
        2165    -5.55406    -5.54691  0.00125502
        2166    -5.57098    -5.54692  0.00125449
        2167    -5.58273    -5.54694  0.00125402
        2168    -5.58396    -5.54695  0.00125356
        2169    -5.57108    -5.54696  0.00125303
        2170    -5.54858    -5.54697  0.00125246
        2171    -5.52002    -5.54695  0.00125194
        2172    -5.48949    -5.54693  0.00125164
        2173    -5.46813    -5.54689  0.00125159
        2174    -5.46236    -5.54685  0.00125162
        2175    -5.47558    -5.54682  0.00125147
        2176     -5.5023     -5.5468  0.00125107
        2177    -5.53146    -5.54679  0.00125051
        2178    -5.55258    -5.54679  0.00124994
        2179    -5.56315     -5.5468  0.00124939
        2180     -5.5664    -5.54681  0.00124885
        2181    -5.56134    -5.54682  0.00124829
        2182    -5.55371    -5.54682  0.00124773
        2183    -5.54649    -5.54682  0.00124715
        2184    -5.54191    -5.54682  0.00124658
        2185    -5.54243    -5.54682  0.00124602
        2186    -5.54459    -5.54681  0.00124545
        2187    -5.54766    -5.54681  0.00124488
        2188    -5.54598    -5.54681  0.00124431
        2189    -5.53979    -5.54681  0.00124374
        2190     -5.5343    -5.54681  0.00124319
        2191    -5.53234     -5.5468  0.00124264
        2192    -5.53259    -5.54679  0.00124209
        2193    -5.53343    -5.54679  0.00124154
        2194    -5.53496    -5.54678  0.00124098
        2195    -5.54034    -5.54678  0.00124042
        2196    -5.54555    -5.54678  0.00123986
        2197    -5.54681    -5.54678  0.00123929
        2198    -5.54266    -5.54678  0.00123873
        2199    -5.53621    -5.54677  0.00123818
        2200    -5.53471    -5.54677  0.00123763
        2201    -5.54637    -5.54676  0.00123706
        2202    -5.56806    -5.54677  0.00123654
        2203    -5.59106    -5.54679  0.00123614
        2204    -5.60856    -5.54682   0.0012359
        2205    -5.61297    -5.54685   0.0012357
        2206    -5.60869    -5.54688  0.00123546
        2207    -5.59626     -5.5469   0.0012351
        2208     -5.5819    -5.54692  0.00123464
        2209    -5.57145    -5.54693  0.00123414
        2210    -5.56606    -5.54694  0.00123361
        2211    -5.56688    -5.54695  0.00123308
        2212    -5.57522    -5.54696  0.00123259
        2213    -5.59078    -5.54698  0.00123219
        2214    -5.60936    -5.54701  0.00123196
        2215    -5.62796    -5.54705  0.00123194
        2216    -5.63982    -5.54709   0.0012321
        2217    -5.64055    -5.54713  0.00123226
        2218    -5.62946    -5.54717  0.00123227
        2219    -5.61105     -5.5472  0.00123205
        2220    -5.58918    -5.54721  0.00123164
        2221    -5.56658    -5.54722  0.00123112
        2222    -5.54966    -5.54722  0.00123056
        2223      -5.538    -5.54722  0.00123002
        2224    -5.53178    -5.54721  0.00122948
        2225    -5.53055    -5.54721  0.00122895
        2226    -5.52993     -5.5472  0.00122842
        2227    -5.52341    -5.54719  0.00122792
        2228    -5.50557    -5.54717  0.00122751
        2229    -5.47693    -5.54714  0.00122736
        2230    -5.44838    -5.54709  0.00122761
        2231    -5.42857    -5.54704  0.00122821
        2232    -5.42033    -5.54698  0.00122897
        2233    -5.42318    -5.54693  0.00122967
        2234     -5.4337    -5.54688  0.00123017
        2235    -5.44917    -5.54683  0.00123039
        2236    -5.47009     -5.5468  0.00123032
        2237    -5.49777    -5.54678  0.00122996
        2238    -5.52464    -5.54677  0.00122945
        2239    -5.54449    -5.54677  0.00122891
        2240    -5.55491    -5.54677  0.00122836
        2241    -5.55652    -5.54677  0.00122782
        2242    -5.55197    -5.54678  0.00122728
        2243    -5.54087    -5.54677  0.00122673
        2244    -5.52793    -5.54676  0.00122621
        2245    -5.51799    -5.54675  0.00122574
        2246     -5.5129    -5.54674  0.00122528
        2247    -5.51002    -5.54672  0.00122485
        2248    -5.50757     -5.5467  0.00122443
        2249    -5.50829    -5.54669    0.001224
        2250    -5.51714    -5.54667  0.00122353
        2251    -5.53164    -5.54667    0.001223
        2252    -5.55267    -5.54667  0.00122246
        2253    -5.57239    -5.54668  0.00122197
        2254    -5.59479     -5.5467  0.00122162
        2255     -5.6156    -5.54673  0.00122146
        2256    -5.62984    -5.54677  0.00122147
        2257    -5.63362    -5.54681  0.00122153
        2258    -5.62668    -5.54684  0.00122151
        2259    -5.60701    -5.54687  0.00122126
        2260    -5.57169    -5.54688  0.00122076
        2261    -5.52435    -5.54687  0.00122027
        2262    -5.47643    -5.54684  0.00122012
        2263    -5.44135    -5.54679  0.00122047
        2264    -5.42831    -5.54674  0.00122106
        2265    -5.42952    -5.54669  0.00122161
        2266    -5.44167    -5.54664  0.00122195
        2267     -5.4608     -5.5466    0.001222
        2268    -5.48067    -5.54658  0.00122181
        2269    -5.49477    -5.54655  0.00122148
        2270    -5.50174    -5.54653   0.0012211
        2271    -5.50519    -5.54651   0.0012207
        2272    -5.50996     -5.5465  0.00122027
        2273    -5.51618    -5.54649  0.00121981
        2274     -5.5196    -5.54647  0.00121933
        2275    -5.51912    -5.54646  0.00121885
        2276    -5.51652    -5.54645  0.00121839
        2277    -5.51595    -5.54643  0.00121793
        2278    -5.51894    -5.54642  0.00121745
        2279     -5.5257    -5.54641  0.00121695
        2280    -5.53189    -5.54641  0.00121643
        2281    -5.53969     -5.5464   0.0012159
        2282    -5.55456    -5.54641  0.00121538
        2283    -5.57041    -5.54642  0.00121489
        2284    -5.58323    -5.54643  0.00121446
        2285    -5.58895    -5.54645  0.00121407
        2286    -5.58491    -5.54647  0.00121366
        2287     -5.5695    -5.54648  0.00121317
        2288    -5.54203    -5.54648  0.00121264
        2289    -5.50629    -5.54646  0.00121224
        2290    -5.47045    -5.54643  0.00121216
        2291    -5.44494    -5.54638  0.00121244
        2292     -5.4416    -5.54634  0.00121278
        2293    -5.45857     -5.5463  0.00121285
        2294    -5.48832    -5.54627  0.00121259
        2295    -5.51917    -5.54626  0.00121212
        2296    -5.54457    -5.54626  0.00121159
        2297    -5.56059    -5.54627  0.00121108
        2298      -5.568    -5.54628  0.00121059
        2299    -5.56452    -5.54628  0.00121009
        2300    -5.55405    -5.54629  0.00120957
        2301     -5.5391    -5.54629  0.00120904
        2302    -5.52229    -5.54627  0.00120856
        2303    -5.50674    -5.54626  0.00120816
        2304    -5.49583    -5.54624  0.00120783
        2305     -5.4946    -5.54621  0.00120752
        2306    -5.50061    -5.54619  0.00120716
        2307    -5.51235    -5.54618  0.00120672
        2308    -5.52317    -5.54617  0.00120624
        2309    -5.52569    -5.54616  0.00120575
        2310    -5.51972    -5.54615  0.00120528
        2311    -5.50764    -5.54613  0.00120488
        2312    -5.49924    -5.54611  0.00120453
        2313    -5.49724    -5.54609  0.00120419
        2314    -5.49986    -5.54607  0.00120384
        2315     -5.5052    -5.54605  0.00120345
        2316    -5.51157    -5.54604  0.00120302
        2317    -5.51892    -5.54603  0.00120256
        2318    -5.52306    -5.54602  0.00120208
        2319      -5.529    -5.54601  0.00120158
        2320    -5.53798    -5.54601  0.00120107
        2321    -5.54964    -5.54601  0.00120055
        2322    -5.56189    -5.54601  0.00120005
        2323    -5.57581    -5.54603  0.00119961
        2324    -5.58889    -5.54605  0.00119923
        2325    -5.60211    -5.54607  0.00119896
        2326    -5.61106     -5.5461  0.00119877
        2327     -5.6135    -5.54613   0.0011986
        2328    -5.60658    -5.54615  0.00119837
        2329    -5.59053    -5.54617  0.00119801
        2330    -5.56423    -5.54618  0.00119752
        2331    -5.53219    -5.54617  0.00119702
        2332    -5.49531    -5.54615   0.0011967
        2333    -5.46278    -5.54612  0.00119673
        2334    -5.43911    -5.54607  0.00119709
        2335     -5.4304    -5.54602   0.0011976
        2336    -5.43881    -5.54597  0.00119797
        2337    -5.45954    -5.54594  0.00119803
        2338    -5.48557    -5.54591  0.00119779
        2339    -5.50729    -5.54589  0.00119739
        2340    -5.51694    -5.54588  0.00119695
        2341    -5.50704    -5.54587  0.00119655
        2342    -5.48388    -5.54584  0.00119633
        2343    -5.45384     -5.5458  0.00119647
        2344    -5.43036    -5.54575  0.00119697
        2345    -5.42218     -5.5457  0.00119762
        2346    -5.43505    -5.54565  0.00119804
        2347    -5.46704    -5.54562  0.00119799
        2348    -5.50648     -5.5456   0.0011976
        2349    -5.53927     -5.5456  0.00119709
        2350     -5.5549     -5.5456  0.00119659
        2351    -5.55413    -5.54561  0.00119609
        2352    -5.55075    -5.54561  0.00119558
        2353    -5.54734    -5.54561  0.00119507
        2354    -5.54048    -5.54561  0.00119457
        2355    -5.52648     -5.5456  0.00119409
        2356    -5.50731    -5.54558  0.00119369
        2357    -5.49209    -5.54556   0.0011934
        2358    -5.49298    -5.54554   0.0011931
        2359    -5.51011    -5.54552  0.00119269
        2360    -5.53499    -5.54552  0.00119219
        2361    -5.55694    -5.54552   0.0011917
        2362    -5.56782    -5.54553  0.00119123
        2363    -5.56595    -5.54554  0.00119076
        2364     -5.5543    -5.54554  0.00119026
        2365    -5.53858    -5.54554  0.00118976
        2366     -5.5211    -5.54553   0.0011893
        2367    -5.50448    -5.54551  0.00118893
        2368    -5.49269    -5.54549  0.00118863
        2369    -5.48277    -5.54546  0.00118843
        2370    -5.47352    -5.54543  0.00118831
        2371     -5.4692     -5.5454  0.00118825
        2372    -5.47163    -5.54537  0.00118815
        2373    -5.47936    -5.54534  0.00118798
        2374    -5.49314    -5.54532  0.00118768
        2375    -5.51248    -5.54531  0.00118726
        2376    -5.53887     -5.5453  0.00118676
        2377    -5.56834    -5.54531   0.0011863
        2378    -5.59477    -5.54534  0.00118599
        2379    -5.61349    -5.54536  0.00118584
        2380    -5.61814    -5.54539  0.00118573
        2381    -5.60976    -5.54542  0.00118554
        2382     -5.5962    -5.54544  0.00118524
        2383    -5.58079    -5.54546  0.00118483
        2384     -5.5672    -5.54547  0.00118437
        2385    -5.55739    -5.54547  0.00118388
        2386    -5.55463    -5.54548  0.00118339
        2387    -5.55827    -5.54548  0.00118291
        2388    -5.56542    -5.54549  0.00118244
        2389    -5.57551     -5.5455  0.00118201
        2390    -5.58509    -5.54552  0.00118164
        2391    -5.59188    -5.54554   0.0011813
        2392    -5.59763    -5.54556  0.00118101
        2393     -5.5972    -5.54558  0.00118071
        2394    -5.58997     -5.5456  0.00118036
        2395     -5.5789    -5.54561  0.00117995
        2396     -5.5666    -5.54562  0.00117949
        2397    -5.55974    -5.54563  0.00117902
        2398    -5.56005    -5.54563  0.00117854
        2399    -5.56444    -5.54564  0.00117807
        2400    -5.56699    -5.54565  0.00117762
        2401     -5.5656    -5.54566  0.00117716
        2402    -5.56296    -5.54567  0.00117669
        2403    -5.55923    -5.54567  0.00117621
        2404    -5.55621    -5.54568  0.00117573
        2405     -5.5515    -5.54568  0.00117524
        2406    -5.54879    -5.54568  0.00117476
        2407    -5.54311    -5.54568  0.00117427
        2408    -5.53267    -5.54567  0.00117379
        2409    -5.52202    -5.54566  0.00117335
        2410    -5.51355    -5.54565  0.00117294
        2411    -5.50907    -5.54564  0.00117255
        2412      -5.502    -5.54562   0.0011722
        2413    -5.48905    -5.54559  0.00117195
        2414    -5.47498    -5.54556  0.00117183
        2415    -5.45862    -5.54553   0.0011719
        2416    -5.44407    -5.54549  0.00117216
        2417    -5.43789    -5.54544  0.00117252
        2418    -5.44611     -5.5454  0.00117276
        2419    -5.46102    -5.54537  0.00117279
        2420     -5.4703    -5.54534  0.00117272
        2421    -5.46991     -5.5453  0.00117265
        2422     -5.4643    -5.54527  0.00117264
        2423    -5.45619    -5.54523  0.00117273
        2424    -5.45048    -5.54519   0.0011729
        2425    -5.44945    -5.54516  0.00117308
        2426    -5.45052    -5.54512  0.00117325
        2427    -5.45213    -5.54508  0.00117339
        2428    -5.45342    -5.54504  0.00117351
        2429    -5.45387      -5.545  0.00117363
        2430    -5.45032    -5.54496  0.00117379
        2431    -5.44316    -5.54492  0.00117406
        2432     -5.4383    -5.54488  0.00117439
        2433    -5.43996    -5.54483   0.0011747
        2434    -5.45179     -5.5448  0.00117484
        2435    -5.47569    -5.54477   0.0011747
        2436    -5.50533    -5.54475  0.00117433
        2437    -5.53188    -5.54475  0.00117386
        2438    -5.55201    -5.54475  0.00117338
        2439    -5.56272    -5.54476  0.00117292
        2440    -5.56437    -5.54477  0.00117247
        2441    -5.55734    -5.54477    0.001172
        2442    -5.54485    -5.54477  0.00117152
        2443    -5.53318    -5.54477  0.00117105
        2444     -5.5243    -5.54476   0.0011706
        2445    -5.52496    -5.54475  0.00117015
        2446    -5.53015    -5.54474  0.00116969
        2447    -5.54129    -5.54474  0.00116921
        2448    -5.54519    -5.54474  0.00116873
        2449    -5.54266    -5.54474  0.00116826
        2450    -5.53146    -5.54474  0.00116779
        2451    -5.51586    -5.54472  0.00116737
        2452    -5.50008    -5.54471  0.00116704
        2453    -5.48999    -5.54468  0.00116678
        2454    -5.49277    -5.54466  0.00116649
        2455    -5.50812    -5.54465  0.00116611
        2456    -5.52637    -5.54464  0.00116566
        2457    -5.54174    -5.54464  0.00116519
        2458    -5.55101    -5.54464  0.00116472
        2459    -5.55324    -5.54464  0.00116425
        2460    -5.55167    -5.54465  0.00116378
        2461    -5.55167    -5.54465  0.00116331
        2462    -5.55128    -5.54465  0.00116284
        2463    -5.54767    -5.54465  0.00116237
        2464    -5.53995    -5.54465   0.0011619
        2465    -5.53101    -5.54465  0.00116144
        2466    -5.52836    -5.54464  0.00116099
        2467    -5.52855    -5.54463  0.00116054
        2468    -5.52986    -5.54463  0.00116008
        2469    -5.53326    -5.54462  0.00115962
        2470     -5.5371    -5.54462  0.00115916
        2471    -5.54396    -5.54462  0.00115869
        2472    -5.55249    -5.54462  0.00115822
        2473    -5.56185    -5.54463  0.00115778
        2474    -5.57158    -5.54464  0.00115736
        2475     -5.5782    -5.54465  0.00115697
        2476    -5.58176    -5.54467   0.0011566
        2477    -5.58153    -5.54468  0.00115623
        2478    -5.57469     -5.5447  0.00115583
        2479    -5.55903     -5.5447  0.00115537
        2480    -5.53407     -5.5447  0.00115492
        2481    -5.50677    -5.54468  0.00115455
        2482    -5.48304    -5.54466  0.00115435
        2483    -5.47012    -5.54463  0.00115428
        2484    -5.46826     -5.5446  0.00115422
        2485    -5.47631    -5.54457  0.00115409
        2486     -5.4929    -5.54455  0.00115381
        2487    -5.51388    -5.54454  0.00115341
        2488    -5.53412    -5.54453  0.00115295
        2489    -5.54573    -5.54453  0.00115249
        2490    -5.54831    -5.54453  0.00115203
        2491    -5.54128    -5.54453  0.00115157
        2492    -5.53439    -5.54453  0.00115111
        2493    -5.52783    -5.54452  0.00115067
        2494    -5.52355    -5.54451  0.00115024
        2495    -5.51738     -5.5445  0.00114983
        2496    -5.51171    -5.54449  0.00114945
        2497    -5.50294    -5.54447  0.00114911
        2498    -5.49426    -5.54445  0.00114882
        2499    -5.48729    -5.54443  0.00114859
        2500    -5.48485    -5.54441  0.00114838
        2501    -5.48668    -5.54438  0.00114815
        2502    -5.49244    -5.54436  0.00114788
        2503    -5.49797    -5.54434  0.00114757
        2504    -5.49799    -5.54433  0.00114726
        2505     -5.4941    -5.54431  0.00114698
        2506    -5.49174    -5.54428  0.00114671
        2507    -5.49527    -5.54427  0.00114642
        2508    -5.50499    -5.54425  0.00114607
        2509    -5.51358    -5.54424  0.00114568
        2510    -5.51638    -5.54423  0.00114528
        2511    -5.51293    -5.54421  0.00114489
        2512    -5.50435     -5.5442  0.00114454
        2513    -5.49657    -5.54418  0.00114424
        2514    -5.49856    -5.54416  0.00114393
        2515    -5.51113    -5.54415  0.00114355
        2516    -5.52771    -5.54414  0.00114312
        2517    -5.54378    -5.54414  0.00114266
        2518    -5.55775    -5.54415  0.00114222
        2519    -5.56631    -5.54416   0.0011418
        2520    -5.56653    -5.54416  0.00114138
        2521    -5.56043    -5.54417  0.00114095
        2522    -5.54804    -5.54417   0.0011405
        2523    -5.52909    -5.54417  0.00114006
        2524    -5.51073    -5.54415  0.00113969
        2525    -5.49506    -5.54413   0.0011394
        2526    -5.48468    -5.54411  0.00113919
        2527    -5.48098    -5.54408  0.00113902
        2528    -5.48243    -5.54406  0.00113883
        2529     -5.4883    -5.54404  0.00113859
        2530    -5.49593    -5.54402   0.0011383
        2531    -5.50056      -5.544  0.00113798
        2532    -5.49982    -5.54398  0.00113766
        2533     -5.4952    -5.54397  0.00113738
        2534    -5.49171    -5.54394  0.00113712
        2535    -5.49676    -5.54393  0.00113682
        2536    -5.51054    -5.54391  0.00113645
        2537    -5.53404    -5.54391  0.00113601
        2538    -5.55681    -5.54391  0.00113557
        2539    -5.57055    -5.54392  0.00113517
        2540    -5.57224    -5.54394  0.00113478
        2541    -5.55856    -5.54394  0.00113435
        2542    -5.52996    -5.54394  0.00113391
        2543    -5.49138    -5.54392  0.00113366
        2544    -5.45294    -5.54388  0.00113377
        2545    -5.42944    -5.54383  0.00113422
        2546    -5.43263    -5.54379  0.00113462
        2547    -5.46237    -5.54376  0.00113462
        2548    -5.50452    -5.54374  0.00113428
        2549    -5.54331    -5.54374  0.00113383
        2550    -5.56847    -5.54375  0.00113343
        2551    -5.57806    -5.54377  0.00113307
        2552    -5.57052    -5.54378  0.00113267
        2553    -5.55497    -5.54378  0.00113224
        2554    -5.53698    -5.54378   0.0011318
        2555    -5.52375    -5.54377  0.00113138
        2556    -5.51267    -5.54376    0.001131
        2557    -5.50634    -5.54374  0.00113066
        2558    -5.50574    -5.54373  0.00113031
        2559    -5.51546    -5.54372  0.00112992
        2560    -5.53737    -5.54372  0.00112948
        2561    -5.56779    -5.54373  0.00112908
        2562    -5.60159    -5.54375  0.00112887
        2563    -5.63613    -5.54378    0.001129
        2564    -5.66203    -5.54383   0.0011295
        2565    -5.67143    -5.54388  0.00113016
        2566    -5.65979    -5.54392  0.00113062
        2567    -5.63155    -5.54396   0.0011307
        2568    -5.59083    -5.54398   0.0011304
        2569    -5.54771    -5.54398  0.00112996
        2570     -5.5183    -5.54397  0.00112957
        2571    -5.51186    -5.54396   0.0011292
        2572    -5.52712    -5.54395  0.00112878
        2573    -5.55085    -5.54395  0.00112834
        2574    -5.57082    -5.54396  0.00112795
        2575    -5.58278    -5.54398  0.00112761
        2576    -5.58301    -5.54399  0.00112728
        2577    -5.57495      -5.544   0.0011269
        2578    -5.56325    -5.54401  0.00112649
        2579    -5.55799    -5.54402  0.00112607
        2580    -5.56127    -5.54402  0.00112565
        2581    -5.57148    -5.54404  0.00112527
        2582    -5.58118    -5.54405  0.00112492
        2583    -5.58257    -5.54406  0.00112459
        2584    -5.57251    -5.54408   0.0011242
        2585    -5.55505    -5.54408  0.00112378
        2586    -5.53896    -5.54408  0.00112334
        2587    -5.52579    -5.54407  0.00112293
        2588    -5.52018    -5.54406  0.00112254
        2589    -5.52435    -5.54405  0.00112213
        2590    -5.52943    -5.54405  0.00112171
        2591    -5.53013    -5.54404  0.00112129
        2592     -5.5273    -5.54404  0.00112088
        2593    -5.52297    -5.54403  0.00112047
        2594    -5.52088    -5.54402  0.00112008
        2595    -5.52057    -5.54401  0.00111968
        2596    -5.52235      -5.544  0.00111928
        2597    -5.52527    -5.54399  0.00111887
        2598    -5.52879    -5.54399  0.00111846
        2599    -5.52968    -5.54398  0.00111804
        2600    -5.52668    -5.54398  0.00111763
        2601    -5.51924    -5.54397  0.00111724
        2602    -5.50983    -5.54395  0.00111689
        2603    -5.50197    -5.54394  0.00111658
        2604    -5.49858    -5.54392  0.00111628
        2605    -5.49804     -5.5439  0.00111599
        2606    -5.50433    -5.54389  0.00111567
        2607    -5.51432    -5.54388   0.0011153
        2608    -5.52828    -5.54387  0.00111489
        2609    -5.53904    -5.54387  0.00111446
        2610    -5.54301    -5.54387  0.00111403
        2611    -5.53857    -5.54387  0.00111361
        2612    -5.52585    -5.54386   0.0011132
        2613    -5.50966    -5.54385  0.00111286
        2614    -5.49826    -5.54383  0.00111257
        2615    -5.49261    -5.54381  0.00111231
        2616    -5.49153    -5.54379  0.00111207
        2617    -5.48957    -5.54377  0.00111184
        2618    -5.48413    -5.54375  0.00111164
        2619    -5.47597    -5.54372  0.00111152
        2620    -5.47275    -5.54369  0.00111143
        2621    -5.48402    -5.54367  0.00111124
        2622       -5.51    -5.54366  0.00111089
        2623    -5.54279    -5.54366  0.00111046
        2624    -5.57112    -5.54367  0.00111009
        2625    -5.59155    -5.54369  0.00110982
        2626    -5.60482    -5.54371  0.00110964
        2627     -5.6099    -5.54373   0.0011095
        2628    -5.60532    -5.54376  0.00110933
        2629    -5.59471    -5.54378  0.00110907
        2630    -5.57927    -5.54379  0.00110873
        2631    -5.56026     -5.5438  0.00110833
        2632      -5.539    -5.54379  0.00110791
        2633    -5.52902    -5.54379   0.0011075
        2634     -5.5331    -5.54379  0.00110709
        2635    -5.53997    -5.54378  0.00110667
        2636    -5.54109    -5.54378  0.00110625
        2637    -5.53476    -5.54378  0.00110584
        2638    -5.52011    -5.54377  0.00110546
        2639    -5.49854    -5.54375  0.00110517
        2640    -5.47278    -5.54373  0.00110508
        2641    -5.45346    -5.54369  0.00110519
        2642    -5.45007    -5.54366  0.00110534
        2643    -5.46299    -5.54363  0.00110534
        2644    -5.48269     -5.5436  0.00110516
        2645    -5.49907    -5.54359  0.00110487
        2646    -5.50783    -5.54357  0.00110454
        2647    -5.51198    -5.54356  0.00110419
        2648     -5.5101    -5.54355  0.00110384
        2649    -5.50642    -5.54353  0.00110351
        2650    -5.49953    -5.54352  0.00110322
        2651    -5.49266     -5.5435  0.00110297
        2652    -5.48101    -5.54347  0.00110281
        2653     -5.4635    -5.54344   0.0011028
        2654    -5.44174    -5.54341  0.00110305
        2655    -5.42131    -5.54336   0.0011036
        2656    -5.41324    -5.54331  0.00110427
        2657    -5.42293    -5.54327  0.00110478
        2658     -5.4494    -5.54323  0.00110493
        2659    -5.48107    -5.54321  0.00110476
        2660    -5.51423     -5.5432   0.0011044
        2661    -5.54287     -5.5432  0.00110399
        2662     -5.5656     -5.5432   0.0011036
        2663    -5.58007    -5.54322  0.00110328
        2664    -5.58056    -5.54323  0.00110295
        2665    -5.56734    -5.54324  0.00110257
        2666    -5.54345    -5.54324  0.00110216
        2667    -5.51726    -5.54323  0.00110179
        2668    -5.49485    -5.54321  0.00110153
        2669    -5.47627    -5.54319   0.0011014
        2670    -5.46274    -5.54316   0.0011014
        2671    -5.45393    -5.54313  0.00110149
        2672    -5.45485    -5.54309  0.00110158
        2673    -5.46945    -5.54306  0.00110151
        2674    -5.49289    -5.54305  0.00110126
        2675    -5.52247    -5.54304  0.00110087
        2676    -5.55071    -5.54304  0.00110046
        2677    -5.57226    -5.54305  0.00110011
        2678    -5.58568    -5.54307  0.00109981
        2679    -5.59156    -5.54309  0.00109955
        2680    -5.58938     -5.5431  0.00109928
        2681    -5.58341    -5.54312  0.00109897
        2682    -5.58024    -5.54313  0.00109865
        2683    -5.58353    -5.54315  0.00109834
        2684    -5.59467    -5.54317   0.0010981
        2685    -5.61025    -5.54319  0.00109797
        2686    -5.62551    -5.54322  0.00109799
        2687    -5.63749    -5.54326  0.00109814
        2688    -5.64521    -5.54329  0.00109839
        2689    -5.64805    -5.54333  0.00109867
        2690     -5.6424    -5.54337  0.00109888
        2691    -5.62618     -5.5434   0.0010989
        2692    -5.60309    -5.54342  0.00109872
        2693    -5.57668    -5.54344  0.00109838
        2694    -5.55157    -5.54344  0.00109798
        2695    -5.53264    -5.54344  0.00109758
        2696     -5.5162    -5.54342  0.00109722
        2697    -5.50594    -5.54341   0.0010969
        2698    -5.50424     -5.5434  0.00109659
        2699    -5.50856    -5.54338  0.00109626
        2700    -5.51667    -5.54337  0.00109589
        2701    -5.52623    -5.54337  0.00109551
        2702    -5.53749    -5.54337   0.0010951
        2703    -5.55211    -5.54337   0.0010947
        2704    -5.56841    -5.54338  0.00109434
        2705    -5.58345    -5.54339  0.00109403
        2706    -5.58965    -5.54341  0.00109376
        2707    -5.57752    -5.54342  0.00109343
        2708    -5.54744    -5.54342  0.00109303
        2709    -5.50281    -5.54341  0.00109273
        2710    -5.45974    -5.54338  0.00109276
        2711     -5.4385    -5.54334  0.00109304
        2712    -5.44614     -5.5433  0.00109323
        2713    -5.46667    -5.54328  0.00109319
        2714    -5.48406    -5.54325    0.001093
        2715    -5.49495    -5.54324  0.00109275
        2716    -5.49818    -5.54322  0.00109247
        2717    -5.49487     -5.5432  0.00109221
        2718    -5.48857    -5.54318  0.00109199
        2719    -5.47943    -5.54316  0.00109184
        2720    -5.47074    -5.54313  0.00109177
        2721    -5.46819     -5.5431  0.00109171
        2722    -5.47503    -5.54308   0.0010916
        2723    -5.48961    -5.54306  0.00109138
        2724    -5.50611    -5.54305  0.00109106
        2725    -5.52225    -5.54304  0.00109069
        2726    -5.53384    -5.54303  0.00109029
        2727    -5.54397    -5.54303  0.00108989
        2728    -5.55551    -5.54304   0.0010895
        2729    -5.56376    -5.54305  0.00108913
        2730    -5.56506    -5.54305  0.00108876
        2731    -5.55447    -5.54306  0.00108837
        2732     -5.5309    -5.54305  0.00108798
        2733    -5.49934    -5.54304   0.0010877
        2734     -5.4715    -5.54301  0.00108761
        2735    -5.45848    -5.54298  0.00108766
        2736    -5.46862    -5.54295   0.0010876
        2737    -5.49829    -5.54294  0.00108732
        2738    -5.53435    -5.54293  0.00108693
        2739    -5.56364    -5.54294  0.00108656
        2740    -5.58375    -5.54296  0.00108627
        2741    -5.59503    -5.54298  0.00108604
        2742    -5.60471      -5.543  0.00108587
        2743    -5.61396    -5.54302  0.00108579
        2744    -5.62396    -5.54305  0.00108579
        2745    -5.63094    -5.54309  0.00108587
        2746    -5.63668    -5.54312  0.00108601
        2747    -5.63371    -5.54315  0.00108611
        2748    -5.62117    -5.54318  0.00108609
        2749    -5.60218     -5.5432   0.0010859
        2750    -5.57673    -5.54322  0.00108558
        2751    -5.55281    -5.54322  0.00108519
        2752    -5.53323    -5.54322   0.0010848
        2753    -5.52169    -5.54321  0.00108443
        2754    -5.52179     -5.5432  0.00108407
        2755    -5.53062    -5.54319  0.00108368
        2756    -5.53877    -5.54319  0.00108329
        2757    -5.54498    -5.54319   0.0010829
        2758    -5.55043     -5.5432  0.00108251
        2759    -5.55388     -5.5432  0.00108212
        2760    -5.55143     -5.5432  0.00108174
        2761    -5.54058     -5.5432  0.00108135
        2762    -5.52727     -5.5432  0.00108097
        2763    -5.51707    -5.54319  0.00108062
        2764    -5.51276    -5.54318  0.00108028
        2765    -5.51084    -5.54316  0.00107996
        2766    -5.50842    -5.54315  0.00107964
        2767    -5.50786    -5.54314  0.00107932
        2768    -5.50955    -5.54313    0.001079
        2769     -5.5113    -5.54312  0.00107867
        2770    -5.51233     -5.5431  0.00107834
        2771    -5.51198    -5.54309  0.00107801
        2772    -5.50917    -5.54308  0.00107769
        2773     -5.5031    -5.54307   0.0010774
        2774    -5.49578    -5.54305  0.00107715
        2775    -5.48843    -5.54303  0.00107694
        2776    -5.48621    -5.54301  0.00107674
        2777     -5.4922    -5.54299  0.00107651
        2778    -5.50635    -5.54298  0.00107621
        2779    -5.52319    -5.54297  0.00107584
        2780    -5.53318    -5.54297  0.00107546
        2781    -5.53139    -5.54296  0.00107508
        2782    -5.52241    -5.54296  0.00107472
        2783    -5.51445    -5.54295  0.00107438
        2784    -5.51657    -5.54294  0.00107404
        2785    -5.53149    -5.54293  0.00107366
        2786    -5.55451    -5.54294  0.00107328
        2787    -5.58069    -5.54295  0.00107298
        2788    -5.60095    -5.54297   0.0010728
        2789     -5.6113    -5.54299   0.0010727
        2790    -5.60973    -5.54302  0.00107258
        2791    -5.59804    -5.54304  0.00107238
        2792    -5.58141    -5.54305  0.00107208
        2793     -5.5645    -5.54306  0.00107172
        2794    -5.55012    -5.54306  0.00107134
        2795    -5.53947    -5.54306  0.00107096
        2796    -5.52858    -5.54306  0.00107059
        2797    -5.51358    -5.54305  0.00107026
        2798    -5.49488    -5.54303  0.00107001
        2799    -5.47907    -5.54301  0.00106988
        2800    -5.47873    -5.54298  0.00106974
        2801    -5.49712    -5.54297  0.00106948
        2802    -5.52784    -5.54296  0.00106912
        2803    -5.55839    -5.54297  0.00106875
        2804    -5.58092    -5.54298  0.00106845
        2805    -5.59511      -5.543  0.00106823
        2806    -5.60361    -5.54302  0.00106807
        2807    -5.60461    -5.54304  0.00106792
        2808    -5.59577    -5.54306   0.0010677
        2809    -5.57427    -5.54307  0.00106738
        2810    -5.54285    -5.54307    0.001067
        2811    -5.50611    -5.54306   0.0010667
        2812    -5.47992    -5.54304  0.00106656
        2813    -5.47131    -5.54301  0.00106648
        2814    -5.48384    -5.54299  0.00106631
        2815    -5.50924    -5.54298    0.001066
        2816    -5.53876    -5.54298  0.00106562
        2817      -5.566    -5.54298  0.00106528
        2818    -5.59183      -5.543  0.00106504
        2819    -5.60974    -5.54303  0.00106492
        2820    -5.62135    -5.54305  0.00106491
        2821    -5.62641    -5.54308  0.00106494
        2822    -5.62216    -5.54311  0.00106493
        2823    -5.60715    -5.54313   0.0010648
        2824    -5.58191    -5.54315  0.00106451
        2825    -5.54607    -5.54315  0.00106413
        2826    -5.51092    -5.54314  0.00106382
        2827    -5.49049    -5.54312   0.0010636
        2828    -5.49568     -5.5431  0.00106336
        2829    -5.51879    -5.54309  0.00106302
        2830    -5.54174    -5.54309  0.00106264
        2831    -5.55407     -5.5431  0.00106227
        2832    -5.55299     -5.5431   0.0010619
        2833    -5.54733     -5.5431  0.00106153
        2834    -5.54476     -5.5431  0.00106116
        2835    -5.54647     -5.5431  0.00106078
        2836    -5.54936     -5.5431  0.00106041
        2837    -5.54502    -5.54311  0.00106004
        2838     -5.5312     -5.5431  0.00105967
        2839    -5.51416    -5.54309  0.00105935
        2840    -5.49682    -5.54307   0.0010591
        2841    -5.48691    -5.54306  0.00105891
        2842    -5.48326    -5.54303  0.00105875
        2843    -5.48637    -5.54301  0.00105856
        2844    -5.49065      -5.543  0.00105835
        2845    -5.49869    -5.54298  0.00105809
        2846     -5.5107    -5.54297  0.00105778
        2847    -5.52395    -5.54296  0.00105743
        2848    -5.53526    -5.54296  0.00105706
        2849    -5.54099    -5.54296  0.00105669
        2850    -5.53744    -5.54296  0.00105633
        2851    -5.52732    -5.54295  0.00105597
        2852     -5.5178    -5.54294  0.00105564
        2853    -5.51415    -5.54293  0.00105531
        2854    -5.52285    -5.54293  0.00105497
        2855    -5.54078    -5.54292   0.0010546
        2856    -5.56066    -5.54293  0.00105425
        2857    -5.57958    -5.54294  0.00105396
        2858    -5.59602    -5.54296  0.00105375
        2859    -5.60543    -5.54298  0.00105361
        2860    -5.60901    -5.54301  0.00105349
        2861    -5.60951    -5.54303  0.00105338
        2862    -5.60814    -5.54305  0.00105326
        2863    -5.60787    -5.54308  0.00105313
        2864     -5.6076     -5.5431  0.00105301
        2865    -5.60499    -5.54312  0.00105286
        2866    -5.60101    -5.54314  0.00105269
        2867    -5.59907    -5.54316   0.0010525
        2868    -5.59853    -5.54318  0.00105231
        2869    -5.59616     -5.5432  0.00105211
        2870    -5.58825    -5.54321  0.00105186
        2871    -5.57427    -5.54322  0.00105155
        2872    -5.55801    -5.54323  0.00105119
        2873    -5.54755    -5.54323  0.00105083
        2874    -5.54459    -5.54323  0.00105046
        2875    -5.54773    -5.54323   0.0010501
        2876     -5.5491    -5.54323  0.00104974
        2877    -5.54555    -5.54324  0.00104937
        2878    -5.53498    -5.54323  0.00104901
        2879    -5.52363    -5.54323  0.00104867
        2880    -5.51582    -5.54322  0.00104835
        2881    -5.51297    -5.54321  0.00104804
        2882    -5.51277     -5.5432  0.00104773
        2883    -5.51075    -5.54318  0.00104742
        2884     -5.5051    -5.54317  0.00104714
        2885    -5.50154    -5.54316  0.00104688
        2886    -5.50432    -5.54314   0.0010466
        2887    -5.51654    -5.54313  0.00104628
        2888    -5.53055    -5.54313  0.00104593
        2889    -5.54388    -5.54313  0.00104557
        2890    -5.55222    -5.54313  0.00104521
        2891     -5.5556    -5.54314  0.00104486
        2892    -5.55479    -5.54314   0.0010445
        2893    -5.54971    -5.54314  0.00104414
        2894    -5.54269    -5.54314  0.00104378
        2895    -5.53696    -5.54314  0.00104342
        2896    -5.53547    -5.54314  0.00104307
        2897    -5.54037    -5.54314  0.00104271
        2898    -5.55063    -5.54314  0.00104235
        2899    -5.56422    -5.54315  0.00104202
        2900    -5.58045    -5.54316  0.00104174
        2901    -5.59572    -5.54318  0.00104154
        2902    -5.60433     -5.5432  0.00104139
        2903    -5.60335    -5.54322  0.00104124
        2904    -5.59262    -5.54324  0.00104102
        2905     -5.5762    -5.54325  0.00104072
        2906    -5.55566    -5.54325  0.00104037
        2907    -5.53707    -5.54325  0.00104002
        2908    -5.52175    -5.54324  0.00103968
        2909     -5.5147    -5.54323  0.00103937
        2910    -5.51622    -5.54322  0.00103906
        2911    -5.52365    -5.54322  0.00103872
        2912    -5.53307    -5.54321  0.00103837
        2913    -5.54604    -5.54321  0.00103802
        2914      -5.559    -5.54322  0.00103767
        2915    -5.56943    -5.54323  0.00103736
        2916    -5.57299    -5.54324  0.00103705
        2917    -5.56245    -5.54325  0.00103672
        2918    -5.53975    -5.54324  0.00103636
        2919    -5.51146    -5.54323  0.00103606
        2920    -5.48649    -5.54321  0.00103589
        2921    -5.47504    -5.54319   0.0010358
        2922    -5.47677    -5.54317  0.00103569
        2923    -5.48772    -5.54315  0.00103551
        2924    -5.50451    -5.54314  0.00103524
        2925    -5.52649    -5.54313  0.00103491
        2926    -5.55254    -5.54313  0.00103456
        2927    -5.57758    -5.54315  0.00103427
        2928    -5.59704    -5.54316  0.00103408
        2929     -5.6128    -5.54319    0.001034
        2930    -5.61959    -5.54321  0.00103398
        2931     -5.6205    -5.54324  0.00103396
        2932     -5.6135    -5.54326  0.00103389
        2933    -5.59965    -5.54328  0.00103371
        2934    -5.57748     -5.5433  0.00103343
        2935    -5.55083     -5.5433  0.00103308
        2936    -5.53145    -5.54329  0.00103273
        2937     -5.5324    -5.54329  0.00103239
        2938    -5.55065    -5.54329  0.00103204
        2939    -5.57165     -5.5433  0.00103173
        2940    -5.58936    -5.54332   0.0010315
        2941    -5.60166    -5.54334  0.00103134
        2942    -5.60568    -5.54336  0.00103121
        2943    -5.60694    -5.54338  0.00103108
        2944    -5.60654     -5.5434  0.00103096
        2945    -5.60281    -5.54342   0.0010308
        2946    -5.59743    -5.54344  0.00103062
        2947    -5.58849    -5.54346  0.00103038
        2948    -5.57583    -5.54347  0.00103009
        2949    -5.56079    -5.54347  0.00102976
        2950    -5.54732    -5.54347  0.00102941
        2951    -5.53562    -5.54347  0.00102906
        2952    -5.53063    -5.54347  0.00102872
        2953    -5.53482    -5.54346  0.00102838
        2954    -5.55345    -5.54347  0.00102804
        2955     -5.5791    -5.54348  0.00102776
        2956    -5.60345     -5.5435  0.00102761
        2957    -5.62039    -5.54353  0.00102759
        2958    -5.62346    -5.54355   0.0010276
        2959    -5.61572    -5.54358  0.00102754
        2960    -5.59802     -5.5436  0.00102736
        2961    -5.57644    -5.54361  0.00102707
        2962    -5.55195    -5.54361  0.00102673
        2963    -5.52858     -5.5436   0.0010264
        2964    -5.51267    -5.54359   0.0010261
        2965    -5.51051    -5.54358  0.00102582
        2966    -5.52128    -5.54358   0.0010255
        2967    -5.54052    -5.54357  0.00102516
        2968    -5.55583    -5.54358  0.00102482
        2969    -5.56667    -5.54359   0.0010245
        2970    -5.56509    -5.54359  0.00102418
        2971     -5.5509     -5.5436  0.00102384
        2972     -5.5273    -5.54359  0.00102351
        2973    -5.50145    -5.54358  0.00102327
        2974    -5.48193    -5.54356  0.00102313
        2975    -5.47276    -5.54353  0.00102306
        2976    -5.47057    -5.54351  0.00102301
        2977    -5.46985    -5.54348  0.00102297
        2978    -5.46785    -5.54346  0.00102294
        2979     -5.4665    -5.54343  0.00102292
        2980    -5.47214    -5.54341  0.00102286
        2981    -5.48518    -5.54339   0.0010227
        2982     -5.5057    -5.54337  0.00102244
        2983    -5.52921    -5.54337  0.00102211
        2984    -5.54646    -5.54337  0.00102177
        2985    -5.55393    -5.54337  0.00102143
        2986    -5.54971    -5.54338  0.00102109
        2987    -5.53657    -5.54337  0.00102075
        2988    -5.52573    -5.54337  0.00102043
        2989    -5.52063    -5.54336  0.00102011
        2990    -5.52384    -5.54335  0.00101979
        2991    -5.53597    -5.54335  0.00101945
        2992    -5.54755    -5.54335  0.00101911
        2993    -5.55206    -5.54336  0.00101878
        2994    -5.54695    -5.54336  0.00101844
        2995    -5.53343    -5.54335   0.0010181
        2996    -5.52008    -5.54335  0.00101779
        2997    -5.51352    -5.54334   0.0010175
        2998     -5.5127    -5.54333  0.00101721
        2999      -5.516    -5.54332  0.00101692
        3000    -5.51849    -5.54331  0.00101661
        3001    -5.51907     -5.5433   0.0010163
        3002    -5.51821    -5.54329    0.001016
        3003    -5.51533    -5.54328   0.0010157
        3004    -5.50941    -5.54327  0.00101543
        3005     -5.5021    -5.54326  0.00101518
        3006    -5.49568    -5.54324  0.00101497
        3007     -5.4939    -5.54323  0.00101476
        3008    -5.49827    -5.54321  0.00101454
        3009      -5.508     -5.5432  0.00101427
        3010    -5.51998    -5.54319  0.00101396
        3011    -5.52829    -5.54319  0.00101364
        3012    -5.53029    -5.54318  0.00101331
        3013    -5.52825    -5.54318  0.00101298
        3014    -5.52469    -5.54317  0.00101267
        3015    -5.52327    -5.54316  0.00101235
        3016    -5.52342    -5.54316  0.00101204
        3017    -5.52077    -5.54315  0.00101173
        3018    -5.51416    -5.54314  0.00101144
        3019    -5.50302    -5.54313  0.00101119
        3020    -5.49132    -5.54311    0.001011
        3021    -5.47992    -5.54309  0.00101088
        3022    -5.46903    -5.54307  0.00101085
        3023    -5.46014    -5.54304  0.00101088
        3024    -5.45588    -5.54301  0.00101096
        3025    -5.45986    -5.54298    0.001011
        3026    -5.47127    -5.54296  0.00101094
        3027    -5.48587    -5.54294  0.00101079
        3028    -5.49794    -5.54292  0.00101056
        3029    -5.50878    -5.54291  0.00101029
        3030    -5.51618     -5.5429     0.00101
        3031    -5.52185     -5.5429  0.00100969
        3032    -5.52286    -5.54289  0.00100937
        3033    -5.52196    -5.54288  0.00100907
        3034      -5.522    -5.54288  0.00100876
        3035     -5.5231    -5.54287  0.00100845
        3036    -5.52302    -5.54286  0.00100813
        3037    -5.52075    -5.54286  0.00100783
        3038    -5.51734    -5.54285  0.00100753
        3039    -5.51777    -5.54284  0.00100723
        3040    -5.52635    -5.54283  0.00100692
        3041    -5.54519    -5.54284  0.00100659
        3042    -5.57082    -5.54284   0.0010063
        3043    -5.59753    -5.54286  0.00100613
        3044    -5.61873    -5.54289  0.00100611
        3045    -5.63082    -5.54292  0.00100619
        3046    -5.63329    -5.54295   0.0010063
        3047    -5.62333    -5.54297  0.00100631
        3048    -5.60496    -5.54299  0.00100619
        3049    -5.58027      -5.543  0.00100593
        3050    -5.55446    -5.54301  0.00100561
        3051    -5.53526    -5.54301  0.00100528
        3052    -5.52628      -5.543  0.00100497
        3053    -5.52887      -5.543  0.00100465
        3054    -5.54246      -5.543  0.00100432
        3055    -5.55957      -5.543  0.00100401
        3056    -5.57301    -5.54301  0.00100373
        3057    -5.57581    -5.54302  0.00100345
        3058    -5.57023    -5.54303  0.00100317
        3059    -5.56046    -5.54304  0.00100285
        3060    -5.54717    -5.54304  0.00100253
        3061    -5.53154    -5.54303  0.00100221
        3062    -5.51698    -5.54303  0.00100192
        3063     -5.5095    -5.54301  0.00100165
        3064    -5.51245      -5.543  0.00100137
        3065    -5.52562      -5.543  0.00100106
        3066    -5.54582      -5.543  0.00100073
        3067    -5.56397    -5.54301  0.00100043
        3068    -5.57522    -5.54302  0.00100016
        3069    -5.57955    -5.54303 0.000999906
        3070    -5.57589    -5.54304 0.000999637
        3071    -5.56789    -5.54305 0.000999344
        3072     -5.5597    -5.54305 0.000999034
        3073    -5.55191    -5.54306 0.000998713
        3074    -5.54851    -5.54306  0.00099839
        3075    -5.55187    -5.54306 0.000998069
        3076    -5.55754    -5.54307 0.000997756
        3077    -5.55997    -5.54307 0.000997447
        3078    -5.55783    -5.54308 0.000997134
        3079    -5.54967    -5.54308 0.000996812
        3080    -5.54019    -5.54308 0.000996489
        3081    -5.53547    -5.54307 0.000996169
        3082    -5.53522    -5.54307 0.000995849
        3083    -5.54159    -5.54307 0.000995526
        3084    -5.55118    -5.54307 0.000995207
        3085    -5.56065    -5.54308   0.0009949
        3086    -5.56769    -5.54309  0.00099461
        3087    -5.57321     -5.5431 0.000994336
        3088    -5.57717    -5.54311 0.000994075
        3089    -5.57734    -5.54312 0.000993815
        3090    -5.56944    -5.54313  0.00099353
        3091    -5.55625    -5.54313 0.000993217
        3092    -5.54408    -5.54313 0.000992896
        3093    -5.54339    -5.54313 0.000992575
        3094    -5.55557    -5.54314 0.000992262
        3095    -5.57248    -5.54315 0.000991987
        3096    -5.58638    -5.54316 0.000991765
        3097     -5.5887    -5.54317 0.000991554
        3098    -5.57733    -5.54319 0.000991295
        3099     -5.5567    -5.54319 0.000990985
        3100    -5.53329    -5.54319  0.00099067
        3101    -5.51282    -5.54318 0.000990399
        3102    -5.49748    -5.54316 0.000990189
        3103    -5.48773    -5.54314 0.000990031
        3104    -5.48852    -5.54313 0.000989869
        3105    -5.50446    -5.54311 0.000989628
        3106    -5.52804    -5.54311 0.000989322
        3107    -5.54776    -5.54311 0.000989004
        3108    -5.55482    -5.54311 0.000988693
        3109    -5.54984    -5.54312 0.000988378
        3110    -5.54038    -5.54312  0.00098806
        3111    -5.52729    -5.54311 0.000987756
        3112    -5.51321     -5.5431 0.000987485
        3113    -5.50185    -5.54309 0.000987257
        3114    -5.49947    -5.54307 0.000987039
        3115    -5.51153    -5.54306 0.000986774
        3116     -5.5257    -5.54306 0.000986473
        3117    -5.53404    -5.54306 0.000986161
        3118    -5.53606    -5.54305 0.000985847
        3119     -5.5377    -5.54305 0.000985533
        3120     -5.5495    -5.54305 0.000985219
        3121    -5.57016    -5.54306 0.000984942
        3122    -5.59388    -5.54308 0.000984761
        3123    -5.61734     -5.5431 0.000984732
        3124    -5.63643    -5.54313  0.00098487
        3125    -5.64904    -5.54317 0.000985138
        3126    -5.65519     -5.5432 0.000985474
        3127    -5.65487    -5.54324 0.000985806
        3128    -5.64403    -5.54327 0.000986017
        3129    -5.62394     -5.5433 0.000986039
        3130    -5.59559    -5.54331 0.000985866
        3131    -5.56097    -5.54332 0.000985567
        3132    -5.52677    -5.54331 0.000985266
        3133    -5.49433     -5.5433 0.000985076
        3134     -5.4675    -5.54327 0.000985058
        3135    -5.45053    -5.54324 0.000985188
        3136    -5.44362    -5.54321 0.000985386
        3137    -5.45012    -5.54318 0.000985519
        3138    -5.46544    -5.54316 0.000985516
        3139    -5.48137    -5.54314 0.000985399
        3140    -5.49431    -5.54312 0.000985208
        3141    -5.50539    -5.54311 0.000984967
        3142    -5.51952     -5.5431 0.000984682
        3143    -5.54006     -5.5431  0.00098437
        3144    -5.55974    -5.54311 0.000984071
        3145    -5.57296    -5.54312 0.000983804
        3146    -5.57549    -5.54313 0.000983545
        3147    -5.56449    -5.54313 0.000983256
        3148    -5.54187    -5.54313 0.000982943
        3149    -5.51206    -5.54312 0.000982681
        3150    -5.48236     -5.5431 0.000982558
        3151    -5.46255    -5.54308 0.000982579
        3152    -5.46026    -5.54305 0.000982618
        3153    -5.47094    -5.54303 0.000982573
        3154    -5.48655    -5.54301 0.000982424
        3155    -5.49905      -5.543 0.000982212
        3156    -5.50782    -5.54299 0.000981964
        3157    -5.51426    -5.54298 0.000981695
        3158    -5.52209    -5.54297 0.000981406
        3159     -5.5335    -5.54297   0.0009811
        3160    -5.54634    -5.54297  0.00098079
        3161    -5.55682    -5.54297  0.00098049
        3162    -5.56126    -5.54298 0.000980197
        3163      -5.557    -5.54298 0.000979897
        3164    -5.54644    -5.54298 0.000979588
        3165    -5.53668    -5.54298  0.00097928
        3166     -5.5287    -5.54298 0.000978981
        3167    -5.52003    -5.54297 0.000978699
        3168    -5.51257    -5.54296 0.000978437
        3169    -5.51208    -5.54295 0.000978177
        3170    -5.51642    -5.54294 0.000977904
        3171    -5.53013    -5.54294 0.000977604
        3172    -5.54568    -5.54294 0.000977296
        3173    -5.55941    -5.54294 0.000977002
        3174    -5.56849    -5.54295 0.000976728
        3175    -5.57211    -5.54296 0.000976463
        3176    -5.57083    -5.54297 0.000976195
        3177    -5.56473    -5.54298 0.000975912
        3178    -5.55977    -5.54298 0.000975619
        3179    -5.55675    -5.54299 0.000975322
        3180    -5.55182    -5.54299 0.000975019
        3181     -5.5459    -5.54299 0.000974713
        3182    -5.53703    -5.54299 0.000974408
        3183    -5.52347    -5.54298 0.000974122
        3184    -5.50802    -5.54297 0.000973877
        3185    -5.49812    -5.54296 0.000973674
        3186    -5.49449    -5.54294 0.000973487
        3187    -5.49852    -5.54293 0.000973281
        3188    -5.51042    -5.54292 0.000973029
        3189     -5.5257    -5.54291 0.000972739
        3190    -5.54039    -5.54291 0.000972434
        3191     -5.5514    -5.54291 0.000972133
        3192    -5.55733    -5.54292 0.000971839
        3193    -5.56565    -5.54293 0.000971561
        3194    -5.58361    -5.54294  0.00097134
        3195    -5.61304    -5.54296 0.000971284
        3196    -5.64869    -5.54299 0.000971543
        3197    -5.67734    -5.54304 0.000972148
        3198    -5.69198    -5.54308 0.000972959
        3199    -5.69286    -5.54313 0.000973781
        3200    -5.68242    -5.54317 0.000974449
        3201    -5.65803    -5.54321 0.000974805
        3202    -5.62036    -5.54323 0.000974798
        3203    -5.57502    -5.54324 0.000974544
        3204    -5.54054    -5.54324  0.00097424
        3205    -5.52527    -5.54324 0.000973953
        3206    -5.52656    -5.54323 0.000973663
        3207    -5.53553    -5.54323 0.000973362
        3208    -5.54061    -5.54323 0.000973059
        3209     -5.5446    -5.54323 0.000972756
        3210    -5.54778    -5.54323 0.000972454
        3211    -5.55096    -5.54323 0.000972154
        3212    -5.55362    -5.54324 0.000971857
        3213    -5.55212    -5.54324 0.000971558
        3214    -5.54815    -5.54324 0.000971257
        3215    -5.54215    -5.54324 0.000970955
        3216    -5.53393    -5.54324 0.000970657
        3217    -5.53031    -5.54323 0.000970364
        3218    -5.53336    -5.54323 0.000970067
        3219    -5.53518    -5.54323 0.000969769
        3220    -5.53331    -5.54322 0.000969473
        3221    -5.52812    -5.54322 0.000969183
        3222    -5.52207    -5.54321 0.000968905
        3223     -5.5188    -5.54321 0.000968634
        3224    -5.52177     -5.5432 0.000968356
        3225    -5.53301     -5.5432 0.000968061
        3226    -5.54972     -5.5432 0.000967763
        3227    -5.56725    -5.54321 0.000967492
        3228    -5.58328    -5.54322 0.000967272
        3229    -5.59395    -5.54323   0.0009671
        3230    -5.59667    -5.54325 0.000966942
        3231    -5.59634    -5.54327 0.000966782
        3232    -5.59064    -5.54328 0.000966594
        3233    -5.57889    -5.54329 0.000966358
        3234     -5.5625     -5.5433 0.000966077
        3235     -5.5437     -5.5433 0.000965779
        3236    -5.52629    -5.54329 0.000965495
        3237    -5.51043    -5.54328  0.00096525
        3238    -5.49492    -5.54327 0.000965067
        3239    -5.47905    -5.54325 0.000964973
        3240      -5.462    -5.54322 0.000965001
        3241    -5.45207    -5.54319 0.000965113
        3242    -5.44613    -5.54316 0.000965279
        3243    -5.44469    -5.54313 0.000965459
        3244    -5.45019    -5.54311 0.000965587
        3245    -5.46067    -5.54308 0.000965623
        3246    -5.47977    -5.54306 0.000965523
        3247    -5.50194    -5.54305 0.000965308
        3248    -5.52924    -5.54304 0.000965021
        3249    -5.55249    -5.54305 0.000964728
        3250    -5.56954    -5.54305 0.000964466
        3251    -5.57015    -5.54306 0.000964205
        3252    -5.56054    -5.54307 0.000963923
        3253    -5.54447    -5.54307 0.000963627
        3254    -5.52955    -5.54306  0.00096334
        3255    -5.51875    -5.54306 0.000963073
        3256    -5.51459    -5.54305 0.000962817
        3257    -5.52161    -5.54304 0.000962544
        3258    -5.54098    -5.54304 0.000962249
        3259    -5.56447    -5.54305 0.000961976
        3260    -5.58277    -5.54306 0.000961758
        3261    -5.58641    -5.54307 0.000961555
        3262    -5.57932    -5.54308 0.000961324
        3263    -5.56902    -5.54309 0.000961062
        3264    -5.56006     -5.5431 0.000960782
        3265    -5.54893     -5.5431 0.000960489
        3266    -5.53276     -5.5431 0.000960201
        3267    -5.51263    -5.54309 0.000959952
        3268     -5.5019    -5.54307 0.000959741
        3269    -5.50605    -5.54306 0.000959514
        3270    -5.51836    -5.54306 0.000959251
        3271    -5.53808    -5.54305 0.000958958
        3272    -5.55933    -5.54306 0.000958678
        3273    -5.57554    -5.54307 0.000958437
        3274     -5.5832    -5.54308 0.000958222
        3275    -5.57972    -5.54309 0.000957995
        3276    -5.57052     -5.5431 0.000957739
        3277    -5.56264    -5.54311 0.000957466
        3278    -5.56628    -5.54311   0.0009572
        3279    -5.58301    -5.54313 0.000956985
        3280    -5.60003    -5.54314  0.00095685
        3281    -5.60863    -5.54316 0.000956767
        3282    -5.60533    -5.54318 0.000956663
        3283    -5.59303     -5.5432 0.000956492
        3284    -5.58082    -5.54321 0.000956269
        3285     -5.5732    -5.54322 0.000956022
        3286    -5.57171    -5.54323  0.00095577
        3287    -5.57225    -5.54324  0.00095552
        3288    -5.56901    -5.54324 0.000955262
        3289     -5.5584    -5.54325 0.000954982
        3290    -5.54025    -5.54325 0.000954693
        3291    -5.51831    -5.54324 0.000954433
        3292    -5.50319    -5.54323  0.00095422
        3293    -5.50337    -5.54322 0.000954007
        3294    -5.51455    -5.54321 0.000953757
        3295     -5.5295     -5.5432 0.000953477
        3296     -5.5398     -5.5432 0.000953188
        3297    -5.54184     -5.5432 0.000952899
        3298    -5.53571     -5.5432 0.000952613
        3299    -5.52742    -5.54319 0.000952336
        3300    -5.51957    -5.54319 0.000952074
        3301    -5.51887    -5.54318 0.000951815
        3302    -5.51732    -5.54317 0.000951558
        3303    -5.51361    -5.54316 0.000951312
        3304    -5.51028    -5.54315 0.000951077
        3305    -5.51032    -5.54314 0.000950841
        3306     -5.5164    -5.54313 0.000950588
        3307    -5.52796    -5.54313 0.000950311
        3308    -5.54127    -5.54313 0.000950024
        3309    -5.54836    -5.54313 0.000949738
        3310    -5.54833    -5.54313 0.000949453
        3311    -5.54298    -5.54313 0.000949166
        3312    -5.53406    -5.54313 0.000948883
        3313    -5.52722    -5.54312 0.000948609
        3314    -5.52047    -5.54312 0.000948347
        3315    -5.51525    -5.54311 0.000948099
        3316    -5.50953     -5.5431 0.000947867
        3317    -5.49839    -5.54309 0.000947677
        3318    -5.48343    -5.54307 0.000947562
        3319    -5.47391    -5.54305 0.000947505
        3320    -5.47872    -5.54303 0.000947418
        3321    -5.50152    -5.54302 0.000947215
        3322    -5.53895    -5.54301 0.000946931
        3323     -5.5769    -5.54302 0.000946701
        3324    -5.60272    -5.54304 0.000946586
        3325    -5.61179    -5.54306 0.000946527
        3326    -5.60742    -5.54308  0.00094644
        3327    -5.59531     -5.5431 0.000946286
        3328    -5.57837    -5.54311 0.000946061
        3329     -5.5577    -5.54311 0.000945787
        3330     -5.5331    -5.54311 0.000945508
        3331    -5.50666     -5.5431 0.000945287
        3332    -5.48319    -5.54308 0.000945175
        3333    -5.46673    -5.54306 0.000945169
        3334    -5.46032    -5.54303 0.000945211
        3335    -5.46097    -5.54301 0.000945248
        3336    -5.46855    -5.54299 0.000945228
        3337    -5.48284    -5.54297 0.000945116
        3338    -5.50514    -5.54296 0.000944901
        3339    -5.53334    -5.54295 0.000944623
        3340    -5.56526    -5.54296 0.000944363
        3341     -5.5951    -5.54298  0.00094421
        3342    -5.61889      -5.543   0.0009442
        3343    -5.63368    -5.54303 0.000944307
        3344    -5.63616    -5.54305 0.000944436
        3345    -5.62529    -5.54308 0.000944473
        3346    -5.60593     -5.5431 0.000944378
        3347    -5.57993    -5.54311  0.00094416
        3348    -5.55062    -5.54311  0.00094388
        3349    -5.52345     -5.5431 0.000943617
        3350    -5.49786    -5.54309 0.000943432
        3351     -5.4822    -5.54307 0.000943325
        3352    -5.47763    -5.54305 0.000943246
        3353    -5.48535    -5.54304 0.000943122
        3354    -5.50361    -5.54302 0.000942914
        3355    -5.52882    -5.54302 0.000942642
        3356    -5.55133    -5.54302 0.000942364
        3357    -5.57012    -5.54303 0.000942118
        3358    -5.57852    -5.54304 0.000941897
        3359     -5.5742    -5.54305 0.000941662
        3360    -5.55822    -5.54306 0.000941393
        3361    -5.53287    -5.54305 0.000941118
        3362    -5.50656    -5.54304   0.0009409
        3363      -5.486    -5.54302 0.000940773
        3364    -5.47669      -5.543   0.0009407
        3365    -5.47816    -5.54299 0.000940618
        3366    -5.48624    -5.54297  0.00094049
        3367    -5.49437    -5.54295 0.000940321
        3368    -5.50098    -5.54294 0.000940125
        3369    -5.50577    -5.54293  0.00093991
        3370    -5.51465    -5.54292 0.000939669
        3371    -5.52859    -5.54292   0.0009394
        3372    -5.54684    -5.54292 0.000939122
        3373    -5.56289    -5.54293 0.000938862
        3374    -5.56939    -5.54293 0.000938617
        3375    -5.56459    -5.54294  0.00093836
        3376    -5.55722    -5.54294 0.000938092
        3377    -5.55578    -5.54295 0.000937822
        3378    -5.56277    -5.54295 0.000937563
        3379    -5.57078    -5.54296 0.000937321
        3380    -5.57972    -5.54297 0.000937107
        3381    -5.58977    -5.54299 0.000936932
        3382     -5.5993      -5.543 0.000936803
        3383    -5.60386    -5.54302 0.000936699
        3384    -5.59895    -5.54304 0.000936568
        3385    -5.58653    -5.54305 0.000936379
        3386    -5.56971    -5.54306 0.000936136
        3387    -5.55314    -5.54306 0.000935864
        3388    -5.53457    -5.54306 0.000935591
        3389    -5.52223    -5.54305 0.000935336
        3390    -5.51593    -5.54304 0.000935094
        3391     -5.5233    -5.54304 0.000934836
        3392    -5.53794    -5.54304 0.000934562
        3393    -5.55065    -5.54304 0.000934289
        3394    -5.55769    -5.54304 0.000934024
        3395    -5.55811    -5.54305 0.000933759
        3396    -5.55559    -5.54305 0.000933492
        3397    -5.55194    -5.54305  0.00093322
        3398    -5.55293    -5.54306  0.00093295
        3399    -5.55612    -5.54306 0.000932684
        3400    -5.55809    -5.54307  0.00093242
        3401    -5.55614    -5.54307 0.000932154
        3402     -5.5468    -5.54307  0.00093188
        3403    -5.53273    -5.54307 0.000931611
        3404    -5.51921    -5.54306 0.000931364
        3405    -5.51002    -5.54305 0.000931141
        3406    -5.50453    -5.54304 0.000930936
        3407     -5.5001    -5.54303 0.000930748
        3408    -5.49581    -5.54301 0.000930578
        3409    -5.49417      -5.543 0.000930416
        3410    -5.49614    -5.54298 0.000930244
        3411    -5.49777    -5.54297 0.000930066
        3412    -5.49499    -5.54296   0.0009299
        3413    -5.48582    -5.54294 0.000929778
        3414    -5.47245    -5.54292 0.000929735
        3415    -5.45945     -5.5429 0.000929784
        3416    -5.45314    -5.54287 0.000929883
        3417    -5.46183    -5.54285 0.000929913
        3418    -5.47902    -5.54283 0.000929829
        3419    -5.50054    -5.54281 0.000929639
        3420    -5.51485    -5.54281 0.000929403
        3421    -5.52101     -5.5428 0.000929153
        3422     -5.5181    -5.54279  0.00092891
        3423     -5.5113    -5.54278 0.000928684
        3424    -5.50143    -5.54277 0.000928491
        3425    -5.49569    -5.54276 0.000928322
        3426    -5.49852    -5.54275 0.000928141
        3427    -5.50671    -5.54273 0.000927929
        3428    -5.52024    -5.54273 0.000927682
        3429    -5.53704    -5.54273 0.000927413
        3430    -5.55786    -5.54273 0.000927153
        3431    -5.58341    -5.54274 0.000926959
        3432    -5.61221    -5.54276 0.000926909
        3433    -5.63725    -5.54279 0.000927048
        3434     -5.6581    -5.54282 0.000927386
        3435    -5.66858    -5.54286 0.000927838
        3436    -5.66887     -5.5429 0.000928293
        3437    -5.65933    -5.54293 0.000928641
        3438    -5.64866    -5.54296  0.00092888
        3439    -5.64059    -5.54299 0.000929043
        3440    -5.63507    -5.54302 0.000929159
        3441    -5.62998    -5.54304 0.000929232
        3442    -5.62172    -5.54307 0.000929243
        3443    -5.60586    -5.54308 0.000929152
        3444    -5.58227    -5.54309 0.000928952
        3445    -5.55125     -5.5431 0.000928686
        3446    -5.51702    -5.54309 0.000928447
        3447    -5.48695    -5.54307 0.000928321
        3448    -5.46602    -5.54305  0.00092832
        3449    -5.45872    -5.54303 0.000928373
        3450    -5.46418      -5.543 0.000928385
        3451    -5.48044    -5.54299 0.000928293
        3452    -5.50762    -5.54298 0.000928081
        3453    -5.54005    -5.54297 0.000927812
        3454    -5.57059    -5.54298 0.000927578
        3455    -5.59455      -5.543  0.00092743
        3456    -5.60551    -5.54302 0.000927338
        3457    -5.60646    -5.54303 0.000927251
        3458    -5.59716    -5.54305 0.000927115
        3459    -5.58168    -5.54306 0.000926914
        3460    -5.56153    -5.54307 0.000926662
        3461    -5.54022    -5.54307 0.000926394
        3462    -5.52209    -5.54306 0.000926147
        3463    -5.51166    -5.54305 0.000925924
        3464    -5.50966    -5.54304 0.000925706
        3465    -5.51501    -5.54303 0.000925475
        3466    -5.52259    -5.54303 0.000925226
        3467    -5.53238    -5.54302 0.000924965
        3468    -5.54194    -5.54302 0.000924698
        3469    -5.55102    -5.54303 0.000924434
        3470    -5.55751    -5.54303 0.000924177
        3471    -5.56343    -5.54304  0.00092393
        3472    -5.56991    -5.54304 0.000923696
        3473    -5.57889    -5.54305 0.000923488
        3474    -5.59111    -5.54307 0.000923325
        3475    -5.60402    -5.54308 0.000923226
        3476    -5.61832    -5.54311 0.000923214
        3477    -5.63069    -5.54313 0.000923293
        3478    -5.63816    -5.54316 0.000923431
        3479    -5.63487    -5.54319 0.000923542
        3480    -5.61989    -5.54321  0.00092354
        3481    -5.59866    -5.54322 0.000923412
        3482    -5.57638    -5.54323 0.000923196
        3483    -5.56222    -5.54324 0.000922947
        3484    -5.55548    -5.54324 0.000922688
        3485    -5.55502    -5.54325  0.00092243
        3486     -5.5544    -5.54325 0.000922171
        3487    -5.55048    -5.54325 0.000921909
        3488    -5.54559    -5.54325 0.000921645
        3489    -5.53843    -5.54325 0.000921381
        3490    -5.53374    -5.54325 0.000921121
        3491    -5.53061    -5.54324 0.000920865
        3492    -5.53547    -5.54324 0.000920604
        3493    -5.54865    -5.54324 0.000920341
        3494    -5.56257    -5.54325 0.000920095
        3495     -5.5741    -5.54326 0.000919874
        3496    -5.58202    -5.54327 0.000919677
        3497    -5.58404    -5.54328 0.000919488
        3498    -5.58234    -5.54329 0.000919293
        3499     -5.5822     -5.5433 0.000919098
        3500    -5.58379    -5.54331 0.000918908
        3501     -5.5869    -5.54333  0.00091873
        3502    -5.58554    -5.54334 0.000918547
        3503    -5.57858    -5.54335 0.000918339
        3504    -5.56717    -5.54335 0.000918103
        3505    -5.55718    -5.54336 0.000917849
        3506    -5.55125    -5.54336  0.00091759
        3507    -5.54998    -5.54336  0.00091733
        3508    -5.55013    -5.54336 0.000917071
        3509    -5.54983    -5.54337 0.000916811
        3510    -5.54822    -5.54337 0.000916551
        3511    -5.54958    -5.54337 0.000916292
        3512    -5.55558    -5.54337 0.000916038
        3513    -5.56251    -5.54338 0.000915793
        3514    -5.56646    -5.54339 0.000915556
        3515    -5.56422    -5.54339 0.000915315
        3516     -5.5587     -5.5434 0.000915065
        3517    -5.55362     -5.5434 0.000914809
        3518    -5.55482     -5.5434 0.000914555
        3519    -5.56292    -5.54341 0.000914312
        3520    -5.57314    -5.54342 0.000914091
        3521    -5.57961    -5.54343 0.000913889
        3522    -5.58206    -5.54344 0.000913696
        3523    -5.58463    -5.54345 0.000913511
        3524    -5.59137    -5.54346 0.000913353
        3525    -5.60228    -5.54348 0.000913246
        3526    -5.61168     -5.5435 0.000913192
        3527     -5.6137    -5.54352  0.00091315
        3528    -5.60605    -5.54354 0.000913063
        3529     -5.5908    -5.54355 0.000912903
        3530     -5.5723    -5.54356 0.000912681
        3531    -5.55023    -5.54356 0.000912424
        3532    -5.52857    -5.54356 0.000912176
        3533    -5.51398    -5.54355 0.000911956
        3534    -5.51048    -5.54354 0.000911746
        3535    -5.51619    -5.54353 0.000911521
        3536    -5.52447    -5.54352 0.000911279
        3537    -5.52811    -5.54352 0.000911032
        3538    -5.52221    -5.54351 0.000910794
        3539     -5.5092     -5.5435 0.000910588
        3540    -5.49544    -5.54349 0.000910432
        3541    -5.48437    -5.54347 0.000910328
        3542    -5.47739    -5.54346 0.000910262
        3543    -5.48135    -5.54344 0.000910174
        3544    -5.49638    -5.54342 0.000910014
        3545    -5.52108    -5.54342 0.000909779
        3546    -5.54556    -5.54342 0.000909523
        3547    -5.56783    -5.54343 0.000909293
        3548     -5.5851    -5.54344 0.000909112
        3549    -5.59648    -5.54345 0.000908979
        3550    -5.60163    -5.54347 0.000908871
        3551    -5.60499    -5.54349  0.00090878
        3552    -5.60873     -5.5435 0.000908709
        3553    -5.61117    -5.54352 0.000908653
        3554    -5.61176    -5.54354   0.0009086
        3555    -5.60572    -5.54356 0.000908513
        3556    -5.59794    -5.54358 0.000908386
        3557    -5.59064    -5.54359 0.000908227
        3558    -5.58841     -5.5436 0.000908059
        3559     -5.5926    -5.54362 0.000907909
        3560    -5.60228    -5.54363 0.000907803
        3561    -5.61251    -5.54365 0.000907754
        3562    -5.62105    -5.54367 0.000907759
        3563    -5.62015    -5.54369 0.000907758
        3564    -5.60948    -5.54371 0.000907691
        3565    -5.58924    -5.54373 0.000907527
        3566    -5.56433    -5.54373  0.00090729
        3567     -5.5407    -5.54373 0.000907037
        3568    -5.52292    -5.54372 0.000906801
        3569    -5.50657    -5.54371 0.000906607
        3570    -5.48894     -5.5437 0.000906483
        3571    -5.47016    -5.54368 0.000906463
        3572     -5.4573    -5.54365 0.000906531
        3573    -5.45713    -5.54363 0.000906601
        3574    -5.47466    -5.54361 0.000906553
        3575    -5.50804     -5.5436 0.000906354
        3576    -5.54329     -5.5436   0.0009061
        3577    -5.57276    -5.54361 0.000905884
        3578    -5.59088    -5.54362 0.000905727
        3579    -5.60314    -5.54364 0.000905626
        3580    -5.60387    -5.54366  0.00090553
        3581    -5.59227    -5.54367 0.000905379
        3582    -5.56764    -5.54368 0.000905151
        3583    -5.53889    -5.54367 0.000904899
        3584    -5.51741    -5.54367 0.000904676
        3585    -5.52011    -5.54366 0.000904448
        3586    -5.54902    -5.54366 0.000904197
        3587    -5.59022    -5.54367 0.000904038
        3588    -5.62631     -5.5437 0.000904079
        3589    -5.64654    -5.54373 0.000904281
        3590      -5.649    -5.54376 0.000904505
        3591    -5.63368    -5.54378 0.000904599
        3592    -5.60972     -5.5438 0.000904534
        3593    -5.58481    -5.54381 0.000904354
        3594    -5.56605    -5.54382 0.000904123
        3595     -5.5553    -5.54382 0.000903878
        3596    -5.55378    -5.54382  0.00090363
        3597    -5.55586    -5.54383 0.000903385
        3598     -5.5583    -5.54383 0.000903143
        3599    -5.55787    -5.54383 0.000902901
        3600    -5.55225    -5.54384 0.000902653
        3601    -5.54374    -5.54384 0.000902402
        3602     -5.5387    -5.54383 0.000902153
        3603    -5.53987    -5.54383 0.000901903
        3604    -5.54581    -5.54383 0.000901653
        3605    -5.55418    -5.54384 0.000901408
        3606     -5.5578    -5.54384 0.000901166
        3607    -5.55616    -5.54384 0.000900923
        3608    -5.54843    -5.54385 0.000900674
        3609    -5.53531    -5.54384 0.000900427
        3610    -5.51463    -5.54384 0.000900214
        3611    -5.48953    -5.54382 0.000900091
        3612    -5.46747     -5.5438  0.00090009
        3613    -5.45205    -5.54377 0.000900199
        3614    -5.44144    -5.54375 0.000900395
        3615    -5.43634    -5.54372 0.000900636
        3616    -5.44225    -5.54369 0.000900824
        3617    -5.46486    -5.54367 0.000900838
        3618    -5.50036    -5.54365 0.000900669
        3619    -5.53968    -5.54365  0.00090042
        3620     -5.5717    -5.54366 0.000900205
        3621    -5.58984    -5.54367 0.000900047
        3622    -5.59433    -5.54369 0.000899907
        3623    -5.59237     -5.5437 0.000899759
        3624    -5.58976    -5.54371   0.0008996
        3625    -5.59006    -5.54373 0.000899443
        3626    -5.59436    -5.54374 0.000899303
        3627    -5.60044    -5.54376 0.000899191
        3628    -5.60812    -5.54377 0.000899118
        3629    -5.61675    -5.54379 0.000899096
        3630    -5.62402    -5.54382 0.000899119
        3631     -5.6322    -5.54384 0.000899201
        3632    -5.63745    -5.54387 0.000899323
        3633    -5.63652    -5.54389 0.000899437
        3634    -5.62782    -5.54391 0.000899486
        3635     -5.6132    -5.54393  0.00089944
        3636    -5.59628    -5.54395 0.000899308
        3637    -5.58309    -5.54396 0.000899125
        3638    -5.57906    -5.54397  0.00089893
        3639    -5.58715    -5.54398 0.000898761
        3640    -5.60284      -5.544  0.00089866
        3641    -5.61483    -5.54402 0.000898623
        3642    -5.61899    -5.54404 0.000898612
        3643    -5.61281    -5.54406 0.000898564
        3644    -5.59703    -5.54407 0.000898435
        3645    -5.57687    -5.54408 0.000898234
        3646    -5.55412    -5.54408 0.000897992
        3647     -5.5304    -5.54408 0.000897753
        3648    -5.50498    -5.54407 0.000897571
        3649    -5.48229    -5.54405 0.000897485
        3650    -5.46922    -5.54403 0.000897473
        3651    -5.46722    -5.54401 0.000897474
        3652    -5.47378    -5.54399 0.000897434
        3653    -5.48797    -5.54397 0.000897319
        3654    -5.50519    -5.54396 0.000897136
        3655    -5.52565    -5.54396 0.000896905
        3656     -5.5469    -5.54396  0.00089666
        3657    -5.56775    -5.54397 0.000896438
        3658    -5.58054    -5.54398 0.000896249
        3659    -5.58517    -5.54399 0.000896075
        3660    -5.57773      -5.544 0.000895877
        3661    -5.56475      -5.544 0.000895651
        3662    -5.55192      -5.544 0.000895409
        3663    -5.54285      -5.544 0.000895164
        3664    -5.53982      -5.544 0.000894921
        3665    -5.53991      -5.544 0.000894677
        3666    -5.54296      -5.544 0.000894433
        3667    -5.54671      -5.544  0.00089419
        3668    -5.55024      -5.544 0.000893948
        3669     -5.5547    -5.54401 0.000893709
        3670    -5.55862    -5.54401 0.000893474
        3671    -5.56308    -5.54402 0.000893246
        3672    -5.56696    -5.54402 0.000893024
        3673    -5.56911    -5.54403 0.000892807
        3674     -5.5704    -5.54404 0.000892593
        3675    -5.57251    -5.54404 0.000892384
        3676    -5.57714    -5.54405 0.000892187
        3677    -5.58398    -5.54406  0.00089201
        3678    -5.59333    -5.54408 0.000891868
        3679    -5.60009    -5.54409 0.000891756
        3680    -5.60083    -5.54411 0.000891646
        3681    -5.59418    -5.54412 0.000891508
        3682    -5.57947    -5.54413 0.000891318
        3683    -5.56227    -5.54414 0.000891089
        3684    -5.54737    -5.54414 0.000890848
        3685    -5.54018    -5.54414 0.000890607
        3686    -5.54364    -5.54414 0.000890365
        3687    -5.55887    -5.54414 0.000890133
        3688     -5.5798    -5.54415 0.000889944
        3689    -5.59732    -5.54416 0.000889819
        3690    -5.60533    -5.54418 0.000889732
        3691    -5.60164     -5.5442 0.000889627
        3692    -5.59152    -5.54421 0.000889479
        3693     -5.5769    -5.54422 0.000889282
        3694    -5.56192    -5.54422 0.000889054
        3695    -5.55019    -5.54422 0.000888815
        3696    -5.54033    -5.54422 0.000888575
        3697    -5.53378    -5.54422 0.000888339
        3698    -5.53877    -5.54422   0.0008881
        3699    -5.55356    -5.54422 0.000887864
        3700    -5.57468    -5.54423 0.000887662
        3701    -5.59838    -5.54424 0.000887543
        3702    -5.61803    -5.54426 0.000887527
        3703    -5.62982    -5.54429 0.000887588
        3704    -5.63357    -5.54431 0.000887675
        3705     -5.6265    -5.54433 0.000887713
        3706     -5.6104    -5.54435 0.000887652
        3707     -5.5884    -5.54436 0.000887492
        3708    -5.56376    -5.54437 0.000887269
        3709    -5.54198    -5.54437  0.00088703
        3710    -5.53102    -5.54436 0.000886798
        3711     -5.5368    -5.54436 0.000886561
        3712    -5.56015    -5.54437 0.000886332
        3713    -5.58953    -5.54438 0.000886177
        3714    -5.61446     -5.5444  0.00088614
        3715    -5.62322    -5.54442 0.000886155
        3716    -5.61531    -5.54444 0.000886122
        3717    -5.59674    -5.54445 0.000885995
        3718    -5.57611    -5.54446 0.000885798
        3719    -5.56788    -5.54447 0.000885582
        3720    -5.57399    -5.54447 0.000885379
        3721    -5.58971    -5.54449 0.000885225
        3722    -5.60717     -5.5445 0.000885147
        3723    -5.62332    -5.54452 0.000885163
        3724     -5.6341    -5.54455 0.000885252
        3725    -5.63863    -5.54457 0.000885374
        3726    -5.63184     -5.5446 0.000885447
        3727     -5.6149    -5.54462  0.00088541
        3728    -5.58976    -5.54463 0.000885255
        3729     -5.5584    -5.54463 0.000885025
        3730    -5.52903    -5.54463 0.000884798
        3731    -5.50652    -5.54462  0.00088462
        3732    -5.49708     -5.5446 0.000884475
        3733    -5.50182    -5.54459 0.000884312
        3734    -5.51556    -5.54459 0.000884109
        3735    -5.53657    -5.54458 0.000883875
        3736    -5.56127    -5.54459  0.00088365
        3737    -5.58535     -5.5446 0.000883481
        3738    -5.60642    -5.54462 0.000883399
        3739    -5.61944    -5.54464 0.000883389
        3740    -5.62275    -5.54466   0.0008834
        3741    -5.61895    -5.54468 0.000883387
        3742    -5.61006    -5.54469 0.000883324
        3743    -5.60047    -5.54471 0.000883214
        3744    -5.58949    -5.54472 0.000883059
        3745     -5.5789    -5.54473  0.00088287
        3746     -5.5692    -5.54474 0.000882659
        3747    -5.56336    -5.54474 0.000882437
        3748    -5.56228    -5.54475 0.000882214
        3749    -5.56651    -5.54475 0.000881998
        3750     -5.5743    -5.54476 0.000881798
        3751    -5.57983    -5.54477 0.000881612
        3752    -5.58615    -5.54478 0.000881446
        3753    -5.59342    -5.54479 0.000881307
        3754    -5.60034    -5.54481 0.000881196
        3755    -5.60242    -5.54482 0.000881095
        3756    -5.59775    -5.54484 0.000880973
        3757    -5.58726    -5.54485 0.000880811
        3758    -5.57316    -5.54486 0.000880609
        3759    -5.55419    -5.54486 0.000880378
        3760    -5.52679    -5.54485 0.000880157
        3761    -5.49689    -5.54484 0.000880015
        3762    -5.47721    -5.54482 0.000879965
        3763    -5.47388     -5.5448 0.000879933
        3764     -5.4827    -5.54479 0.000879854
        3765    -5.49162    -5.54477 0.000879734
        3766    -5.49315    -5.54476 0.000879607
        3767     -5.4826    -5.54474 0.000879528
        3768    -5.46633    -5.54472 0.000879541
        3769    -5.45339     -5.5447 0.000879641
        3770     -5.4497    -5.54467 0.000879769
        3771    -5.45883    -5.54465  0.00087983
        3772    -5.48053    -5.54463 0.000879761
        3773    -5.50913    -5.54462 0.000879578
        3774    -5.53247    -5.54462 0.000879351
        3775    -5.54397    -5.54462 0.000879118
        3776    -5.54491    -5.54462 0.000878885
        3777     -5.5433    -5.54462 0.000878652
        3778    -5.54307    -5.54462  0.00087842
        3779    -5.53757    -5.54462 0.000878189
        3780    -5.52533    -5.54461 0.000877972
        3781    -5.51601     -5.5446 0.000877772
        3782     -5.5097     -5.5446 0.000877589
        3783    -5.50845    -5.54459 0.000877409
        3784    -5.51347    -5.54458 0.000877215
        3785    -5.52825    -5.54457 0.000876994
        3786     -5.5514    -5.54458 0.000876765
        3787    -5.57966    -5.54458 0.000876582
        3788    -5.60484     -5.5446 0.000876495
        3789    -5.62141    -5.54462 0.000876498
        3790    -5.62785    -5.54464 0.000876542
        3791    -5.62366    -5.54466 0.000876558
        3792     -5.6116    -5.54468 0.000876505
        3793    -5.59175    -5.54469 0.000876362
        3794    -5.56724     -5.5447 0.000876151
        3795    -5.53847     -5.5447 0.000875921
        3796     -5.5192    -5.54469 0.000875716
        3797    -5.51108    -5.54468 0.000875531
        3798    -5.51143    -5.54467 0.000875344
        3799    -5.52045    -5.54467 0.000875137
        3800    -5.53433    -5.54466 0.000874911
        3801    -5.54852    -5.54467 0.000874681
        3802    -5.56269    -5.54467 0.000874464
        3803     -5.5745    -5.54468 0.000874269
        3804    -5.58501    -5.54469 0.000874103
        3805    -5.59053     -5.5447 0.000873957
        3806    -5.58701    -5.54471 0.000873798
        3807    -5.57925    -5.54472 0.000873615
        3808    -5.56456    -5.54473 0.000873401
        3809    -5.54831    -5.54473 0.000873173
        3810    -5.53276    -5.54472 0.000872949
        3811    -5.51666    -5.54472 0.000872751
        3812    -5.50104    -5.54471 0.000872597
        3813    -5.48491    -5.54469 0.000872509
        3814    -5.47542    -5.54467  0.00087247
        3815    -5.47435    -5.54465 0.000872436
        3816    -5.47926    -5.54464 0.000872375
        3817    -5.48529    -5.54462 0.000872285
        3818    -5.48892    -5.54461 0.000872179
        3819    -5.49345    -5.54459 0.000872053
        3820    -5.50036    -5.54458 0.000871902
        3821    -5.51017    -5.54457  0.00087172
        3822    -5.52022    -5.54457 0.000871516
        3823    -5.52643    -5.54456   0.0008713
        3824    -5.52388    -5.54456 0.000871089
        3825    -5.51483    -5.54455 0.000870896
        3826    -5.50723    -5.54454 0.000870723
        3827     -5.5075    -5.54453  0.00087055
        3828    -5.51952    -5.54452 0.000870347
        3829    -5.53909    -5.54452  0.00087012
        3830    -5.56161    -5.54452 0.000869905
        3831    -5.58533    -5.54454 0.000869743
        3832    -5.60519    -5.54455  0.00086966
        3833    -5.62424    -5.54457 0.000869682
        3834    -5.63759     -5.5446 0.000869793
        3835    -5.64404    -5.54462 0.000869953
        3836    -5.64129    -5.54465 0.000870091
        3837    -5.63022    -5.54467  0.00087015
        3838    -5.61147    -5.54469 0.000870097
        3839     -5.5864     -5.5447 0.000869938
        3840    -5.55764     -5.5447 0.000869718
        3841    -5.53298     -5.5447 0.000869497
        3842    -5.52367    -5.54469 0.000869288
        3843    -5.52993    -5.54469  0.00086907
        3844    -5.54528    -5.54469 0.000868844
        3845    -5.56516    -5.54469 0.000868635
        3846    -5.58324     -5.5447 0.000868467
        3847     -5.5913    -5.54472 0.000868325
        3848     -5.5895    -5.54473 0.000868178
        3849    -5.58011    -5.54474 0.000868001
        3850    -5.56678    -5.54474 0.000867794
        3851    -5.55332    -5.54475 0.000867572
        3852    -5.53805    -5.54474 0.000867348
        3853    -5.52802    -5.54474 0.000867134
        3854    -5.52531    -5.54473 0.000866924
        3855    -5.52835    -5.54473 0.000866709
        3856    -5.53574    -5.54473 0.000866488
        3857    -5.54593    -5.54473 0.000866263
        3858    -5.56368    -5.54473 0.000866052
        3859    -5.58736    -5.54474 0.000865898
        3860    -5.61225    -5.54476 0.000865851
        3861    -5.62868    -5.54478 0.000865899
        3862     -5.6299     -5.5448 0.000865955
        3863    -5.61657    -5.54482 0.000865931
        3864    -5.58886    -5.54483 0.000865781
        3865    -5.55403    -5.54484 0.000865561
        3866    -5.51984    -5.54483 0.000865361
        3867     -5.4907    -5.54482  0.00086525
        3868    -5.47229     -5.5448  0.00086523
        3869    -5.46805    -5.54478 0.000865234
        3870    -5.47306    -5.54476 0.000865208
        3871    -5.48229    -5.54474 0.000865135
        3872    -5.48962    -5.54473 0.000865029
        3873    -5.49453    -5.54472 0.000864903
        3874    -5.50119    -5.54471 0.000864753
        3875    -5.51431     -5.5447 0.000864565
        3876    -5.53501    -5.54469 0.000864346
        3877    -5.55641     -5.5447 0.000864128
        3878    -5.57064     -5.5447 0.000863931
        3879    -5.57526    -5.54471 0.000863744
        3880    -5.57137    -5.54472 0.000863549
        3881    -5.56716    -5.54473 0.000863346
        3882    -5.56956    -5.54473 0.000863147
        3883    -5.57497    -5.54474  0.00086296
        3884    -5.57625    -5.54475 0.000862776
        3885    -5.57039    -5.54475 0.000862579
        3886    -5.55904    -5.54476 0.000862365
        3887    -5.54315    -5.54476 0.000862143
        3888    -5.52514    -5.54475 0.000861936
        3889     -5.5092    -5.54474 0.000861763
        3890    -5.49478    -5.54473 0.000861637
        3891    -5.48374    -5.54471 0.000861558
        3892    -5.47766     -5.5447 0.000861509
        3893    -5.47681    -5.54468 0.000861464
        3894    -5.48171    -5.54466 0.000861395
        3895    -5.48409    -5.54465 0.000861314
        3896    -5.48242    -5.54463 0.000861241
        3897    -5.47664    -5.54461 0.000861197
        3898    -5.47605     -5.5446 0.000861155
        3899    -5.48674    -5.54458 0.000861062
        3900    -5.50708    -5.54457 0.000860895
        3901    -5.52301    -5.54457 0.000860692
        3902    -5.53519    -5.54456 0.000860475
        3903    -5.54488    -5.54456 0.000860255
        3904    -5.55653    -5.54457  0.00086004
        3905    -5.56583    -5.54457 0.000859837
        3906    -5.56923    -5.54458  0.00085964
        3907    -5.56946    -5.54459 0.000859443
        3908     -5.5694    -5.54459 0.000859247
        3909    -5.56912     -5.5446  0.00085905
        3910    -5.56759     -5.5446  0.00085885
        3911    -5.56195    -5.54461 0.000858642
        3912    -5.55412    -5.54461 0.000858426
        3913    -5.54761    -5.54461 0.000858207
        3914    -5.54816    -5.54461 0.000857988
        3915     -5.5558    -5.54462 0.000857774
        3916    -5.56495    -5.54462 0.000857571
        3917    -5.56882    -5.54463 0.000857374
        3918    -5.56928    -5.54463 0.000857178
        3919    -5.56684    -5.54464 0.000856978
        3920    -5.56623    -5.54464 0.000856777
        3921    -5.56291    -5.54465 0.000856572
        3922    -5.55811    -5.54465  0.00085636
        3923    -5.55814    -5.54466 0.000856149
        3924    -5.56409    -5.54466 0.000855945
        3925    -5.57612    -5.54467 0.000855764
        3926    -5.59042    -5.54468 0.000855626
        3927    -5.60219     -5.5447 0.000855533
        3928      -5.602    -5.54471  0.00085544
        3929    -5.58843    -5.54472 0.000855294
        3930    -5.56893    -5.54473 0.000855099
        3931     -5.5494    -5.54473 0.000854882
        3932     -5.5368    -5.54473 0.000854667
        3933    -5.52931    -5.54472 0.000854459
        3934    -5.52515    -5.54472 0.000854256
        3935    -5.52275    -5.54471 0.000854057
        3936    -5.52579    -5.54471 0.000853854
        3937    -5.53013     -5.5447 0.000853645
        3938    -5.53619     -5.5447 0.000853431
        3939    -5.54534     -5.5447 0.000853214
        3940     -5.5614    -5.54471 0.000853008
        3941    -5.57805    -5.54471 0.000852834
        3942    -5.58735    -5.54473 0.000852686
        3943    -5.58597    -5.54474 0.000852534
        3944     -5.5702    -5.54474 0.000852342
        3945    -5.54525    -5.54474 0.000852126
        3946    -5.51679    -5.54474  0.00085194
        3947    -5.49177    -5.54472 0.000851829
        3948    -5.47577     -5.5447 0.000851793
        3949    -5.47361    -5.54469 0.000851767
        3950    -5.48803    -5.54467 0.000851672
        3951    -5.51115    -5.54466 0.000851499
        3952    -5.53609    -5.54466 0.000851286
        3953    -5.55716    -5.54466 0.000851077
        3954    -5.57055    -5.54467 0.000850887
        3955    -5.57756    -5.54468 0.000850712
        3956    -5.58012    -5.54469 0.000850544
        3957    -5.57581     -5.5447 0.000850366
        3958    -5.56554     -5.5447 0.000850167
        3959    -5.55531     -5.5447 0.000849957
        3960    -5.54961    -5.54471 0.000849743
        3961    -5.55198    -5.54471  0.00084953
        3962    -5.55716    -5.54471 0.000849322
        3963    -5.56063    -5.54471 0.000849117
        3964    -5.55744    -5.54472 0.000848909
        3965     -5.5536    -5.54472 0.000848698
        3966    -5.54982    -5.54472 0.000848485
        3967    -5.54815    -5.54472 0.000848271
        3968    -5.54569    -5.54472 0.000848058
        3969    -5.54473    -5.54472 0.000847844
        3970    -5.54315    -5.54472  0.00084763
        3971    -5.54023    -5.54472 0.000847418
        3972    -5.53782    -5.54472 0.000847206
        3973    -5.54206    -5.54472 0.000846993
        3974    -5.55211    -5.54472 0.000846782
        3975    -5.56028    -5.54472 0.000846578
        3976    -5.56648    -5.54473 0.000846383
        3977    -5.57023    -5.54474 0.000846194
        3978    -5.57425    -5.54474 0.000846014
        3979    -5.57454    -5.54475 0.000845835
        3980    -5.57232    -5.54476  0.00084565
        3981     -5.5674    -5.54476 0.000845457
        3982    -5.56408    -5.54477 0.000845259
        3983     -5.5601    -5.54477 0.000845055
        3984    -5.55339    -5.54477 0.000844846
        3985    -5.54384    -5.54477 0.000844634
        3986    -5.53299    -5.54477 0.000844427
        3987    -5.52196    -5.54477 0.000844235
        3988    -5.51107    -5.54476 0.000844065
        3989     -5.5031    -5.54475 0.000843918
        3990    -5.49885    -5.54473 0.000843785
        3991    -5.50178    -5.54472 0.000843643
        3992    -5.51393    -5.54472 0.000843466
        3993    -5.53377    -5.54471  0.00084326
        3994    -5.56057    -5.54472 0.000843058
        3995    -5.58589    -5.54473  0.00084291
        3996    -5.60399    -5.54474 0.000842829
        3997    -5.60963    -5.54476 0.000842775
        3998    -5.60548    -5.54477 0.000842701
        3999    -5.59869    -5.54479 0.000842598
        4000    -5.59421     -5.5448 0.000842478
        4001    -5.59538    -5.54481 0.000842362
        4002    -5.60503    -5.54483 0.000842286
        4003    -5.62236    -5.54485 0.000842298
        4004    -5.64072    -5.54487 0.000842428
        4005     -5.6547     -5.5449 0.000842664
        4006    -5.65795    -5.54493 0.000842926
        4007    -5.64972    -5.54495 0.000843121
        4008     -5.6371    -5.54498 0.000843225
        4009    -5.62267      -5.545 0.000843237
        4010    -5.60722    -5.54501 0.000843169
        4011    -5.58902    -5.54502  0.00084303
        4012    -5.56704    -5.54503 0.000842838
        4013    -5.54688    -5.54503 0.000842628
        4014    -5.52957    -5.54502 0.000842427
        4015    -5.51236    -5.54502 0.000842257
        4016    -5.49581      -5.545 0.000842136
        4017     -5.4803    -5.54499  0.00084208
        4018    -5.46993    -5.54497 0.000842078
        4019    -5.46828    -5.54495 0.000842085
        4020    -5.47334    -5.54493 0.000842064
        4021    -5.48071    -5.54492 0.000842006
        4022    -5.48774     -5.5449 0.000841916
        4023    -5.49134    -5.54489 0.000841812
        4024    -5.49556    -5.54488 0.000841692
        4025     -5.4998    -5.54486 0.000841558
        4026     -5.5042    -5.54485 0.000841409
        4027    -5.50643    -5.54485 0.000841254
        4028    -5.50464    -5.54484 0.000841105
        4029    -5.49933    -5.54482 0.000840972
        4030     -5.5019    -5.54481 0.000840831
        4031    -5.51347    -5.54481 0.000840658
        4032    -5.53011     -5.5448 0.000840457
        4033    -5.54787     -5.5448 0.000840249
        4034     -5.5637    -5.54481 0.000840054
        4035    -5.58064    -5.54482 0.000839893
        4036    -5.59741    -5.54483 0.000839786
        4037    -5.61259    -5.54485 0.000839746
        4038    -5.62184    -5.54486 0.000839754
        4039     -5.6236    -5.54488 0.000839772
        4040    -5.61805     -5.5449  0.00083976
        4041    -5.60924    -5.54492 0.000839703
        4042    -5.60719    -5.54493 0.000839636
        4043     -5.6185    -5.54495 0.000839626
        4044    -5.63123    -5.54497 0.000839689
        4045    -5.63772      -5.545 0.000839795
        4046    -5.63169    -5.54502  0.00083986
        4047    -5.60902    -5.54503 0.000839802
        4048    -5.57511    -5.54504 0.000839627
        4049    -5.54047    -5.54504 0.000839421
        4050    -5.51455    -5.54503 0.000839247
        4051    -5.50199    -5.54502 0.000839107
        4052    -5.50549    -5.54501 0.000838957
        4053     -5.5217    -5.54501 0.000838769
        4054    -5.54405    -5.54501 0.000838563
        4055    -5.56707    -5.54501 0.000838373
        4056    -5.58513    -5.54502 0.000838225
        4057    -5.59407    -5.54503 0.000838106
        4058    -5.58811    -5.54504 0.000837966
        4059    -5.57351    -5.54505 0.000837789
        4060    -5.55988    -5.54505 0.000837591
        4061    -5.55013    -5.54506 0.000837385
        4062     -5.5419    -5.54506  0.00083718
        4063    -5.53288    -5.54505 0.000836979
        4064    -5.52235    -5.54505 0.000836792
        4065    -5.51552    -5.54504 0.000836617
        4066     -5.5145    -5.54503 0.000836445
        4067    -5.51709    -5.54502 0.000836268
        4068    -5.52547    -5.54502 0.000836076
        4069     -5.5367    -5.54502 0.000835873
        4070    -5.54449    -5.54502 0.000835668
        4071    -5.54694    -5.54502 0.000835463
        4072    -5.54603    -5.54502 0.000835258
        4073     -5.5474    -5.54502 0.000835053
        4074    -5.55589    -5.54502 0.000834852
        4075    -5.56994    -5.54503 0.000834669
        4076    -5.58759    -5.54504  0.00083453
        4077    -5.60361    -5.54505 0.000834449
        4078     -5.6159    -5.54507 0.000834425
        4079    -5.62318    -5.54509  0.00083444
        4080    -5.62515    -5.54511 0.000834466
        4081    -5.62116    -5.54513  0.00083447
        4082    -5.61659    -5.54515 0.000834449
        4083      -5.614    -5.54516 0.000834415
        4084    -5.61104    -5.54518 0.000834367
        4085    -5.60009    -5.54519 0.000834271
        4086    -5.57845     -5.5452 0.000834106
        4087    -5.55622     -5.5452 0.000833907
        4088     -5.5422     -5.5452 0.000833703
        4089    -5.54331     -5.5452 0.000833499
        4090    -5.55092     -5.5452 0.000833297
        4091    -5.55853    -5.54521 0.000833099
        4092    -5.55675    -5.54521 0.000832901
        4093     -5.5456    -5.54521 0.000832697
        4094    -5.52611     -5.5452 0.000832507
        4095    -5.50526    -5.54519 0.000832361
        4096     -5.4894    -5.54518 0.000832269
        4097    -5.48729    -5.54517 0.000832186
        4098    -5.50558    -5.54516 0.000832039
        4099    -5.53891    -5.54516 0.000831837
        4100    -5.57459    -5.54516 0.000831665
        4101    -5.59933    -5.54518 0.000831567
        4102    -5.60951    -5.54519 0.000831512
        4103    -5.60702    -5.54521 0.000831446
        4104    -5.60054    -5.54522 0.000831353
        4105    -5.59654    -5.54523 0.000831244
        4106    -5.59324    -5.54524 0.000831124
        4107    -5.58532    -5.54525 0.000830979
        4108    -5.57345    -5.54526 0.000830805
        4109    -5.55487    -5.54526 0.000830606
        4110    -5.53727    -5.54526 0.000830406
        4111    -5.52809    -5.54526 0.000830215
        4112    -5.53188    -5.54525 0.000830019
        4113    -5.54407    -5.54525 0.000829818
        4114    -5.55541    -5.54526  0.00082962
        4115    -5.56127    -5.54526 0.000829427
        4116    -5.55891    -5.54526 0.000829232
        4117    -5.55551    -5.54527 0.000829035
        4118     -5.5545    -5.54527 0.000828836
        4119     -5.5574    -5.54527  0.00082864
        4120    -5.55617    -5.54527 0.000828443
        4121    -5.54962    -5.54527 0.000828243
        4122    -5.53703    -5.54527 0.000828045
        4123     -5.5262    -5.54527 0.000827857
        4124    -5.52601    -5.54526 0.000827669
        4125     -5.5306    -5.54526 0.000827476
        4126     -5.5396    -5.54526 0.000827277
        4127     -5.5446    -5.54526 0.000827076
        4128    -5.54714    -5.54526 0.000826876
        4129    -5.54688    -5.54526 0.000826676
        4130    -5.54683    -5.54526 0.000826476
        4131    -5.54966    -5.54526 0.000826276
        4132    -5.55115    -5.54526 0.000826078
        4133    -5.55022    -5.54526 0.000825879
        4134     -5.5454    -5.54526 0.000825679
        4135    -5.54016    -5.54526  0.00082548
        4136    -5.53972    -5.54526 0.000825282
        4137    -5.54709    -5.54526 0.000825082
        4138    -5.56699    -5.54527   0.0008249
        4139    -5.59057    -5.54528 0.000824773
        4140    -5.60926    -5.54529 0.000824718
        4141    -5.61759    -5.54531 0.000824704
        4142    -5.61276    -5.54533 0.000824666
        4143     -5.5944    -5.54534 0.000824552
        4144    -5.56464    -5.54534 0.000824366
        4145    -5.53056    -5.54534 0.000824175
        4146    -5.49882    -5.54533 0.000824052
        4147    -5.47478    -5.54531 0.000824029
        4148    -5.46063    -5.54529 0.000824083
        4149    -5.45914    -5.54527 0.000824146
        4150    -5.47153    -5.54525 0.000824139
        4151    -5.49455    -5.54524 0.000824031
        4152    -5.52672    -5.54524 0.000823845
        4153    -5.56371    -5.54524 0.000823658
        4154    -5.59824    -5.54525 0.000823559
        4155    -5.62419    -5.54527  0.00082358
        4156     -5.6358    -5.54529  0.00082367
        4157    -5.63314    -5.54531 0.000823743
        4158     -5.6231    -5.54533 0.000823757
        4159    -5.61078    -5.54535 0.000823709
        4160    -5.60179    -5.54536 0.000823623
        4161    -5.59442    -5.54537 0.000823509
        4162    -5.58751    -5.54538 0.000823374
        4163    -5.57987    -5.54539 0.000823218
        4164    -5.57411     -5.5454 0.000823049
        4165    -5.56881    -5.54541  0.00082287
        4166     -5.5643    -5.54541 0.000822685
        4167    -5.56147    -5.54541 0.000822497
        4168    -5.55893    -5.54542 0.000822306
        4169    -5.55908    -5.54542 0.000822115
        4170    -5.55776    -5.54542 0.000821923
        4171    -5.55332    -5.54543 0.000821729
        4172    -5.54624    -5.54543 0.000821532
        4173     -5.5413    -5.54542 0.000821335
        4174    -5.54289    -5.54542 0.000821139
        4175    -5.54811    -5.54542 0.000820942
        4176    -5.55245    -5.54543 0.000820747
        4177     -5.5531    -5.54543 0.000820553
        4178     -5.5516    -5.54543 0.000820358
        4179     -5.5513    -5.54543 0.000820163
        4180    -5.55161    -5.54543 0.000819968
        4181    -5.55226    -5.54543 0.000819774
        4182    -5.54983    -5.54543 0.000819578
        4183    -5.54325    -5.54543 0.000819382
        4184    -5.53138    -5.54543 0.000819193
        4185    -5.51472    -5.54542 0.000819031
        4186    -5.49933    -5.54541 0.000818909
        4187    -5.49281     -5.5454  0.00081881
        4188    -5.49806    -5.54539 0.000818692
        4189    -5.51147    -5.54538 0.000818537
        4190    -5.52911    -5.54538 0.000818351
        4191    -5.54542    -5.54538 0.000818155
        4192    -5.55847    -5.54538 0.000817966
        4193    -5.56874    -5.54539  0.00081779
        4194    -5.57899    -5.54539 0.000817634
        4195    -5.58849     -5.5454 0.000817504
        4196    -5.59636    -5.54542 0.000817399
        4197    -5.59344    -5.54543 0.000817285
        4198    -5.57751    -5.54544 0.000817126
        4199    -5.55484    -5.54544 0.000816934
        4200     -5.5395    -5.54544 0.000816741
        4201    -5.54169    -5.54543 0.000816547
        4202    -5.55932    -5.54544 0.000816359
        4203    -5.57541    -5.54545 0.000816196
        4204    -5.57938    -5.54545 0.000816042
        4205    -5.57693    -5.54546 0.000815882
        4206    -5.57674    -5.54547 0.000815722
        4207    -5.58229    -5.54548 0.000815575
        4208    -5.58979    -5.54549 0.000815449
        4209    -5.60167     -5.5455 0.000815365
        4210    -5.61357    -5.54552 0.000815332
        4211    -5.62385    -5.54554  0.00081535
        4212    -5.63013    -5.54556 0.000815404
        4213    -5.62845    -5.54558 0.000815448
        4214     -5.6136    -5.54559 0.000815414
        4215    -5.59411     -5.5456 0.000815302
        4216    -5.57198    -5.54561 0.000815132
        4217    -5.55253    -5.54561 0.000814941
        4218    -5.53868    -5.54561 0.000814749
        4219    -5.53035    -5.54561 0.000814564
        4220    -5.52851     -5.5456 0.000814381
        4221    -5.53275     -5.5456 0.000814194
        4222    -5.53659     -5.5456 0.000814004
        4223    -5.53387    -5.54559 0.000813816
        4224    -5.52094    -5.54559 0.000813644
        4225    -5.49907    -5.54558 0.000813526
        4226    -5.47537    -5.54556 0.000813503
        4227    -5.46214    -5.54554  0.00081355
        4228    -5.46744    -5.54552 0.000813567
        4229    -5.48523    -5.54551   0.0008135
        4230    -5.50786     -5.5455 0.000813356
        4231    -5.52357    -5.54549  0.00081318
        4232    -5.53039    -5.54549 0.000812996
        4233    -5.52942    -5.54549 0.000812813
        4234     -5.5244    -5.54548 0.000812636
        4235    -5.52032    -5.54548 0.000812466
        4236     -5.5211    -5.54547 0.000812295
        4237    -5.52399    -5.54546 0.000812119
        4238    -5.52907    -5.54546 0.000811936
        4239    -5.53113    -5.54546 0.000811752
        4240    -5.53123    -5.54545 0.000811567
        4241     -5.5285    -5.54545 0.000811386
        4242    -5.52618    -5.54545 0.000811207
        4243    -5.52451    -5.54544 0.000811031
        4244    -5.52443    -5.54544 0.000810855
        4245    -5.52685    -5.54543 0.000810676
        4246    -5.53572    -5.54543 0.000810488
        4247    -5.54655    -5.54543 0.000810297
        4248    -5.55545    -5.54543  0.00081011
        4249    -5.56007    -5.54544 0.000809927
        4250    -5.55945    -5.54544 0.000809743
        4251     -5.5588    -5.54544 0.000809558
        4252    -5.55886    -5.54544 0.000809374
        4253    -5.55887    -5.54545  0.00080919
        4254    -5.55484    -5.54545 0.000809003
        4255    -5.54794    -5.54545 0.000808813
        4256     -5.5397    -5.54545 0.000808624
        4257    -5.53543    -5.54545 0.000808437
        4258    -5.53873    -5.54545 0.000808249
        4259    -5.55169    -5.54545 0.000808061
        4260    -5.56831    -5.54545 0.000807889
        4261    -5.58186    -5.54546 0.000807744
        4262    -5.58862    -5.54547 0.000807618
        4263    -5.58663    -5.54548 0.000807487
        4264    -5.58055    -5.54549 0.000807339
        4265    -5.57285     -5.5455 0.000807175
        4266    -5.56485     -5.5455 0.000806999
        4267     -5.5528     -5.5455 0.000806812
        4268    -5.53716     -5.5455 0.000806625
        4269    -5.51841    -5.54549 0.000806461
        4270    -5.50924    -5.54548 0.000806317
        4271    -5.51873    -5.54548 0.000806152
        4272    -5.54621    -5.54548 0.000805964
        4273    -5.57183    -5.54548 0.000805799
        4274    -5.58424    -5.54549 0.000805661
        4275    -5.58254     -5.5455 0.000805519
        4276     -5.5711    -5.54551 0.000805353
        4277    -5.55611    -5.54551 0.000805169
        4278    -5.53643    -5.54551 0.000804983
        4279    -5.51654     -5.5455 0.000804823
        4280    -5.49654    -5.54549 0.000804717
        4281    -5.48424    -5.54548 0.000804656
        4282     -5.4807    -5.54546  0.00080461
        4283    -5.48534    -5.54545 0.000804545
        4284    -5.49414    -5.54544 0.000804446
        4285    -5.50672    -5.54543 0.000804309
        4286    -5.52056    -5.54542 0.000804142
        4287    -5.53553    -5.54542 0.000803958
        4288    -5.55041    -5.54542 0.000803771
        4289    -5.56374    -5.54542 0.000803595
        4290    -5.57087    -5.54543  0.00080343
        4291    -5.56723    -5.54543 0.000803259
        4292    -5.55537    -5.54544 0.000803075
        4293    -5.53925    -5.54544 0.000802889
        4294    -5.52953    -5.54543 0.000802711
        4295    -5.53226    -5.54543  0.00080253
        4296    -5.54386    -5.54543 0.000802343
        4297    -5.55527    -5.54543  0.00080216
        4298    -5.55923    -5.54543 0.000801979
        4299    -5.55499    -5.54544 0.000801796
        4300    -5.54586    -5.54544 0.000801609
        4301     -5.5368    -5.54543 0.000801426
        4302    -5.53592    -5.54543 0.000801242
        4303    -5.53847    -5.54543 0.000801058
        4304    -5.53471    -5.54543 0.000800875
        4305    -5.51969    -5.54542 0.000800712
        4306     -5.4953    -5.54541  0.00080061
        4307    -5.46793    -5.54539 0.000800627
        4308    -5.45127    -5.54537 0.000800739
        4309    -5.45078    -5.54535 0.000800854
        4310    -5.46003    -5.54533 0.000800913
        4311    -5.46979    -5.54531 0.000800919
        4312    -5.47579    -5.54529 0.000800895
        4313    -5.48284    -5.54528  0.00080084
        4314    -5.49528    -5.54527 0.000800738
        4315    -5.51002    -5.54526 0.000800595
        4316     -5.5221    -5.54526 0.000800427
        4317    -5.53225    -5.54525 0.000800247
        4318    -5.54258    -5.54525 0.000800062
        4319    -5.55221    -5.54525 0.000799879
        4320    -5.55844    -5.54526 0.000799699
        4321    -5.55826    -5.54526  0.00079952
        4322    -5.54936    -5.54526 0.000799335
        4323    -5.54004    -5.54526 0.000799151
        4324    -5.53765    -5.54526 0.000798969
        4325    -5.54738    -5.54526 0.000798784
        4326    -5.56386    -5.54526 0.000798611
        4327    -5.57809    -5.54527 0.000798462
        4328    -5.58424    -5.54528 0.000798329
        4329    -5.58113    -5.54529 0.000798187
        4330    -5.57138    -5.54529 0.000798026
        4331    -5.56226     -5.5453 0.000797851
        4332     -5.5555     -5.5453  0.00079767
        4333    -5.55539     -5.5453  0.00079749
        4334    -5.56047     -5.5453 0.000797313
        4335    -5.56921    -5.54531 0.000797148
        4336    -5.57509    -5.54532 0.000796994
        4337    -5.57226    -5.54532 0.000796835
        4338    -5.56133    -5.54533 0.000796659
        4339    -5.54414    -5.54533 0.000796476
        4340    -5.52798    -5.54532 0.000796302
        4341    -5.51936    -5.54532 0.000796141
        4342    -5.52007    -5.54531 0.000795979
        4343    -5.53045    -5.54531 0.000795803
        4344    -5.55088    -5.54531 0.000795621
        4345    -5.57393    -5.54532 0.000795465
        4346    -5.59466    -5.54533 0.000795363
        4347    -5.60947    -5.54534 0.000795317
        4348    -5.62173    -5.54536 0.000795328
        4349    -5.63003    -5.54538 0.000795384
        4350    -5.63483     -5.5454 0.000795467
        4351    -5.63527    -5.54542 0.000795552
        4352    -5.62576    -5.54544 0.000795583
        4353     -5.6089    -5.54545 0.000795534
        4354    -5.58793    -5.54546 0.000795411
        4355     -5.5703    -5.54547 0.000795249
        4356    -5.56075    -5.54547 0.000795074
        4357    -5.55668    -5.54547 0.000794896
        4358    -5.55506    -5.54548 0.000794717
        4359    -5.55438    -5.54548 0.000794537
        4360    -5.55281    -5.54548 0.000794356
        4361    -5.55008    -5.54548 0.000794175
        4362     -5.5429    -5.54548 0.000793993
        4363    -5.52648    -5.54548 0.000793823
        4364    -5.50056    -5.54547 0.000793708
        4365    -5.47497    -5.54545  0.00079369
        4366    -5.46497    -5.54543 0.000793723
        4367     -5.4751    -5.54542 0.000793704
        4368    -5.49423     -5.5454 0.000793609
        4369    -5.51009     -5.5454 0.000793468
        4370    -5.52087    -5.54539 0.000793307
        4371    -5.52696    -5.54539 0.000793136
        4372    -5.52753    -5.54538 0.000792966
        4373    -5.52546    -5.54538 0.000792797
        4374    -5.52165    -5.54537 0.000792635
        4375     -5.5211    -5.54537 0.000792473
        4376    -5.52343    -5.54536 0.000792308
        4377    -5.52542    -5.54536  0.00079214
        4378    -5.52384    -5.54535 0.000791974
        4379    -5.51896    -5.54535 0.000791816
        4380    -5.50947    -5.54534 0.000791678
        4381    -5.50121    -5.54533 0.000791561
        4382    -5.49385    -5.54532 0.000791468
        4383    -5.48848     -5.5453 0.000791393
        4384    -5.48546    -5.54529  0.00079133
        4385    -5.48432    -5.54528 0.000791272
        4386     -5.4856    -5.54526 0.000791209
        4387    -5.49086    -5.54525 0.000791125
        4388    -5.50315    -5.54524 0.000791003
        4389    -5.52018    -5.54523 0.000790844
        4390    -5.53791    -5.54523 0.000790665
        4391    -5.55429    -5.54523 0.000790488
        4392    -5.56552    -5.54524 0.000790321
        4393    -5.56831    -5.54524 0.000790159
        4394    -5.56707    -5.54525 0.000789995
        4395     -5.5629    -5.54525 0.000789825
        4396    -5.55614    -5.54526 0.000789649
        4397    -5.54918    -5.54526  0.00078947
        4398    -5.54409    -5.54526 0.000789291
        4399    -5.53922    -5.54526 0.000789113
        4400    -5.53455    -5.54525 0.000788937
        4401    -5.52968    -5.54525 0.000788766
        4402    -5.52145    -5.54524 0.000788605
        4403    -5.51426    -5.54524 0.000788457
        4404    -5.51098    -5.54523 0.000788317
        4405    -5.51499    -5.54522 0.000788168
        4406     -5.5297    -5.54522 0.000787997
        4407     -5.5569    -5.54522 0.000787822
        4408    -5.59176    -5.54523 0.000787714
        4409    -5.62652    -5.54525 0.000787751
        4410    -5.65535    -5.54528 0.000787968
        4411    -5.67392     -5.5453 0.000788329
        4412    -5.68239    -5.54534 0.000788762
        4413    -5.68417    -5.54537 0.000789211
        4414    -5.67974     -5.5454 0.000789619
        4415    -5.66854    -5.54543 0.000789933
        4416    -5.65068    -5.54545 0.000790113
        4417    -5.62547    -5.54547 0.000790142
        4418    -5.59766    -5.54548 0.000790052
        4419    -5.56855    -5.54548  0.00078989
        4420     -5.5418    -5.54548 0.000789712
        4421    -5.51914    -5.54548 0.000789556
        4422    -5.50194    -5.54547 0.000789438
        4423    -5.49116    -5.54546 0.000789355
        4424    -5.48807    -5.54544 0.000789284
        4425    -5.49014    -5.54543 0.000789204
        4426     -5.4913    -5.54542 0.000789121
        4427    -5.49117    -5.54541 0.000789037
        4428    -5.48923    -5.54539 0.000788961
        4429    -5.49249    -5.54538 0.000788874
        4430    -5.49731    -5.54537  0.00078877
        4431    -5.50231    -5.54536 0.000788652
        4432    -5.50479    -5.54535 0.000788527
        4433    -5.50666    -5.54534 0.000788398
        4434    -5.51382    -5.54534 0.000788252
        4435    -5.52474    -5.54533 0.000788088
        4436    -5.53543    -5.54533 0.000787913
        4437    -5.54275    -5.54533 0.000787736
        4438    -5.54731    -5.54533 0.000787558
        4439    -5.54965    -5.54533 0.000787382
        4440    -5.54947    -5.54533 0.000787205
        4441    -5.54764    -5.54533 0.000787028
        4442    -5.54653    -5.54533 0.000786851
        4443    -5.55067    -5.54533 0.000786674
        4444    -5.55969    -5.54534 0.000786504
        4445    -5.56959    -5.54534 0.000786346
        4446    -5.57645    -5.54535   0.0007862
        4447    -5.57814    -5.54535 0.000786058
        4448     -5.5819    -5.54536 0.000785924
        4449    -5.58873    -5.54537 0.000785808
        4450    -5.58984    -5.54538 0.000785695
        4451    -5.58116    -5.54539  0.00078556
        4452    -5.56338    -5.54539 0.000785394
        4453    -5.54357    -5.54539 0.000785217
        4454    -5.52973    -5.54539 0.000785049
        4455    -5.52803    -5.54539 0.000784882
        4456    -5.53727    -5.54539 0.000784708
        4457    -5.55042    -5.54539 0.000784533
        4458     -5.5539    -5.54539 0.000784359
        4459    -5.54204    -5.54539 0.000784184
        4460    -5.51715    -5.54538 0.000784034
        4461    -5.49073    -5.54537 0.000783954
        4462    -5.47998    -5.54535 0.000783915
        4463     -5.4931    -5.54534 0.000783827
        4464     -5.5263    -5.54534 0.000783663
        4465    -5.56778    -5.54534 0.000783503
        4466     -5.6062    -5.54536 0.000783446
        4467    -5.63405    -5.54538 0.000783522
        4468    -5.64751     -5.5454  0.00078368
        4469    -5.64448    -5.54542 0.000783819
        4470     -5.6236    -5.54544 0.000783838
        4471    -5.58785    -5.54545 0.000783721
        4472    -5.54652    -5.54545 0.000783545
        4473    -5.51201    -5.54544 0.000783406
        4474    -5.49715    -5.54543 0.000783305
        4475    -5.49948    -5.54542 0.000783197
        4476    -5.51392    -5.54541 0.000783054
        4477     -5.5337    -5.54541 0.000782883
        4478    -5.55465    -5.54541 0.000782711
        4479    -5.57641    -5.54542 0.000782567
        4480    -5.59484    -5.54543  0.00078247
        4481    -5.60885    -5.54545 0.000782424
        4482     -5.6144    -5.54546   0.0007824
        4483    -5.61327    -5.54548 0.000782372
        4484    -5.59961    -5.54549 0.000782291
        4485    -5.57503    -5.54549 0.000782144
        4486     -5.5463    -5.54549  0.00078197
        4487      -5.522    -5.54549 0.000781813
        4488    -5.51095    -5.54548 0.000781676
        4489    -5.51327    -5.54547 0.000781535
        4490    -5.52822    -5.54547 0.000781371
        4491    -5.54809    -5.54547 0.000781197
        4492    -5.57127    -5.54548 0.000781044
        4493    -5.59064    -5.54549 0.000780935
        4494    -5.60232     -5.5455 0.000780864
        4495    -5.60525    -5.54551 0.000780803
        4496     -5.6013    -5.54553 0.000780728
        4497    -5.59307    -5.54554 0.000780626
        4498    -5.58184    -5.54554 0.000780494
        4499    -5.57028    -5.54555  0.00078034
        4500    -5.56152    -5.54555 0.000780175
        4501    -5.55647    -5.54556 0.000780005
        4502    -5.56055    -5.54556 0.000779839
        4503    -5.57286    -5.54556 0.000779689
        4504    -5.58742    -5.54557 0.000779572
        4505    -5.59548    -5.54559 0.000779477
        4506    -5.59379     -5.5456 0.000779378
        4507    -5.58173     -5.5456 0.000779246
        4508    -5.56057    -5.54561  0.00077908
        4509    -5.53787    -5.54561 0.000778909
        4510    -5.51888     -5.5456 0.000778759
        4511    -5.50968    -5.54559 0.000778627
        4512    -5.51036    -5.54558 0.000778494
        4513    -5.51628    -5.54558 0.000778348
        4514    -5.51727    -5.54557 0.000778201
        4515    -5.51195    -5.54556 0.000778064
        4516    -5.50231    -5.54555 0.000777951
        4517    -5.49754    -5.54554 0.000777852
        4518     -5.5013    -5.54553 0.000777741
        4519    -5.51702    -5.54553 0.000777594
        4520    -5.54061    -5.54553 0.000777423
        4521    -5.56485    -5.54553 0.000777263
        4522    -5.58212    -5.54554 0.000777133
        4523    -5.58692    -5.54555 0.000777015
        4524    -5.58162    -5.54556 0.000776884
        4525    -5.57233    -5.54556 0.000776735
        4526    -5.56213    -5.54557 0.000776572
        4527     -5.5533    -5.54557 0.000776403
        4528    -5.54517    -5.54557 0.000776231
        4529     -5.5443    -5.54557  0.00077606
        4530    -5.55136    -5.54557  0.00077589
        4531    -5.56151    -5.54557 0.000775726
        4532    -5.56931    -5.54558 0.000775573
        4533    -5.56572    -5.54558 0.000775414
        4534    -5.55306    -5.54558 0.000775245
        4535    -5.53507    -5.54558 0.000775078
        4536    -5.51659    -5.54557 0.000774933
        4537    -5.50436    -5.54556 0.000774816
        4538    -5.49929    -5.54555 0.000774712
        4539    -5.49946    -5.54554 0.000774608
        4540    -5.50549    -5.54554 0.000774487
        4541    -5.51603    -5.54553 0.000774344
        4542    -5.53143    -5.54553  0.00077418
        4543    -5.54669    -5.54553  0.00077401
        4544    -5.55625    -5.54553 0.000773843
        4545      -5.559    -5.54553 0.000773678
        4546    -5.55546    -5.54553 0.000773511
        4547    -5.55451    -5.54554 0.000773344
        4548    -5.55949    -5.54554  0.00077318
        4549    -5.56681    -5.54554 0.000773024
        4550    -5.57177    -5.54555 0.000772875
        4551    -5.57089    -5.54555 0.000772726
        4552    -5.56277    -5.54556 0.000772565
        4553    -5.54612    -5.54556 0.000772395
        4554    -5.52612    -5.54555 0.000772238
        4555    -5.50587    -5.54555 0.000772117
        4556     -5.4951    -5.54553 0.000772027
        4557    -5.50083    -5.54553  0.00077192
        4558    -5.52549    -5.54552 0.000771763
        4559    -5.56143    -5.54552 0.000771602
        4560    -5.59596    -5.54554 0.000771512
        4561    -5.61752    -5.54555 0.000771504
        4562    -5.62266    -5.54557  0.00077152
        4563    -5.61436    -5.54558 0.000771498
        4564    -5.59734    -5.54559 0.000771413
        4565    -5.57899     -5.5456 0.000771278
        4566    -5.56255    -5.54561 0.000771118
        4567    -5.54979    -5.54561  0.00077095
        4568    -5.54263    -5.54561 0.000770781
        4569    -5.54221     -5.5456 0.000770613
        4570    -5.54991    -5.54561 0.000770445
        4571    -5.56606    -5.54561  0.00077029
        4572    -5.58546    -5.54562  0.00077017
        4573    -5.60641    -5.54563 0.000770117
        4574     -5.6225    -5.54565 0.000770132
        4575    -5.63171    -5.54567 0.000770193
        4576    -5.63576    -5.54569 0.000770276
        4577    -5.63206    -5.54571 0.000770339
        4578    -5.62246    -5.54572 0.000770353
        4579    -5.60836    -5.54574 0.000770306
        4580    -5.58531    -5.54575 0.000770187
        4581     -5.5578    -5.54575 0.000770023
        4582    -5.52905    -5.54574 0.000769864
        4583    -5.50604    -5.54574 0.000769744
        4584    -5.49377    -5.54572  0.00076966
        4585    -5.49078    -5.54571 0.000769585
        4586    -5.49921     -5.5457 0.000769484
        4587    -5.51278     -5.5457  0.00076935
        4588    -5.52534    -5.54569 0.000769195
        4589     -5.5269    -5.54569 0.000769039
        4590    -5.52024    -5.54568 0.000768891
        4591    -5.51397    -5.54567 0.000768755
        4592    -5.51499    -5.54567 0.000768616
        4593    -5.52306    -5.54566 0.000768465
        4594    -5.53535    -5.54566 0.000768301
        4595    -5.54532    -5.54566 0.000768133
        4596    -5.55128    -5.54566 0.000767967
        4597    -5.55292    -5.54566 0.000767802
        4598    -5.55278    -5.54566 0.000767636
        4599    -5.55378    -5.54567 0.000767471
        4600    -5.55975    -5.54567 0.000767311
        4601    -5.57026    -5.54567 0.000767163
        4602    -5.58027    -5.54568 0.000767033
        4603    -5.58886    -5.54569 0.000766923
        4604    -5.59361     -5.5457 0.000766827
        4605    -5.59327    -5.54571 0.000766731
        4606    -5.58766    -5.54572 0.000766618
        4607     -5.5797    -5.54573 0.000766487
        4608    -5.57149    -5.54573 0.000766341
        4609    -5.56273    -5.54574 0.000766184
        4610     -5.5555    -5.54574 0.000766021
        4611    -5.54805    -5.54574 0.000765855
        4612    -5.54184    -5.54574 0.000765689
        4613    -5.53854    -5.54574 0.000765525
        4614    -5.54292    -5.54574 0.000765359
        4615    -5.55525    -5.54574 0.000765196
        4616    -5.57263    -5.54575 0.000765052
        4617    -5.58526    -5.54575 0.000764934
        4618    -5.58549    -5.54576 0.000764817
        4619    -5.57075    -5.54577 0.000764671
        4620    -5.54728    -5.54577 0.000764505
        4621    -5.52563    -5.54576 0.000764352
        4622    -5.52019    -5.54576 0.000764207
        4623     -5.5339    -5.54576 0.000764046
        4624     -5.5558    -5.54576 0.000763884
        4625    -5.57042    -5.54576 0.000763737
        4626    -5.56577    -5.54577 0.000763584
        4627    -5.54571    -5.54577 0.000763419
        4628    -5.51783    -5.54576 0.000763278
        4629    -5.49528    -5.54575 0.000763191
        4630    -5.48736    -5.54574 0.000763131
        4631    -5.49545    -5.54573 0.000763043
        4632     -5.5147    -5.54572 0.000762908
        4633    -5.53992    -5.54572 0.000762744
        4634    -5.56403    -5.54572  0.00076259
        4635    -5.58179    -5.54573 0.000762465
        4636    -5.59361    -5.54574  0.00076237
        4637    -5.59589    -5.54575 0.000762283
        4638    -5.59223    -5.54576 0.000762184
        4639    -5.58151    -5.54577 0.000762059
        4640     -5.5648    -5.54577 0.000761906
        4641    -5.54503    -5.54577 0.000761742
        4642    -5.52677    -5.54577 0.000761588
        4643    -5.51125    -5.54576 0.000761461
        4644    -5.50132    -5.54575 0.000761357
        4645    -5.49301    -5.54574 0.000761278
        4646    -5.48351    -5.54573 0.000761232
        4647    -5.47568    -5.54571 0.000761217
        4648    -5.46967     -5.5457 0.000761229
        4649    -5.46756    -5.54568 0.000761251
        4650    -5.46871    -5.54566 0.000761267
        4651    -5.47171    -5.54565 0.000761269
        4652    -5.47933    -5.54563 0.000761239
        4653    -5.48497    -5.54562 0.000761187
        4654    -5.48922    -5.54561  0.00076112
        4655    -5.49157     -5.5456 0.000761045
        4656    -5.49621    -5.54559 0.000760956
        4657    -5.50362    -5.54558 0.000760846
        4658    -5.51492    -5.54557 0.000760711
        4659    -5.52961    -5.54557 0.000760555
        4660    -5.54171    -5.54557 0.000760392
        4661    -5.55125    -5.54557  0.00076023
        4662     -5.5536    -5.54557 0.000760069
        4663    -5.54758    -5.54557 0.000759906
        4664    -5.53776    -5.54557 0.000759745
        4665    -5.52465    -5.54556 0.000759596
        4666    -5.50752    -5.54556 0.000759477
        4667     -5.4887    -5.54554 0.000759411
        4668     -5.4728    -5.54553 0.000759409
        4669    -5.46953    -5.54551  0.00075942
        4670     -5.4817     -5.5455 0.000759381
        4671    -5.49792    -5.54549 0.000759286
        4672    -5.50881    -5.54548 0.000759165
        4673    -5.51084    -5.54547 0.000759038
        4674    -5.50654    -5.54546 0.000758922
        4675    -5.49994    -5.54545 0.000758822
        4676    -5.49419    -5.54544 0.000758739
        4677     -5.4892    -5.54543 0.000758672
        4678    -5.48539    -5.54542 0.000758618
        4679    -5.48378     -5.5454  0.00075857
        4680    -5.48139    -5.54539 0.000758532
        4681    -5.47659    -5.54538 0.000758512
        4682    -5.46711    -5.54536 0.000758534
        4683    -5.45725    -5.54534 0.000758605
        4684    -5.45706    -5.54532 0.000758678
        4685    -5.47432    -5.54531 0.000758667
        4686     -5.5066     -5.5453  0.00075855
        4687    -5.54495     -5.5453 0.000758388
        4688    -5.57778    -5.54531 0.000758258
        4689    -5.59855    -5.54532 0.000758181
        4690     -5.6046    -5.54533 0.000758125
        4691    -5.60251    -5.54534 0.000758061
        4692     -5.5933    -5.54535 0.000757969
        4693    -5.57985    -5.54536 0.000757843
        4694     -5.5598    -5.54536 0.000757688
        4695    -5.53549    -5.54536 0.000757529
        4696    -5.51236    -5.54535 0.000757401
        4697    -5.49518    -5.54534 0.000757315
        4698     -5.4883    -5.54533 0.000757251
        4699    -5.48945    -5.54532 0.000757183
        4700    -5.49662    -5.54531 0.000757093
        4701    -5.50726     -5.5453 0.000756975
        4702    -5.51965    -5.54529 0.000756834
        4703    -5.52876    -5.54529 0.000756681
        4704    -5.53335    -5.54529 0.000756524
        4705    -5.53127    -5.54529 0.000756369
        4706    -5.52491    -5.54528 0.000756221
        4707    -5.51815    -5.54528 0.000756082
        4708    -5.51734    -5.54527 0.000755945
        4709    -5.52601    -5.54527 0.000755796
        4710    -5.54244    -5.54526 0.000755635
        4711    -5.55738    -5.54527 0.000755479
        4712    -5.56612    -5.54527 0.000755332
        4713    -5.56638    -5.54528 0.000755185
        4714    -5.55691    -5.54528 0.000755029
        4715    -5.54188    -5.54528 0.000754869
        4716    -5.52551    -5.54527 0.000754721
        4717    -5.51641    -5.54527 0.000754585
        4718    -5.51564    -5.54526 0.000754452
        4719    -5.52806    -5.54526   0.0007543
        4720    -5.54837    -5.54526 0.000754141
        4721    -5.56993    -5.54526 0.000753999
        4722    -5.58402    -5.54527 0.000753884
        4723    -5.58355    -5.54528 0.000753768
        4724    -5.57047    -5.54529 0.000753628
        4725    -5.54988    -5.54529 0.000753469
        4726    -5.52977    -5.54528 0.000753316
        4727    -5.51702    -5.54528 0.000753181
        4728    -5.51408    -5.54527  0.00075305
        4729    -5.51532    -5.54526 0.000752918
        4730    -5.51882    -5.54526 0.000752779
        4731      -5.525    -5.54525 0.000752632
        4732    -5.53905    -5.54525 0.000752474
        4733    -5.55788    -5.54526  0.00075232
        4734    -5.57588    -5.54526 0.000752189
        4735    -5.58961    -5.54527 0.000752089
        4736    -5.60186    -5.54528 0.000752025
        4737    -5.61213     -5.5453 0.000751998
        4738    -5.61645    -5.54531 0.000751989
        4739    -5.61368    -5.54533 0.000751969
        4740    -5.60265    -5.54534 0.000751908
        4741    -5.58105    -5.54535 0.000751787
        4742    -5.55052    -5.54535 0.000751629
        4743    -5.51616    -5.54534 0.000751496
        4744    -5.48565    -5.54533 0.000751443
        4745    -5.46446    -5.54531 0.000751478
        4746    -5.45025    -5.54529 0.000751586
        4747    -5.43961    -5.54527 0.000751758
        4748    -5.43528    -5.54525 0.000751956
        4749    -5.44024    -5.54522 0.000752123
        4750    -5.45147     -5.5452 0.000752223
        4751    -5.46956    -5.54519 0.000752233
        4752    -5.49048    -5.54518 0.000752163
        4753    -5.51122    -5.54517 0.000752039
        4754    -5.52925    -5.54517 0.000751888
        4755    -5.53954    -5.54517 0.000751731
        4756    -5.54247    -5.54517 0.000751573
        4757    -5.53729    -5.54516 0.000751417
        4758    -5.52984    -5.54516 0.000751266
        4759    -5.51996    -5.54515 0.000751127
        4760       -5.51    -5.54515 0.000751005
        4761    -5.50008    -5.54514 0.000750907
        4762    -5.48951    -5.54513  0.00075084
        4763    -5.47972    -5.54511 0.000750808
        4764    -5.47546     -5.5451 0.000750793
        4765    -5.48261    -5.54508  0.00075075
        4766    -5.49981    -5.54508 0.000750653
        4767    -5.52355    -5.54507 0.000750509
        4768    -5.54322    -5.54507 0.000750351
        4769      -5.554    -5.54507 0.000750196
        4770     -5.5535    -5.54507 0.000750041
        4771    -5.54364    -5.54507 0.000749884
        4772    -5.52244    -5.54507 0.000749742
        4773    -5.49143    -5.54506 0.000749669
        4774    -5.46698    -5.54504  0.00074969
        4775    -5.45996    -5.54502 0.000749745
        4776    -5.47031    -5.54501 0.000749751
        4777    -5.49365      -5.545 0.000749671
        4778    -5.51972    -5.54499 0.000749533
        4779    -5.54241    -5.54499 0.000749377
        4780     -5.5553    -5.54499 0.000749223
        4781    -5.55882      -5.545 0.000749072
        4782    -5.55644      -5.545 0.000748919
        4783    -5.55119      -5.545 0.000748764
        4784    -5.54377      -5.545 0.000748607
        4785     -5.5323      -5.545 0.000748455
        4786    -5.52538    -5.54499  0.00074831
        4787    -5.52456    -5.54499 0.000748166
        4788    -5.53132    -5.54499 0.000748015
        4789    -5.54254    -5.54499 0.000747859
        4790    -5.55466    -5.54499 0.000747706
        4791    -5.56606    -5.54499 0.000747563
        4792    -5.57252      -5.545 0.000747429
        4793    -5.57987      -5.545 0.000747308
        4794    -5.58417    -5.54501 0.000747197
        4795    -5.58546    -5.54502 0.000747089
        4796    -5.57982    -5.54503 0.000746968
        4797    -5.56746    -5.54503 0.000746827
        4798    -5.55949    -5.54504 0.000746678
        4799    -5.56403    -5.54504 0.000746532
        4800    -5.57621    -5.54505 0.000746405
        4801    -5.58814    -5.54506 0.000746304
        4802    -5.59167    -5.54507 0.000746211
        4803    -5.58459    -5.54507 0.000746101
        4804     -5.5742    -5.54508 0.000745971
        4805    -5.56514    -5.54508 0.000745827
        4806    -5.55992    -5.54509 0.000745678
        4807    -5.56145    -5.54509 0.000745531
        4808    -5.57097     -5.5451 0.000745395
        4809    -5.58921    -5.54511 0.000745297
        4810    -5.61136    -5.54512 0.000745269
        4811    -5.62795    -5.54514 0.000745313
        4812    -5.63647    -5.54516   0.0007454
        4813    -5.63605    -5.54517 0.000745484
        4814    -5.62888    -5.54519 0.000745532
        4815    -5.61998    -5.54521 0.000745539
        4816    -5.61007    -5.54522 0.000745506
        4817    -5.59718    -5.54523 0.000745429
        4818     -5.5793    -5.54524 0.000745308
        4819    -5.56292    -5.54524 0.000745162
        4820    -5.55395    -5.54524  0.00074501
        4821    -5.55453    -5.54525 0.000744858
        4822    -5.56039    -5.54525  0.00074471
        4823    -5.56691    -5.54525 0.000744569
        4824    -5.56929    -5.54526 0.000744431
        4825    -5.56707    -5.54526 0.000744291
        4826    -5.56243    -5.54527 0.000744145
        4827    -5.55704    -5.54527 0.000743995
        4828    -5.55473    -5.54527 0.000743843
        4829    -5.55868    -5.54527 0.000743695
        4830    -5.56598    -5.54528 0.000743553
        4831    -5.56423    -5.54528 0.000743409
        4832    -5.54682    -5.54528 0.000743256
        4833    -5.51474    -5.54528 0.000743129
        4834     -5.4819    -5.54526 0.000743091
        4835    -5.46801    -5.54525 0.000743109
        4836    -5.48179    -5.54523 0.000743071
        4837     -5.5068    -5.54523  0.00074296
        4838    -5.52839    -5.54522 0.000742814
        4839    -5.53761    -5.54522 0.000742662
        4840      -5.536    -5.54522 0.000742511
        4841    -5.52783    -5.54522 0.000742367
        4842    -5.51568    -5.54521 0.000742238
        4843    -5.50137     -5.5452  0.00074214
        4844    -5.48397    -5.54519 0.000742095
        4845    -5.46477    -5.54517 0.000742127
        4846    -5.44541    -5.54515  0.00074226
        4847    -5.43317    -5.54513 0.000742466
        4848     -5.4333     -5.5451 0.000742671
        4849    -5.44771    -5.54508 0.000742789
        4850    -5.46947    -5.54507   0.0007428
        4851    -5.49326    -5.54506 0.000742723
        4852    -5.51434    -5.54505 0.000742597
        4853    -5.52994    -5.54505 0.000742451
        4854    -5.53832    -5.54505 0.000742299
        4855    -5.54288    -5.54505 0.000742146
        4856    -5.54629    -5.54505 0.000741994
        4857    -5.55317    -5.54505 0.000741843
        4858    -5.56116    -5.54505 0.000741698
        4859    -5.56917    -5.54506 0.000741561
        4860    -5.57387    -5.54506 0.000741433
        4861     -5.5751    -5.54507 0.000741306
        4862    -5.57552    -5.54507  0.00074118
        4863    -5.57394    -5.54508 0.000741051
        4864    -5.57517    -5.54509 0.000740925
        4865    -5.57844    -5.54509 0.000740804
        4866    -5.57874     -5.5451 0.000740684
        4867    -5.57776    -5.54511 0.000740562
        4868    -5.57597    -5.54511 0.000740437
        4869    -5.57383    -5.54512 0.000740309
        4870    -5.57325    -5.54513 0.000740179
        4871    -5.57379    -5.54513 0.000740051
        4872    -5.57536    -5.54514 0.000739925
        4873    -5.57611    -5.54514   0.0007398
        4874    -5.57759    -5.54515 0.000739678
        4875       -5.58    -5.54516 0.000739561
        4876    -5.58397    -5.54517 0.000739452
        4877    -5.58501    -5.54517 0.000739346
        4878    -5.58456    -5.54518 0.000739238
        4879    -5.57966    -5.54519 0.000739121
        4880    -5.57354    -5.54519 0.000738992
        4881    -5.56607     -5.5452 0.000738853
        4882    -5.56172     -5.5452 0.000738709
        4883    -5.56521    -5.54521  0.00073857
        4884    -5.57718    -5.54521 0.000738447
        4885    -5.59767    -5.54522 0.000738374
        4886    -5.62098    -5.54524 0.000738386
        4887    -5.63993    -5.54526 0.000738489
        4888    -5.64917    -5.54528 0.000738644
        4889    -5.64665     -5.5453 0.000738784
        4890    -5.63777    -5.54532 0.000738875
        4891    -5.62377    -5.54534 0.000738898
        4892    -5.61328    -5.54535 0.000738877
        4893    -5.60536    -5.54536 0.000738828
        4894    -5.59827    -5.54537 0.000738756
        4895     -5.5892    -5.54538 0.000738659
        4896    -5.57759    -5.54539 0.000738538
        4897    -5.56904    -5.54539 0.000738403
        4898    -5.56616     -5.5454 0.000738264
        4899    -5.56436     -5.5454 0.000738124
        4900    -5.56332     -5.5454 0.000737982
        4901    -5.56254    -5.54541  0.00073784
        4902    -5.56376    -5.54541 0.000737699
        4903     -5.5681    -5.54542 0.000737563
        4904    -5.57292    -5.54542 0.000737434
        4905    -5.57523    -5.54543 0.000737308
        4906    -5.57256    -5.54543 0.000737179
        4907    -5.56384    -5.54544 0.000737038
        4908     -5.5521    -5.54544 0.000736889
        4909    -5.54262    -5.54544 0.000736739
        4910     -5.5396    -5.54544  0.00073659
        4911    -5.54059    -5.54544 0.000736441
        4912    -5.54351    -5.54544 0.000736291
        4913    -5.54623    -5.54544 0.000736141
        4914    -5.55073    -5.54544 0.000735992
        4915     -5.5559    -5.54544 0.000735845
        4916    -5.56041    -5.54544 0.000735702
        4917    -5.56113    -5.54545 0.000735559
        4918    -5.55744    -5.54545 0.000735414
        4919    -5.54818    -5.54545 0.000735265
        4920     -5.5377    -5.54545 0.000735117
        4921    -5.52878    -5.54544 0.000734975
        4922    -5.52513    -5.54544 0.000734837
        4923    -5.52791    -5.54544 0.000734697
        4924     -5.5343    -5.54543 0.000734551
        4925    -5.54248    -5.54543 0.000734402
        4926    -5.55157    -5.54543 0.000734254
        4927    -5.56516    -5.54544 0.000734116
        4928    -5.57991    -5.54545    0.000734
        4929    -5.58876    -5.54545 0.000733904
        4930    -5.58906    -5.54546 0.000733809
        4931    -5.57858    -5.54547  0.00073369
        4932     -5.5589    -5.54547 0.000733547
        4933     -5.5374    -5.54547   0.0007334
        4934    -5.51754    -5.54546 0.000733273
        4935    -5.50445    -5.54546 0.000733172
        4936    -5.50252    -5.54545 0.000733075
        4937    -5.51254    -5.54544 0.000732956
        4938    -5.52717    -5.54544 0.000732817
        4939    -5.54148    -5.54544 0.000732669
        4940    -5.55111    -5.54544 0.000732522
        4941    -5.55747    -5.54544 0.000732378
        4942    -5.56041    -5.54544 0.000732236
        4943    -5.55934    -5.54545 0.000732093
        4944    -5.55416    -5.54545 0.000731947
        4945    -5.54568    -5.54545 0.000731799
        4946    -5.54202    -5.54545 0.000731652
        4947    -5.54566    -5.54545 0.000731504
        4948    -5.55576    -5.54545 0.000731359
        4949    -5.57052    -5.54545 0.000731229
        4950    -5.58037    -5.54546 0.000731115
        4951     -5.5821    -5.54547 0.000731005
        4952    -5.57061    -5.54547 0.000730875
        4953    -5.55033    -5.54547 0.000730728
        4954     -5.5321    -5.54547 0.000730585
        4955    -5.52569    -5.54547 0.000730449
        4956    -5.53571    -5.54547 0.000730304
        4957    -5.55473    -5.54547 0.000730159
        4958    -5.57266    -5.54547 0.000730032
        4959     -5.5829    -5.54548 0.000729924
        4960     -5.5819    -5.54549 0.000729814
        4961    -5.57472    -5.54549 0.000729691
        4962    -5.56279     -5.5455 0.000729552
        4963    -5.54817     -5.5455 0.000729405
        4964    -5.53065     -5.5455 0.000729264
        4965    -5.51399    -5.54549 0.000729145
        4966    -5.50013    -5.54548 0.000729055
        4967    -5.48904    -5.54547 0.000728997
        4968    -5.48132    -5.54546 0.000728965
        4969    -5.47815    -5.54544 0.000728944
        4970    -5.47813    -5.54543 0.000728923
        4971    -5.48175    -5.54542 0.000728889
        4972    -5.48581     -5.5454 0.000728841
        4973    -5.49032    -5.54539 0.000728779
        4974    -5.49263    -5.54538 0.000728709
        4975    -5.49472    -5.54537 0.000728634
        4976    -5.50049    -5.54536 0.000728543
        4977     -5.5123    -5.54536 0.000728427
        4978    -5.53215    -5.54535 0.000728286
        4979    -5.55864    -5.54536 0.000728144
        4980    -5.58644    -5.54536 0.000728045
        4981    -5.61064    -5.54538 0.000728017
        4982    -5.62504    -5.54539 0.000728046
        4983    -5.63036    -5.54541   0.0007281
        4984    -5.62363    -5.54543 0.000728123
        4985    -5.60903    -5.54544 0.000728088
        4986    -5.59037    -5.54545 0.000727998
        4987    -5.57608    -5.54545 0.000727878
        4988    -5.56788    -5.54546 0.000727746
        4989    -5.56262    -5.54546 0.000727608
        4990     -5.5578    -5.54546 0.000727467
        4991    -5.55565    -5.54547 0.000727324
        4992    -5.55557    -5.54547 0.000727181
        4993     -5.5602    -5.54547 0.000727041
        4994    -5.56611    -5.54548 0.000726907
        4995    -5.56996    -5.54548 0.000726778
        4996    -5.57177    -5.54549 0.000726652
        4997    -5.57296    -5.54549 0.000726527
        4998    -5.57658     -5.5455 0.000726409
        4999    -5.58066     -5.5455 0.000726297
        5000    -5.58443    -5.54551 0.000726194
