#     BLOCK:   ACTUAL_P:     P_AVE:       ERROR:
           1    -7.04928    -7.04928           0
           2    -7.03314    -7.04121  0.00570539
           3      -7.019    -7.03381   0.0071427
           4    -7.00508    -7.02663  0.00820791
           5    -6.99407    -7.02011  0.00877661
           6    -6.97917    -7.01329  0.00960729
           7    -6.96526    -7.00643   0.0104004
           8    -6.95282    -6.99973   0.0110504
           9    -6.92803    -6.99176   0.0123649
          10    -6.90064    -6.98265   0.0140917
          11    -6.89084     -6.9743   0.0150813
          12     -6.8697    -6.96559   0.0161482
          13    -6.85403      -6.957   0.0170342
          14    -6.83235     -6.9481   0.0179947
          15    -6.81658    -6.93933   0.0188104
          16    -6.80038    -6.93065    0.019537
          17     -6.7855    -6.92211   0.0201674
          18    -6.76829    -6.91356   0.0207787
          19    -6.75945    -6.90545   0.0212093
          20    -6.73313    -6.89684   0.0218289
          21    -6.70026    -6.88748    0.022708
          22    -6.67593    -6.87786   0.0236242
          23    -6.66944     -6.8688   0.0242728
          24    -6.65917    -6.86006   0.0247832
          25    -6.63712    -6.85115   0.0253456
          26    -6.62249    -6.84235   0.0258516
          27    -6.58868    -6.83296   0.0265465
          28    -6.56659    -6.82344   0.0272497
          29    -6.56467    -6.81452   0.0277326
          30    -6.54261    -6.80546   0.0282506
          31    -6.51306    -6.79602   0.0288709
          32    -6.49224    -6.78653   0.0294882
          33    -6.49439    -6.77768   0.0298939
          34    -6.45115    -6.76807   0.0305184
          35    -6.41793    -6.75807   0.0312431
          36    -6.37045     -6.7473   0.0321772
          37    -6.34309    -6.73638   0.0331102
          38    -6.32405    -6.72553   0.0339704
          39    -6.32393    -6.71523   0.0346248
          40    -6.29017     -6.7046   0.0353523
          41    -6.27879    -6.69422   0.0359832
          42    -6.27921    -6.68434   0.0364579
          43    -6.27132    -6.67473   0.0368536
          44    -6.25041    -6.66509   0.0372564
          45    -6.24359    -6.65572   0.0375875
          46      -6.213     -6.6461   0.0379826
          47    -6.19505     -6.6365   0.0383676
          48    -6.17919    -6.62697   0.0387331
          49    -6.18368    -6.61793   0.0389848
          50    -6.16526    -6.60887   0.0392423
          51    -6.17031    -6.60027   0.0394038
          52    -6.14225    -6.59147   0.0396182
          53     -6.1411    -6.58297   0.0397716
          54     -6.1194    -6.57438   0.0399508
          55    -6.11113    -6.56596   0.0401025
          56    -6.11188    -6.55785   0.0401978
          57    -6.09795    -6.54978   0.0402942
          58    -6.11906    -6.54236    0.040278
          59    -6.09083     -6.5347   0.0403158
          60    -6.11163    -6.52765   0.0402558
          61    -6.13001    -6.52113   0.0401202
          62    -6.10232    -6.51438   0.0400377
          63    -6.08541    -6.50757    0.039977
          64    -6.10268    -6.50124   0.0398498
          65    -6.09241    -6.49495     0.03973
          66    -6.06047    -6.48837   0.0396697
          67      -6.051    -6.48184    0.039611
          68    -6.02003    -6.47505   0.0396064
          69    -6.02743    -6.46856   0.0395602
          70    -6.00174     -6.4619   0.0395531
          71    -5.97889    -6.45509   0.0395767
          72    -5.94698    -6.44804   0.0396513
          73    -5.91307    -6.44071   0.0397795
          74    -5.91535    -6.43361   0.0398705
          75    -5.87031     -6.4261     0.04004
          76    -5.84085     -6.4184   0.0402469
          77     -5.8139    -6.41055   0.0404826
          78    -5.79565    -6.40266   0.0407239
          79     -5.7597    -6.39452   0.0410137
          80    -5.70621    -6.38592   0.0413936
          81      -5.694    -6.37738   0.0417547
          82    -5.64875    -6.36849   0.0421804
          83    -5.66181    -6.35998   0.0425228
          84      -5.674    -6.35181   0.0427936
          85    -5.63489    -6.34338   0.0431133
          86     -5.6162    -6.33492   0.0434333
          87     -5.5563    -6.32597   0.0438464
          88    -5.54389    -6.31708   0.0442397
          89    -5.51317    -6.30805   0.0446552
          90    -5.52537    -6.29935   0.0449979
          91    -5.52506    -6.29085   0.0453007
          92    -5.50991    -6.28236   0.0455967
          93    -5.46657    -6.27359   0.0459424
          94    -5.41241    -6.26442   0.0463581
          95    -5.39534    -6.25528   0.0467641
          96    -5.36252    -6.24598   0.0471926
          97    -5.29776     -6.2362   0.0477077
          98    -5.27511    -6.22639   0.0482184
          99    -5.30167    -6.21705   0.0486276
         100    -5.27684    -6.20765   0.0490419
         101    -5.23594    -6.19803    0.049491
         102    -5.27789    -6.18901   0.0498212
         103    -5.27148     -6.1801   0.0501275
         104     -5.2014    -6.17069   0.0505211
         105    -5.20818    -6.16152   0.0508648
         106    -5.26051    -6.15302   0.0510903
         107    -5.26121    -6.14469   0.0512881
         108    -5.23557    -6.13627   0.0514994
         109    -5.23342    -6.12799   0.0516887
         110    -5.17348    -6.11931   0.0519421
         111    -5.15009    -6.11058   0.0522029
         112    -5.10129    -6.10157   0.0525089
         113    -5.12261     -6.0929    0.052754
         114    -5.09463    -6.08415   0.0530131
         115    -5.07454    -6.07537   0.0532741
         116    -5.06554    -6.06666   0.0535213
         117    -5.05963    -6.05806   0.0537515
         118    -5.08185    -6.04978   0.0539289
         119    -5.07481    -6.04159   0.0540945
         120    -5.09839    -6.03373   0.0542117
         121     -5.1004    -6.02602   0.0543097
         122    -5.09647     -6.0184   0.0543963
         123    -5.09415    -6.01088   0.0544706
         124    -5.08627    -6.00343   0.0545393
         125    -5.08101    -5.99605      0.0546
         126    -5.00626    -5.98819   0.0547288
         127    -5.01347    -5.98052   0.0548334
         128    -5.03026    -5.97309   0.0549052
         129    -5.05234    -5.96596   0.0549416
         130    -5.03293    -5.95878   0.0549858
         131     -5.0066    -5.95151   0.0550443
         132    -4.98601     -5.9442   0.0551112
         133    -4.95842    -5.93678   0.0551929
         134    -4.95671    -5.92947   0.0552635
         135    -4.92967    -5.92206   0.0553482
         136    -4.94676    -5.91489   0.0554039
         137    -5.00246    -5.90823   0.0553983
         138    -5.01654    -5.90177   0.0553724
         139    -5.01495    -5.89539   0.0553404
         140    -4.97027    -5.88878   0.0553382
         141    -4.92604    -5.88195   0.0553654
         142    -4.91284    -5.87513   0.0553945
         143    -4.95915    -5.86872   0.0553762
         144     -4.9393    -5.86227   0.0553665
         145    -4.95176    -5.85599   0.0553396
         146    -4.93667    -5.84969   0.0553177
         147    -4.90424    -5.84326    0.055314
         148     -4.8976    -5.83687   0.0553081
         149    -4.93395    -5.83081   0.0552679
         150    -4.90073    -5.82461   0.0552461
         151    -4.89846    -5.81848   0.0552197
         152    -4.86346     -5.8122   0.0552127
         153    -4.78758     -5.8055   0.0552565
         154    -4.81987     -5.7991   0.0552671
         155    -4.83244    -5.79286   0.0552613
         156    -4.86362    -5.78691   0.0552271
         157    -4.83999    -5.78087   0.0552037
         158    -4.81943    -5.77479   0.0551887
         159    -4.79885    -5.76865   0.0551819
         160    -4.82549    -5.76276   0.0551509
         161    -4.81879    -5.75689   0.0551192
         162    -4.85632    -5.75133   0.0550585
         163    -4.84072    -5.74575   0.0550034
         164    -4.76475    -5.73977   0.0549924
         165    -4.73154    -5.73366   0.0549975
         166    -4.72195    -5.72756   0.0550028
         167    -4.67201    -5.72124   0.0550355
         168    -4.67865    -5.71503   0.0550566
         169    -4.63044    -5.70862   0.0551036
         170    -4.58654    -5.70202   0.0551734
         171    -4.65923    -5.69592   0.0551867
         172    -4.58616    -5.68947   0.0552418
         173    -4.63413    -5.68337   0.0552582
         174    -4.68856    -5.67765   0.0552356
         175    -4.63327    -5.67168   0.0552415
         176    -4.58545    -5.66551   0.0552713
         177    -4.58978    -5.65943   0.0552921
         178    -4.56438    -5.65328   0.0553227
         179    -4.52317    -5.64697   0.0553727
         180    -4.48317     -5.6405   0.0554413
         181    -4.46254    -5.63399   0.0555156
         182    -4.46419    -5.62756   0.0555814
         183    -4.37297    -5.62071   0.0556989
         184    -4.47746     -5.6145   0.0557417
         185    -4.52223    -5.60859   0.0557522
         186    -4.49434     -5.6026   0.0557733
         187    -4.46485    -5.59652    0.055806
         188    -4.42008    -5.59026   0.0558589
         189     -4.4451     -5.5842    0.055891
         190    -4.40886    -5.57801   0.0559381
         191    -4.32302    -5.57144   0.0560298
         192    -4.22337    -5.56442   0.0561762
         193    -4.21578    -5.55743    0.056318
         194    -4.19722    -5.55042   0.0564625
         195     -4.1389    -5.54318    0.056635
         196    -4.07304    -5.53568   0.0568406
         197    -4.03569    -5.52807   0.0570598
         198    -4.08504    -5.52078   0.0572352
         199      -4.023    -5.51325   0.0574403
         200    -4.10113    -5.50619   0.0575854
         201    -4.11722    -5.49928    0.057712
         202    -4.08132    -5.49226   0.0578517
         203    -4.04216    -5.48512    0.058006
         204    -4.01888    -5.47793   0.0581653
         205    -4.07557    -5.47109   0.0582824
         206    -4.11218     -5.4645   0.0583716
         207     -4.0763    -5.45779   0.0584736
         208    -4.09473    -5.45124   0.0585586
         209    -4.08043    -5.44468   0.0586445
         210    -4.07842    -5.43817   0.0587251
         211    -4.08999    -5.43178   0.0587933
         212    -4.14783    -5.42573   0.0588271
         213    -4.15661    -5.41977   0.0588519
         214    -4.18035    -5.41398   0.0588612
         215    -4.21711    -5.40841     0.05885
         216    -4.24696    -5.40303   0.0588227
         217    -4.20855    -5.39753   0.0588086
         218    -4.14586    -5.39179   0.0588185
         219    -4.15377    -5.38613   0.0588209
         220    -4.10955    -5.38033   0.0588391
         221    -4.14276    -5.37473   0.0588387
         222    -4.14311    -5.36918   0.0588346
         223    -4.10208     -5.3635   0.0588446
         224    -4.15511    -5.35811   0.0588286
         225    -4.13352    -5.35266   0.0588184
         226    -4.14303    -5.34731   0.0588011
         227    -4.12239    -5.34191   0.0587892
         228    -4.08181    -5.33639   0.0587905
         229    -4.12643     -5.3311   0.0587708
         230    -4.04795    -5.32553   0.0587794
         231    -3.92997    -5.31948   0.0588346
         232    -3.91426    -5.31343    0.058892
         233    -3.90929     -5.3074   0.0589468
         234    -3.95134    -5.30161    0.058979
         235    -4.05448     -5.2963   0.0589663
         236    -4.07724    -5.29113   0.0589423
         237    -3.97575    -5.28558   0.0589543
         238    -3.93764    -5.27992    0.058978
         239    -3.86889    -5.27402    0.059026
         240    -3.82286    -5.26797    0.059089
         241    -3.83533    -5.26202    0.059142
         242    -3.78407    -5.25592   0.0592122
         243    -3.82893    -5.25004    0.059259
         244    -3.76899    -5.24397   0.0593262
         245    -3.76366    -5.23793   0.0593909
         246    -3.70975    -5.23172   0.0594735
         247    -3.71253    -5.22557   0.0595499
         248    -3.74924    -5.21962   0.0596065
         249    -3.65927    -5.21335   0.0596957
         250    -3.61376    -5.20695   0.0597988
         251    -3.54244    -5.20032   0.0599271
         252    -3.55452    -5.19379   0.0600441
         253    -3.53399    -5.18723   0.0601641
         254     -3.5181    -5.18066   0.0602851
         255    -3.53558    -5.17421   0.0603929
         256     -3.4954    -5.16765    0.060512
         257    -3.53089    -5.16128   0.0606107
         258    -3.45651    -5.15467   0.0607349
         259    -3.41155    -5.14794   0.0608722
         260    -3.43693    -5.14136   0.0609927
         261    -3.41012    -5.13473   0.0611187
         262    -3.45638    -5.12832   0.0612202
         263    -3.45807    -5.12197   0.0613159
         264    -3.42868    -5.11556   0.0614182
         265    -3.53644     -5.1096   0.0614748
         266    -3.41484    -5.10323    0.061573
         267    -3.42787    -5.09695   0.0616613
         268    -3.49443    -5.09097   0.0617205
         269    -3.45297    -5.08488   0.0617907
         270    -3.47847    -5.07893   0.0618476
         271    -3.40964    -5.07277   0.0619253
         272    -3.34977    -5.06644   0.0620208
         273    -3.44112    -5.06049   0.0620787
         274    -3.40497    -5.05444   0.0621455
         275     -3.3423    -5.04822   0.0622306
         276    -3.33868    -5.04202   0.0623126
         277    -3.28114    -5.03567   0.0624111
         278    -3.19283    -5.02904   0.0625376
         279    -3.24292    -5.02264   0.0626403
         280    -3.27024    -5.01638   0.0627285
         281    -3.33795     -5.0104    0.062789
         282    -3.39261    -5.00467   0.0628278
         283    -3.40707    -4.99902   0.0628589
         284    -3.44967    -4.99357   0.0628739
         285    -3.41548    -4.98803   0.0628966
         286    -3.48278    -4.98277   0.0628965
         287    -3.55015    -4.97778   0.0628752
         288     -3.6615     -4.9732   0.0628227
         289    -3.63061    -4.96856   0.0627769
         290    -3.56456    -4.96372   0.0627468
         291    -3.58193    -4.95897   0.0627106
         292    -3.57205    -4.95422   0.0626755
         293    -3.60979    -4.94963   0.0626293
         294    -3.56003     -4.9449   0.0625944
         295    -3.52983    -4.94011   0.0625657
         296    -3.60673     -4.9356   0.0625163
         297    -3.60689    -4.93113   0.0624657
         298    -3.56817    -4.92656   0.0624233
         299    -3.51611    -4.92184   0.0623925
         300    -3.50659    -4.91712   0.0623626
         301     -3.4999    -4.91241   0.0623329
         302    -3.56069    -4.90794    0.062287
         303    -3.59031    -4.90359    0.062233
         304    -3.61757    -4.89936   0.0621719
         305    -3.63462    -4.89521   0.0621062
         306     -3.6328    -4.89109   0.0620401
         307    -3.59851    -4.88688   0.0619808
         308    -3.69387      -4.883   0.0619004
         309     -3.6783     -4.8791   0.0618228
         310    -3.65464    -4.87515   0.0617494
         311    -3.66812    -4.87127   0.0616727
         312    -3.77175    -4.86775   0.0615756
         313    -3.70808    -4.86404   0.0614903
         314     -3.7223    -4.86041   0.0614018
         315    -3.68851    -4.85669   0.0613195
         316    -3.73788    -4.85315   0.0612276
         317    -3.70268    -4.84952   0.0611419
         318    -3.67357    -4.84582   0.0610614
         319    -3.67522    -4.84215   0.0609801
         320    -3.65243    -4.83843   0.0609028
         321    -3.70934    -4.83491   0.0608146
         322    -3.75996    -4.83158   0.0607172
         323    -3.73748    -4.82819   0.0606237
         324    -3.64885    -4.82455   0.0605457
         325    -3.68067    -4.82103   0.0604617
         326    -3.71516    -4.81764   0.0603713
         327    -3.73014    -4.81431   0.0602782
         328    -3.67863    -4.81085   0.0601938
         329    -3.70875     -4.8075    0.060104
         330    -3.65479    -4.80401   0.0600232
         331    -3.60127    -4.80037   0.0599518
         332    -3.62367    -4.79683   0.0598759
         333    -3.60155    -4.79324   0.0598036
         334    -3.64926    -4.78981   0.0597225
         335    -3.62022    -4.78632   0.0596462
         336     -3.6131    -4.78283   0.0595708
         337    -3.55448    -4.77919   0.0595054
         338    -3.51667    -4.77545   0.0594465
         339    -3.51407    -4.77173   0.0593875
         340    -3.48228    -4.76794   0.0593338
         341    -3.46438    -4.76411   0.0592828
         342    -3.54123    -4.76054   0.0592172
         343    -3.35572    -4.75644    0.059186
         344    -3.26183     -4.7521   0.0591732
         345      -3.211    -4.74763   0.0591701
         346    -3.15854    -4.74304    0.059177
         347    -3.07722    -4.73824   0.0592009
         348    -3.14908    -4.73367   0.0592066
         349    -3.09039    -4.72896   0.0592239
         350    -3.17383    -4.72452   0.0592212
         351    -3.16104    -4.72006   0.0592197
         352    -3.21296    -4.71578   0.0592061
         353    -3.25436    -4.71164   0.0591829
         354    -3.31454     -4.7077   0.0591472
         355    -3.32069    -4.70379   0.0591095
         356    -3.43516    -4.70023   0.0590507
         357    -3.42732    -4.69666   0.0589929
         358    -3.49125    -4.69329   0.0589241
         359    -3.43387    -4.68979   0.0588643
         360    -3.45318    -4.68635   0.0588009
         361    -3.45158    -4.68293   0.0587374
         362    -3.47322    -4.67959   0.0586702
         363    -3.41273     -4.6761   0.0586123
         364    -3.45378    -4.67274   0.0585473
         365    -3.41064    -4.66928    0.058489
         366    -3.47885    -4.66603   0.0584195
         367    -3.47208    -4.66278   0.0583509
         368    -3.44133    -4.65946   0.0582866
         369    -3.45121    -4.65618   0.0582206
         370    -3.43254    -4.65288   0.0581571
         371    -3.44281    -4.64961   0.0580917
         372      -3.471    -4.64645   0.0580219
         373    -3.47447     -4.6433   0.0579513
         374    -3.45754    -4.64013    0.057883
         375    -3.41702    -4.63687   0.0578205
         376    -3.38504    -4.63354   0.0577625
         377    -3.37379     -4.6302   0.0577059
         378    -3.46001     -4.6271   0.0576362
         379    -3.44577    -4.62399   0.0575683
         380    -3.44867    -4.62089   0.0574999
         381    -3.39069    -4.61767   0.0574395
         382    -3.32735    -4.61429   0.0573884
         383    -3.40791    -4.61114   0.0573249
         384    -3.33384    -4.60781   0.0572721
         385    -3.32654    -4.60448   0.0572199
         386    -3.34363    -4.60122   0.0571648
         387    -3.38521    -4.59808   0.0571034
         388    -3.33519    -4.59482   0.0570489
         389    -3.38436    -4.59171   0.0569871
         390     -3.4168     -4.5887   0.0569205
         391    -3.31537    -4.58544    0.056868
         392    -3.25504    -4.58205   0.0568241
         393    -3.27051    -4.57871   0.0567775
         394    -3.29301    -4.57545   0.0567271
         395    -3.29377     -4.5722   0.0566762
         396    -3.28421    -4.56895   0.0566263
         397     -3.2873    -4.56572   0.0565756
         398    -3.27946    -4.56249   0.0565257
         399    -3.26117    -4.55923    0.056478
         400     -3.2544    -4.55596    0.056431
         401    -3.20744     -4.5526   0.0563904
         402    -3.33893    -4.54958   0.0563308
         403    -3.22281    -4.54629   0.0562872
         404     -3.1452    -4.54282   0.0562546
         405    -3.13114    -4.53934   0.0562236
         406     -3.1915    -4.53602    0.056183
         407    -3.20596    -4.53275   0.0561399
         408    -3.13941    -4.52933   0.0561061
         409    -3.19013    -4.52606   0.0560644
         410    -3.18667    -4.52279   0.0560228
         411    -3.25766    -4.51971    0.055971
         412    -3.20003    -4.51651   0.0559267
         413    -3.26456    -4.51348   0.0558734
         414    -3.27024    -4.51048    0.055819
         415    -3.29243    -4.50754   0.0557617
         416    -3.27906    -4.50459   0.0557058
         417    -3.31958    -4.50175   0.0556446
         418    -3.29111    -4.49885   0.0555868
         419    -3.36185    -4.49614   0.0555203
         420    -3.36364    -4.49344   0.0554536
         421    -3.39456    -4.49083   0.0553833
         422    -3.34867    -4.48812   0.0553181
         423    -3.31667    -4.48535   0.0552566
         424    -3.37887    -4.48275   0.0551879
         425    -3.38687    -4.48017   0.0551182
         426    -3.35395    -4.47752   0.0550522
         427    -3.25135    -4.47465   0.0549981
         428    -3.25777    -4.47181   0.0549431
         429    -3.22794    -4.46891   0.0548914
         430    -3.14001    -4.46582   0.0548507
         431    -3.09765    -4.46264   0.0548152
         432    -3.10407     -4.4595   0.0547785
         433    -3.14443    -4.45646   0.0547361
         434    -3.11994    -4.45338   0.0546965
         435    -3.06851     -4.4502   0.0546634
         436    -2.98512    -4.44684   0.0546412
         437    -2.91765    -4.44334   0.0546281
         438    -2.94921    -4.43993   0.0546098
         439    -2.90225    -4.43643   0.0545976
         440    -2.79969    -4.43271   0.0546001
         441    -2.79566    -4.42899   0.0546023
         442    -2.84673    -4.42541    0.054596
         443    -2.76358    -4.42166   0.0546015
         444    -2.87194    -4.41817     0.05459
         445    -2.90484    -4.41477   0.0545731
         446    -2.97304    -4.41154   0.0545464
         447    -2.96771    -4.40831   0.0545199
         448    -3.08613    -4.40536    0.054478
         449    -3.13589    -4.40253     0.05443
         450    -3.10342    -4.39964   0.0543856
         451    -3.03184    -4.39661   0.0543495
         452    -3.04664    -4.39362   0.0543112
         453    -3.04303    -4.39064   0.0542731
         454    -3.01532    -4.38761   0.0542381
         455    -3.01317    -4.38459   0.0542029
         456    -2.94205    -4.38143   0.0541763
         457    -3.00883    -4.37842   0.0541409
         458    -3.06246    -4.37555   0.0540989
         459    -3.07459    -4.37272   0.0540552
         460    -3.01825    -4.36977   0.0540179
         461    -3.01712    -4.36684   0.0539803
         462    -3.01969    -4.36392   0.0539422
         463    -2.99077    -4.36096   0.0539071
         464    -2.89058    -4.35779    0.053884
         465    -2.92928    -4.35472   0.0538556
         466    -2.92412    -4.35165   0.0538275
         467    -2.97526     -4.3487   0.0537929
         468    -2.97736    -4.34577   0.0537577
         469     -3.0112    -4.34292   0.0537183
         470    -3.09718    -4.34027   0.0536694
         471    -3.04555    -4.33752   0.0536258
         472    -2.98048    -4.33465   0.0535892
         473    -2.95001    -4.33172   0.0535558
         474     -2.9745    -4.32886   0.0535193
         475    -2.97323      -4.326   0.0534826
         476    -3.00735    -4.32323    0.053442
         477    -3.10428    -4.32068    0.053391
         478      -3.172    -4.31827   0.0533334
         479     -3.1674    -4.31587   0.0532761
         480    -3.17679     -4.3135   0.0532179
         481    -3.10266    -4.31098   0.0531668
         482    -3.18547    -4.30865   0.0531078
         483    -3.20266    -4.30636   0.0530471
         484    -3.24243    -4.30416   0.0529831
         485    -3.16478    -4.30181   0.0529259
         486    -3.20602    -4.29955    0.052865
         487    -3.24975     -4.2974   0.0528004
         488    -3.27668    -4.29531   0.0527336
         489    -3.32901    -4.29333   0.0526628
         490    -3.32369    -4.29135   0.0525924
         491     -3.2685    -4.28927   0.0525266
         492    -3.23419    -4.28712   0.0524636
         493      -3.234    -4.28499   0.0524006
         494    -3.27512    -4.28294   0.0523344
         495     -3.2566    -4.28087   0.0522697
         496    -3.23605    -4.27876   0.0522068
         497    -3.28307    -4.27676   0.0521402
         498    -3.31201    -4.27482   0.0520715
         499    -3.36976    -4.27301   0.0519987
         500    -3.37499    -4.27121   0.0519257
         501    -3.35118    -4.26938   0.0518545
         502    -3.34986    -4.26755   0.0517836
         503    -3.34316    -4.26571   0.0517132
         504    -3.27843    -4.26375   0.0516477
         505    -3.29841    -4.26184   0.0515808
         506    -3.25098    -4.25984   0.0515175
         507    -3.23405    -4.25782   0.0514556
         508    -3.22236    -4.25578   0.0513947
         509     -3.2205    -4.25374   0.0513339
         510     -3.2164    -4.25171   0.0512736
         511    -3.16553    -4.24958   0.0512173
         512      -3.208    -4.24755   0.0511576
         513    -3.18421    -4.24548   0.0510999
         514    -3.16959    -4.24338   0.0510433
         515    -3.20667    -4.24137   0.0509839
         516    -3.21838    -4.23939   0.0509236
         517    -3.12802    -4.23724   0.0508704
         518    -3.16987    -4.23518    0.050814
         519    -3.07837    -4.23295   0.0507649
         520    -3.05232    -4.23068    0.050718
         521     -3.0503    -4.22841   0.0506713
         522    -3.04019    -4.22614   0.0506253
         523    -3.02684    -4.22384   0.0505804
         524    -2.97594    -4.22146   0.0505399
         525    -2.92624      -4.219   0.0505038
         526    -3.09953    -4.21687   0.0504526
         527    -3.08509    -4.21472   0.0504026
         528    -3.02851    -4.21247   0.0503572
         529    -3.07183    -4.21032   0.0503081
         530    -3.10973    -4.20824    0.050256
         531     -2.9539    -4.20588   0.0502169
         532    -3.03284    -4.20367   0.0501709
         533    -3.00296    -4.20142   0.0501273
         534    -3.12223     -4.1994   0.0500741
         535    -3.12473    -4.19739   0.0500208
         536    -3.13966    -4.19542   0.0499664
         537    -3.12881    -4.19343   0.0499128
         538    -3.12902    -4.19145   0.0498592
         539    -3.15119    -4.18952   0.0498041
         540    -3.09887     -4.1875   0.0497528
         541    -3.10262     -4.1855   0.0497012
         542    -3.00544    -4.18332   0.0496572
         543     -2.9435    -4.18104   0.0496182
         544    -3.00243    -4.17887   0.0495743
         545    -2.91954    -4.17656   0.0495371
         546    -2.94978    -4.17431   0.0494973
         547    -2.95845    -4.17209   0.0494567
         548     -2.9446    -4.16985   0.0494172
         549    -2.95907    -4.16765   0.0493764
         550    -2.88282    -4.16531   0.0493418
         551    -2.92498    -4.16306   0.0493036
         552     -2.8732    -4.16072   0.0492696
         553    -2.93933    -4.15851     0.04923
         554    -2.95341    -4.15634   0.0491892
         555    -2.96722    -4.15419   0.0491472
         556    -2.94818    -4.15203   0.0491066
         557     -2.9608    -4.14989    0.049065
         558    -2.95002    -4.14774   0.0490242
         559    -2.96519    -4.14562   0.0489821
         560    -2.86113    -4.14333   0.0489483
         561    -2.94836     -4.1412   0.0489074
         562    -2.83574    -4.13887   0.0488755
         563    -2.88592    -4.13665   0.0488393
         564    -2.89151    -4.13444   0.0488026
         565    -2.94745    -4.13234   0.0487614
         566    -2.88083    -4.13013   0.0487254
         567    -2.79308    -4.12777   0.0486965
         568    -2.87086    -4.12556    0.048661
         569    -2.82671    -4.12328    0.048629
         570    -2.75592    -4.12088   0.0486028
         571    -2.77285    -4.11852    0.048575
         572    -2.82691    -4.11626   0.0485425
         573    -2.86174    -4.11407   0.0485071
         574    -2.81907    -4.11181   0.0484751
         575    -2.81025    -4.10955   0.0484436
         576     -2.9168    -4.10748   0.0484037
         577    -2.88103    -4.10535   0.0483665
         578    -2.91504    -4.10329   0.0483266
         579     -2.8762    -4.10117   0.0482896
         580    -2.88155    -4.09907   0.0482521
         581    -2.85234    -4.09693   0.0482167
         582    -2.86782    -4.09481   0.0481801
         583    -2.79676    -4.09259   0.0481489
         584    -2.86726    -4.09049   0.0481122
         585    -2.80146    -4.08829   0.0480803
         586     -2.6935    -4.08591   0.0480572
         587    -2.71275    -4.08357   0.0480322
         588     -2.7689    -4.08133   0.0480025
         589    -2.78755    -4.07913   0.0479713
         590    -2.81102    -4.07698   0.0479381
         591    -2.86521    -4.07493   0.0479008
         592    -2.78903    -4.07276   0.0478691
         593    -2.87959    -4.07075   0.0478306
         594    -2.84858    -4.06869   0.0477944
         595    -2.83834    -4.06662   0.0477587
         596    -2.71604    -4.06436   0.0477323
         597    -2.70561    -4.06208   0.0477066
         598    -2.68631    -4.05978   0.0476823
         599    -2.69123     -4.0575   0.0476574
         600    -2.57013    -4.05502   0.0476424
         601    -2.64626    -4.05267   0.0476207
         602    -2.68903    -4.05041   0.0475955
         603    -2.72803    -4.04822    0.047567
         604    -2.83375     -4.0462   0.0475308
         605    -2.80147    -4.04415   0.0474967
         606    -2.82597    -4.04214   0.0474609
         607    -2.77976    -4.04006   0.0474282
         608    -2.75901    -4.03795    0.047397
         609     -2.8076    -4.03593   0.0473622
         610    -2.79991     -4.0339   0.0473279
         611    -2.85417    -4.03197   0.0472898
         612    -2.93002    -4.03017   0.0472468
         613    -2.94126     -4.0284   0.0472031
         614    -2.90563    -4.02657   0.0471616
         615     -2.8797     -4.0247   0.0471218
         616    -2.92013    -4.02291   0.0470794
         617    -2.84596      -4.021   0.0470417
         618    -2.83302    -4.01908   0.0470049
         619    -2.80615    -4.01712   0.0469697
         620    -2.81777    -4.01519   0.0469338
         621    -2.73874    -4.01313   0.0469032
         622    -2.76077    -4.01112    0.046871
         623    -2.70033    -4.00901    0.046843
         624    -2.67041    -4.00687    0.046817
         625    -2.75071    -4.00486   0.0467852
         626    -2.71797     -4.0028   0.0467556
         627    -2.68792    -4.00071    0.046728
         628    -2.67201    -3.99859   0.0467015
         629    -2.60701    -3.99638   0.0466796
         630    -2.60576    -3.99417   0.0466577
         631     -2.6284    -3.99201   0.0466339
         632    -2.61407    -3.98983   0.0466111
         633    -2.70526     -3.9878   0.0465816
         634    -2.66357    -3.98571   0.0465549
         635    -2.71996    -3.98371   0.0465243
         636    -2.63656     -3.9816   0.0464993
         637      -2.591    -3.97941   0.0464775
         638    -2.63053     -3.9773   0.0464528
         639    -2.65957    -3.97524   0.0464258
         640    -2.65037    -3.97317   0.0463994
         641    -2.61498    -3.97105   0.0463754
         642    -2.60116    -3.96891   0.0463522
         643    -2.58993    -3.96677   0.0463297
         644    -2.56029    -3.96458   0.0463092
         645    -2.60085    -3.96247   0.0462856
         646     -2.5769    -3.96033   0.0462637
         647    -2.57463    -3.95818   0.0462417
         648     -2.6376    -3.95615   0.0462152
         649    -2.59219    -3.95404   0.0461918
         650    -2.65494    -3.95205   0.0461639
         651    -2.69708    -3.95012   0.0461333
         652    -2.68424    -3.94818   0.0461033
         653    -2.74774    -3.94634   0.0460694
         654     -2.7067    -3.94444   0.0460379
         655    -2.66859    -3.94249   0.0460088
         656    -2.68399    -3.94058   0.0459787
         657    -2.71526    -3.93871   0.0459465
         658    -2.69552    -3.93682   0.0459155
         659    -2.57262    -3.93475   0.0458924
         660     -2.7209    -3.93291   0.0458598
         661    -2.77184    -3.93116    0.045824
         662    -2.81855    -3.92948   0.0457856
         663    -2.80328    -3.92778    0.045748
         664     -2.7943    -3.92607    0.045711
         665    -2.83765    -3.92443   0.0456715
         666    -2.84802    -3.92282   0.0456315
         667     -2.7988    -3.92113   0.0455942
         668    -2.80144    -3.91946   0.0455568
         669    -2.80251    -3.91779   0.0455193
         670    -2.83848    -3.91617   0.0454798
         671    -2.84026    -3.91457   0.0454403
         672    -2.81867    -3.91294   0.0454019
         673    -2.86136    -3.91138   0.0453613
         674      -2.907    -3.90989   0.0453185
         675    -2.91294    -3.90841   0.0452754
         676    -2.91484    -3.90694   0.0452323
         677    -2.94028    -3.90551    0.045188
         678    -2.91393    -3.90405    0.045145
         679     -2.8555    -3.90251    0.045105
         680    -2.82973    -3.90093   0.0450662
         681    -2.79702    -3.89931   0.0450292
         682    -2.83041    -3.89774   0.0449904
         683    -2.71411    -3.89601   0.0449579
         684    -2.71774    -3.89429   0.0449252
         685    -2.82542    -3.89272   0.0448867
         686    -2.83471    -3.89118   0.0448477
         687     -2.8046     -3.8896   0.0448103
         688    -2.81827    -3.88804   0.0447723
         689    -2.83754    -3.88652   0.0447332
         690    -2.76857     -3.8849   0.0446977
         691    -2.65997    -3.88313   0.0446682
         692    -2.69311    -3.88141   0.0446367
         693    -2.68718    -3.87968   0.0446056
         694     -2.7813     -3.8781   0.0445694
         695    -2.80896    -3.87656   0.0445318
         696     -2.7944    -3.87501   0.0444949
         697    -2.73787    -3.87338    0.044461
         698    -2.75149    -3.87177   0.0444263
         699    -2.78043    -3.87021   0.0443902
         700     -2.8088    -3.86869   0.0443527
         701    -2.81661    -3.86719   0.0443148
         702    -2.86772    -3.86577   0.0442745
         703     -2.8147    -3.86427   0.0442368
         704    -2.81541    -3.86278    0.044199
         705    -2.87957    -3.86139   0.0441583
         706    -2.94242    -3.86009    0.044115
         707    -2.93382    -3.85877    0.044072
         708    -2.88249     -3.8574   0.0440313
         709    -2.85707    -3.85599   0.0439918
         710    -2.88524    -3.85462   0.0439511
         711    -2.92479    -3.85331   0.0439088
         712    -2.85605    -3.85191   0.0438694
         713    -2.88179    -3.85055    0.043829
         714    -2.86517    -3.84917   0.0437893
         715    -2.89385    -3.84783   0.0437485
         716    -2.74037    -3.84629   0.0437147
         717     -2.8187    -3.84485   0.0436772
         718    -2.81756    -3.84342   0.0436398
         719    -2.78695    -3.84195   0.0436038
         720    -2.78123    -3.84048   0.0435682
         721    -2.75252    -3.83897   0.0435339
         722    -2.73196    -3.83744   0.0435006
         723    -2.66196    -3.83581   0.0434708
         724    -2.65878    -3.83419   0.0434411
         725    -2.72466    -3.83266   0.0434081
         726    -2.72411    -3.83113   0.0433752
         727    -2.76207    -3.82966   0.0433404
         728     -2.6891    -3.82809   0.0433092
         729    -2.70818    -3.82655    0.043277
         730     -2.6431    -3.82493   0.0432481
         731    -2.59688    -3.82325   0.0432216
         732    -2.58779    -3.82157   0.0431955
         733    -2.53932    -3.81982   0.0431719
         734    -2.45857    -3.81796   0.0431529
         735    -2.48617    -3.81615   0.0431323
         736    -2.52176    -3.81439   0.0431095
         737    -2.54381    -3.81267   0.0430855
         738    -2.53758    -3.81094   0.0430617
         739    -2.46234    -3.80911   0.0430421
         740    -2.48638    -3.80733    0.043021
         741    -2.58757    -3.80568   0.0429944
         742    -2.52241    -3.80395   0.0429713
         743    -2.44316    -3.80212   0.0429524
         744    -2.39782    -3.80023   0.0429362
         745    -2.38215    -3.79833   0.0429207
         746    -2.35966     -3.7964   0.0429065
         747    -2.54771    -3.79473   0.0428816
         748    -2.56312    -3.79308   0.0428559
         749    -2.53252     -3.7914   0.0428317
         750     -2.4791    -3.78965   0.0428103
         751    -2.47741     -3.7879   0.0427889
         752    -2.43261     -3.7861     0.04277
         753    -2.36913    -3.78422   0.0427545
         754    -2.35267    -3.78232     0.04274
         755    -2.26721    -3.78031   0.0427305
         756    -2.35942    -3.77843   0.0427152
         757    -2.49329    -3.77674   0.0426925
         758     -2.4819    -3.77503   0.0426704
         759    -2.49037    -3.77334   0.0426477
         760    -2.46699    -3.77162   0.0426262
         761    -2.50332    -3.76995   0.0426028
         762    -2.54929    -3.76835    0.042577
         763       -2.49    -3.76667   0.0425541
         764    -2.52586    -3.76505   0.0425294
         765    -2.52633    -3.76343   0.0425046
         766    -2.50845    -3.76179   0.0424807
         767     -2.5797    -3.76025   0.0424533
         768     -2.5329    -3.75865   0.0424281
         769    -2.56351     -3.7571   0.0424013
         770    -2.62069    -3.75562    0.042372
         771    -2.57267    -3.75409   0.0423448
         772    -2.50498    -3.75247   0.0423208
         773     -2.5647    -3.75093   0.0422939
         774     -2.5783    -3.74942   0.0422664
         775    -2.53037    -3.74784   0.0422412
         776    -2.58613    -3.74635   0.0422132
         777    -2.54461     -3.7448   0.0421872
         778    -2.43124    -3.74311   0.0421668
         779    -2.45733    -3.74146   0.0421449
         780    -2.44853     -3.7398   0.0421235
         781    -2.42715    -3.73812   0.0421031
         782    -2.40354    -3.73642   0.0420838
         783    -2.35224    -3.73465   0.0420672
         784    -2.36403     -3.7329   0.0420498
         785    -2.33954    -3.73113   0.0420337
         786    -2.27129    -3.72927   0.0420212
         787    -2.17248    -3.72729   0.0420144
         788     -2.1815    -3.72533   0.0420068
         789    -2.19096    -3.72338   0.0419986
         790    -2.17263    -3.72142   0.0419913
         791    -2.19667    -3.71949   0.0419824
         792    -2.19702    -3.71757   0.0419734
         793      -2.205    -3.71566   0.0419638
         794    -2.26013    -3.71383   0.0419509
         795    -2.24457    -3.71198   0.0419389
         796     -2.2936     -3.7102    0.041924
         797     -2.2194    -3.70833   0.0419131
         798    -2.09515    -3.70631   0.0419093
         799    -2.07464    -3.70427   0.0419066
         800    -2.02404    -3.70217   0.0419068
         801    -2.07207    -3.70013   0.0419039
         802    -2.16116    -3.69821   0.0418955
         803    -2.27266    -3.69644    0.041881
         804    -2.19689    -3.69457   0.0418704
         805    -2.23144    -3.69275   0.0418578
         806    -2.22095    -3.69093   0.0418457
         807    -2.19559    -3.68908   0.0418348
         808    -2.23138    -3.68727   0.0418219
         809    -2.21184    -3.68545     0.04181
         810    -2.16366    -3.68357   0.0418006
         811    -2.15416    -3.68168   0.0417915
         812    -2.18193    -3.67984   0.0417809
         813    -2.19941    -3.67801   0.0417691
         814    -2.18924    -3.67619   0.0417578
         815    -2.18584    -3.67436   0.0417466
         816    -2.17699    -3.67252   0.0417358
         817    -2.21269    -3.67074   0.0417229
         818    -2.20782    -3.66895   0.0417102
         819    -2.12441    -3.66706   0.0417019
         820    -2.18885    -3.66526     0.04169
         821    -2.26707    -3.66356    0.041674
         822    -2.13996     -3.6617   0.0416645
         823    -2.13009    -3.65984   0.0416554
         824    -2.31719    -3.65821   0.0416367
         825    -2.29844    -3.65656   0.0416189
         826    -2.24935    -3.65486   0.0416033
         827    -2.27903     -3.6532   0.0415863
         828    -2.32199    -3.65159   0.0415671
         829    -2.25483     -3.6499   0.0415511
         830    -2.18847    -3.64814   0.0415383
         831    -2.11913     -3.6463   0.0415291
         832    -2.21055    -3.64458    0.041515
         833    -2.30288    -3.64297   0.0414964
         834     -2.3264    -3.64139   0.0414767
         835    -2.41605    -3.63992   0.0414529
         836    -2.29494    -3.63831   0.0414346
         837      -2.295    -3.63671   0.0414161
         838    -2.39869    -3.63523    0.041393
         839    -2.46683    -3.63384   0.0413671
         840    -2.32209    -3.63227   0.0413473
         841    -2.28847    -3.63068    0.041329
         842    -2.25909    -3.62905    0.041312
         843    -2.18156    -3.62733   0.0412987
         844    -2.03586    -3.62545   0.0412928
         845    -2.04245    -3.62357   0.0412864
         846    -2.06253    -3.62173   0.0412788
         847    -1.87713    -3.61967   0.0412814
         848     -1.9014    -3.61764   0.0412825
         849    -1.90984    -3.61563   0.0412828
         850    -1.96904    -3.61369   0.0412797
         851    -1.97068    -3.61176   0.0412763
         852    -1.97731    -3.60984   0.0412724
         853    -1.99145    -3.60795   0.0412676
         854    -2.06455    -3.60614   0.0412588
         855    -2.05665    -3.60433   0.0412504
         856    -2.00415    -3.60246   0.0412445
         857    -2.13203    -3.60074    0.041232
         858    -2.16177    -3.59906   0.0412181
         859    -2.06704    -3.59728   0.0412087
         860    -2.03703    -3.59547   0.0412007
         861    -2.02778    -3.59365    0.041193
         862    -2.11152    -3.59193   0.0411811
         863    -2.18252    -3.59029   0.0411658
         864    -2.18945    -3.58867     0.04115
         865    -2.26735    -3.58714   0.0411308
         866    -2.27172    -3.58562   0.0411113
         867    -2.25106    -3.58409   0.0410927
         868    -2.28828    -3.58259   0.0410725
         869    -2.33919    -3.58116   0.0410502
         870    -2.34788    -3.57974   0.0410274
         871    -2.30765    -3.57828   0.0410063
         872    -2.34693    -3.57687   0.0409836
         873    -2.35243    -3.57547   0.0409607
         874    -2.33408    -3.57405   0.0409384
         875    -2.29045    -3.57258   0.0409179
         876    -2.30603    -3.57114   0.0408967
         877    -2.28719    -3.56967   0.0408763
         878    -2.28914    -3.56821   0.0408557
         879    -2.30404    -3.56678   0.0408346
         880    -2.33827    -3.56538    0.040812
         881    -2.39862    -3.56405   0.0407872
         882    -2.36171    -3.56269   0.0407637
         883    -2.41593    -3.56139   0.0407382
         884    -2.37093    -3.56005   0.0407144
         885    -2.28384     -3.5586   0.0406939
         886    -2.29339    -3.55718    0.040673
         887    -2.24919     -3.5557   0.0406539
         888    -2.26147    -3.55424   0.0406342
         889    -2.28306    -3.55281   0.0406137
         890     -2.2203    -3.55132   0.0405956
         891     -2.2533    -3.54986   0.0405762
         892    -2.26043    -3.54841   0.0405565
         893    -2.20681    -3.54691   0.0405389
         894    -2.23688    -3.54545     0.04052
         895    -2.23774    -3.54399    0.040501
         896    -2.22948    -3.54252   0.0404824
         897    -2.28827    -3.54112   0.0404614
         898    -2.27932    -3.53972   0.0404408
         899    -2.27482    -3.53831   0.0404202
         900    -2.23233    -3.53686   0.0404014
         901    -2.25152    -3.53543   0.0403817
         902     -2.2542    -3.53401   0.0403619
         903    -2.20167    -3.53253   0.0403442
         904    -2.26354    -3.53113    0.040324
         905    -2.24133    -3.52971   0.0403046
         906     -2.2731    -3.52832   0.0402839
         907    -2.32925      -3.527   0.0402612
         908    -2.34401    -3.52569    0.040238
         909    -2.27309    -3.52432   0.0402173
         910    -2.30244    -3.52297   0.0401955
         911    -2.34537    -3.52168   0.0401721
         912    -2.29927    -3.52034   0.0401505
         913    -2.27368    -3.51897   0.0401297
         914     -2.1374    -3.51746   0.0401142
         915    -2.08958     -3.5159   0.0401007
         916    -2.11683    -3.51438    0.040086
         917    -2.19079    -3.51293   0.0400683
         918    -2.24838    -3.51155   0.0400483
         919    -2.30398    -3.51024   0.0400263
         920     -2.2867    -3.50891   0.0400049
         921    -2.30031     -3.5076    0.039983
         922    -2.27447    -3.50626    0.039962
         923    -2.26592    -3.50492   0.0399413
         924    -2.40774    -3.50373   0.0399157
         925    -2.28919    -3.50242   0.0398941
         926     -2.2671    -3.50108   0.0398733
         927    -2.32133    -3.49981   0.0398506
         928    -2.29496    -3.49851   0.0398288
         929    -2.26061    -3.49718   0.0398082
         930    -2.20946    -3.49579   0.0397895
         931    -2.22687    -3.49443   0.0397701
         932    -2.22384    -3.49307   0.0397508
         933    -2.07539    -3.49155   0.0397372
         934     -2.1095    -3.49007   0.0397222
         935    -2.07776    -3.48856   0.0397084
         936    -2.07209    -3.48705   0.0396948
         937    -2.13482     -3.4856   0.0396787
         938    -2.12272    -3.48415    0.039663
         939    -2.11813    -3.48269   0.0396474
         940    -2.14864    -3.48128   0.0396306
         941    -2.02407    -3.47973   0.0396188
         942    -1.98523    -3.47814   0.0396085
         943    -1.98541    -3.47656   0.0395981
         944    -2.07343    -3.47507    0.039584
         945    -2.09288    -3.47361   0.0395691
         946    -2.11103    -3.47217   0.0395535
         947      -2.165    -3.47079   0.0395358
         948    -2.09367    -3.46933   0.0395208
         949    -2.12702    -3.46792   0.0395045
         950    -2.08579    -3.46647   0.0394897
         951    -2.10061    -3.46503   0.0394742
         952    -2.02297    -3.46351   0.0394618
         953    -2.05851    -3.46204    0.039448
         954    -2.06224    -3.46057   0.0394339
         955    -2.20222    -3.45926   0.0394146
         956    -2.24193    -3.45798   0.0393939
         957    -2.40253    -3.45688   0.0393682
         958    -2.31015    -3.45568   0.0393453
         959    -2.27251    -3.45445   0.0393236
         960    -2.19638    -3.45314   0.0393045
         961    -2.20332    -3.45184   0.0392851
         962    -2.23985    -3.45058   0.0392645
         963    -2.10167    -3.44918   0.0392487
         964    -2.06977    -3.44775    0.039234
         965    -2.13656    -3.44639   0.0392169
         966    -2.09392    -3.44499   0.0392013
         967    -1.99197    -3.44348   0.0391895
         968    -1.98543    -3.44198    0.039178
         969    -2.04041    -3.44053   0.0391642
         970    -2.02925    -3.43908   0.0391509
         971    -2.07152    -3.43767   0.0391359
         972    -2.04736    -3.43624   0.0391217
         973    -2.02595    -3.43479   0.0391084
         974    -2.01867    -3.43333   0.0390952
         975    -1.96885    -3.43183    0.039084
         976    -1.92601    -3.43029   0.0390744
         977     -1.8704    -3.42869    0.039067
         978    -1.84561    -3.42707   0.0390606
         979    -1.77458    -3.42539   0.0390571
         980    -1.69257    -3.42362   0.0390573
         981    -1.56935    -3.42173   0.0390632
         982      -1.601    -3.41987   0.0390674
         983    -1.57641      -3.418   0.0390726
         984    -1.57488    -3.41613   0.0390778
         985    -1.66301    -3.41435   0.0390786
         986     -1.7293    -3.41264   0.0390763
         987    -1.81176    -3.41101   0.0390704
         988     -1.8064    -3.40939   0.0390646
         989     -1.8382     -3.4078   0.0390574
         990    -1.94159    -3.40632    0.039046
         991    -1.95939    -3.40486   0.0390339
         992    -1.98795    -3.40343   0.0390206
         993    -1.93904    -3.40196   0.0390092
         994    -1.90613    -3.40045    0.038999
         995    -1.82658    -3.39887   0.0389919
         996    -1.83783     -3.3973   0.0389842
         997     -1.8191    -3.39572   0.0389772
         998    -1.89763    -3.39422   0.0389671
         999    -1.97313     -3.3928    0.038954
        1000    -1.95553    -3.39136   0.0389416
        1001    -1.85148    -3.38982    0.038933
        1002    -1.80848    -3.38824   0.0389261
        1003    -1.87076    -3.38673   0.0389167
        1004     -1.8978    -3.38525   0.0389062
        1005    -1.97472    -3.38384   0.0388928
        1006    -1.92084    -3.38239   0.0388813
        1007    -1.85575    -3.38087   0.0388723
        1008    -1.80866    -3.37931    0.038865
        1009    -1.80715    -3.37776   0.0388577
        1010    -1.83465    -3.37623   0.0388492
        1011    -1.80816    -3.37468   0.0388417
        1012    -1.88994    -3.37321   0.0388311
        1013     -1.8341    -3.37169   0.0388224
        1014    -1.86814    -3.37021   0.0388125
        1015    -1.85209    -3.36871    0.038803
        1016    -1.81394    -3.36718    0.038795
        1017    -1.78332    -3.36562   0.0387881
        1018    -1.82753    -3.36411   0.0387794
        1019     -1.9226     -3.3627   0.0387672
        1020    -1.99145    -3.36135   0.0387525
        1021    -2.04159    -3.36006    0.038736
        1022    -2.03412    -3.35876   0.0387199
        1023    -1.92592    -3.35736   0.0387073
        1024    -1.80977    -3.35585    0.038699
        1025     -1.8378    -3.35437   0.0386896
        1026    -1.88199    -3.35294   0.0386785
        1027    -1.82199    -3.35145   0.0386696
        1028    -1.75979     -3.3499   0.0386629
        1029    -1.80874     -3.3484   0.0386544
        1030    -1.77351    -3.34687   0.0386471
        1031    -1.88585    -3.34545   0.0386355
        1032    -1.89438    -3.34405   0.0386237
        1033    -1.96208    -3.34271   0.0386095
        1034     -1.9522    -3.34136   0.0385955
        1035    -1.99674    -3.34007   0.0385801
        1036    -1.96943    -3.33874   0.0385655
        1037    -1.96531    -3.33742   0.0385511
        1038    -1.95453    -3.33609    0.038537
        1039    -1.95991    -3.33476   0.0385226
        1040    -2.00596    -3.33348   0.0385068
        1041    -1.99061    -3.33219   0.0384914
        1042    -1.96248    -3.33088   0.0384769
        1043     -1.9182    -3.32952   0.0384638
        1044    -1.81982    -3.32808   0.0384541
        1045    -1.74366    -3.32656   0.0384472
        1046    -1.73007    -3.32504   0.0384407
        1047    -1.76307    -3.32354    0.038433
        1048    -1.79575    -3.32209   0.0384239
        1049    -1.69778    -3.32054   0.0384185
        1050    -1.73287    -3.31903   0.0384117
        1051    -1.68701    -3.31747   0.0384065
        1052    -1.71289    -3.31595   0.0384002
        1053     -1.7087    -3.31442   0.0383941
        1054    -1.70356    -3.31289   0.0383881
        1055    -1.75029    -3.31141   0.0383803
        1056    -1.74489    -3.30993   0.0383726
        1057    -1.72614    -3.30843   0.0383655
        1058    -1.75402    -3.30696   0.0383574
        1059    -1.72636    -3.30547   0.0383502
        1060    -1.73219    -3.30398   0.0383427
        1061    -1.82779    -3.30259   0.0383318
        1062    -1.87002    -3.30124   0.0383194
        1063    -1.70777    -3.29975   0.0383127
        1064     -1.7944    -3.29833   0.0383028
        1065    -1.77746     -3.2969   0.0382935
        1066    -1.78359    -3.29548   0.0382838
        1067    -1.78587    -3.29407   0.0382741
        1068    -1.75018    -3.29262   0.0382655
        1069    -1.70685    -3.29114   0.0382585
        1070    -1.71853    -3.28967    0.038251
        1071    -1.75001    -3.28823   0.0382422
        1072    -1.61408    -3.28667   0.0382384
        1073    -1.52419    -3.28503   0.0382381
        1074    -1.51938    -3.28338   0.0382378
        1075    -1.57829     -3.2818   0.0382351
        1076    -1.59179    -3.28023   0.0382318
        1077     -1.5742    -3.27864   0.0382291
        1078     -1.5512    -3.27704   0.0382272
        1079    -1.61902     -3.2755   0.0382227
        1080    -1.57797    -3.27393   0.0382196
        1081    -1.68052    -3.27246   0.0382126
        1082    -1.68811    -3.27099   0.0382054
        1083    -1.74304    -3.26958   0.0381961
        1084    -1.81171    -3.26824   0.0381846
        1085    -1.80398    -3.26689   0.0381732
        1086    -1.84791    -3.26558   0.0381604
        1087    -1.85824    -3.26429   0.0381473
        1088    -1.76388    -3.26291   0.0381371
        1089    -1.88629    -3.26164    0.038123
        1090    -1.92347    -3.26042   0.0381078
        1091    -2.02523    -3.25928   0.0380897
        1092    -1.99044    -3.25812   0.0380726
        1093    -1.97441    -3.25695   0.0380558
        1094    -1.90791    -3.25571    0.038041
        1095    -1.94344    -3.25452   0.0380252
        1096    -1.82147    -3.25321   0.0380129
        1097    -1.87407    -3.25195   0.0379991
        1098    -1.87031    -3.25069   0.0379853
        1099    -1.85453    -3.24942    0.037972
        1100    -1.79584     -3.2481   0.0379604
        1101    -1.80587    -3.24679   0.0379485
        1102    -1.74785    -3.24543   0.0379385
        1103    -1.68708    -3.24402   0.0379304
        1104    -1.71617    -3.24263   0.0379213
        1105    -1.77706    -3.24131   0.0379101
        1106    -1.70034    -3.23991   0.0379014
        1107    -1.69515    -3.23852   0.0378929
        1108    -1.66569     -3.2371   0.0378853
        1109     -1.6245    -3.23565    0.037879
        1110    -1.51269    -3.23409   0.0378767
        1111    -1.37398    -3.23242   0.0378796
        1112    -1.41716    -3.23079   0.0378807
        1113    -1.49115    -3.22922   0.0378789
        1114    -1.50164    -3.22767   0.0378766
        1115    -1.45924    -3.22609   0.0378758
        1116    -1.52107    -3.22456   0.0378727
        1117    -1.49337    -3.22301   0.0378705
        1118    -1.52183    -3.22149   0.0378671
        1119    -1.51507    -3.21996    0.037864
        1120      -1.416    -3.21835   0.0378644
        1121    -1.48117     -3.2168   0.0378624
        1122    -1.56005    -3.21533   0.0378574
        1123    -1.51837    -3.21381   0.0378538
        1124    -1.45776    -3.21225   0.0378524
        1125    -1.46735     -3.2107   0.0378505
        1126    -1.52602     -3.2092   0.0378464
        1127    -1.47597    -3.20767   0.0378441
        1128    -1.61241    -3.20625    0.037837
        1129    -1.58218    -3.20481   0.0378308
        1130    -1.60562     -3.2034   0.0378238
        1131     -1.6239      -3.202   0.0378161
        1132    -1.61163     -3.2006   0.0378088
        1133    -1.65026    -3.19923   0.0378002
        1134    -1.61228    -3.19783   0.0377927
        1135    -1.56873    -3.19639   0.0377867
        1136    -1.56794    -3.19496   0.0377806
        1137    -1.68081    -3.19363   0.0377708
        1138    -1.65839    -3.19228   0.0377617
        1139    -1.59641    -3.19088   0.0377545
        1140    -1.57471    -3.18946    0.037748
        1141    -1.69175    -3.18815   0.0377378
        1142    -1.61603    -3.18677   0.0377298
        1143    -1.63892    -3.18542   0.0377211
        1144    -1.67209    -3.18409   0.0377113
        1145    -1.71422    -3.18281   0.0377002
        1146    -1.71442    -3.18153   0.0376891
        1147    -1.62681    -3.18017   0.0376806
        1148    -1.64687    -3.17884   0.0376714
        1149    -1.64266     -3.1775   0.0376624
        1150    -1.66871    -3.17619   0.0376525
        1151    -1.67911    -3.17489   0.0376422
        1152    -1.65106    -3.17357   0.0376328
        1153    -1.57975    -3.17218   0.0376255
        1154    -1.47815    -3.17072   0.0376215
        1155    -1.44404    -3.16922   0.0376187
        1156    -1.45456    -3.16774   0.0376153
        1157    -1.44747    -3.16625   0.0376122
        1158    -1.43261    -3.16475   0.0376095
        1159    -1.48633    -3.16331   0.0376049
        1160    -1.55558    -3.16192    0.037598
        1161    -1.58543    -3.16056   0.0375902
        1162    -1.53508    -3.15916   0.0375838
        1163    -1.37748    -3.15763   0.0375827
        1164    -1.42283    -3.15614     0.03758
        1165    -1.47623     -3.1547   0.0375754
        1166    -1.52768     -3.1533   0.0375691
        1167     -1.4388    -3.15183   0.0375656
        1168    -1.47358     -3.1504   0.0375609
        1169    -1.46624    -3.14896   0.0375564
        1170    -1.29921    -3.14738   0.0375575
        1171    -1.36674    -3.14586   0.0375562
        1172    -1.48603    -3.14444   0.0375509
        1173    -1.50626    -3.14304   0.0375448
        1174    -1.41928    -3.14157   0.0375416
        1175    -1.40075    -3.14009   0.0375388
        1176      -1.448    -3.13865   0.0375345
        1177    -1.40168    -3.13718   0.0375316
        1178    -1.30806    -3.13563   0.0375318
        1179    -1.30989    -3.13408   0.0375319
        1180    -1.31123    -3.13253   0.0375319
        1181    -1.33452    -3.13101    0.037531
        1182    -1.29594    -3.12946   0.0375313
        1183    -1.18718    -3.12781   0.0375355
        1184     -1.2795    -3.12625   0.0375362
        1185    -1.26245    -3.12468   0.0375375
        1186    -1.20252    -3.12306   0.0375408
        1187    -1.18718    -3.12143   0.0375446
        1188    -1.16243    -3.11978   0.0375492
        1189     -1.0458    -3.11804   0.0375581
        1190    -1.07944    -3.11632   0.0375656
        1191    -1.11416    -3.11464   0.0375717
        1192     -1.2547    -3.11308   0.0375725
        1193    -1.29884    -3.11156   0.0375718
        1194    -1.16344    -3.10993   0.0375757
        1195    -1.17815    -3.10831    0.037579
        1196    -1.15006    -3.10668   0.0375833
        1197    -1.08484    -3.10499   0.0375898
        1198    -1.08424     -3.1033   0.0375963
        1199     -1.1971    -3.10171   0.0375985
        1200     -1.0445        -3.1   0.0376062
        1201    -1.06055     -3.0983   0.0376132
        1202    -1.03011    -3.09658   0.0376213
        1203    -1.03932    -3.09487   0.0376289
        1204     -1.1047    -3.09321   0.0376339
        1205      -1.125    -3.09158   0.0376381
        1206    -1.12894    -3.08995   0.0376421
        1207    -1.11582    -3.08832   0.0376464
        1208    -1.06186    -3.08664   0.0376526
        1209      -1.041    -3.08495   0.0376594
        1210   -0.921926    -3.08316   0.0376707
        1211   -0.753356    -3.08124   0.0376887
        1212    -0.72825    -3.07929   0.0377076
        1213   -0.804611    -3.07742   0.0377231
        1214   -0.783716    -3.07553   0.0377393
        1215   -0.873005    -3.07372   0.0377517
        1216   -0.865363     -3.0719   0.0377644
        1217   -0.955595    -3.07016   0.0377733
        1218   -0.896363    -3.06838   0.0377845
        1219   -0.802307    -3.06652   0.0377992
        1220   -0.937551    -3.06477   0.0378085
        1221   -0.858701    -3.06297   0.0378206
        1222   -0.940389    -3.06123   0.0378296
        1223   -0.977906    -3.05953    0.037837
        1224   -0.924346    -3.05778   0.0378462
        1225   -0.910862    -3.05603   0.0378559
        1226     -1.0382    -3.05438   0.0378608
        1227    -1.02069    -3.05273   0.0378662
        1228    -1.01114    -3.05106   0.0378718
        1229    -1.07108    -3.04945   0.0378753
        1230    -1.13388     -3.0479   0.0378765
        1231     -1.1077    -3.04632   0.0378785
        1232    -1.14322    -3.04477   0.0378792
        1233    -1.11091    -3.04321    0.037881
        1234    -1.16212    -3.04168   0.0378809
        1235    -1.18104    -3.04017   0.0378802
        1236    -1.23002    -3.03871   0.0378779
        1237     -1.2524    -3.03727   0.0378747
        1238    -1.28756    -3.03585   0.0378705
        1239     -1.2188    -3.03439   0.0378683
        1240    -1.19607     -3.0329   0.0378668
        1241    -1.13993    -3.03138    0.037867
        1242    -1.08748    -3.02981   0.0378688
        1243   -0.983235    -3.02817   0.0378742
        1244    -1.01898    -3.02655   0.0378781
        1245     -1.0198    -3.02494    0.037882
        1246    -1.05962    -3.02336   0.0378844
        1247    -1.11832    -3.02184   0.0378848
        1248    -1.16373    -3.02035   0.0378837
        1249    -1.11848    -3.01882    0.037884
        1250     -1.2185    -3.01738    0.037881
        1251    -1.16931    -3.01591   0.0378795
        1252    -1.15396    -3.01442   0.0378785
        1253    -1.16066    -3.01294   0.0378771
        1254    -1.13209    -3.01144   0.0378766
        1255    -1.12093    -3.00993   0.0378764
        1256    -1.07193    -3.00839   0.0378776
        1257    -1.16284    -3.00692   0.0378759
        1258    -1.14768    -3.00544   0.0378746
        1259    -1.07113    -3.00391   0.0378757
        1260    -1.16431    -3.00245   0.0378738
        1261    -1.13881    -3.00097   0.0378726
        1262    -1.20488    -2.99955   0.0378693
        1263    -1.25886    -2.99817   0.0378644
        1264    -1.26222    -2.99679   0.0378593
        1265    -1.31775    -2.99547   0.0378527
        1266    -1.29914    -2.99413   0.0378465
        1267    -1.25917    -2.99276   0.0378414
        1268     -1.2328    -2.99137    0.037837
        1269    -1.18354    -2.98995   0.0378339
        1270    -1.29658    -2.98861   0.0378276
        1271    -1.31098    -2.98729   0.0378209
        1272    -1.32824    -2.98599   0.0378137
        1273    -1.32405    -2.98468   0.0378065
        1274    -1.24643    -2.98332   0.0378014
        1275    -1.19843    -2.98192   0.0377977
        1276    -1.21916    -2.98054   0.0377933
        1277    -1.23232    -2.97917   0.0377885
        1278    -1.19984    -2.97778   0.0377846
        1279    -1.27418    -2.97644   0.0377785
        1280    -1.25343     -2.9751   0.0377729
        1281    -1.27763    -2.97377   0.0377667
        1282    -1.25094    -2.97243   0.0377611
        1283     -1.2933    -2.97112   0.0377544
        1284    -1.38033    -2.96988   0.0377453
        1285    -1.20033     -2.9685    0.037741
        1286    -1.28792     -2.9672   0.0377343
        1287    -1.29332     -2.9659   0.0377274
        1288    -1.21468    -2.96454   0.0377226
        1289    -1.21854    -2.96318   0.0377176
        1290    -1.28122    -2.96188   0.0377109
        1291    -1.36284    -2.96064   0.0377021
        1292    -1.37858    -2.95942   0.0376928
        1293     -1.3095    -2.95814   0.0376852
        1294      -1.316    -2.95687   0.0376774
        1295    -1.27239    -2.95557   0.0376708
        1296    -1.16573    -2.95419    0.037667
        1297    -1.15542     -2.9528   0.0376635
        1298    -1.18171    -2.95144   0.0376592
        1299    -1.13968    -2.95004    0.037656
        1300    -1.14939    -2.94866   0.0376525
        1301    -1.19179    -2.94731   0.0376478
        1302    -1.24935      -2.946   0.0376415
        1303    -1.27762    -2.94472   0.0376343
        1304    -1.13887    -2.94334    0.037631
        1305    -1.08481    -2.94191   0.0376291
        1306    -1.09581     -2.9405   0.0376268
        1307    -1.13949    -2.93912   0.0376232
        1308    -1.08433     -2.9377   0.0376212
        1309    -1.06532    -2.93627   0.0376196
        1310    -1.04054    -2.93483   0.0376187
        1311    -1.04393    -2.93338   0.0376177
        1312   -0.993847    -2.93191    0.037618
        1313   -0.961759     -2.9304   0.0376193
        1314    -1.05423    -2.92898   0.0376178
        1315    -1.04977    -2.92755   0.0376163
        1316   -0.965222    -2.92606   0.0376172
        1317   -0.968964    -2.92457    0.037618
        1318   -0.874976    -2.92302   0.0376216
        1319   -0.899351    -2.92148   0.0376243
        1320   -0.871587    -2.91993   0.0376279
        1321   -0.797116    -2.91832   0.0376337
        1322   -0.876998    -2.91678   0.0376369
        1323    -0.98462    -2.91532   0.0376368
        1324   -0.974207    -2.91385   0.0376369
        1325   -0.982329    -2.91239   0.0376367
        1326    -1.07956    -2.91101   0.0376337
        1327    -1.14628    -2.90968   0.0376288
        1328    -1.19666    -2.90839   0.0376226
        1329    -1.11997    -2.90705   0.0376183
        1330    -1.15098    -2.90573   0.0376132
        1331    -1.24494    -2.90448   0.0376056
        1332     -1.1645    -2.90317   0.0376001
        1333      -1.113    -2.90183   0.0375959
        1334    -1.06405    -2.90045   0.0375929
        1335    -1.15502    -2.89914   0.0375875
        1336    -1.12553    -2.89782   0.0375828
        1337    -1.07596    -2.89645   0.0375794
        1338    -1.08379     -2.8951   0.0375757
        1339    -1.09237    -2.89375   0.0375717
        1340    -1.11538    -2.89242   0.0375671
        1341    -1.11149     -2.8911   0.0375626
        1342    -1.18228    -2.88982   0.0375562
        1343    -1.21736    -2.88858   0.0375489
        1344    -1.30311     -2.8874   0.0375394
        1345    -1.25444    -2.88618   0.0375312
        1346    -1.15499     -2.8849   0.0375253
        1347     -1.1435    -2.88361   0.0375197
        1348    -1.04949    -2.88224   0.0375165
        1349    -1.04629    -2.88088   0.0375134
        1350    -1.06977    -2.87954   0.0375096
        1351    -1.03741    -2.87818   0.0375066
        1352    -1.08268    -2.87685   0.0375024
        1353    -1.10497    -2.87554   0.0374975
        1354    -1.05918     -2.8742   0.0374938
        1355    -1.05636    -2.87286   0.0374901
        1356    -1.09254    -2.87154   0.0374855
        1357    -1.08607    -2.87023   0.0374809
        1358    -1.06288     -2.8689    0.037477
        1359    -1.16187    -2.86764   0.0374704
        1360    -1.10529    -2.86635   0.0374653
        1361    -1.08281    -2.86504   0.0374607
        1362    -1.14394    -2.86377   0.0374545
        1363    -1.18654    -2.86254   0.0374472
        1364    -1.20836    -2.86133   0.0374394
        1365    -1.22144    -2.86013   0.0374312
        1366    -1.26043    -2.85896   0.0374221
        1367    -1.28669    -2.85781   0.0374124
        1368    -1.29576    -2.85666   0.0374025
        1369    -1.30685    -2.85553   0.0373923
        1370    -1.27816    -2.85438   0.0373827
        1371     -1.3267    -2.85327   0.0373721
        1372    -1.26956    -2.85211   0.0373626
        1373    -1.24072    -2.85094   0.0373539
        1374    -1.24783    -2.84977   0.0373449
        1375    -1.29241    -2.84864   0.0373349
        1376    -1.25077    -2.84748   0.0373258
        1377    -1.16229    -2.84625   0.0373188
        1378    -1.19429    -2.84506   0.0373109
        1379    -1.28828    -2.84393    0.037301
        1380    -1.34151    -2.84284   0.0372898
        1381    -1.39354    -2.84179   0.0372776
        1382    -1.46941     -2.8408   0.0372638
        1383    -1.45158    -2.83979   0.0372504
        1384    -1.31815    -2.83869   0.0372397
        1385    -1.36563    -2.83763    0.037228
        1386    -1.28902    -2.83651   0.0372179
        1387    -1.31512    -2.83541   0.0372073
        1388    -1.25089    -2.83427    0.037198
        1389     -1.3366    -2.83319   0.0371868
        1390    -1.21724    -2.83203   0.0371782
        1391    -1.22802    -2.83088   0.0371694
        1392    -1.19254     -2.8297   0.0371613
        1393    -1.22761    -2.82855   0.0371524
        1394    -1.25025    -2.82742    0.037143
        1395    -1.27163     -2.8263   0.0371331
        1396    -1.19955    -2.82514   0.0371248
        1397    -1.26681    -2.82402    0.037115
        1398    -1.25177     -2.8229   0.0371055
        1399    -1.23726    -2.82176   0.0370962
        1400    -1.18309    -2.82059   0.0370882
        1401    -1.22544    -2.81946   0.0370792
        1402    -1.26632    -2.81835   0.0370693
        1403     -1.3121    -2.81727   0.0370584
        1404    -1.19386    -2.81612   0.0370501
        1405    -1.21285    -2.81498   0.0370413
        1406    -1.25123    -2.81386   0.0370316
        1407     -1.1497    -2.81268   0.0370242
        1408    -1.10566    -2.81147   0.0370177
        1409    -1.08664    -2.81025   0.0370117
        1410    -1.07705    -2.80902   0.0370059
        1411     -1.0796    -2.80779   0.0369999
        1412    -1.15717    -2.80662   0.0369922
        1413    -1.12388    -2.80543   0.0369852
        1414    -1.11524    -2.80424   0.0369783
        1415    -1.08188    -2.80302   0.0369722
        1416    -1.03962    -2.80177   0.0369671
        1417    -1.02063    -2.80052   0.0369623
        1418    -1.01633    -2.79926   0.0369577
        1419   -0.990301    -2.79798   0.0369536
        1420    -1.04587    -2.79675   0.0369482
        1421    -1.01664     -2.7955   0.0369434
        1422    -1.01009    -2.79424   0.0369388
        1423    -1.04983    -2.79301   0.0369331
        1424    -1.13242    -2.79185   0.0369256
        1425    -1.14753    -2.79069   0.0369177
        1426    -1.06795    -2.78949   0.0369116
        1427    -1.07433    -2.78828   0.0369053
        1428    -1.08347    -2.78709   0.0368988
        1429    -1.09872    -2.78591   0.0368918
        1430    -1.09686    -2.78473    0.036885
        1431    -1.14601    -2.78358    0.036877
        1432    -1.07274    -2.78239   0.0368705
        1433    -1.14634    -2.78125   0.0368625
        1434    -1.16323    -2.78012    0.036854
        1435    -1.07157    -2.77893   0.0368476
        1436    -1.13969    -2.77779   0.0368396
        1437    -1.12261    -2.77663    0.036832
        1438    -1.10023    -2.77547   0.0368248
        1439    -1.18289    -2.77436   0.0368158
        1440    -1.13788    -2.77323   0.0368078
        1441    -1.09334    -2.77206   0.0368007
        1442    -1.14561    -2.77093   0.0367925
        1443    -1.16543    -2.76982   0.0367838
        1444     -1.2237    -2.76875   0.0367739
        1445    -1.22944    -2.76768   0.0367639
        1446    -1.21303    -2.76661   0.0367542
        1447    -1.23332    -2.76555   0.0367441
        1448    -1.10122     -2.7644   0.0367367
        1449    -1.07572    -2.76323   0.0367298
        1450    -1.05953    -2.76206   0.0367232
        1451     -1.2055    -2.76099   0.0367136
        1452    -1.25378    -2.75995    0.036703
        1453    -1.28554    -2.75893   0.0366917
        1454    -1.20426    -2.75786   0.0366821
        1455      -1.113    -2.75673   0.0366743
        1456    -1.05844    -2.75557   0.0366676
        1457    -1.15866    -2.75447   0.0366589
        1458    -1.12902    -2.75336   0.0366507
        1459    -1.05889    -2.75219   0.0366439
        1460   -0.962068    -2.75097   0.0366393
        1461   -0.992218    -2.74976    0.036634
        1462    -1.05824    -2.74861   0.0366272
        1463   -0.976545     -2.7474   0.0366222
        1464    -1.00003     -2.7462   0.0366167
        1465    -1.08684    -2.74507   0.0366092
        1466    -1.10148    -2.74395   0.0366014
        1467    -1.01813    -2.74277   0.0365953
        1468    -1.14074    -2.74168   0.0365867
        1469    -1.16736    -2.74061   0.0365775
        1470    -1.17719    -2.73955    0.036568
        1471    -1.15172    -2.73847   0.0365591
        1472    -1.18148    -2.73741   0.0365496
        1473    -1.11996    -2.73631   0.0365412
        1474    -1.09498     -2.7352   0.0365334
        1475     -1.1022    -2.73409   0.0365254
        1476    -1.12091      -2.733    0.036517
        1477    -1.09867    -2.73189   0.0365091
        1478   -0.992771    -2.73071   0.0365033
        1479   -0.992027    -2.72954   0.0364976
        1480   -0.949662    -2.72834   0.0364927
        1481    -0.91097    -2.72711   0.0364887
        1482   -0.854452    -2.72585   0.0364859
        1483    -1.03784    -2.72471   0.0364791
        1484    -1.00956    -2.72355   0.0364728
        1485   -0.985767    -2.72238    0.036467
        1486   -0.935768    -2.72118   0.0364623
        1487   -0.865935    -2.71993   0.0364591
        1488   -0.814833    -2.71865   0.0364571
        1489   -0.752259    -2.71733   0.0364565
        1490   -0.825668    -2.71606   0.0364541
        1491   -0.844583    -2.71481   0.0364513
        1492   -0.880534    -2.71358   0.0364476
        1493   -0.890118    -2.71235   0.0364436
        1494   -0.782545    -2.71106   0.0364421
        1495   -0.778567    -2.70977   0.0364407
        1496    -0.80958     -2.7085   0.0364384
        1497   -0.871534    -2.70727   0.0364347
        1498   -0.775549    -2.70598   0.0364332
        1499   -0.748926    -2.70468   0.0364323
        1500   -0.695649    -2.70334   0.0364326
        1501   -0.783934    -2.70206   0.0364308
        1502   -0.778934    -2.70078    0.036429
        1503   -0.812454    -2.69952   0.0364265
        1504     -1.0161     -2.6984   0.0364194
        1505   -0.992813    -2.69727   0.0364129
        1506   -0.980248    -2.69613   0.0364065
        1507   -0.886034    -2.69493   0.0364022
        1508   -0.903809    -2.69374   0.0363974
        1509   -0.887137    -2.69254    0.036393
        1510    -0.87167    -2.69134   0.0363888
        1511   -0.823616     -2.6901   0.0363858
        1512   -0.850775    -2.68889    0.036382
        1513   -0.923292    -2.68772   0.0363767
        1514   -0.904774    -2.68654   0.0363717
        1515   -0.942764    -2.68539   0.0363659
        1516    -0.97562    -2.68426   0.0363594
        1517   -0.952668    -2.68312   0.0363534
        1518   -0.946925    -2.68198   0.0363474
        1519    -1.00285    -2.68087   0.0363403
        1520    -1.04021    -2.67979   0.0363324
        1521    -1.13514    -2.67878   0.0363227
        1522    -1.08494    -2.67773   0.0363139
        1523    -1.09378    -2.67669    0.036305
        1524    -1.16527     -2.6757   0.0362947
        1525     -1.1701    -2.67471   0.0362843
        1526    -1.13104     -2.6737   0.0362746
        1527    -1.11724    -2.67268   0.0362652
        1528    -1.11417    -2.67166   0.0362558
        1529    -1.07627    -2.67062   0.0362471
        1530    -1.12432    -2.66961   0.0362375
        1531    -1.12321     -2.6686   0.0362279
        1532    -1.10647    -2.66758   0.0362186
        1533    -1.08757    -2.66655   0.0362096
        1534    -1.23122    -2.66561   0.0361981
        1535    -1.24735    -2.66469   0.0361863
        1536    -1.25315    -2.66377   0.0361744
        1537    -1.27492    -2.66286   0.0361622
        1538    -1.26294    -2.66195   0.0361501
        1539    -1.24551    -2.66103   0.0361384
        1540    -1.21749     -2.6601    0.036127
        1541    -1.19137    -2.65914   0.0361162
        1542    -1.22481    -2.65821   0.0361047
        1543    -1.27066    -2.65731   0.0360925
        1544    -1.27146    -2.65641   0.0360803
        1545    -1.14001    -2.65543   0.0360703
        1546     -1.0816    -2.65442   0.0360613
        1547    -1.04907    -2.65338   0.0360529
        1548   -0.979081     -2.6523   0.0360459
        1549   -0.878803    -2.65115   0.0360408
        1550   -0.810865    -2.64996   0.0360371
        1551   -0.847001     -2.6488   0.0360326
        1552   -0.840566    -2.64764   0.0360282
        1553   -0.854347    -2.64648   0.0360235
        1554   -0.952232    -2.64539   0.0360168
        1555   -0.982509    -2.64432   0.0360095
        1556    -1.00441    -2.64327   0.0360018
        1557     -1.0771    -2.64226   0.0359927
        1558   -0.940342    -2.64117   0.0359862
        1559    -1.05103    -2.64015   0.0359776
        1560    -1.07767    -2.63915   0.0359684
        1561    -1.13725    -2.63819   0.0359583
        1562    -1.04537    -2.63717   0.0359497
        1563   -0.943408    -2.63608    0.035943
        1564   -0.911625    -2.63498    0.035937
        1565   -0.937447     -2.6339   0.0359304
        1566    -0.88701    -2.63278   0.0359247
        1567   -0.936681     -2.6317   0.0359181
        1568   -0.940946    -2.63062   0.0359114
        1569   -0.987277    -2.62957   0.0359038
        1570   -0.980993    -2.62852   0.0358963
        1571   -0.990222    -2.62748   0.0358885
        1572   -0.938856     -2.6264   0.0358818
        1573   -0.986253    -2.62536   0.0358741
        1574   -0.951371     -2.6243   0.0358671
        1575   -0.929981    -2.62322   0.0358605
        1576   -0.893924    -2.62213   0.0358545
        1577   -0.962553    -2.62107   0.0358472
        1578    -1.01631    -2.62006   0.0358389
        1579    -0.97263    -2.61901   0.0358314
        1580   -0.875442    -2.61791   0.0358257
        1581   -0.965029    -2.61686   0.0358183
        1582   -0.846523    -2.61574   0.0358131
        1583   -0.806974     -2.6146   0.0358087
        1584   -0.831901    -2.61348   0.0358038
        1585   -0.850167    -2.61236   0.0357985
        1586   -0.768955     -2.6112   0.0357948
        1587   -0.726223    -2.61001   0.0357919
        1588   -0.926179    -2.60895   0.0357851
        1589   -0.956122    -2.60791   0.0357777
        1590    -1.03726    -2.60693   0.0357688
        1591    -1.03042    -2.60594     0.03576
        1592    -1.10534    -2.60499     0.03575
        1593     -1.1927    -2.60411   0.0357386
        1594    -1.17027    -2.60321   0.0357275
        1595    -1.06951    -2.60224    0.035718
        1596    -1.05391    -2.60127   0.0357088
        1597    -1.14438    -2.60036   0.0356981
        1598    -1.13249    -2.59944   0.0356876
        1599     -1.1035    -2.59851   0.0356775
        1600    -1.07227    -2.59755   0.0356679
        1601    -1.11488    -2.59663   0.0356577
        1602    -1.20493    -2.59576    0.035646
        1603    -1.22919    -2.59491    0.035634
        1604    -1.16276    -2.59401   0.0356229
        1605    -1.12569     -2.5931   0.0356125
        1606    -1.04149    -2.59213   0.0356034
        1607    -1.05404    -2.59118   0.0355941
        1608    -1.03267    -2.59021   0.0355852
        1609   -0.958575    -2.58919   0.0355775
        1610    -1.08232    -2.58826   0.0355677
        1611     -1.1814    -2.58738   0.0355564
        1612    -1.12697    -2.58648   0.0355458
        1613    -1.08356    -2.58555    0.035536
        1614    -1.06657     -2.5846   0.0355265
        1615    -1.06583    -2.58366   0.0355169
        1616    -1.12949    -2.58276   0.0355063
        1617     -1.0733    -2.58183   0.0354966
        1618    -1.00434    -2.58086   0.0354881
        1619    -1.17343    -2.57999   0.0354768
        1620    -1.17747    -2.57912   0.0354655
        1621    -1.11208    -2.57822   0.0354551
        1622    -1.02782    -2.57726   0.0354462
        1623   -0.941918    -2.57625   0.0354386
        1624     -0.9651    -2.57526   0.0354307
        1625    -1.03747    -2.57431   0.0354215
        1626     -1.0429    -2.57337   0.0354123
        1627    -1.06143    -2.57244   0.0354027
        1628    -1.05485    -2.57151   0.0353932
        1629    -1.08977     -2.5706   0.0353832
        1630    -1.10403     -2.5697   0.0353729
        1631       -1.15    -2.56883   0.0353619
        1632    -1.11235    -2.56794   0.0353515
        1633    -1.09051    -2.56703   0.0353414
        1634    -1.06242    -2.56611   0.0353318
        1635    -1.05443    -2.56519   0.0353223
        1636    -1.03763    -2.56425    0.035313
        1637    -1.04948    -2.56333   0.0353036
        1638    -1.09416    -2.56243   0.0352934
        1639    -1.05332    -2.56151   0.0352839
        1640    -1.11935    -2.56063   0.0352734
        1641    -1.08127    -2.55973   0.0352634
        1642    -1.02565     -2.5588   0.0352543
        1643   -0.997068    -2.55785   0.0352456
        1644    -1.08683    -2.55695   0.0352355
        1645    -1.12614    -2.55608   0.0352249
        1646    -1.07251    -2.55518    0.035215
        1647    -1.04078    -2.55426   0.0352056
        1648    -1.06861    -2.55336   0.0351958
        1649    -1.02426    -2.55243   0.0351867
        1650   -0.926482    -2.55145   0.0351791
        1651   -0.926229    -2.55046   0.0351716
        1652    -0.78543    -2.54939   0.0351665
        1653   -0.873404    -2.54838   0.0351599
        1654   -0.789459    -2.54732   0.0351547
        1655   -0.729253    -2.54622   0.0351506
        1656   -0.723047    -2.54512   0.0351466
        1657   -0.719339    -2.54401   0.0351427
        1658   -0.664513    -2.54288   0.0351398
        1659   -0.915366     -2.5419   0.0351323
        1660   -0.973902    -2.54096   0.0351238
        1661    -1.04885    -2.54006   0.0351141
        1662    -1.08252    -2.53918    0.035104
        1663    -1.05963    -2.53829   0.0350941
        1664    -1.02634    -2.53738   0.0350848
        1665   -0.952211    -2.53643   0.0350766
        1666   -0.862234    -2.53543     0.03507
        1667   -0.863135    -2.53442   0.0350633
        1668    -0.72284    -2.53334   0.0350591
        1669   -0.788285    -2.53229   0.0350537
        1670   -0.754353    -2.53123   0.0350488
        1671   -0.799568    -2.53019   0.0350432
        1672   -0.875483     -2.5292   0.0350362
        1673   -0.694049     -2.5281   0.0350324
        1674   -0.684906      -2.527   0.0350288
        1675   -0.827047    -2.52599   0.0350226
        1676   -0.879464      -2.525   0.0350154
        1677   -0.922535    -2.52405   0.0350076
        1678   -0.964303    -2.52312   0.0349991
        1679   -0.946068    -2.52218   0.0349908
        1680   -0.949097    -2.52124   0.0349825
        1681   -0.863867    -2.52026   0.0349756
        1682   -0.879014    -2.51928   0.0349684
        1683   -0.870571     -2.5183   0.0349614
        1684   -0.930502    -2.51736   0.0349533
        1685   -0.911161    -2.51641   0.0349456
        1686   -0.919044    -2.51546   0.0349377
        1687   -0.865205    -2.51448   0.0349307
        1688   -0.870091    -2.51351   0.0349236
        1689   -0.819376     -2.5125   0.0349173
        1690   -0.762753    -2.51147    0.034912
        1691   -0.849937    -2.51049   0.0349051
        1692   -0.841977     -2.5095   0.0348984
        1693   -0.806989    -2.50849   0.0348923
        1694   -0.747201    -2.50745   0.0348872
        1695   -0.727238     -2.5064   0.0348824
        1696   -0.766239    -2.50538   0.0348769
        1697   -0.758926    -2.50435   0.0348716
        1698   -0.831708    -2.50336   0.0348649
        1699   -0.918454    -2.50243   0.0348569
        1700   -0.947022    -2.50152   0.0348484
        1701   -0.911468    -2.50058   0.0348405
        1702    -1.04062    -2.49972   0.0348305
        1703    -1.09621     -2.4989   0.0348198
        1704    -1.07675    -2.49806   0.0348094
        1705    -1.03748    -2.49721   0.0347995
        1706   -0.976063    -2.49632   0.0347906
        1707   -0.936602     -2.4954   0.0347822
        1708   -0.959667     -2.4945   0.0347734
        1709   -0.869537    -2.49355   0.0347661
        1710   -0.848709    -2.49259    0.034759
        1711   -0.889638    -2.49165   0.0347514
        1712   -0.857136     -2.4907   0.0347442
        1713    -0.87278    -2.48975   0.0347367
        1714   -0.829869    -2.48879   0.0347299
        1715   -0.748119    -2.48777   0.0347245
        1716   -0.829472     -2.4868   0.0347177
        1717   -0.814137    -2.48583   0.0347112
        1718   -0.860353    -2.48488   0.0347039
        1719   -0.841476    -2.48393   0.0346968
        1720   -0.766453    -2.48293    0.034691
        1721   -0.855804    -2.48198   0.0346838
        1722   -0.840602    -2.48103   0.0346767
        1723   -0.701899       -2.48    0.034672
        1724   -0.791375    -2.47902   0.0346657
        1725   -0.813227    -2.47805    0.034659
        1726    -0.80469    -2.47708   0.0346525
        1727   -0.789619    -2.47611   0.0346462
        1728   -0.795832    -2.47513   0.0346398
        1729   -0.758739    -2.47414    0.034634
        1730   -0.768416    -2.47316    0.034628
        1731   -0.793375    -2.47219   0.0346216
        1732   -0.776217    -2.47121   0.0346155
        1733   -0.639521    -2.47015   0.0346116
        1734   -0.625585    -2.46909    0.034608
        1735   -0.698269    -2.46806   0.0346031
        1736   -0.556337    -2.46696   0.0346007
        1737   -0.639061    -2.46591   0.0345968
        1738   -0.692008    -2.46489   0.0345919
        1739   -0.737164     -2.4639   0.0345863
        1740   -0.660726    -2.46286   0.0345819
        1741   -0.725731    -2.46186   0.0345765
        1742   -0.672893    -2.46084   0.0345719
        1743   -0.782866    -2.45987   0.0345654
        1744   -0.779281    -2.45891    0.034559
        1745   -0.793166    -2.45796   0.0345524
        1746   -0.773478    -2.45699   0.0345461
        1747   -0.792044    -2.45604   0.0345394
        1748   -0.797095    -2.45509   0.0345327
        1749   -0.857529    -2.45417   0.0345251
        1750   -0.927561     -2.4533   0.0345164
        1751   -0.943306    -2.45244   0.0345074
        1752   -0.859404    -2.45153   0.0344997
        1753   -0.895194    -2.45064   0.0344914
        1754   -0.968253     -2.4498   0.0344821
        1755    -1.07031    -2.44901   0.0344714
        1756    -1.15822    -2.44828   0.0344596
        1757    -1.20186    -2.44757   0.0344473
        1758    -1.24334    -2.44688   0.0344345
        1759      -1.271    -2.44621   0.0344215
        1760    -1.27671    -2.44555   0.0344083
        1761    -1.24106    -2.44487   0.0343956
        1762    -1.24444    -2.44418   0.0343828
        1763     -1.2676    -2.44352   0.0343698
        1764    -1.37809    -2.44291   0.0343556
        1765    -1.36391     -2.4423   0.0343416
        1766      -1.457    -2.44174   0.0343266
        1767    -1.38473    -2.44115   0.0343124
        1768    -1.39706    -2.44055   0.0342981
        1769    -1.48476    -2.44001    0.034283
        1770    -1.53017     -2.4395   0.0342675
        1771    -1.43087    -2.43893   0.0342528
        1772     -1.4676    -2.43838   0.0342379
        1773    -1.40082     -2.4378   0.0342236
        1774     -1.4031    -2.43721   0.0342093
        1775    -1.49352    -2.43668   0.0341941
        1776    -1.48508    -2.43615   0.0341791
        1777    -1.54508    -2.43565   0.0341635
        1778    -1.54049    -2.43514    0.034148
        1779    -1.50177    -2.43462   0.0341328
        1780    -1.51988     -2.4341   0.0341175
        1781    -1.53782     -2.4336   0.0341021
        1782    -1.48412    -2.43307   0.0340871
        1783    -1.53588    -2.43256   0.0340717
        1784    -1.52846    -2.43206   0.0340564
        1785     -1.5154    -2.43154   0.0340412
        1786    -1.58417    -2.43107   0.0340254
        1787    -1.53964    -2.43057     0.03401
        1788    -1.52044    -2.43006   0.0339948
        1789    -1.49216    -2.42954   0.0339799
        1790    -1.45005    -2.42899   0.0339653
        1791    -1.41821    -2.42843    0.033951
        1792    -1.34115    -2.42782   0.0339375
        1793     -1.3112     -2.4272   0.0339243
        1794    -1.27582    -2.42655   0.0339114
        1795    -1.30702    -2.42593   0.0338983
        1796    -1.41209    -2.42537   0.0338841
        1797    -1.41532     -2.4248   0.0338699
        1798    -1.32034    -2.42419   0.0338566
        1799    -1.23663    -2.42353   0.0338443
        1800    -1.19302    -2.42285   0.0338324
        1801     -1.2829    -2.42221   0.0338195
        1802    -1.21684    -2.42154   0.0338073
        1803    -1.29043    -2.42092   0.0337944
        1804     -1.2251    -2.42025   0.0337822
        1805    -1.18446    -2.41957   0.0337704
        1806    -1.24197    -2.41892    0.033758
        1807     -1.2357    -2.41826   0.0337457
        1808    -1.28241    -2.41763   0.0337328
        1809    -1.22587    -2.41698   0.0337206
        1810    -1.21731    -2.41631   0.0337085
        1811    -1.19807    -2.41564   0.0336966
        1812    -1.24402    -2.41499   0.0336842
        1813    -1.24284    -2.41435   0.0336718
        1814    -1.24907     -2.4137   0.0336594
        1815    -1.23234    -2.41305   0.0336472
        1816     -1.2705    -2.41242   0.0336345
        1817    -1.21489    -2.41177   0.0336225
        1818    -1.15192    -2.41107   0.0336111
        1819    -1.25169    -2.41043   0.0335987
        1820    -1.23698    -2.40979   0.0335864
        1821    -1.20792    -2.40913   0.0335744
        1822    -1.18888    -2.40846   0.0335627
        1823    -1.22891    -2.40781   0.0335505
        1824    -1.19605    -2.40715   0.0335387
        1825    -1.20733    -2.40649   0.0335268
        1826    -1.19421    -2.40583    0.033515
        1827     -1.2234    -2.40518   0.0335029
        1828    -1.27248    -2.40456   0.0334903
        1829    -1.34181    -2.40398    0.033477
        1830    -1.34148     -2.4034   0.0334637
        1831    -1.45392    -2.40288   0.0334495
        1832    -1.49148    -2.40238   0.0334349
        1833    -1.51512     -2.4019   0.0334202
        1834    -1.38918    -2.40135   0.0334065
        1835    -1.34989    -2.40077   0.0333932
        1836    -1.32793    -2.40019   0.0333802
        1837    -1.29497    -2.39959   0.0333674
        1838    -1.22568    -2.39895   0.0333554
        1839     -1.2186    -2.39831   0.0333434
        1840    -1.25628    -2.39769   0.0333311
        1841    -1.25541    -2.39707   0.0333187
        1842    -1.13496    -2.39638   0.0333077
        1843    -1.16225    -2.39571   0.0332963
        1844    -1.23433    -2.39508   0.0332842
        1845    -1.18877    -2.39443   0.0332726
        1846    -1.15342    -2.39376   0.0332614
        1847     -1.0626    -2.39303   0.0332512
        1848    -1.09481    -2.39233   0.0332406
        1849    -1.19133    -2.39168    0.033229
        1850    -1.22341    -2.39105    0.033217
        1851    -1.24184    -2.39043   0.0332049
        1852    -1.27467    -2.38983   0.0331924
        1853      -1.309    -2.38924   0.0331796
        1854     -1.4059    -2.38871    0.033166
        1855    -1.40649    -2.38818   0.0331523
        1856    -1.43294    -2.38767   0.0331384
        1857    -1.33946    -2.38711   0.0331254
        1858    -1.34039    -2.38654   0.0331124
        1859    -1.29076    -2.38595   0.0330998
        1860    -1.39078    -2.38542   0.0330863
        1861    -1.55375    -2.38497   0.0330716
        1862    -1.45555    -2.38447   0.0330576
        1863    -1.46911    -2.38398   0.0330435
        1864    -1.44268    -2.38348   0.0330296
        1865    -1.39705    -2.38295   0.0330161
        1866    -1.46041    -2.38245   0.0330022
        1867    -1.48024    -2.38197    0.032988
        1868    -1.42114    -2.38145   0.0329744
        1869    -1.41212    -2.38094   0.0329608
        1870    -1.43897    -2.38043    0.032947
        1871    -1.42274    -2.37992   0.0329334
        1872    -1.47884    -2.37944   0.0329193
        1873    -1.56377      -2.379   0.0329046
        1874    -1.59559    -2.37859   0.0328897
        1875    -1.59605    -2.37817   0.0328748
        1876    -1.64604    -2.37778   0.0328596
        1877    -1.74999    -2.37744   0.0328438
        1878    -1.76395    -2.37712   0.0328279
        1879     -1.7645    -2.37679   0.0328121
        1880     -1.7802    -2.37647   0.0327962
        1881    -1.76226    -2.37615   0.0327804
        1882    -1.77414    -2.37583   0.0327645
        1883    -1.75721     -2.3755   0.0327488
        1884    -1.79057    -2.37519   0.0327328
        1885    -1.72643    -2.37484   0.0327173
        1886    -1.76321    -2.37452   0.0327015
        1887    -1.89735    -2.37427   0.0326852
        1888    -1.82134    -2.37397   0.0326692
        1889    -1.77531    -2.37366   0.0326534
        1890    -1.62734    -2.37326   0.0326385
        1891    -1.60509    -2.37286   0.0326238
        1892    -1.65098    -2.37247   0.0326088
        1893    -1.57599    -2.37205   0.0325943
        1894    -1.62324    -2.37166   0.0325795
        1895    -1.54632    -2.37122   0.0325652
        1896    -1.55103    -2.37079   0.0325509
        1897    -1.51962    -2.37034   0.0325368
        1898    -1.66537    -2.36997   0.0325218
        1899      -1.633    -2.36958    0.032507
        1900    -1.60155    -2.36918   0.0324924
        1901    -1.56866    -2.36876    0.032478
        1902    -1.61096    -2.36836   0.0324634
        1903    -1.60967    -2.36796   0.0324488
        1904    -1.63685    -2.36758    0.032434
        1905    -1.65973     -2.3672   0.0324191
        1906    -1.70626    -2.36686    0.032404
        1907    -1.67863     -2.3665    0.032389
        1908    -1.56273    -2.36607   0.0323748
        1909    -1.67852    -2.36571   0.0323598
        1910    -1.72435    -2.36538   0.0323446
        1911    -1.66666    -2.36501   0.0323297
        1912    -1.60354    -2.36461   0.0323153
        1913    -1.62354    -2.36423   0.0323007
        1914    -1.55935    -2.36381   0.0322866
        1915    -1.52911    -2.36337   0.0322727
        1916    -1.50753    -2.36292   0.0322589
        1917    -1.44309    -2.36244   0.0322456
        1918    -1.49379    -2.36199    0.032232
        1919    -1.57265    -2.36158   0.0322178
        1920     -1.5129    -2.36114   0.0322041
        1921    -1.55754    -2.36072     0.03219
        1922    -1.60122    -2.36032   0.0321757
        1923    -1.58634    -2.35992   0.0321615
        1924    -1.58766    -2.35952   0.0321473
        1925    -1.60843    -2.35913    0.032133
        1926    -1.63068    -2.35875   0.0321185
        1927    -1.61791    -2.35837   0.0321041
        1928    -1.56899    -2.35796   0.0320901
        1929    -1.64725    -2.35759   0.0320756
        1930    -1.65615    -2.35723    0.032061
        1931     -1.6584    -2.35687   0.0320465
        1932    -1.56184    -2.35645   0.0320325
        1933    -1.68184     -2.3561   0.0320178
        1934     -1.6248    -2.35573   0.0320035
        1935    -1.59095    -2.35533   0.0319894
        1936    -1.56463    -2.35492   0.0319755
        1937    -1.45841    -2.35446   0.0319623
        1938    -1.41771    -2.35398   0.0319495
        1939     -1.4264     -2.3535   0.0319366
        1940    -1.52967    -2.35307    0.031923
        1941    -1.57425    -2.35267    0.031909
        1942    -1.51805    -2.35224   0.0318955
        1943    -1.58986    -2.35185   0.0318815
        1944    -1.54492    -2.35144   0.0318678
        1945    -1.48894    -2.35099   0.0318545
        1946    -1.49424    -2.35055   0.0318412
        1947    -1.54133    -2.35014   0.0318275
        1948    -1.56757    -2.34973   0.0318137
        1949     -1.5977    -2.34935   0.0317998
        1950    -1.75163    -2.34904   0.0317849
        1951    -1.77637    -2.34875     0.03177
        1952    -1.81321    -2.34847   0.0317549
        1953    -1.76338    -2.34817   0.0317401
        1954     -1.7333    -2.34786   0.0317254
        1955    -1.74313    -2.34755   0.0317106
        1956    -1.75696    -2.34725   0.0316959
        1957    -1.71065    -2.34692   0.0316813
        1958    -1.70361    -2.34659   0.0316669
        1959    -1.67464    -2.34625   0.0316526
        1960    -1.63884    -2.34589   0.0316385
        1961     -1.5483    -2.34548    0.031625
        1962    -1.53923    -2.34507   0.0316115
        1963    -1.56316    -2.34467   0.0315979
        1964    -1.46625    -2.34423    0.031585
        1965    -1.44693    -2.34377   0.0315722
        1966    -1.40909     -2.3433   0.0315597
        1967    -1.53263    -2.34288   0.0315464
        1968    -1.37378    -2.34239   0.0315342
        1969    -1.38918    -2.34191   0.0315219
        1970    -1.43537    -2.34145   0.0315092
        1971    -1.40673    -2.34097   0.0314968
        1972    -1.36265    -2.34048   0.0314848
        1973    -1.41779    -2.34001   0.0314723
        1974    -1.41768    -2.33954   0.0314598
        1975    -1.48889    -2.33911   0.0314468
        1976    -1.42623    -2.33865   0.0314343
        1977    -1.35956    -2.33815   0.0314223
        1978    -1.30549    -2.33763   0.0314108
        1979    -1.28143     -2.3371   0.0313994
        1980    -1.21657    -2.33653   0.0313887
        1981    -1.10832    -2.33591   0.0313789
        1982    -1.14006    -2.33531   0.0313689
        1983    -1.13394     -2.3347   0.0313589
        1984    -1.10264    -2.33408   0.0313493
        1985    -1.12832    -2.33347   0.0313394
        1986    -1.05766    -2.33283   0.0313302
        1987    -1.08103     -2.3322   0.0313207
        1988    -1.06398    -2.33156   0.0313115
        1989    -0.94502    -2.33087   0.0313035
        1990   -0.932137    -2.33016   0.0312957
        1991   -0.944809    -2.32947   0.0312877
        1992   -0.893877    -2.32875   0.0312803
        1993   -0.846395      -2.328   0.0312734
        1994   -0.804647    -2.32724   0.0312671
        1995   -0.917414    -2.32653   0.0312594
        1996    -0.88788    -2.32581    0.031252
        1997   -0.958903    -2.32513   0.0312439
        1998   -0.967065    -2.32445   0.0312356
        1999    -0.91589    -2.32374   0.0312279
        2000   -0.943552    -2.32305   0.0312199
        2001   -0.996137    -2.32239   0.0312114
        2002   -0.998307    -2.32173   0.0312028
        2003   -0.996207    -2.32107   0.0311942
        2004    -1.00855    -2.32041   0.0311856
        2005    -1.03078    -2.31977   0.0311766
        2006    -1.14086    -2.31918   0.0311666
        2007    -1.14818     -2.3186   0.0311566
        2008    -1.17823    -2.31803   0.0311462
        2009    -1.14827    -2.31745   0.0311362
        2010    -1.18512    -2.31688   0.0311258
        2011    -1.20274    -2.31633   0.0311152
        2012    -1.19196    -2.31577   0.0311048
        2013    -1.22906    -2.31523    0.031094
        2014    -1.28684    -2.31472   0.0310828
        2015    -1.37531    -2.31425   0.0310708
        2016    -1.32467    -2.31376   0.0310593
        2017    -1.19666    -2.31321   0.0310488
        2018     -1.2017    -2.31266   0.0310383
        2019    -1.20881    -2.31211   0.0310278
        2020    -1.24247    -2.31158   0.0310169
        2021    -1.26413    -2.31106   0.0310059
        2022    -1.33939    -2.31058   0.0309943
        2023    -1.36573    -2.31012   0.0309825
        2024    -1.41287    -2.30967   0.0309704
        2025    -1.47484    -2.30926   0.0309578
        2026    -1.48586    -2.30885   0.0309452
        2027    -1.55319    -2.30848   0.0309322
        2028    -1.43284    -2.30805   0.0309199
        2029    -1.44654    -2.30763   0.0309076
        2030    -1.50379    -2.30723   0.0308949
        2031    -1.49778    -2.30683   0.0308823
        2032    -1.48297    -2.30643   0.0308697
        2033    -1.48553    -2.30602   0.0308572
        2034    -1.48503    -2.30562   0.0308447
        2035    -1.45539     -2.3052   0.0308323
        2036    -1.48972     -2.3048   0.0308198
        2037     -1.5104    -2.30441   0.0308071
        2038    -1.59664    -2.30406    0.030794
        2039    -1.65595    -2.30374   0.0307805
        2040    -1.60112     -2.3034   0.0307674
        2041    -1.60124    -2.30306   0.0307542
        2042    -1.63307    -2.30273   0.0307409
        2043    -1.60795    -2.30239   0.0307277
        2044    -1.54551    -2.30202   0.0307149
        2045    -1.45174     -2.3016   0.0307027
        2046    -1.42937    -2.30118   0.0306907
        2047    -1.39303    -2.30073   0.0306789
        2048    -1.30629    -2.30025   0.0306678
        2049    -1.21506    -2.29972   0.0306574
        2050     -1.1874    -2.29917   0.0306472
        2051    -1.20892    -2.29864   0.0306369
        2052    -1.25881    -2.29814   0.0306261
        2053    -1.13796    -2.29757   0.0306164
        2054    -1.24763    -2.29706   0.0306058
        2055    -1.22923    -2.29654   0.0305953
        2056    -1.17587    -2.29599   0.0305853
        2057    -1.23774    -2.29548   0.0305747
        2058    -1.23231    -2.29496   0.0305642
        2059    -1.20931    -2.29444   0.0305539
        2060    -1.12756    -2.29387   0.0305444
        2061    -1.17446    -2.29333   0.0305344
        2062    -1.10943    -2.29275    0.030525
        2063     -1.1619     -2.2922   0.0305151
        2064    -1.12947    -2.29164   0.0305055
        2065    -1.05057    -2.29104   0.0304967
        2066   -0.981826    -2.29041   0.0304885
        2067   -0.950201    -2.28976   0.0304806
        2068   -0.871227    -2.28907   0.0304736
        2069   -0.869424    -2.28839   0.0304666
        2070   -0.828941    -2.28768     0.03046
        2071    -0.88874    -2.28701   0.0304528
        2072   -0.980676    -2.28638   0.0304446
        2073    -0.92079    -2.28572   0.0304371
        2074   -0.928308    -2.28506   0.0304294
        2075   -0.842644    -2.28437   0.0304227
        2076   -0.791214    -2.28365   0.0304166
        2077   -0.813998    -2.28294   0.0304101
        2078   -0.784914    -2.28222   0.0304041
        2079   -0.792201     -2.2815   0.0303979
        2080   -0.773769    -2.28078   0.0303919
        2081   -0.830828    -2.28008   0.0303853
        2082   -0.913335    -2.27942   0.0303778
        2083    -1.02566    -2.27882   0.0303692
        2084    -1.11425    -2.27826   0.0303597
        2085    -1.10849     -2.2777   0.0303503
        2086    -1.19564    -2.27718   0.0303402
        2087    -1.18075    -2.27666   0.0303302
        2088    -1.20664    -2.27615     0.03032
        2089    -1.21363    -2.27564   0.0303098
        2090    -1.31054    -2.27518   0.0302988
        2091    -1.27028    -2.27469   0.0302881
        2092    -1.24498     -2.2742   0.0302777
        2093    -1.35183    -2.27376   0.0302664
        2094    -1.30533     -2.2733   0.0302555
        2095    -1.26678    -2.27282   0.0302448
        2096    -1.28908    -2.27235   0.0302341
        2097    -1.29635    -2.27188   0.0302232
        2098    -1.27924    -2.27141   0.0302125
        2099    -1.29889    -2.27095   0.0302017
        2100    -1.20653    -2.27044   0.0301915
        2101    -1.26021    -2.26996    0.030181
        2102    -1.29999     -2.2695   0.0301702
        2103    -1.23881    -2.26901   0.0301598
        2104    -1.21733    -2.26851   0.0301496
        2105    -1.13699    -2.26797   0.0301401
        2106    -1.20324    -2.26747     0.03013
        2107    -1.18181    -2.26695   0.0301201
        2108    -1.14688    -2.26642   0.0301105
        2109    -1.09512    -2.26586   0.0301014
        2110    -1.04051    -2.26528   0.0300927
        2111    -1.07211    -2.26472   0.0300838
        2112    -1.15125    -2.26419   0.0300741
        2113    -1.11297    -2.26365   0.0300648
        2114    -1.08959    -2.26309   0.0300557
        2115    -1.10441    -2.26254   0.0300465
        2116    -1.01674    -2.26195   0.0300381
        2117    -1.14433    -2.26143   0.0300285
        2118    -1.01707    -2.26084   0.0300201
        2119   -0.910328     -2.2602   0.0300127
        2120   -0.904705    -2.25956   0.0300054
        2121   -0.945855    -2.25894   0.0299976
        2122    -1.01991    -2.25836   0.0299891
        2123    -1.05068    -2.25779   0.0299804
        2124    -1.09749    -2.25724   0.0299713
        2125    -1.16995    -2.25673   0.0299615
        2126    -1.18249    -2.25623   0.0299517
        2127    -1.18088    -2.25572   0.0299419
        2128    -1.16489    -2.25521   0.0299322
        2129    -1.14728    -2.25469   0.0299227
        2130    -1.08182    -2.25414   0.0299137
        2131    -1.17967    -2.25363   0.0299039
        2132    -1.27519    -2.25317   0.0298934
        2133    -1.34376    -2.25275   0.0298824
        2134    -1.30592     -2.2523   0.0298717
        2135    -1.37962    -2.25189   0.0298605
        2136    -1.40883     -2.2515   0.0298491
        2137    -1.32088    -2.25106   0.0298384
        2138    -1.29536    -2.25062   0.0298277
        2139    -1.33953    -2.25019   0.0298168
        2140    -1.37134    -2.24978   0.0298057
        2141    -1.28306    -2.24933   0.0297952
        2142    -1.33308     -2.2489   0.0297844
        2143    -1.39896    -2.24851   0.0297731
        2144    -1.47318    -2.24814   0.0297615
        2145    -1.49711    -2.24779   0.0297496
        2146    -1.55363    -2.24747   0.0297375
        2147    -1.50147    -2.24712   0.0297257
        2148    -1.50894    -2.24678   0.0297139
        2149    -1.41088    -2.24639   0.0297026
        2150    -1.47211    -2.24603   0.0296909
        2151    -1.47889    -2.24567   0.0296793
        2152    -1.38827    -2.24527   0.0296682
        2153    -1.44049     -2.2449   0.0296567
        2154    -1.45836    -2.24454   0.0296452
        2155    -1.46463    -2.24417   0.0296337
        2156    -1.45464    -2.24381   0.0296222
        2157    -1.47279    -2.24345   0.0296106
        2158    -1.47256    -2.24309    0.029599
        2159    -1.54993    -2.24277   0.0295871
        2160    -1.44022     -2.2424   0.0295757
        2161    -1.52607    -2.24207   0.0295639
        2162    -1.63756    -2.24179   0.0295515
        2163    -1.69273    -2.24154    0.029539
        2164    -1.64183    -2.24126   0.0295266
        2165    -1.66326    -2.24099   0.0295142
        2166    -1.71785    -2.24075   0.0295015
        2167    -1.65336    -2.24048   0.0294892
        2168    -1.68668    -2.24022   0.0294767
        2169     -1.7277    -2.23999    0.029464
        2170    -1.54658    -2.23967   0.0294522
        2171     -1.5109    -2.23933   0.0294405
        2172    -1.55072    -2.23901   0.0294287
        2173    -1.59202    -2.23872   0.0294167
        2174    -1.57395    -2.23841   0.0294047
        2175    -1.49606    -2.23807   0.0293932
        2176    -1.49808    -2.23773   0.0293816
        2177     -1.5158     -2.2374     0.02937
        2178    -1.41121    -2.23702    0.029359
        2179    -1.30294    -2.23659   0.0293486
        2180    -1.29857    -2.23616   0.0293383
        2181     -1.1668    -2.23567    0.029329
        2182    -1.22847    -2.23521   0.0293192
        2183    -1.27002    -2.23477   0.0293091
        2184    -1.20466    -2.23429   0.0292994
        2185    -1.12672    -2.23379   0.0292904
        2186    -1.15745     -2.2333   0.0292811
        2187    -1.13978     -2.2328    0.029272
        2188    -1.08285    -2.23227   0.0292634
        2189    -1.03727    -2.23172   0.0292551
        2190    -1.08751     -2.2312   0.0292464
        2191    -1.14272     -2.2307   0.0292373
        2192    -1.16263    -2.23022    0.029228
        2193    -1.05817    -2.22968   0.0292195
        2194   -0.994985    -2.22912   0.0292116
        2195    -1.08607     -2.2286    0.029203
        2196    -1.11047    -2.22809   0.0291941
        2197    -1.05129    -2.22755   0.0291857
        2198     -1.0957    -2.22704    0.029177
        2199    -1.01962    -2.22649   0.0291689
        2200    -1.01282    -2.22594   0.0291609
        2201    -1.02099    -2.22539   0.0291528
        2202    -1.05935    -2.22486   0.0291443
        2203    -1.04742    -2.22433    0.029136
        2204    -1.07954    -2.22381   0.0291274
        2205    -1.02948    -2.22327   0.0291192
        2206   -0.995322    -2.22271   0.0291114
        2207    -1.03042    -2.22217   0.0291032
        2208    -1.06211    -2.22164   0.0290947
        2209   -0.993402    -2.22109   0.0290869
        2210   -0.978235    -2.22053   0.0290791
        2211   -0.896968    -2.21993   0.0290722
        2212   -0.981795    -2.21937   0.0290644
        2213   -0.931018    -2.21878   0.0290571
        2214    -0.99228    -2.21823   0.0290493
        2215   -0.964711    -2.21766   0.0290417
        2216   -0.891634    -2.21707   0.0290347
        2217   -0.998694    -2.21652   0.0290268
        2218    -1.03232    -2.21598   0.0290186
        2219   -0.962567    -2.21542   0.0290111
        2220   -0.887743    -2.21482   0.0290042
        2221   -0.963484    -2.21426   0.0289966
        2222   -0.801253    -2.21362   0.0289905
        2223   -0.892288    -2.21303   0.0289835
        2224   -0.881874    -2.21243   0.0289767
        2225   -0.888285    -2.21183   0.0289698
        2226   -0.881406    -2.21124   0.0289629
        2227   -0.839373    -2.21062   0.0289565
        2228   -0.828526       -2.21   0.0289501
        2229   -0.801286    -2.20937    0.028944
        2230   -0.741351    -2.20871   0.0289385
        2231   -0.657778    -2.20801   0.0289339
        2232   -0.538418    -2.20727   0.0289306
        2233    -0.59558    -2.20654   0.0289267
        2234   -0.523824    -2.20579   0.0289235
        2235   -0.556982    -2.20505     0.02892
        2236   -0.603539    -2.20434   0.0289159
        2237     -0.6078    -2.20362   0.0289118
        2238   -0.464038    -2.20285   0.0289093
        2239   -0.512488    -2.20209   0.0289063
        2240   -0.559482    -2.20136   0.0289027
        2241   -0.515852     -2.2006   0.0288996
        2242   -0.542221    -2.19987   0.0288961
        2243   -0.725499    -2.19921   0.0288907
        2244   -0.673298    -2.19853   0.0288858
        2245   -0.721483    -2.19787   0.0288805
        2246    -0.73538    -2.19722    0.028875
        2247     -0.7363    -2.19657   0.0288694
        2248   -0.749292    -2.19592   0.0288638
        2249   -0.734726    -2.19528   0.0288582
        2250   -0.862856    -2.19468   0.0288515
        2251   -0.806643    -2.19407   0.0288453
        2252   -0.848425    -2.19347   0.0288386
        2253   -0.942076    -2.19291   0.0288312
        2254   -0.944666    -2.19236   0.0288237
        2255   -0.960096    -2.19181   0.0288161
        2256    -1.00324    -2.19129   0.0288081
        2257   -0.974583    -2.19075   0.0288004
        2258   -0.981138    -2.19021   0.0287927
        2259   -0.985012    -2.18968   0.0287849
        2260   -0.976524    -2.18914   0.0287771
        2261    -1.07729    -2.18865   0.0287686
        2262    -1.08656    -2.18816     0.02876
        2263    -1.05143    -2.18766   0.0287517
        2264    -1.03591    -2.18715   0.0287435
        2265    -1.00215    -2.18663   0.0287356
        2266    -1.07269    -2.18614   0.0287271
        2267    -1.00077    -2.18561   0.0287192
        2268    -1.03061     -2.1851    0.028711
        2269    -1.14846    -2.18465    0.028702
        2270    -1.02494    -2.18414   0.0286939
        2271   -0.911838    -2.18358   0.0286867
        2272   -0.824786    -2.18298   0.0286803
        2273   -0.743527    -2.18234   0.0286747
        2274    -0.76057    -2.18172   0.0286689
        2275   -0.665731    -2.18105   0.0286641
        2276   -0.681197    -2.18039    0.028659
        2277   -0.622641    -2.17971   0.0286546
        2278   -0.747178    -2.17908   0.0286489
        2279   -0.800954    -2.17848   0.0286427
        2280   -0.847748    -2.17789   0.0286361
        2281   -0.891065    -2.17733   0.0286291
        2282   -0.877692    -2.17676   0.0286223
        2283   -0.996741    -2.17624   0.0286144
        2284    -1.00628    -2.17573   0.0286064
        2285    -1.06161    -2.17524   0.0285981
        2286     -1.0487    -2.17475   0.0285898
        2287    -1.02858    -2.17425   0.0285817
        2288     -1.0228    -2.17375   0.0285736
        2289    -1.04472    -2.17325   0.0285654
        2290    -1.09261    -2.17278   0.0285568
        2291    -1.07664     -2.1723   0.0285484
        2292    -1.04596    -2.17181   0.0285402
        2293    -1.05743    -2.17132   0.0285318
        2294    -1.04451    -2.17083   0.0285236
        2295    -1.14576    -2.17039   0.0285147
        2296    -1.16655    -2.16995   0.0285056
        2297    -1.26696    -2.16956   0.0284959
        2298    -1.30249    -2.16918    0.028486
        2299    -1.33465    -2.16882    0.028476
        2300    -1.34468    -2.16846   0.0284658
        2301    -1.32761    -2.16809   0.0284558
        2302    -1.27951    -2.16771   0.0284461
        2303    -1.28637    -2.16732   0.0284363
        2304    -1.27078    -2.16693   0.0284266
        2305    -1.23277    -2.16653   0.0284172
        2306    -1.21529    -2.16612   0.0284078
        2307     -1.2136     -2.1657   0.0283985
        2308    -1.26175    -2.16531   0.0283889
        2309    -1.15432    -2.16487     0.02838
        2310    -1.07652     -2.1644   0.0283716
        2311    -1.11441    -2.16395    0.028363
        2312    -1.08323    -2.16348   0.0283546
        2313    -1.05416      -2.163   0.0283464
        2314     -0.9074    -2.16246   0.0283393
        2315   -0.844745    -2.16189   0.0283328
        2316   -0.902752    -2.16135   0.0283258
        2317    -0.90269     -2.1608   0.0283187
        2318    -1.02453    -2.16031   0.0283108
        2319    -1.00315    -2.15981    0.028303
        2320    -1.04648    -2.15933   0.0282948
        2321    -1.16215     -2.1589   0.0282859
        2322    -1.17013    -2.15848   0.0282769
        2323    -1.15913    -2.15805    0.028268
        2324    -1.13683    -2.15761   0.0282593
        2325    -1.13361    -2.15717   0.0282505
        2326    -1.18295    -2.15675   0.0282415
        2327    -1.11241     -2.1563   0.0282329
        2328    -1.11909    -2.15586   0.0282243
        2329    -1.07207    -2.15539    0.028216
        2330    -1.06988    -2.15492   0.0282078
        2331    -1.02863    -2.15444   0.0281998
        2332    -1.05619    -2.15397   0.0281917
        2333    -1.10459    -2.15352   0.0281832
        2334    -1.21154    -2.15312    0.028174
        2335     -1.2301    -2.15272   0.0281647
        2336    -1.21203    -2.15232   0.0281555
        2337    -1.27036    -2.15194    0.028146
        2338    -1.32312    -2.15159   0.0281362
        2339    -1.49367    -2.15131   0.0281256
        2340    -1.47627    -2.15102    0.028115
        2341    -1.37594    -2.15069    0.028105
        2342    -1.32408    -2.15033   0.0280952
        2343    -1.42253    -2.15002   0.0280849
        2344    -1.37623    -2.14969   0.0280749
        2345    -1.39011    -2.14937   0.0280647
        2346     -1.3264    -2.14902    0.028055
        2347      -1.242    -2.14863   0.0280457
        2348    -1.32957    -2.14828   0.0280359
        2349    -1.32384    -2.14793   0.0280262
        2350    -1.27346    -2.14756   0.0280167
        2351    -1.13386    -2.14713   0.0280081
        2352    -1.20125    -2.14673   0.0279991
        2353    -1.25708    -2.14635   0.0279897
        2354    -1.30816    -2.14599   0.0279801
        2355    -1.28199    -2.14562   0.0279706
        2356    -1.29516    -2.14526   0.0279611
        2357    -1.29818     -2.1449   0.0279516
        2358    -1.36395    -2.14457   0.0279417
        2359    -1.27682    -2.14421   0.0279322
        2360    -1.30702    -2.14385   0.0279227
        2361     -1.2606    -2.14348   0.0279133
        2362    -1.25318     -2.1431   0.0279041
        2363    -1.20263     -2.1427   0.0278951
        2364    -1.17954    -2.14229   0.0278863
        2365    -1.18245    -2.14189   0.0278774
        2366    -1.33029    -2.14155   0.0278678
        2367    -1.28569    -2.14118   0.0278583
        2368    -1.18059    -2.14078   0.0278495
        2369     -1.2449     -2.1404   0.0278403
        2370    -1.28392    -2.14004   0.0278309
        2371    -1.29638    -2.13968   0.0278215
        2372    -1.22195     -2.1393   0.0278124
        2373     -1.2345    -2.13891   0.0278033
        2374    -1.13154    -2.13849   0.0277948
        2375    -1.24739    -2.13811   0.0277857
        2376    -1.14704     -2.1377   0.0277771
        2377    -1.12185    -2.13727   0.0277687
        2378    -1.09824    -2.13683   0.0277605
        2379     -1.1038     -2.1364   0.0277522
        2380       -1.22    -2.13601   0.0277432
        2381    -1.17967    -2.13561   0.0277345
        2382    -1.18218    -2.13521   0.0277257
        2383    -1.14091    -2.13479   0.0277172
        2384    -1.14694    -2.13438   0.0277087
        2385    -1.16718    -2.13397      0.0277
        2386      -1.147    -2.13356   0.0276915
        2387    -1.18319    -2.13316   0.0276828
        2388    -1.21596    -2.13278   0.0276738
        2389    -1.30304    -2.13243   0.0276644
        2390    -1.36568    -2.13211   0.0276547
        2391    -1.35993    -2.13179    0.027645
        2392     -1.3675    -2.13147   0.0276353
        2393    -1.36509    -2.13115   0.0276256
        2394    -1.28872     -2.1308   0.0276163
        2395    -1.31146    -2.13045   0.0276069
        2396    -1.21871    -2.13007    0.027598
        2397    -1.15686    -2.12967   0.0275895
        2398    -1.10451    -2.12924   0.0275813
        2399    -1.08787    -2.12881   0.0275732
        2400    -1.06327    -2.12836   0.0275653
        2401    -1.01444     -2.1279   0.0275577
        2402    -1.08279    -2.12746   0.0275497
        2403    -1.19988    -2.12708   0.0275409
        2404    -1.20442    -2.12669   0.0275322
        2405    -1.24019    -2.12632   0.0275232
        2406    -1.18292    -2.12593   0.0275145
        2407    -1.17248    -2.12554   0.0275059
        2408    -1.19996    -2.12515   0.0274972
        2409    -1.27386     -2.1248   0.0274881
        2410    -1.22959    -2.12443   0.0274792
        2411    -1.29352    -2.12408   0.0274699
        2412    -1.23304    -2.12371    0.027461
        2413    -1.15549    -2.12331   0.0274526
        2414    -1.22394    -2.12294   0.0274437
        2415    -1.00977    -2.12248   0.0274362
        2416    -1.11147    -2.12206   0.0274281
        2417    -1.09999    -2.12164     0.02742
        2418     -1.0888    -2.12121    0.027412
        2419    -1.15979    -2.12081   0.0274035
        2420    -1.19678    -2.12043   0.0273949
        2421     -1.1721    -2.12004   0.0273863
        2422    -1.14934    -2.11964    0.027378
        2423    -1.03798    -2.11919   0.0273703
        2424    -1.20062    -2.11881   0.0273616
        2425    -1.17185    -2.11842   0.0273531
        2426    -1.11076    -2.11801    0.027345
        2427     -1.1091    -2.11759   0.0273369
        2428      -1.117    -2.11718   0.0273288
        2429    -1.05963    -2.11674    0.027321
        2430    -1.04466     -2.1163   0.0273133
        2431    -1.06816    -2.11587   0.0273055
        2432   -0.981165     -2.1154   0.0272982
        2433   -0.890815     -2.1149   0.0272916
        2434   -0.813281    -2.11437   0.0272857
        2435   -0.913663    -2.11387   0.0272789
        2436    -0.98347    -2.11341   0.0272717
        2437    -1.06606    -2.11298   0.0272639
        2438    -1.09356    -2.11256   0.0272559
        2439    -1.09855    -2.11215   0.0272479
        2440    -1.00828    -2.11169   0.0272405
        2441     -0.9673    -2.11122   0.0272333
        2442    -0.92645    -2.11074   0.0272265
        2443   -0.878065    -2.11024     0.02722
        2444   -0.916951    -2.10975   0.0272133
        2445   -0.988284    -2.10929    0.027206
        2446   -0.990167    -2.10883   0.0271987
        2447   -0.900437    -2.10834   0.0271921
        2448   -0.981107    -2.10788   0.0271849
        2449   -0.888925    -2.10738   0.0271784
        2450   -0.914362    -2.10689   0.0271716
        2451    -1.08711    -2.10648   0.0271637
        2452    -1.05551    -2.10605    0.027156
        2453    -1.01355     -2.1056   0.0271486
        2454    -1.06653    -2.10518   0.0271409
        2455    -1.03889    -2.10474   0.0271333
        2456   -0.990778    -2.10429    0.027126
        2457     -1.0002    -2.10384   0.0271187
        2458    -1.11324    -2.10344   0.0271107
        2459    -1.21636    -2.10308    0.027102
        2460    -1.21531    -2.10272   0.0270934
        2461     -1.1457    -2.10233   0.0270852
        2462    -1.21699    -2.10197   0.0270766
        2463    -1.17291    -2.10159   0.0270682
        2464    -1.19248    -2.10122   0.0270598
        2465    -1.17523    -2.10085   0.0270514
        2466    -1.15756    -2.10046   0.0270431
        2467    -1.13626    -2.10007    0.027035
        2468    -1.13613    -2.09968   0.0270268
        2469    -1.10199    -2.09928   0.0270189
        2470    -1.07485    -2.09886   0.0270112
        2471    -1.08864    -2.09845   0.0270033
        2472   -0.967959      -2.098   0.0269963
        2473   -0.923987    -2.09752   0.0269895
        2474   -0.879296    -2.09703   0.0269831
        2475   -0.959951    -2.09657   0.0269761
        2476   -0.949457    -2.09611   0.0269692
        2477   -0.965896    -2.09565   0.0269622
        2478   -0.889616    -2.09516   0.0269557
        2479   -0.875949    -2.09467   0.0269493
        2480    -0.76876    -2.09414   0.0269437
        2481   -0.781784    -2.09361   0.0269381
        2482    -0.67639    -2.09304   0.0269333
        2483   -0.683792    -2.09247   0.0269284
        2484   -0.592629    -2.09187   0.0269243
        2485   -0.681629     -2.0913   0.0269195
        2486   -0.659137    -2.09072   0.0269148
        2487   -0.728187    -2.09017   0.0269096
        2488   -0.728741    -2.08963   0.0269043
        2489   -0.646194    -2.08905   0.0268997
        2490    -0.65154    -2.08847   0.0268951
        2491   -0.602096    -2.08787    0.026891
        2492   -0.634062    -2.08729   0.0268865
        2493   -0.668513    -2.08672   0.0268817
        2494   -0.705013    -2.08617   0.0268767
        2495   -0.752333    -2.08563   0.0268712
        2496   -0.787775    -2.08511   0.0268655
        2497   -0.859037    -2.08462   0.0268592
        2498   -0.899251    -2.08415   0.0268526
        2499   -0.882553    -2.08367   0.0268462
        2500   -0.897617    -2.08319   0.0268397
        2501   -0.980624    -2.08275   0.0268325
        2502   -0.896946    -2.08228    0.026826
        2503   -0.828353    -2.08178     0.02682
        2504   -0.802854    -2.08127   0.0268141
        2505   -0.789404    -2.08075   0.0268084
        2506    -0.80509    -2.08024   0.0268025
        2507   -0.840393    -2.07975   0.0267964
        2508    -0.82008    -2.07924   0.0267904
        2509   -0.877055    -2.07876    0.026784
        2510   -0.917628     -2.0783   0.0267773
        2511    -1.05866     -2.0779   0.0267697
        2512    -1.09507     -2.0775   0.0267619
        2513    -1.05747     -2.0771   0.0267544
        2514   -0.951376    -2.07665   0.0267475
        2515   -0.861563    -2.07617   0.0267412
        2516   -0.923698    -2.07571   0.0267345
        2517   -0.973179    -2.07527   0.0267275
        2518   -0.858651    -2.07479   0.0267212
        2519   -0.845644     -2.0743   0.0267151
        2520    -0.84418    -2.07381   0.0267089
        2521   -0.898235    -2.07335   0.0267024
        2522   -0.968749    -2.07291   0.0266954
        2523   -0.838938    -2.07242   0.0266893
        2524   -0.832363    -2.07193   0.0266833
        2525   -0.899086    -2.07146   0.0266767
        2526   -0.878138    -2.07099   0.0266703
        2527   -0.828303     -2.0705   0.0266643
        2528   -0.790938    -2.06999   0.0266586
        2529   -0.820856     -2.0695   0.0266526
        2530   -0.761394    -2.06898   0.0266471
        2531   -0.737541    -2.06846   0.0266418
        2532   -0.778758    -2.06795   0.0266361
        2533   -0.712931    -2.06741    0.026631
        2534    -0.79084    -2.06691   0.0266252
        2535   -0.855442    -2.06643    0.026619
        2536   -0.900522    -2.06597   0.0266125
        2537   -0.947499    -2.06553   0.0266056
        2538   -0.892895    -2.06507   0.0265992
        2539   -0.833996    -2.06458   0.0265931
        2540   -0.824796    -2.06409   0.0265871
        2541   -0.826451    -2.06361   0.0265811
        2542    -0.70541    -2.06307    0.026576
        2543   -0.675827    -2.06253   0.0265712
        2544   -0.767773    -2.06202   0.0265656
        2545   -0.756949    -2.06151   0.0265601
        2546   -0.685144    -2.06097   0.0265552
        2547   -0.737009    -2.06045   0.0265498
        2548   -0.807003    -2.05995    0.026544
        2549   -0.738206    -2.05943   0.0265386
        2550   -0.749765    -2.05892   0.0265332
        2551   -0.661754    -2.05837   0.0265284
        2552    -0.71673    -2.05785   0.0265233
        2553   -0.742628    -2.05733   0.0265179
        2554   -0.761191    -2.05683   0.0265123
        2555   -0.706461     -2.0563   0.0265072
        2556   -0.733293    -2.05578   0.0265019
        2557   -0.768419    -2.05528   0.0264963
        2558    -0.71129    -2.05475   0.0264912
        2559   -0.696475    -2.05422   0.0264862
        2560   -0.798733    -2.05373   0.0264803
        2561     -0.8617    -2.05326   0.0264741
        2562   -0.828769    -2.05279   0.0264681
        2563   -0.919343    -2.05234   0.0264614
        2564   -0.940905    -2.05191   0.0264547
        2565   -0.836793    -2.05144   0.0264486
        2566   -0.786068    -2.05094   0.0264429
        2567   -0.771744    -2.05044   0.0264373
        2568   -0.880243    -2.04999   0.0264309
        2569   -0.758311    -2.04949   0.0264254
        2570   -0.795184      -2.049   0.0264196
        2571   -0.791885    -2.04851   0.0264139
        2572   -0.834163    -2.04804   0.0264078
        2573   -0.811243    -2.04756   0.0264019
        2574   -0.712591    -2.04704   0.0263968
        2575   -0.748188    -2.04653   0.0263913
        2576   -0.654284    -2.04599   0.0263866
        2577   -0.716888    -2.04548   0.0263814
        2578   -0.723675    -2.04496   0.0263762
        2579   -0.702341    -2.04444   0.0263711
        2580   -0.705089    -2.04392    0.026366
        2581   -0.720402    -2.04341   0.0263608
        2582   -0.789818    -2.04293    0.026355
        2583   -0.811306    -2.04245   0.0263491
        2584   -0.788226    -2.04196   0.0263434
        2585   -0.664822    -2.04143   0.0263386
        2586   -0.604328    -2.04088   0.0263343
        2587   -0.642219    -2.04034   0.0263296
        2588   -0.624404    -2.03979   0.0263252
        2589   -0.570998    -2.03922   0.0263211
        2590     -0.5716    -2.03865    0.026317
        2591   -0.607415     -2.0381   0.0263127
        2592   -0.630342    -2.03756   0.0263081
        2593   -0.559144    -2.03699   0.0263042
        2594   -0.629695    -2.03645   0.0262996
        2595   -0.606018    -2.03589   0.0262953
        2596   -0.637207    -2.03536   0.0262906
        2597   -0.642769    -2.03482    0.026286
        2598     -0.5932    -2.03426   0.0262817
        2599   -0.618939    -2.03372   0.0262773
        2600   -0.705526    -2.03321   0.0262721
        2601   -0.691723    -2.03269   0.0262671
        2602   -0.528851    -2.03212   0.0262633
        2603   -0.638814    -2.03158   0.0262587
        2604   -0.692558    -2.03107   0.0262537
        2605   -0.677176    -2.03055   0.0262487
        2606   -0.602806       -2.03   0.0262444
        2607   -0.691804    -2.02949   0.0262393
        2608    -0.66888    -2.02896   0.0262344
        2609   -0.718757    -2.02846   0.0262292
        2610   -0.797256    -2.02799   0.0262234
        2611   -0.822057    -2.02753   0.0262174
        2612   -0.820707    -2.02707   0.0262114
        2613   -0.796381    -2.02659   0.0262056
        2614   -0.778035    -2.02612      0.0262
        2615   -0.764345    -2.02563   0.0261944
        2616    -0.70886    -2.02513   0.0261892
        2617    -0.68659    -2.02462   0.0261842
        2618   -0.500059    -2.02404   0.0261807
        2619   -0.527065    -2.02347   0.0261769
        2620   -0.374339    -2.02284   0.0261745
        2621   -0.248986    -2.02216   0.0261733
        2622   -0.129071    -2.02144   0.0261732
        2623   -0.163587    -2.02073   0.0261728
        2624   -0.175665    -2.02003   0.0261723
        2625   -0.171244    -2.01932   0.0261718
        2626   -0.143138    -2.01861   0.0261716
        2627  -0.0975868    -2.01788   0.0261718
        2628   -0.166928    -2.01717   0.0261714
        2629  -0.0743711    -2.01643   0.0261718
        2630  -0.0808982     -2.0157   0.0261722
        2631  -0.0755788    -2.01496   0.0261727
        2632   -0.242559    -2.01429   0.0261714
        2633    -0.26069    -2.01362   0.0261699
        2634    -0.27703    -2.01296   0.0261683
        2635   -0.292678    -2.01231   0.0261665
        2636   -0.336597    -2.01167   0.0261643
        2637   -0.397979    -2.01106   0.0261615
        2638   -0.431971    -2.01046   0.0261585
        2639   -0.545538    -2.00991   0.0261544
        2640    -0.63808    -2.00939   0.0261497
        2641   -0.676223    -2.00888   0.0261447
        2642   -0.684898    -2.00838   0.0261396
        2643    -0.68457    -2.00788   0.0261345
        2644    -0.72169    -2.00739   0.0261291
        2645   -0.700747     -2.0069   0.0261239
        2646   -0.667911    -2.00639   0.0261189
        2647   -0.572836    -2.00585   0.0261147
        2648   -0.616581    -2.00533   0.0261101
        2649   -0.645907    -2.00481   0.0261053
        2650   -0.636561     -2.0043   0.0261005
        2651   -0.618773    -2.00378   0.0260959
        2652   -0.646159    -2.00326   0.0260911
        2653   -0.631217    -2.00275   0.0260864
        2654   -0.537809    -2.00219   0.0260824
        2655   -0.541011    -2.00164   0.0260784
        2656   -0.474934    -2.00107   0.0260749
        2657   -0.576464    -2.00053   0.0260706
        2658   -0.620028    -2.00001    0.026066
        2659   -0.581151    -1.99948   0.0260616
        2660   -0.474975    -1.99891   0.0260581
        2661   -0.564704    -1.99837   0.0260539
        2662     -0.5659    -1.99783   0.0260497
        2663   -0.619081    -1.99731    0.026045
        2664   -0.599877    -1.99679   0.0260405
        2665   -0.567632    -1.99625   0.0260363
        2666   -0.582337    -1.99572   0.0260319
        2667   -0.640971    -1.99521   0.0260271
        2668   -0.688842    -1.99472    0.026022
        2669   -0.740757    -1.99425   0.0260165
        2670    -0.73244    -1.99378    0.026011
        2671   -0.717641     -1.9933   0.0260057
        2672   -0.741466    -1.99283   0.0260001
        2673   -0.717033    -1.99236   0.0259948
        2674   -0.712559    -1.99188   0.0259895
        2675   -0.744859    -1.99141   0.0259839
        2676    -0.74189    -1.99095   0.0259784
        2677   -0.740051    -1.99048   0.0259729
        2678   -0.646579    -1.98998   0.0259681
        2679   -0.770244    -1.98952   0.0259624
        2680   -0.751377    -1.98906   0.0259568
        2681   -0.661293    -1.98856   0.0259518
        2682   -0.750438     -1.9881   0.0259463
        2683   -0.739292    -1.98764   0.0259408
        2684   -0.774683    -1.98718    0.025935
        2685   -0.820871    -1.98675    0.025929
        2686   -0.769898     -1.9863   0.0259233
        2687    -0.72628    -1.98583   0.0259179
        2688   -0.716632    -1.98536   0.0259126
        2689   -0.665203    -1.98487   0.0259076
        2690   -0.620769    -1.98436   0.0259029
        2691     -0.5719    -1.98383   0.0258986
        2692   -0.532085    -1.98329   0.0258946
        2693   -0.546704    -1.98276   0.0258905
        2694   -0.491182    -1.98221   0.0258868
        2695    -0.40848    -1.98162   0.0258838
        2696   -0.516589    -1.98108   0.0258799
        2697   -0.457481    -1.98051   0.0258764
        2698   -0.420567    -1.97994   0.0258733
        2699     -0.4583    -1.97937   0.0258699
        2700   -0.398731    -1.97879   0.0258669
        2701   -0.451199    -1.97822   0.0258635
        2702    -0.48029    -1.97767   0.0258599
        2703   -0.512154    -1.97713    0.025856
        2704   -0.475021    -1.97657   0.0258524
        2705   -0.490013    -1.97602   0.0258487
        2706   -0.461698    -1.97546   0.0258452
        2707   -0.403305    -1.97488   0.0258422
        2708   -0.264187    -1.97425   0.0258403
        2709   -0.280841    -1.97362   0.0258384
        2710    -0.16003    -1.97295   0.0258375
        2711   -0.198111     -1.9723   0.0258363
        2712  -0.0111435    -1.97158   0.0258369
        2713    0.017779    -1.97084   0.0258377
        2714    0.116187    -1.97007   0.0258397
        2715 -0.00519731    -1.96935   0.0258403
        2716  -0.0718265    -1.96865   0.0258402
        2717  -0.0159924    -1.96793   0.0258407
        2718  -0.0330364    -1.96722    0.025841
        2719   -0.101455    -1.96653   0.0258406
        2720     -0.1764    -1.96588   0.0258395
        2721   -0.147055    -1.96521   0.0258386
        2722   -0.259478    -1.96458   0.0258367
        2723   -0.330764    -1.96398   0.0258342
        2724   -0.242613    -1.96335   0.0258324
        2725   -0.268982    -1.96273   0.0258304
        2726   -0.279235    -1.96211   0.0258283
        2727   -0.302754     -1.9615    0.025826
        2728   -0.393044    -1.96093    0.025823
        2729    -0.41378    -1.96036   0.0258197
        2730   -0.494092    -1.95982   0.0258159
        2731   -0.515848    -1.95929   0.0258118
        2732   -0.499069    -1.95876   0.0258079
        2733   -0.520932    -1.95823   0.0258038
        2734   -0.514945    -1.95771   0.0257998
        2735   -0.458661    -1.95716   0.0257962
        2736   -0.453764    -1.95661   0.0257926
        2737   -0.483906    -1.95607   0.0257888
        2738   -0.526043    -1.95555   0.0257847
        2739   -0.446454      -1.955   0.0257811
        2740   -0.449539    -1.95445   0.0257776
        2741   -0.489919    -1.95391   0.0257737
        2742   -0.541093     -1.9534   0.0257695
        2743   -0.531875    -1.95288   0.0257653
        2744   -0.535175    -1.95236   0.0257611
        2745   -0.540798    -1.95185   0.0257568
        2746   -0.526765    -1.95133   0.0257527
        2747   -0.595216    -1.95084    0.025748
        2748   -0.667675    -1.95037   0.0257429
        2749   -0.721488    -1.94992   0.0257374
        2750   -0.734187    -1.94948   0.0257318
        2751   -0.743408    -1.94904   0.0257262
        2752   -0.737622     -1.9486   0.0257206
        2753   -0.762667    -1.94817   0.0257149
        2754    -0.82308    -1.94776   0.0257088
        2755   -0.853177    -1.94736   0.0257025
        2756   -0.901294    -1.94698    0.025696
        2757    -0.86284    -1.94659   0.0256897
        2758   -0.910272    -1.94622   0.0256831
        2759   -0.900536    -1.94584   0.0256766
        2760   -0.951219    -1.94548   0.0256698
        2761   -0.991004    -1.94513   0.0256629
        2762    -1.00449    -1.94479   0.0256558
        2763   -0.966193    -1.94444    0.025649
        2764   -0.965407    -1.94408   0.0256422
        2765   -0.857304    -1.94369   0.0256359
        2766   -0.876887     -1.9433   0.0256295
        2767   -0.886609    -1.94292   0.0256231
        2768   -0.816537    -1.94251   0.0256171
        2769   -0.794322     -1.9421   0.0256112
        2770    -0.88188    -1.94172   0.0256048
        2771   -0.844905    -1.94132   0.0255986
        2772   -0.799932    -1.94091   0.0255927
        2773   -0.756948    -1.94048    0.025587
        2774   -0.729004    -1.94005   0.0255815
        2775   -0.730885    -1.93961    0.025576
        2776   -0.751152    -1.93918   0.0255704
        2777   -0.745389    -1.93875   0.0255648
        2778   -0.724623    -1.93831   0.0255593
        2779   -0.723247    -1.93788   0.0255539
        2780   -0.657065    -1.93742   0.0255489
        2781   -0.732803    -1.93698   0.0255433
        2782   -0.654833    -1.93652   0.0255383
        2783   -0.645012    -1.93606   0.0255334
        2784   -0.683799    -1.93561   0.0255281
        2785   -0.739131    -1.93518   0.0255226
        2786   -0.737451    -1.93475    0.025517
        2787   -0.710653    -1.93431   0.0255117
        2788   -0.679576    -1.93386   0.0255065
        2789   -0.707056    -1.93342   0.0255011
        2790   -0.796246    -1.93301   0.0254953
        2791   -0.692316    -1.93257     0.02549
        2792   -0.618618     -1.9321   0.0254852
        2793   -0.532512     -1.9316    0.025481
        2794   -0.480346    -1.93108   0.0254772
        2795   -0.542837    -1.93058   0.0254729
        2796   -0.521473    -1.93008   0.0254688
        2797   -0.658222    -1.92962   0.0254637
        2798   -0.611016    -1.92915    0.025459
        2799   -0.651996    -1.92869    0.025454
        2800   -0.663892    -1.92824   0.0254489
        2801   -0.712536    -1.92781   0.0254435
        2802   -0.710442    -1.92737   0.0254382
        2803   -0.588844     -1.9269   0.0254336
        2804   -0.576966    -1.92641    0.025429
        2805   -0.571065    -1.92593   0.0254246
        2806   -0.573414    -1.92545   0.0254201
        2807    -0.67762    -1.92501   0.0254149
        2808   -0.660457    -1.92455   0.0254098
        2809   -0.630206    -1.92409    0.025405
        2810   -0.741125    -1.92367   0.0253994
        2811   -0.651102    -1.92322   0.0253944
        2812   -0.750952     -1.9228   0.0253888
        2813   -0.932724    -1.92245   0.0253822
        2814    -0.93163     -1.9221   0.0253757
        2815   -0.982301    -1.92177   0.0253688
        2816   -0.912328    -1.92141   0.0253624
        2817   -0.942459    -1.92106   0.0253557
        2818    -0.92386    -1.92071   0.0253492
        2819    -1.01335    -1.92038   0.0253423
        2820    -1.01824    -1.92006   0.0253353
        2821     -1.0553    -1.91976   0.0253282
        2822     -1.0678    -1.91946    0.025321
        2823    -1.08998    -1.91916   0.0253137
        2824    -1.06739    -1.91886   0.0253066
        2825   -0.994163    -1.91853   0.0252997
        2826    -1.05353    -1.91823   0.0252926
        2827    -1.03022    -1.91791   0.0252856
        2828    -1.04976    -1.91761   0.0252785
        2829   -0.971768    -1.91727   0.0252718
        2830   -0.986619    -1.91694    0.025265
        2831   -0.989508    -1.91661   0.0252582
        2832   -0.981956    -1.91628   0.0252515
        2833     -1.0155    -1.91597   0.0252445
        2834   -0.937824    -1.91562    0.025238
        2835   -0.988516    -1.91529   0.0252312
        2836    -0.95117    -1.91495   0.0252246
        2837   -0.891129    -1.91459   0.0252183
        2838   -0.825927    -1.91421   0.0252123
        2839   -0.843827    -1.91383   0.0252063
        2840    -0.86741    -1.91346   0.0252001
        2841    -1.00543    -1.91314   0.0251932
        2842   -0.994643    -1.91282   0.0251865
        2843    -1.02553    -1.91251   0.0251795
        2844   -0.979298    -1.91218   0.0251728
        2845   -0.993032    -1.91186    0.025166
        2846    -1.00793    -1.91154   0.0251592
        2847    -1.01779    -1.91123   0.0251523
        2848    -1.08288    -1.91094   0.0251452
        2849    -1.04321    -1.91063   0.0251382
        2850    -1.06031    -1.91033   0.0251311
        2851    -1.01108    -1.91002   0.0251243
        2852   -0.970479    -1.90969   0.0251177
        2853   -0.972152    -1.90936    0.025111
        2854   -0.981928    -1.90903   0.0251043
        2855    -1.07979    -1.90874   0.0250972
        2856    -1.14096    -1.90848   0.0250898
        2857    -1.20907    -1.90823   0.0250823
        2858    -1.14919    -1.90796   0.0250749
        2859    -1.10198    -1.90768   0.0250677
        2860    -1.06068    -1.90739   0.0250607
        2861   -0.979239    -1.90706    0.025054
        2862    -1.01312    -1.90675   0.0250472
        2863   -0.901019     -1.9064   0.0250409
        2864   -0.803664    -1.90601   0.0250351
        2865   -0.765453    -1.90562   0.0250296
        2866   -0.828286    -1.90524   0.0250237
        2867   -0.741848    -1.90483   0.0250182
        2868   -0.784899    -1.90444   0.0250125
        2869   -0.766934    -1.90405    0.025007
        2870   -0.739827    -1.90364   0.0250015
        2871     -0.8239    -1.90327   0.0249957
        2872   -0.802488    -1.90288   0.0249899
        2873   -0.890678    -1.90253   0.0249837
        2874    -0.92436    -1.90219   0.0249773
        2875   -0.895188    -1.90184   0.0249711
        2876   -0.902236    -1.90149   0.0249648
        2877   -0.903188    -1.90114   0.0249586
        2878   -0.871075    -1.90079   0.0249524
        2879   -0.864023    -1.90043   0.0249464
        2880   -0.823221    -1.90005   0.0249405
        2881   -0.802877    -1.89967   0.0249348
        2882   -0.843037    -1.89931   0.0249288
        2883   -0.913018    -1.89896   0.0249225
        2884   -0.856111     -1.8986   0.0249165
        2885   -0.785276    -1.89822   0.0249108
        2886   -0.774765    -1.89783   0.0249053
        2887   -0.747461    -1.89743   0.0248998
        2888   -0.825394    -1.89706    0.024894
        2889   -0.771197    -1.89667   0.0248884
        2890   -0.800244    -1.89629   0.0248827
        2891   -0.837185    -1.89592   0.0248768
        2892   -0.810829    -1.89555    0.024871
        2893   -0.718106    -1.89514   0.0248657
        2894   -0.646216    -1.89471   0.0248609
        2895   -0.646237    -1.89428    0.024856
        2896   -0.618657    -1.89384   0.0248514
        2897    -0.51717    -1.89336   0.0248473
        2898   -0.514809    -1.89288   0.0248433
        2899   -0.457578    -1.89239   0.0248397
        2900   -0.418365    -1.89188   0.0248363
        2901   -0.402495    -1.89137    0.024833
        2902   -0.583637    -1.89092   0.0248286
        2903   -0.615046    -1.89048   0.0248239
        2904   -0.668464    -1.89006   0.0248189
        2905   -0.678987    -1.88964   0.0248139
        2906   -0.723334    -1.88924   0.0248086
        2907   -0.606212     -1.8888    0.024804
        2908   -0.694359    -1.88839   0.0247988
        2909   -0.713579    -1.88798   0.0247936
        2910   -0.674225    -1.88757   0.0247886
        2911   -0.723151    -1.88717   0.0247833
        2912   -0.654389    -1.88674   0.0247784
        2913   -0.587974     -1.8863   0.0247739
        2914   -0.599361    -1.88585   0.0247694
        2915   -0.622696    -1.88542   0.0247646
        2916   -0.612601    -1.88498     0.02476
        2917   -0.450927    -1.88449   0.0247564
        2918   -0.362007    -1.88397   0.0247534
        2919   -0.463806    -1.88349   0.0247497
        2920   -0.502994    -1.88301   0.0247457
        2921   -0.487205    -1.88253   0.0247419
        2922   -0.500136    -1.88206   0.0247379
        2923   -0.448578    -1.88157   0.0247343
        2924   -0.494305     -1.8811   0.0247304
        2925   -0.473903    -1.88062   0.0247267
        2926   -0.473392    -1.88013   0.0247229
        2927   -0.553044    -1.87968   0.0247186
        2928   -0.605587    -1.87925    0.024714
        2929   -0.510133    -1.87878     0.02471
        2930   -0.451499    -1.87829   0.0247063
        2931   -0.470136    -1.87781   0.0247026
        2932   -0.490752    -1.87734   0.0246987
        2933   -0.509804    -1.87687   0.0246947
        2934   -0.408672    -1.87637   0.0246913
        2935   -0.458549    -1.87589   0.0246876
        2936   -0.393777    -1.87538   0.0246844
        2937   -0.418809    -1.87489    0.024681
        2938   -0.401694    -1.87439   0.0246776
        2939   -0.269907    -1.87384   0.0246753
        2940   -0.285685     -1.8733   0.0246728
        2941    -0.22759    -1.87274   0.0246708
        2942   -0.250615    -1.87219   0.0246685
        2943   -0.364964    -1.87168   0.0246655
        2944   -0.165476     -1.8711   0.0246639
        2945   -0.206224    -1.87053    0.024662
        2946   -0.302279       -1.87   0.0246594
        2947   -0.277888    -1.86946   0.0246569
        2948   -0.319797    -1.86893   0.0246542
        2949   -0.279227    -1.86839   0.0246517
        2950    -0.29604    -1.86786   0.0246491
        2951   -0.280908    -1.86732   0.0246466
        2952   -0.253904    -1.86678   0.0246443
        2953   -0.134479    -1.86619    0.024643
        2954  -0.0840797    -1.86559    0.024642
        2955  -0.0414504    -1.86497   0.0246414
        2956   0.0428319    -1.86432   0.0246415
        2957  -0.0393607    -1.86371   0.0246409
        2958    -0.10305    -1.86311   0.0246398
        2959   -0.215445    -1.86256   0.0246377
        2960   -0.227108      -1.862   0.0246356
        2961   -0.209983    -1.86144   0.0246336
        2962   -0.248054     -1.8609   0.0246313
        2963   -0.309736    -1.86038   0.0246285
        2964   -0.336292    -1.85986   0.0246256
        2965   -0.405481    -1.85937   0.0246222
        2966   -0.402979    -1.85888   0.0246188
        2967   -0.354135    -1.85837   0.0246157
        2968    -0.27123    -1.85784   0.0246132
        2969   -0.194666    -1.85728   0.0246113
        2970   -0.227651    -1.85673   0.0246091
        2971   -0.200013    -1.85617   0.0246072
        2972   -0.134472    -1.85559   0.0246057
        2973  -0.0336581    -1.85498   0.0246051
        2974   0.0540435    -1.85434   0.0246052
        2975   0.0971729    -1.85368   0.0246056
        2976   0.0642063    -1.85304   0.0246058
        2977   0.0289668    -1.85241   0.0246056
        2978   0.0237953    -1.85178   0.0246055
        2979   0.0325574    -1.85114   0.0246053
        2980   0.0554148     -1.8505   0.0246054
        2981   0.0152283    -1.84988   0.0246051
        2982   0.0488129    -1.84924   0.0246051
        2983    0.130445    -1.84858   0.0246058
        2984   0.0372778    -1.84795   0.0246056
        2985   0.0711227     -1.8473   0.0246058
        2986   0.0641992    -1.84666   0.0246059
        2987  -0.0923558    -1.84607   0.0246047
        2988   -0.133699     -1.8455   0.0246031
        2989   -0.290312    -1.84498   0.0246004
        2990   -0.295597    -1.84446   0.0245976
        2991   -0.263871    -1.84393    0.024595
        2992   -0.163777    -1.84337   0.0245932
        2993   -0.130708     -1.8428   0.0245917
        2994   -0.164659    -1.84224   0.0245898
        2995   -0.229665     -1.8417   0.0245875
        2996   -0.217958    -1.84116   0.0245853
        2997   -0.218683    -1.84062    0.024583
        2998   -0.124397    -1.84005   0.0245815
        2999   -0.130132    -1.83948   0.0245799
        3000   -0.102606     -1.8389   0.0245786
        3001   -0.110869    -1.83832   0.0245771
        3002    0.100428    -1.83768   0.0245774
        3003    0.177311      -1.837   0.0245784
        3004    0.185019    -1.83633   0.0245794
        3005    0.150052    -1.83567   0.0245801
        3006    0.122809    -1.83502   0.0245806
        3007    0.200301    -1.83434   0.0245817
        3008    0.179135    -1.83367   0.0245827
        3009    0.302885    -1.83296   0.0245847
        3010    0.334389    -1.83224   0.0245871
        3011    0.310964    -1.83153   0.0245892
        3012    0.345126    -1.83081   0.0245917
        3013    0.282954    -1.83011   0.0245935
        3014    0.369461    -1.82938   0.0245962
        3015    0.416245    -1.82863   0.0245993
        3016    0.438654    -1.82788   0.0246027
        3017    0.282585    -1.82718   0.0246044
        3018    0.361656    -1.82646    0.024607
        3019    0.327327    -1.82574   0.0246092
        3020    0.350053    -1.82502   0.0246116
        3021     0.26116    -1.82433   0.0246131
        3022     0.26452    -1.82364   0.0246147
        3023    0.321022    -1.82293   0.0246167
        3024    0.216433    -1.82226   0.0246178
        3025    0.262163    -1.82157   0.0246193
        3026      0.2195    -1.82089   0.0246204
        3027   0.0205471    -1.82028   0.0246198
        3028  -0.0256143    -1.81969   0.0246188
        3029   -0.029438     -1.8191   0.0246178
        3030    0.201996    -1.81843   0.0246187
        3031    0.124623    -1.81779   0.0246189
        3032    0.106942    -1.81716    0.024619
        3033    0.121889    -1.81652   0.0246192
        3034   0.0782598    -1.81589    0.024619
        3035 -0.00661136     -1.8153   0.0246181
        3036   0.0502911    -1.81468   0.0246176
        3037   0.0215601    -1.81408    0.024617
        3038  -0.0545672     -1.8135   0.0246157
        3039 -0.00969759    -1.81291   0.0246147
        3040   0.0107351    -1.81231   0.0246139
        3041 -0.00323809    -1.81171    0.024613
        3042  -0.0211293    -1.81112    0.024612
        3043  -0.0878498    -1.81056   0.0246104
        3044 -0.00800559    -1.80996   0.0246094
        3045   0.0188203    -1.80936   0.0246087
        3046  -0.0581282    -1.80879   0.0246073
        3047    -0.12554    -1.80824   0.0246054
        3048  -0.0266307    -1.80765   0.0246043
        3049 -0.00941905    -1.80706   0.0246033
        3050  -0.0711184    -1.80649   0.0246018
        3051   -0.222359    -1.80597   0.0245992
        3052   -0.179964    -1.80544   0.0245969
        3053   -0.166597     -1.8049   0.0245947
        3054   -0.154011    -1.80436   0.0245926
        3055   -0.220734    -1.80384     0.02459
        3056   -0.237772    -1.80333   0.0245873
        3057   -0.200284    -1.80281   0.0245849
        3058  -0.0269545    -1.80223   0.0245837
        3059   0.0920383    -1.80161   0.0245835
        3060   0.0820063    -1.80099   0.0245831
        3061    0.199497    -1.80034   0.0245838
        3062    0.141332     -1.7997   0.0245839
        3063   0.0892491    -1.79909   0.0245837
        3064  -0.0504938    -1.79852   0.0245823
        3065  -0.0625678    -1.79795   0.0245808
        3066    0.104974    -1.79733   0.0245806
        3067    0.044656    -1.79673   0.0245799
        3068    0.176807    -1.79609   0.0245803
        3069   0.0554282    -1.79548   0.0245797
        3070   0.0208915    -1.79489   0.0245788
        3071  -0.0671414    -1.79433   0.0245772
        3072   0.0175888    -1.79374   0.0245763
        3073   0.0767176    -1.79313   0.0245759
        3074   0.0650288    -1.79253   0.0245753
        3075  -0.0204463    -1.79195   0.0245741
        3076  -0.0100931    -1.79137   0.0245729
        3077   -0.070568    -1.79081   0.0245713
        3078   0.0251311    -1.79022   0.0245704
        3079   0.0704621    -1.78962   0.0245698
        3080    0.100903      -1.789   0.0245695
        3081     0.15046    -1.78837   0.0245696
        3082   0.0159768    -1.78779   0.0245686
        3083  0.00865388    -1.78721   0.0245675
        3084  -0.0952225    -1.78666   0.0245657
        3085   -0.141287    -1.78612   0.0245635
        3086   -0.136978    -1.78559   0.0245614
        3087   -0.231178    -1.78509   0.0245586
        3088   -0.113631    -1.78454   0.0245566
        3089 -0.00212491    -1.78397   0.0245554
        3090  -0.0154251    -1.78339   0.0245541
        3091  -0.0717354    -1.78284   0.0245524
        3092  -0.0880288    -1.78229   0.0245506
        3093  -0.0883814    -1.78175   0.0245488
        3094   -0.133307    -1.78121   0.0245466
        3095   -0.234722    -1.78071   0.0245438
        3096    -0.25556    -1.78022   0.0245408
        3097   -0.195751    -1.77971   0.0245382
        3098   -0.303465    -1.77923   0.0245349
        3099   -0.269784    -1.77875   0.0245318
        3100   -0.312338    -1.77827   0.0245285
        3101   -0.310019     -1.7778   0.0245251
        3102   -0.332134    -1.77733   0.0245217
        3103   -0.223698    -1.77683   0.0245189
        3104   -0.327239    -1.77636   0.0245154
        3105   -0.367798    -1.77591   0.0245117
        3106   -0.421413    -1.77548   0.0245077
        3107   -0.356611    -1.77502   0.0245041
        3108   -0.307432    -1.77455   0.0245007
        3109   -0.234308    -1.77405   0.0244979
        3110   -0.336212    -1.77359   0.0244944
        3111   -0.253384     -1.7731   0.0244914
        3112   -0.360069    -1.77265   0.0244877
        3113   -0.385537     -1.7722   0.0244839
        3114   -0.478645    -1.77178   0.0244795
        3115   -0.495625    -1.77138   0.0244751
        3116   -0.503895    -1.77097   0.0244706
        3117   -0.417431    -1.77053   0.0244666
        3118   -0.456912    -1.77011   0.0244624
        3119   -0.527849    -1.76971   0.0244578
        3120   -0.525269    -1.76932   0.0244532
        3121   -0.523213    -1.76892   0.0244487
        3122   -0.601616    -1.76854   0.0244437
        3123    -0.59418    -1.76817   0.0244387
        3124   -0.517004    -1.76777   0.0244342
        3125   -0.564534    -1.76738   0.0244294
        3126   -0.477407    -1.76697   0.0244251
        3127    -0.49614    -1.76656   0.0244207
        3128    -0.48872    -1.76615   0.0244163
        3129   -0.422135    -1.76572   0.0244122
        3130   -0.514354    -1.76532   0.0244077
        3131   -0.562844    -1.76494   0.0244029
        3132   -0.561633    -1.76456   0.0243982
        3133   -0.481764    -1.76415   0.0243938
        3134   -0.547349    -1.76376   0.0243891
        3135   -0.472977    -1.76335   0.0243848
        3136   -0.483481    -1.76294   0.0243805
        3137   -0.586895    -1.76256   0.0243756
        3138   -0.603535    -1.76219   0.0243706
        3139   -0.609245    -1.76183   0.0243656
        3140   -0.649785    -1.76147   0.0243604
        3141   -0.596423     -1.7611   0.0243555
        3142   -0.561968    -1.76072   0.0243507
        3143    -0.56827    -1.76034   0.0243459
        3144   -0.479175    -1.75993   0.0243416
        3145   -0.513732    -1.75954   0.0243371
        3146   -0.617624    -1.75917   0.0243321
        3147   -0.617909    -1.75881    0.024327
        3148   -0.690385    -1.75847   0.0243217
        3149   -0.641914    -1.75812   0.0243165
        3150   -0.609575    -1.75775   0.0243115
        3151   -0.645825     -1.7574   0.0243064
        3152   -0.531552    -1.75701   0.0243018
        3153    -0.49138    -1.75661   0.0242974
        3154   -0.420658    -1.75619   0.0242934
        3155   -0.502139    -1.75579   0.0242889
        3156    -0.54794    -1.75541   0.0242843
        3157   -0.423038    -1.75498   0.0242802
        3158   -0.444133    -1.75457   0.0242761
        3159   -0.413559    -1.75414   0.0242721
        3160   -0.465919    -1.75374   0.0242679
        3161   -0.551629    -1.75336   0.0242632
        3162   -0.558429    -1.75298   0.0242584
        3163   -0.581809    -1.75261   0.0242536
        3164   -0.649583    -1.75226   0.0242484
        3165   -0.649533    -1.75191   0.0242433
        3166   -0.576692    -1.75154   0.0242385
        3167   -0.417255    -1.75112   0.0242345
        3168   -0.452223    -1.75071   0.0242303
        3169    -0.45134     -1.7503   0.0242261
        3170   -0.512151    -1.74991   0.0242216
        3171   -0.556467    -1.74953   0.0242169
        3172   -0.627599    -1.74918   0.0242118
        3173   -0.652935    -1.74883   0.0242067
        3174   -0.629692    -1.74848   0.0242016
        3175   -0.666877    -1.74814   0.0241964
        3176    -0.65372    -1.74779   0.0241912
        3177    -0.70367    -1.74747   0.0241858
        3178   -0.665725    -1.74713   0.0241806
        3179   -0.649276    -1.74678   0.0241755
        3180   -0.721307    -1.74646     0.02417
        3181   -0.639665    -1.74611   0.0241649
        3182    -0.63078    -1.74576   0.0241599
        3183   -0.651292    -1.74542   0.0241547
        3184   -0.784961    -1.74511    0.024149
        3185   -0.804323    -1.74482   0.0241433
        3186    -0.83504    -1.74453   0.0241374
        3187   -0.777878    -1.74423   0.0241317
        3188   -0.754964    -1.74392   0.0241261
        3189   -0.691032    -1.74359   0.0241208
        3190   -0.638131    -1.74324   0.0241158
        3191   -0.556301    -1.74287   0.0241111
        3192   -0.584161    -1.74251   0.0241063
        3193   -0.607103    -1.74215   0.0241013
        3194   -0.636359    -1.74181   0.0240963
        3195   -0.684609    -1.74147    0.024091
        3196   -0.700176    -1.74115   0.0240857
        3197   -0.674031    -1.74081   0.0240804
        3198   -0.713297    -1.74049   0.0240751
        3199   -0.650626    -1.74015   0.0240699
        3200   -0.608266     -1.7398    0.024065
        3201   -0.650441    -1.73946   0.0240599
        3202   -0.744271    -1.73915   0.0240544
        3203   -0.734474    -1.73883   0.0240489
        3204    -0.75882    -1.73853   0.0240434
        3205   -0.715058    -1.73821    0.024038
        3206   -0.634158    -1.73786    0.024033
        3207   -0.665161    -1.73753   0.0240278
        3208   -0.635427    -1.73719   0.0240228
        3209   -0.703948    -1.73686   0.0240174
        3210    -0.65195    -1.73653   0.0240123
        3211   -0.613254    -1.73618   0.0240074
        3212   -0.720992    -1.73586    0.024002
        3213   -0.769682    -1.73556   0.0239964
        3214   -0.772422    -1.73526   0.0239908
        3215   -0.802177    -1.73497   0.0239851
        3216   -0.860301     -1.7347   0.0239792
        3217   -0.828214    -1.73442   0.0239734
        3218   -0.726994     -1.7341    0.023968
        3219   -0.622328    -1.73376    0.023963
        3220   -0.545874    -1.73339   0.0239584
        3221   -0.673153    -1.73306   0.0239533
        3222   -0.627094    -1.73272   0.0239483
        3223   -0.717756     -1.7324   0.0239429
        3224   -0.575515    -1.73204   0.0239382
        3225   -0.594755    -1.73169   0.0239334
        3226   -0.554958    -1.73133   0.0239287
        3227   -0.502626    -1.73094   0.0239243
        3228   -0.502837    -1.73056   0.0239199
        3229    -0.55919     -1.7302   0.0239153
        3230   -0.467317    -1.72981   0.0239111
        3231   -0.471519    -1.72942   0.0239068
        3232   -0.446606    -1.72902   0.0239027
        3233   -0.432798    -1.72862   0.0238987
        3234   -0.330761    -1.72819   0.0238952
        3235   -0.354524    -1.72777   0.0238916
        3236   -0.326694    -1.72733   0.0238882
        3237   -0.206833    -1.72686   0.0238854
        3238   -0.229081     -1.7264   0.0238825
        3239   -0.279334    -1.72595   0.0238793
        3240   -0.314576    -1.72552   0.0238759
        3241   -0.298316    -1.72508   0.0238726
        3242   -0.270098    -1.72463   0.0238695
        3243   -0.165179    -1.72415   0.0238669
        3244   -0.123884    -1.72366   0.0238647
        3245    -0.10584    -1.72316   0.0238625
        3246  -0.0193528    -1.72263    0.023861
        3247  -0.0293544    -1.72211   0.0238593
        3248   -0.176714    -1.72163   0.0238567
        3249   -0.299349     -1.7212   0.0238534
        3250   -0.318672    -1.72077   0.0238499
        3251    -0.32746    -1.72034   0.0238465
        3252   -0.415308    -1.71994   0.0238425
        3253   -0.419816    -1.71954   0.0238385
        3254   -0.419717    -1.71914   0.0238345
        3255   -0.260262    -1.71869   0.0238314
        3256    -0.18334    -1.71822   0.0238288
        3257   -0.226842    -1.71776   0.0238259
        3258   -0.203408    -1.71729   0.0238231
        3259   -0.203054    -1.71683   0.0238203
        3260   -0.260098    -1.71638   0.0238172
        3261   -0.302782    -1.71595   0.0238138
        3262   -0.235662     -1.7155   0.0238108
        3263   -0.205828    -1.71503    0.023808
        3264   -0.186709    -1.71456   0.0238054
        3265   -0.030856    -1.71405   0.0238036
        3266   -0.108257    -1.71356   0.0238014
        3267   -0.102983    -1.71306   0.0237993
        3268   -0.103473    -1.71257   0.0237971
        3269  -0.0428701    -1.71206   0.0237953
        3270   -0.150242    -1.71158   0.0237928
        3271   -0.134973     -1.7111   0.0237904
        3272   -0.148172    -1.71062   0.0237879
        3273   -0.141237    -1.71014   0.0237855
        3274    -0.16033    -1.70967   0.0237829
        3275   -0.158858     -1.7092   0.0237804
        3276   -0.177105    -1.70873   0.0237777
        3277   -0.188043    -1.70827    0.023775
        3278   -0.213623    -1.70781   0.0237721
        3279   -0.235763    -1.70736   0.0237691
        3280   -0.239098    -1.70691   0.0237661
        3281   -0.259357    -1.70647   0.0237629
        3282   -0.194828    -1.70601   0.0237601
        3283   -0.216641    -1.70556   0.0237572
        3284   -0.291634    -1.70513   0.0237539
        3285    -0.28977     -1.7047   0.0237506
        3286     -0.2922    -1.70427   0.0237472
        3287   -0.209922    -1.70381   0.0237444
        3288   -0.230468    -1.70336   0.0237414
        3289   -0.287034    -1.70293   0.0237381
        3290   -0.154509    -1.70246   0.0237355
        3291   -0.213624    -1.70201   0.0237326
        3292   -0.176719    -1.70155   0.0237299
        3293   -0.138356    -1.70107   0.0237275
        3294   -0.153455     -1.7006   0.0237249
        3295   -0.185362    -1.70014   0.0237222
        3296   -0.106212    -1.69966   0.0237199
        3297   0.0163254    -1.69914   0.0237184
        3298     0.10562    -1.69859   0.0237175
        3299   0.0645097    -1.69806   0.0237164
        3300   0.0413712    -1.69753    0.023715
        3301   -0.063144    -1.69703    0.023713
        3302  -0.0923017    -1.69655   0.0237108
        3303   -0.123803    -1.69607   0.0237084
        3304     -0.0951    -1.69559   0.0237062
        3305  -0.0904334     -1.6951    0.023704
        3306   -0.133341    -1.69463   0.0237015
        3307    -0.19241    -1.69418   0.0236987
        3308   -0.224589    -1.69373   0.0236957
        3309   -0.291504    -1.69331   0.0236923
        3310   -0.340008     -1.6929   0.0236887
        3311   -0.382777     -1.6925   0.0236849
        3312   -0.402168    -1.69211   0.0236809
        3313   -0.365958    -1.69171   0.0236771
        3314   -0.359174    -1.69131   0.0236734
        3315   -0.367319    -1.69091   0.0236696
        3316   -0.225442    -1.69047   0.0236666
        3317    -0.20904    -1.69002   0.0236637
        3318   -0.195863    -1.68957   0.0236609
        3319   -0.251626    -1.68914   0.0236577
        3320   -0.266028    -1.68871   0.0236545
        3321   -0.322418     -1.6883   0.0236509
        3322   -0.293925    -1.68788   0.0236475
        3323   -0.341667    -1.68747   0.0236439
        3324   -0.413504    -1.68709   0.0236399
        3325   -0.384142     -1.6867    0.023636
        3326    -0.32427    -1.68629   0.0236324
        3327   -0.398033     -1.6859   0.0236285
        3328   -0.267836    -1.68548   0.0236253
        3329   -0.300379    -1.68506   0.0236218
        3330   -0.323087    -1.68465   0.0236183
        3331   -0.371777    -1.68426   0.0236145
        3332   -0.491296     -1.6839   0.0236101
        3333   -0.509614    -1.68355   0.0236056
        3334    -0.52182     -1.6832   0.0236011
        3335   -0.523867    -1.68285   0.0235966
        3336   -0.541974    -1.68251    0.023592
        3337   -0.526041    -1.68216   0.0235875
        3338   -0.568607    -1.68183   0.0235828
        3339   -0.477042    -1.68147   0.0235785
        3340   -0.571428    -1.68114   0.0235738
        3341   -0.513057    -1.68079   0.0235693
        3342   -0.507257    -1.68043   0.0235649
        3343    -0.47935    -1.68008   0.0235606
        3344    -0.44983    -1.67971   0.0235564
        3345   -0.381744    -1.67932   0.0235525
        3346   -0.331566    -1.67892   0.0235489
        3347   -0.398101    -1.67853    0.023545
        3348   -0.412872    -1.67816    0.023541
        3349   -0.491579     -1.6778   0.0235367
        3350   -0.546661    -1.67746    0.023532
        3351   -0.509431    -1.67712   0.0235276
        3352   -0.493683    -1.67676   0.0235232
        3353   -0.416046    -1.67639   0.0235192
        3354   -0.383148      -1.676   0.0235154
        3355   -0.404354    -1.67562   0.0235114
        3356   -0.437031    -1.67525   0.0235073
        3357   -0.454896    -1.67489   0.0235031
        3358   -0.446284    -1.67452    0.023499
        3359   -0.448033    -1.67416   0.0234948
        3360   -0.385093    -1.67377   0.0234909
        3361   -0.376779    -1.67339   0.0234871
        3362    -0.32107    -1.67299   0.0234836
        3363   -0.211333    -1.67255   0.0234806
        3364   -0.239952    -1.67213   0.0234775
        3365   -0.413306    -1.67175   0.0234735
        3366   -0.371462    -1.67137   0.0234697
        3367   -0.344792    -1.67097   0.0234661
        3368   -0.358446    -1.67058   0.0234623
        3369   -0.320906    -1.67018   0.0234588
        3370   -0.335386    -1.66978   0.0234552
        3371   -0.209001    -1.66935   0.0234522
        3372   -0.205195    -1.66892   0.0234493
        3373    -0.24773     -1.6685   0.0234461
        3374    -0.33529     -1.6681   0.0234425
        3375   -0.376217    -1.66772   0.0234387
        3376   -0.418579    -1.66735   0.0234346
        3377   -0.434453    -1.66698   0.0234305
        3378   -0.462292    -1.66663   0.0234263
        3379   -0.417333    -1.66626   0.0234223
        3380   -0.418523    -1.66589   0.0234183
        3381   -0.366482     -1.6655   0.0234145
        3382   -0.407096    -1.66513   0.0234105
        3383   -0.365902    -1.66475   0.0234068
        3384   -0.453062    -1.66439   0.0234026
        3385   -0.468178    -1.66404   0.0233983
        3386   -0.528227     -1.6637   0.0233938
        3387   -0.638308     -1.6634   0.0233889
        3388   -0.658719     -1.6631   0.0233839
        3389   -0.674252    -1.66281   0.0233788
        3390   -0.670687    -1.66252   0.0233737
        3391   -0.767144    -1.66225   0.0233683
        3392   -0.846779    -1.66201   0.0233627
        3393   -0.916881    -1.66179   0.0233568
        3394   -0.889632    -1.66156    0.023351
        3395   -0.886735    -1.66134   0.0233453
        3396   -0.857236     -1.6611   0.0233396
        3397   -0.802687    -1.66085   0.0233341
        3398   -0.806327     -1.6606   0.0233286
        3399   -0.649994     -1.6603   0.0233236
        3400   -0.649735       -1.66   0.0233187
        3401   -0.754456    -1.65973   0.0233133
        3402   -0.643764    -1.65944   0.0233084
        3403   -0.672854    -1.65915   0.0233033
        3404   -0.612457    -1.65884   0.0232985
        3405   -0.689084    -1.65855   0.0232934
        3406   -0.675159    -1.65827   0.0232884
        3407   -0.793438    -1.65801   0.0232829
        3408   -0.834865    -1.65777   0.0232773
        3409   -0.854747    -1.65753   0.0232717
        3410   -0.872312     -1.6573    0.023266
        3411   -0.863068    -1.65707   0.0232604
        3412   -0.807922    -1.65682   0.0232549
        3413   -0.759221    -1.65656   0.0232495
        3414   -0.741881    -1.65629   0.0232443
        3415   -0.672937      -1.656   0.0232393
        3416    -0.70012    -1.65572   0.0232341
        3417   -0.758996    -1.65546   0.0232288
        3418    -0.83694    -1.65522   0.0232233
        3419   -0.791184    -1.65497   0.0232178
        3420   -0.794757    -1.65472   0.0232124
        3421   -0.743545    -1.65445   0.0232072
        3422     -0.7361    -1.65418   0.0232019
        3423   -0.696995     -1.6539   0.0231968
        3424    -0.70065    -1.65362   0.0231917
        3425   -0.724296    -1.65335   0.0231865
        3426   -0.748667    -1.65309   0.0231813
        3427   -0.610001    -1.65278   0.0231765
        3428   -0.634355    -1.65249   0.0231717
        3429   -0.667027     -1.6522   0.0231667
        3430   -0.620451     -1.6519   0.0231619
        3431   -0.686457    -1.65162   0.0231568
        3432   -0.786044    -1.65137   0.0231515
        3433   -0.710524    -1.65109   0.0231463
        3434   -0.686431    -1.65081   0.0231413
        3435   -0.540044    -1.65049   0.0231368
        3436   -0.505795    -1.65015   0.0231325
        3437   -0.472852    -1.64981   0.0231283
        3438   -0.592593     -1.6495   0.0231236
        3439   -0.721085    -1.64923   0.0231185
        3440   -0.718287    -1.64896   0.0231133
        3441   -0.757229     -1.6487   0.0231081
        3442    -0.85429    -1.64847   0.0231025
        3443   -0.904386    -1.64826   0.0230968
        3444   -0.793179    -1.64801   0.0230914
        3445   -0.782715    -1.64776   0.0230861
        3446   -0.736482    -1.64749   0.0230809
        3447   -0.637553     -1.6472   0.0230761
        3448    -0.49563    -1.64687   0.0230718
        3449    -0.52098    -1.64654   0.0230674
        3450   -0.587346    -1.64623   0.0230628
        3451   -0.540821    -1.64591   0.0230583
        3452   -0.632346    -1.64562   0.0230535
        3453   -0.542936     -1.6453    0.023049
        3454    -0.49497    -1.64497   0.0230448
        3455   -0.437983    -1.64462   0.0230408
        3456    -0.44628    -1.64427   0.0230367
        3457   -0.389524    -1.64391   0.0230329
        3458   -0.332807    -1.64353   0.0230294
        3459   -0.360005    -1.64316   0.0230257
        3460   -0.396156     -1.6428   0.0230219
        3461   -0.334074    -1.64242   0.0230183
        3462   -0.258865    -1.64202   0.0230151
        3463   -0.277718    -1.64163   0.0230119
        3464    -0.25041    -1.64122   0.0230087
        3465   -0.272353    -1.64083   0.0230055
        3466   -0.251779    -1.64043   0.0230023
        3467   -0.183552    -1.64001   0.0229995
        3468   -0.208084     -1.6396   0.0229966
        3469   -0.161912    -1.63917   0.0229939
        3470   -0.150132    -1.63874   0.0229913
        3471  -0.0966241     -1.6383    0.022989
        3472   -0.172877    -1.63787   0.0229862
        3473   -0.132154    -1.63744   0.0229837
        3474   -0.256371    -1.63704   0.0229805
        3475   -0.284783    -1.63665   0.0229772
        3476   -0.329955    -1.63628   0.0229736
        3477   -0.266406    -1.63588   0.0229704
        3478   -0.308688     -1.6355    0.022967
        3479   -0.316259    -1.63512   0.0229635
        3480    -0.27563    -1.63473   0.0229602
        3481   -0.240331    -1.63433   0.0229571
        3482   -0.284385    -1.63394   0.0229538
        3483   -0.359235    -1.63358   0.0229501
        3484    -0.30167     -1.6332   0.0229467
        3485   -0.294056    -1.63281   0.0229434
        3486   -0.300778    -1.63243     0.02294
        3487   -0.394623    -1.63207   0.0229361
        3488   -0.336931     -1.6317   0.0229326
        3489    -0.28154    -1.63132   0.0229293
        3490   -0.258561    -1.63092   0.0229261
        3491   -0.189787    -1.63051   0.0229232
        3492   -0.106459    -1.63007   0.0229208
        3493  -0.0840756    -1.62963   0.0229185
        3494   -0.200706    -1.62922   0.0229156
        3495  -0.0819917    -1.62878   0.0229133
        3496   -0.152774    -1.62836   0.0229107
        3497   -0.175354    -1.62794   0.0229079
        3498     -0.2061    -1.62754   0.0229049
        3499   -0.312185    -1.62716   0.0229015
        3500   -0.344045    -1.62679   0.0228979
        3501   -0.320878    -1.62642   0.0228944
        3502   -0.360593    -1.62606   0.0228907
        3503   -0.394865    -1.62571   0.0228868
        3504   -0.392597    -1.62535    0.022883
        3505   -0.330644    -1.62499   0.0228795
        3506   -0.374475    -1.62463   0.0228757
        3507   -0.302894    -1.62425   0.0228723
        3508   -0.295232    -1.62387   0.0228689
        3509   -0.272139    -1.62349   0.0228656
        3510   -0.232126    -1.62309   0.0228626
        3511   -0.309668    -1.62272   0.0228591
        3512    -0.38113    -1.62236   0.0228553
        3513   -0.455912    -1.62203   0.0228512
        3514   -0.390736    -1.62168   0.0228474
        3515   -0.472694    -1.62135   0.0228433
        3516   -0.456038    -1.62102   0.0228392
        3517   -0.434259    -1.62069   0.0228352
        3518   -0.483903    -1.62036    0.022831
        3519   -0.505794    -1.62005   0.0228267
        3520   -0.413897     -1.6197   0.0228228
        3521   -0.421066    -1.61936   0.0228188
        3522   -0.315899    -1.61899   0.0228153
        3523   -0.380816    -1.61864   0.0228116
        3524   -0.373346    -1.61829   0.0228078
        3525   -0.381705    -1.61794   0.0228041
        3526   -0.350447    -1.61758   0.0228004
        3527   -0.336033    -1.61721   0.0227969
        3528   -0.339206    -1.61685   0.0227933
        3529   -0.329843    -1.61649   0.0227897
        3530   -0.462452    -1.61616   0.0227856
        3531   -0.548473    -1.61586   0.0227812
        3532   -0.474216    -1.61553    0.022777
        3533   -0.498692    -1.61522   0.0227728
        3534   -0.480542     -1.6149   0.0227686
        3535   -0.473155    -1.61457   0.0227644
        3536   -0.473586    -1.61425   0.0227603
        3537   -0.328463    -1.61389   0.0227567
        3538   -0.256357     -1.6135   0.0227536
        3539   -0.202216    -1.61311   0.0227506
        3540   -0.211805    -1.61271   0.0227476
        3541    -0.21507    -1.61232   0.0227446
        3542   -0.221098    -1.61192   0.0227416
        3543    -0.29331    -1.61155   0.0227382
        3544   -0.360541     -1.6112   0.0227346
        3545    -0.35077    -1.61084   0.0227309
        3546   -0.353764    -1.61049   0.0227273
        3547   -0.419495    -1.61015   0.0227233
        3548     -0.3754     -1.6098   0.0227196
        3549   -0.348766    -1.60945    0.022716
        3550   -0.282317    -1.60907   0.0227127
        3551   -0.244631    -1.60869   0.0227095
        3552   -0.369009    -1.60834   0.0227058
        3553   -0.333558    -1.60798   0.0227022
        3554   -0.267322     -1.6076    0.022699
        3555   -0.277144    -1.60723   0.0226957
        3556   -0.220291    -1.60684   0.0226927
        3557   -0.200257    -1.60645   0.0226897
        3558   -0.325168    -1.60608   0.0226862
        3559   -0.322008    -1.60572   0.0226827
        3560    -0.33578    -1.60537   0.0226791
        3561   -0.204918    -1.60497   0.0226762
        3562   -0.382538    -1.60463   0.0226724
        3563   -0.454498    -1.60431   0.0226683
        3564   -0.411098    -1.60397   0.0226645
        3565   -0.458603    -1.60365   0.0226604
        3566   -0.470617    -1.60333   0.0226562
        3567   -0.552187    -1.60304   0.0226518
        3568   -0.489308    -1.60273   0.0226476
        3569   -0.456068    -1.60241   0.0226435
        3570   -0.535392    -1.60211   0.0226392
        3571   -0.586569    -1.60182   0.0226346
        3572   -0.578817    -1.60154   0.0226301
        3573   -0.566598    -1.60125   0.0226256
        3574   -0.533643    -1.60095   0.0226213
        3575   -0.519036    -1.60065    0.022617
        3576   -0.543697    -1.60035   0.0226126
        3577   -0.515774    -1.60005   0.0226083
        3578   -0.491318    -1.59974   0.0226041
        3579   -0.536314    -1.59944   0.0225997
        3580   -0.532184    -1.59914   0.0225954
        3581   -0.500675    -1.59883   0.0225911
        3582   -0.470214    -1.59852    0.022587
        3583   -0.548004    -1.59823   0.0225826
        3584   -0.549944    -1.59793   0.0225782
        3585   -0.654234    -1.59767   0.0225735
        3586   -0.663035    -1.59741   0.0225687
        3587     -0.6701    -1.59715   0.0225639
        3588   -0.726796    -1.59691   0.0225589
        3589   -0.738686    -1.59667   0.0225539
        3590   -0.792108    -1.59645   0.0225487
        3591   -0.807112    -1.59623   0.0225435
        3592    -0.89001    -1.59603   0.0225381
        3593   -0.889265    -1.59583   0.0225326
        3594   -0.971447    -1.59566    0.022527
        3595    -0.98732    -1.59549   0.0225214
        3596    -1.03722    -1.59533   0.0225157
        3597   -0.968211    -1.59516   0.0225101
        3598   -0.923388    -1.59497   0.0225046
        3599   -0.967538     -1.5948    0.022499
        3600    -1.04923    -1.59465   0.0224933
        3601   -0.991819    -1.59448   0.0224877
        3602   -0.971191    -1.59431   0.0224821
        3603   -0.993211    -1.59414   0.0224765
        3604   -0.904385    -1.59395   0.0224711
        3605   -0.876501    -1.59375   0.0224657
        3606   -0.820474    -1.59354   0.0224605
        3607   -0.780897    -1.59331   0.0224554
        3608   -0.772226    -1.59308   0.0224503
        3609   -0.757207    -1.59285   0.0224453
        3610   -0.782234    -1.59263   0.0224402
        3611   -0.794791    -1.59241   0.0224351
        3612   -0.839965     -1.5922   0.0224298
        3613   -0.719482    -1.59196   0.0224249
        3614   -0.775167    -1.59173   0.0224199
        3615   -0.644352    -1.59147   0.0224152
        3616   -0.688148    -1.59122   0.0224104
        3617   -0.633498    -1.59095   0.0224058
        3618   -0.617096    -1.59068   0.0224012
        3619   -0.628142    -1.59042   0.0223966
        3620   -0.644402    -1.59016   0.0223919
        3621   -0.677584     -1.5899   0.0223871
        3622   -0.665491    -1.58965   0.0223824
        3623   -0.704056     -1.5894   0.0223776
        3624   -0.599412    -1.58913   0.0223731
        3625   -0.533038    -1.58884   0.0223688
        3626   -0.602587    -1.58857   0.0223643
        3627   -0.632004     -1.5883   0.0223597
        3628   -0.609092    -1.58803   0.0223551
        3629   -0.636956    -1.58777   0.0223505
        3630   -0.655481    -1.58752   0.0223458
        3631   -0.680967    -1.58727   0.0223411
        3632   -0.660568    -1.58701   0.0223364
        3633   -0.692154    -1.58676   0.0223316
        3634   -0.792139    -1.58655   0.0223265
        3635   -0.732646    -1.58631   0.0223216
        3636   -0.621655    -1.58605    0.022317
        3637   -0.662825    -1.58579   0.0223123
        3638   -0.660811    -1.58554   0.0223077
        3639   -0.726405     -1.5853   0.0223028
        3640   -0.774891    -1.58508   0.0222978
        3641   -0.800412    -1.58486   0.0222927
        3642   -0.752269    -1.58463   0.0222877
        3643   -0.788239    -1.58442   0.0222827
        3644   -0.702399    -1.58417   0.0222779
        3645   -0.616028    -1.58391   0.0222734
        3646   -0.625278    -1.58365   0.0222688
        3647   -0.531948    -1.58336   0.0222646
        3648   -0.512391    -1.58306   0.0222604
        3649   -0.434631    -1.58275   0.0222565
        3650   -0.382477    -1.58242   0.0222529
        3651   -0.345036    -1.58208   0.0222493
        3652   -0.352916    -1.58174   0.0222458
        3653   -0.431693    -1.58143   0.0222419
        3654   -0.495587    -1.58113   0.0222378
        3655   -0.412158    -1.58081    0.022234
        3656    -0.46445    -1.58051   0.0222301
        3657   -0.379267    -1.58018   0.0222264
        3658   -0.386013    -1.57985   0.0222227
        3659   -0.304694     -1.5795   0.0222194
        3660   -0.327337    -1.57916   0.0222159
        3661   -0.503521    -1.57887   0.0222118
        3662   -0.420382    -1.57855    0.022208
        3663    -0.52056    -1.57826   0.0222038
        3664   -0.532259    -1.57798   0.0221996
        3665   -0.561079     -1.5777   0.0221953
        3666   -0.542436    -1.57742    0.022191
        3667    -0.55232    -1.57714   0.0221867
        3668   -0.607483    -1.57687   0.0221823
        3669   -0.658876    -1.57662   0.0221776
        3670   -0.723941    -1.57639   0.0221728
        3671   -0.813555    -1.57618   0.0221677
        3672   -0.728722    -1.57595   0.0221629
        3673   -0.802187    -1.57574   0.0221579
        3674    -0.75471    -1.57552    0.022153
        3675   -0.804014    -1.57531   0.0221479
        3676   -0.787437    -1.57509   0.0221429
        3677   -0.818601    -1.57489   0.0221379
        3678   -0.869964     -1.5747   0.0221327
        3679    -0.83768     -1.5745   0.0221276
        3680   -0.777584    -1.57428   0.0221226
        3681   -0.677682    -1.57404   0.0221179
        3682   -0.700321     -1.5738   0.0221132
        3683   -0.820057    -1.57359   0.0221082
        3684   -0.880882    -1.57341    0.022103
        3685   -0.873205    -1.57322   0.0220978
        3686   -0.871468    -1.57303   0.0220926
        3687   -0.968729    -1.57286   0.0220872
        3688    -1.00356    -1.57271   0.0220818
        3689   -0.911887    -1.57253   0.0220765
        3690   -0.828174    -1.57233   0.0220714
        3691   -0.892667    -1.57214   0.0220662
        3692   -0.765213    -1.57192   0.0220613
        3693   -0.784888    -1.57171   0.0220564
        3694   -0.673958    -1.57147   0.0220518
        3695   -0.681435    -1.57123   0.0220471
        3696   -0.632403    -1.57097   0.0220426
        3697   -0.650361    -1.57072    0.022038
        3698   -0.721889    -1.57049   0.0220333
        3699   -0.724366    -1.57027   0.0220285
        3700   -0.734265    -1.57004   0.0220237
        3701   -0.703669    -1.56981    0.022019
        3702   -0.728292    -1.56958   0.0220142
        3703   -0.772926    -1.56936   0.0220093
        3704    -0.68613    -1.56912   0.0220047
        3705   -0.768456    -1.56891   0.0219998
        3706   -0.700871    -1.56867   0.0219951
        3707   -0.725767    -1.56845   0.0219904
        3708   -0.756362    -1.56823   0.0219855
        3709   -0.685648    -1.56799   0.0219809
        3710   -0.615791    -1.56773   0.0219765
        3711   -0.698409     -1.5675   0.0219718
        3712   -0.805355    -1.56729   0.0219668
        3713   -0.884444    -1.56711   0.0219617
        3714   -0.993933    -1.56696   0.0219563
        3715   -0.973634     -1.5668    0.021951
        3716   -0.995207    -1.56664   0.0219456
        3717   -0.990206    -1.56649   0.0219403
        3718   -0.923752    -1.56631    0.021935
        3719   -0.977418    -1.56616   0.0219297
        3720    -1.02409    -1.56601   0.0219243
        3721    -1.09483    -1.56588   0.0219188
        3722    -1.12011    -1.56576   0.0219132
        3723    -1.14227    -1.56565   0.0219076
        3724    -1.15221    -1.56554    0.021902
        3725    -1.10134    -1.56541   0.0218965
        3726    -1.02671    -1.56527   0.0218911
        3727   -0.991661    -1.56512   0.0218858
        3728    -1.02229    -1.56497   0.0218804
        3729    -1.04588    -1.56483    0.021875
        3730    -1.06786     -1.5647   0.0218695
        3731    -0.98869    -1.56454   0.0218642
        3732   -0.923593    -1.56437    0.021859
        3733   -0.966454    -1.56421   0.0218537
        3734   -0.900867    -1.56403   0.0218486
        3735   -0.912839    -1.56386   0.0218434
        3736   -0.846115    -1.56367   0.0218384
        3737   -0.899478    -1.56349   0.0218333
        3738   -0.841253     -1.5633   0.0218283
        3739   -0.838781     -1.5631   0.0218234
        3740   -0.808699     -1.5629   0.0218185
        3741   -0.822576     -1.5627   0.0218135
        3742    -0.85263    -1.56251   0.0218085
        3743   -0.818408    -1.56231   0.0218036
        3744   -0.784983    -1.56211   0.0217988
        3745   -0.794699     -1.5619   0.0217939
        3746   -0.825967    -1.56171    0.021789
        3747   -0.863483    -1.56152   0.0217839
        3748   -0.808356    -1.56132   0.0217791
        3749   -0.679975    -1.56108   0.0217745
        3750   -0.750382    -1.56087   0.0217698
        3751   -0.808233    -1.56067   0.0217649
        3752   -0.870395    -1.56048   0.0217599
        3753   -0.854176    -1.56029   0.0217549
        3754   -0.879092    -1.56011   0.0217499
        3755   -0.758146     -1.5599   0.0217451
        3756   -0.641226    -1.55965   0.0217407
        3757   -0.523859    -1.55938   0.0217367
        3758   -0.592137    -1.55912   0.0217324
        3759   -0.540009    -1.55885   0.0217283
        3760   -0.605182     -1.5586    0.021724
        3761   -0.642835    -1.55835   0.0217196
        3762   -0.648957    -1.55811   0.0217152
        3763   -0.648636    -1.55787   0.0217108
        3764   -0.809265    -1.55767   0.0217059
        3765   -0.730383    -1.55745   0.0217012
        3766    -0.77128    -1.55724   0.0216965
        3767    -0.79414    -1.55704   0.0216917
        3768   -0.797626    -1.55684   0.0216869
        3769   -0.841024    -1.55665   0.0216819
        3770   -0.987323     -1.5565   0.0216767
        3771   -0.980455    -1.55634   0.0216715
        3772   -0.968385    -1.55619   0.0216663
        3773   -0.900304    -1.55601   0.0216613
        3774   -0.805954    -1.55582   0.0216564
        3775   -0.851843    -1.55563   0.0216515
        3776   -0.768805    -1.55542   0.0216468
        3777    -0.90389    -1.55525   0.0216417
        3778   -0.846733    -1.55506   0.0216368
        3779   -0.870418    -1.55488   0.0216318
        3780   -0.777766    -1.55467   0.0216271
        3781     -0.7166    -1.55445   0.0216225
        3782   -0.681768    -1.55422    0.021618
        3783   -0.658916    -1.55399   0.0216136
        3784   -0.619325    -1.55374   0.0216093
        3785   -0.644235     -1.5535   0.0216049
        3786   -0.628707    -1.55325   0.0216006
        3787   -0.588959      -1.553   0.0215964
        3788   -0.487583    -1.55272   0.0215925
        3789   -0.517538    -1.55244   0.0215886
        3790   -0.529013    -1.55217   0.0215846
        3791   -0.465512    -1.55189   0.0215808
        3792   -0.421544    -1.55159   0.0215771
        3793   -0.461046     -1.5513   0.0215734
        3794   -0.461275    -1.55102   0.0215696
        3795   -0.518869    -1.55074   0.0215656
        3796   -0.503205    -1.55047   0.0215617
        3797   -0.407361    -1.55017   0.0215581
        3798    -0.33219    -1.54985   0.0215548
        3799   -0.387589    -1.54954   0.0215513
        3800   -0.407251    -1.54924   0.0215478
        3801   -0.315656    -1.54891   0.0215445
        3802   -0.267832    -1.54858   0.0215415
        3803   -0.214509    -1.54823   0.0215387
        3804   -0.165075    -1.54786   0.0215361
        3805   -0.219389    -1.54751   0.0215333
        3806   -0.238253    -1.54717   0.0215304
        3807   -0.365198    -1.54686   0.0215269
        3808   -0.391381    -1.54656   0.0215234
        3809   -0.334281    -1.54624   0.0215201
        3810   -0.333549    -1.54592   0.0215168
        3811   -0.339633     -1.5456   0.0215135
        3812   -0.424258    -1.54531   0.0215099
        3813   -0.409918    -1.54501   0.0215063
        3814   -0.239828    -1.54467   0.0215034
        3815   -0.212953    -1.54432   0.0215006
        3816   -0.243425    -1.54398   0.0214977
        3817   -0.181207    -1.54362    0.021495
        3818  0.00917754    -1.54322   0.0214932
        3819  -0.0798794    -1.54283    0.021491
        3820  -0.0627867    -1.54244   0.0214889
        3821  -0.0500225    -1.54205   0.0214868
        3822    0.030126    -1.54164   0.0214851
        3823    0.054409    -1.54123   0.0214835
        3824   -0.115146    -1.54085   0.0214812
        3825   -0.146151    -1.54049   0.0214786
        3826   -0.126927    -1.54012   0.0214762
        3827   -0.144206    -1.53975   0.0214737
        3828   -0.163159    -1.53939   0.0214711
        3829   -0.179167    -1.53904   0.0214684
        3830   -0.155057    -1.53868   0.0214658
        3831   -0.187695    -1.53832   0.0214631
        3832   -0.223567    -1.53798   0.0214603
        3833   -0.198865    -1.53763   0.0214575
        3834   -0.261697     -1.5373   0.0214545
        3835   -0.278615    -1.53697   0.0214514
        3836   -0.349747    -1.53666   0.0214481
        3837   -0.478647    -1.53639   0.0214442
        3838   -0.525247    -1.53612   0.0214403
        3839   -0.325246    -1.53581    0.021437
        3840   -0.286832    -1.53548   0.0214339
        3841   -0.139084    -1.53512   0.0214314
        3842   -0.257074    -1.53479   0.0214284
        3843   -0.341834    -1.53448   0.0214251
        3844   -0.240309    -1.53414   0.0214221
        3845   -0.224224     -1.5338   0.0214193
        3846   -0.327499    -1.53348    0.021416
        3847    -0.34605    -1.53318   0.0214127
        3848    -0.22622    -1.53284   0.0214098
        3849   -0.204964    -1.53249    0.021407
        3850   -0.381223    -1.53219   0.0214035
        3851   -0.339786    -1.53188   0.0214002
        3852   -0.502997    -1.53162   0.0213963
        3853   -0.569839    -1.53137   0.0213922
        3854   -0.503578     -1.5311   0.0213884
        3855   -0.547318    -1.53084   0.0213843
        3856   -0.628773    -1.53061   0.0213801
        3857   -0.732057     -1.5304   0.0213755
        3858   -0.760886     -1.5302   0.0213709
        3859   -0.823631    -1.53002   0.0213662
        3860   -0.720261    -1.52981   0.0213617
        3861   -0.800947    -1.52962    0.021357
        3862    -0.88874    -1.52946   0.0213521
        3863    -0.93269     -1.5293   0.0213471
        3864   -0.978937    -1.52916    0.021342
        3865   -0.935732    -1.52901   0.0213371
        3866   -0.977599    -1.52886    0.021332
        3867   -0.942062    -1.52871   0.0213271
        3868    -1.00649    -1.52858    0.021322
        3869    -1.01749    -1.52844   0.0213169
        3870   -0.956129     -1.5283   0.0213119
        3871   -0.914238    -1.52814    0.021307
        3872   -0.971194    -1.52799   0.0213019
        3873   -0.928333    -1.52784    0.021297
        3874   -0.949744    -1.52769    0.021292
        3875   -0.951708    -1.52754   0.0212871
        3876   -0.855761    -1.52737   0.0212823
        3877   -0.822227    -1.52719   0.0212776
        3878   -0.928597    -1.52703   0.0212726
        3879   -0.932207    -1.52688   0.0212677
        3880   -0.896378    -1.52672   0.0212628
        3881   -0.948468    -1.52657   0.0212579
        3882   -0.918408    -1.52641    0.021253
        3883   -0.830977    -1.52623   0.0212483
        3884   -0.817194    -1.52605   0.0212436
        3885   -0.715854    -1.52584   0.0212391
        3886   -0.711295    -1.52563   0.0212347
        3887   -0.787697    -1.52544   0.0212301
        3888   -0.657909    -1.52522   0.0212258
        3889   -0.601245    -1.52498   0.0212217
        3890   -0.616793    -1.52475   0.0212175
        3891   -0.617925    -1.52451   0.0212133
        3892   -0.422187    -1.52423   0.0212098
        3893   -0.590414    -1.52399   0.0212057
        3894   -0.596095    -1.52375   0.0212016
        3895   -0.621121    -1.52352   0.0211974
        3896   -0.691899    -1.52331    0.021193
        3897   -0.613084    -1.52307   0.0211889
        3898   -0.625041    -1.52284   0.0211847
        3899   -0.576863     -1.5226   0.0211806
        3900   -0.585205    -1.52236   0.0211766
        3901   -0.537314    -1.52211   0.0211727
        3902   -0.549485    -1.52186   0.0211687
        3903   -0.523562     -1.5216   0.0211648
        3904   -0.609483    -1.52137   0.0211607
        3905   -0.640454    -1.52114   0.0211565
        3906   -0.659012    -1.52092   0.0211522
        3907   -0.760706    -1.52073   0.0211477
        3908   -0.855287    -1.52056    0.021143
        3909   -0.865721    -1.52039   0.0211382
        3910   -0.799759     -1.5202   0.0211336
        3911   -0.695748    -1.51999   0.0211293
        3912   -0.635828    -1.51977   0.0211251
        3913   -0.591241    -1.51953    0.021121
        3914    -0.51313    -1.51927   0.0211172
        3915   -0.539359    -1.51902   0.0211133
        3916   -0.481715    -1.51876   0.0211095
        3917   -0.448959    -1.51849   0.0211059
        3918   -0.485708    -1.51822   0.0211022
        3919   -0.514568    -1.51797   0.0210983
        3920   -0.522092    -1.51771   0.0210945
        3921   -0.624814    -1.51748   0.0210903
        3922   -0.606307    -1.51725   0.0210862
        3923   -0.551742    -1.51701   0.0210823
        3924   -0.531748    -1.51675   0.0210784
        3925   -0.478609    -1.51649   0.0210747
        3926   -0.391772     -1.5162   0.0210713
        3927   -0.341961     -1.5159    0.021068
        3928   -0.308207     -1.5156   0.0210649
        3929   -0.433215    -1.51532   0.0210614
        3930   -0.375008    -1.51503    0.021058
        3931   -0.438911    -1.51476   0.0210544
        3932   -0.485029     -1.5145   0.0210507
        3933   -0.459698    -1.51423   0.0210471
        3934   -0.427148    -1.51395   0.0210435
        3935    -0.36163    -1.51366   0.0210402
        3936   -0.416111    -1.51338   0.0210367
        3937   -0.504293    -1.51312   0.0210329
        3938   -0.613124    -1.51289   0.0210288
        3939   -0.633157    -1.51267   0.0210247
        3940   -0.665196    -1.51246   0.0210204
        3941   -0.606456    -1.51223   0.0210164
        3942   -0.631827      -1.512   0.0210122
        3943   -0.630878    -1.51178   0.0210081
        3944   -0.625059    -1.51155    0.021004
        3945   -0.631749    -1.51133   0.0209998
        3946   -0.587058     -1.5111   0.0209958
        3947   -0.570015    -1.51086   0.0209918
        3948   -0.538575    -1.51061    0.020988
        3949   -0.482637    -1.51035   0.0209843
        3950   -0.475672    -1.51009   0.0209806
        3951   -0.438102    -1.50982    0.020977
        3952   -0.413882    -1.50954   0.0209736
        3953   -0.404021    -1.50926   0.0209701
        3954   -0.450453    -1.50899   0.0209665
        3955    -0.45221    -1.50873   0.0209629
        3956    -0.48787    -1.50847   0.0209592
        3957    -0.50689    -1.50822   0.0209554
        3958   -0.435971    -1.50795   0.0209519
        3959    -0.34494    -1.50765   0.0209487
        3960   -0.412533    -1.50737   0.0209452
        3961   -0.460871    -1.50711   0.0209416
        3962   -0.494793    -1.50686   0.0209378
        3963   -0.508505     -1.5066   0.0209341
        3964   -0.601502    -1.50637     0.02093
        3965   -0.619075    -1.50615    0.020926
        3966   -0.600162    -1.50592   0.0209219
        3967   -0.658259    -1.50571   0.0209178
        3968   -0.679288     -1.5055   0.0209135
        3969   -0.687165    -1.50529   0.0209093
        3970   -0.688372    -1.50509    0.020905
        3971   -0.633972    -1.50487   0.0209009
        3972   -0.655012    -1.50466   0.0208967
        3973    -0.73422    -1.50446   0.0208924
        3974    -0.77514    -1.50428   0.0208879
        3975   -0.753605    -1.50409   0.0208835
        3976   -0.805747    -1.50391    0.020879
        3977   -0.772071    -1.50373   0.0208746
        3978   -0.780937    -1.50355   0.0208701
        3979   -0.822775    -1.50338   0.0208656
        3980   -0.800808     -1.5032   0.0208611
        3981   -0.779952    -1.50302   0.0208566
        3982   -0.751094    -1.50283   0.0208522
        3983   -0.684261    -1.50262    0.020848
        3984   -0.686009    -1.50242   0.0208438
        3985   -0.626946     -1.5022   0.0208397
        3986   -0.753259    -1.50201   0.0208353
        3987   -0.802709    -1.50184   0.0208308
        3988   -0.740677    -1.50165   0.0208265
        3989   -0.716805    -1.50145   0.0208222
        3990   -0.758566    -1.50126   0.0208178
        3991   -0.754377    -1.50108   0.0208134
        3992   -0.765146    -1.50089    0.020809
        3993   -0.763979    -1.50071   0.0208047
        3994   -0.785897    -1.50053   0.0208002
        3995   -0.841724    -1.50036   0.0207957
        3996   -0.911992    -1.50022    0.020791
        3997    -0.87086    -1.50006   0.0207864
        3998   -0.870969     -1.4999   0.0207818
        3999   -0.870852    -1.49974   0.0207772
        4000   -0.936722     -1.4996   0.0207724
        4001   -0.918941    -1.49946   0.0207678
        4002    -0.86865     -1.4993   0.0207632
        4003    -0.75088    -1.49911   0.0207588
        4004   -0.722776    -1.49892   0.0207545
        4005   -0.766408    -1.49874   0.0207502
        4006   -0.728848    -1.49854   0.0207459
        4007   -0.818439    -1.49837   0.0207414
        4008   -0.743002    -1.49819   0.0207371
        4009   -0.794681    -1.49801   0.0207327
        4010   -0.814389    -1.49784   0.0207282
        4011     -0.8139    -1.49767   0.0207237
        4012   -0.785392    -1.49749   0.0207193
        4013    -0.79887    -1.49732   0.0207149
        4014   -0.772799    -1.49714   0.0207105
        4015   -0.826941    -1.49697    0.020706
        4016   -0.875125    -1.49681   0.0207014
        4017   -0.780109    -1.49664   0.0206971
        4018   -0.818991    -1.49647   0.0206926
        4019   -0.802765     -1.4963   0.0206882
        4020   -0.940855    -1.49616   0.0206835
        4021   -0.937983    -1.49602   0.0206788
        4022   -0.809916    -1.49585   0.0206744
        4023   -0.886966     -1.4957   0.0206698
        4024   -0.919006    -1.49555   0.0206651
        4025   -0.979537    -1.49542   0.0206604
        4026   -0.953675    -1.49529   0.0206557
        4027    -1.01104    -1.49517   0.0206509
        4028    -1.00633    -1.49505   0.0206462
        4029   -0.913682     -1.4949   0.0206415
        4030   -0.991339    -1.49478   0.0206368
        4031    -1.03873    -1.49467    0.020632
        4032    -1.08512    -1.49456   0.0206271
        4033    -1.11028    -1.49447   0.0206222
        4034    -1.18635    -1.49439   0.0206173
        4035    -1.13037     -1.4943   0.0206123
        4036    -1.13953    -1.49421   0.0206074
        4037     -1.1723    -1.49414   0.0206025
        4038    -1.13089    -1.49405   0.0205976
        4039    -1.05329    -1.49394   0.0205928
        4040    -1.06047    -1.49383   0.0205879
        4041    -1.12309    -1.49374    0.020583
        4042    -1.00455    -1.49362   0.0205783
        4043    -1.05423    -1.49351   0.0205735
        4044   -0.963768    -1.49338   0.0205688
        4045   -0.974695    -1.49325   0.0205642
        4046    -1.04361    -1.49314   0.0205594
        4047   -0.982336    -1.49301   0.0205547
        4048    -1.00445    -1.49289     0.02055
        4049   -0.980048    -1.49276   0.0205453
        4050   -0.912354    -1.49262   0.0205407
        4051   -0.809671    -1.49245   0.0205363
        4052   -0.763995    -1.49227    0.020532
        4053   -0.814198     -1.4921   0.0205277
        4054    -0.90595    -1.49196   0.0205231
        4055   -0.936931    -1.49182   0.0205185
        4056   -0.972636     -1.4917   0.0205138
        4057   -0.965555    -1.49157   0.0205092
        4058   -0.944452    -1.49143   0.0205046
        4059    -1.04238    -1.49132   0.0204998
        4060    -1.11945    -1.49123    0.020495
        4061     -1.1073    -1.49113   0.0204901
        4062    -1.13778    -1.49105   0.0204853
        4063    -1.14716    -1.49096   0.0204804
        4064    -1.17514    -1.49088   0.0204755
        4065    -1.21237    -1.49082   0.0204706
        4066    -1.25837    -1.49076   0.0204657
        4067    -1.29895    -1.49071   0.0204607
        4068    -1.22385    -1.49065   0.0204558
        4069     -1.1923    -1.49057   0.0204509
        4070    -1.23287    -1.49051   0.0204459
        4071    -1.14324    -1.49042   0.0204411
        4072    -1.18305    -1.49035   0.0204362
        4073    -1.15103    -1.49027   0.0204314
        4074    -1.18275    -1.49019   0.0204265
        4075     -1.2285    -1.49013   0.0204216
        4076    -1.14069    -1.49004   0.0204167
        4077    -1.13788    -1.48995   0.0204119
        4078    -1.17558    -1.48988   0.0204071
        4079    -1.22042    -1.48981   0.0204022
        4080    -1.23012    -1.48975   0.0203973
        4081    -1.23673    -1.48968   0.0203924
        4082    -1.20118    -1.48961   0.0203875
        4083    -1.24007    -1.48955   0.0203826
        4084     -1.2095    -1.48948   0.0203777
        4085    -1.19676    -1.48941   0.0203728
        4086    -1.24485    -1.48935   0.0203679
        4087    -1.28467     -1.4893    0.020363
        4088    -1.32619    -1.48926   0.0203581
        4089      -1.268    -1.48921   0.0203532
        4090    -1.23949    -1.48915   0.0203483
        4091    -1.16372    -1.48907   0.0203435
        4092    -1.14897    -1.48898   0.0203387
        4093    -1.14339     -1.4889   0.0203339
        4094    -1.06006     -1.4888   0.0203292
        4095    -1.06126    -1.48869   0.0203245
        4096   -0.973728    -1.48857   0.0203199
        4097   -0.962176    -1.48844   0.0203154
        4098    -1.06055    -1.48833   0.0203107
        4099   -0.971717    -1.48821   0.0203061
        4100    -1.08222    -1.48811   0.0203014
        4101    -1.03306      -1.488   0.0202967
        4102    -1.04315    -1.48789   0.0202921
        4103    -1.10406    -1.48779   0.0202874
        4104    -1.11324     -1.4877   0.0202826
        4105    -1.10393    -1.48761   0.0202779
        4106    -1.01283    -1.48749   0.0202733
        4107   -0.972911    -1.48737   0.0202687
        4108   -0.985196    -1.48725   0.0202642
        4109   -0.945503    -1.48711   0.0202597
        4110   -0.828949    -1.48695   0.0202554
        4111    -0.70048    -1.48676   0.0202513
        4112   -0.633522    -1.48656   0.0202475
        4113   -0.723747    -1.48637   0.0202434
        4114   -0.721772    -1.48618   0.0202393
        4115   -0.640329    -1.48598   0.0202355
        4116   -0.745952     -1.4858   0.0202313
        4117   -0.791238    -1.48563   0.0202271
        4118    -0.82822    -1.48547   0.0202229
        4119   -0.849069    -1.48532   0.0202185
        4120   -0.859713    -1.48516   0.0202142
        4121   -0.851802    -1.48501   0.0202099
        4122   -0.927654    -1.48488   0.0202054
        4123   -0.901464    -1.48473    0.020201
        4124   -0.928842     -1.4846   0.0201966
        4125   -0.897863    -1.48446   0.0201922
        4126   -0.930389    -1.48432   0.0201877
        4127   -0.847937    -1.48417   0.0201834
        4128   -0.811333    -1.48401   0.0201792
        4129   -0.732747    -1.48382   0.0201751
        4130   -0.726169    -1.48364   0.0201711
        4131   -0.716164    -1.48345    0.020167
        4132   -0.645922    -1.48325   0.0201632
        4133   -0.592941    -1.48304   0.0201595
        4134   -0.566574    -1.48281   0.0201558
        4135   -0.610221     -1.4826    0.020152
        4136   -0.567465    -1.48238   0.0201484
        4137   -0.506497    -1.48215   0.0201449
        4138   -0.512007    -1.48191   0.0201414
        4139   -0.576453    -1.48169   0.0201377
        4140   -0.603378    -1.48148    0.020134
        4141   -0.599187    -1.48127   0.0201302
        4142   -0.651091    -1.48107   0.0201264
        4143   -0.666356    -1.48087   0.0201225
        4144   -0.652056    -1.48067   0.0201186
        4145   -0.668256    -1.48048   0.0201147
        4146   -0.646107    -1.48027   0.0201109
        4147   -0.622441    -1.48007   0.0201071
        4148   -0.605479    -1.47986   0.0201033
        4149   -0.631577    -1.47965   0.0200995
        4150   -0.591286    -1.47944   0.0200958
        4151   -0.547265    -1.47921   0.0200922
        4152    -0.56811    -1.47899   0.0200886
        4153   -0.623961    -1.47879   0.0200848
        4154   -0.552598    -1.47856   0.0200812
        4155   -0.553735    -1.47834   0.0200776
        4156   -0.519545    -1.47811   0.0200741
        4157   -0.620345    -1.47791   0.0200703
        4158    -0.61639     -1.4777   0.0200666
        4159   -0.558757    -1.47748    0.020063
        4160   -0.572024    -1.47726   0.0200593
        4161   -0.604464    -1.47705   0.0200556
        4162   -0.575652    -1.47683    0.020052
        4163   -0.511374     -1.4766   0.0200485
        4164   -0.597117    -1.47639   0.0200448
        4165   -0.620062    -1.47618    0.020041
        4166   -0.709242      -1.476   0.0200371
        4167   -0.776045    -1.47583    0.020033
        4168    -0.80222    -1.47567   0.0200288
        4169   -0.888486    -1.47553   0.0200245
        4170   -0.883698    -1.47539   0.0200202
        4171   -0.932261    -1.47526   0.0200158
        4172   -0.907694    -1.47512   0.0200115
        4173   -0.823787    -1.47497   0.0200073
        4174   -0.889475    -1.47483    0.020003
        4175   -0.806912    -1.47467   0.0199988
        4176   -0.791717     -1.4745   0.0199947
        4177   -0.764832    -1.47433   0.0199907
        4178   -0.857884    -1.47418   0.0199864
        4179   -0.860844    -1.47404   0.0199822
        4180   -0.860752    -1.47389   0.0199779
        4181    -0.81684    -1.47373   0.0199738
        4182   -0.916448     -1.4736   0.0199694
        4183   -0.825726    -1.47345   0.0199653
        4184   -0.888365    -1.47331    0.019961
        4185   -0.849508    -1.47316   0.0199568
        4186   -0.859047    -1.47301   0.0199525
        4187   -0.863509    -1.47286   0.0199483
        4188   -0.852498    -1.47272   0.0199441
        4189   -0.808379    -1.47256     0.01994
        4190   -0.756836    -1.47239   0.0199359
        4191   -0.771591    -1.47222   0.0199319
        4192   -0.716341    -1.47204   0.0199279
        4193   -0.727011    -1.47186    0.019924
        4194   -0.650342    -1.47167   0.0199202
        4195   -0.683925    -1.47148   0.0199163
        4196   -0.631535    -1.47128   0.0199126
        4197   -0.567882    -1.47106    0.019909
        4198   -0.631275    -1.47086   0.0199053
        4199   -0.694958    -1.47068   0.0199014
        4200   -0.698245    -1.47049   0.0198975
        4201   -0.585179    -1.47028   0.0198939
        4202   -0.572112    -1.47007   0.0198903
        4203   -0.711719    -1.46989   0.0198864
        4204   -0.643785    -1.46969   0.0198826
        4205   -0.636235    -1.46949   0.0198789
        4206   -0.537427    -1.46927   0.0198754
        4207   -0.468439    -1.46903   0.0198721
        4208   -0.429711    -1.46879   0.0198689
        4209   -0.336755    -1.46852    0.019866
        4210   -0.369833    -1.46826    0.019863
        4211   -0.331782    -1.46799   0.0198601
        4212   -0.355412    -1.46772   0.0198571
        4213   -0.388731    -1.46747   0.0198541
        4214   -0.410824    -1.46722    0.019851
        4215     -0.5267    -1.46699   0.0198475
        4216   -0.509524    -1.46677   0.0198441
        4217   -0.587505    -1.46656   0.0198405
        4218   -0.563969    -1.46634   0.0198369
        4219    -0.60031    -1.46614   0.0198333
        4220   -0.573472    -1.46593   0.0198297
        4221   -0.664128    -1.46574   0.0198259
        4222   -0.744365    -1.46557    0.019822
        4223   -0.759093     -1.4654    0.019818
        4224   -0.734304    -1.46523   0.0198141
        4225   -0.749432    -1.46506   0.0198101
        4226   -0.779214    -1.46489   0.0198061
        4227   -0.759544    -1.46473   0.0198021
        4228   -0.747301    -1.46456   0.0197981
        4229    -0.73396    -1.46439   0.0197942
        4230   -0.686354     -1.4642   0.0197904
        4231   -0.652328    -1.46401   0.0197866
        4232   -0.658348    -1.46382   0.0197829
        4233   -0.538859     -1.4636   0.0197794
        4234   -0.562249    -1.46339   0.0197759
        4235   -0.538524    -1.46317   0.0197724
        4236   -0.482498    -1.46294   0.0197691
        4237   -0.498649    -1.46271   0.0197657
        4238   -0.609639    -1.46251   0.0197621
        4239   -0.656055    -1.46232   0.0197584
        4240   -0.703643    -1.46214   0.0197545
        4241   -0.695099    -1.46196   0.0197507
        4242   -0.654999    -1.46177   0.0197469
        4243   -0.709509    -1.46159   0.0197431
        4244   -0.629593     -1.4614   0.0197394
        4245   -0.601449    -1.46119   0.0197358
        4246   -0.594502    -1.46099   0.0197322
        4247   -0.609119    -1.46079   0.0197286
        4248   -0.568694    -1.46058    0.019725
        4249   -0.575853    -1.46037   0.0197215
        4250   -0.676269    -1.46019   0.0197177
        4251   -0.729777    -1.46001   0.0197138
        4252   -0.745274    -1.45985   0.0197099
        4253   -0.759189    -1.45968    0.019706
        4254   -0.779518    -1.45952    0.019702
        4255   -0.744492    -1.45935   0.0196981
        4256   -0.696062    -1.45917   0.0196943
        4257   -0.756258    -1.45901   0.0196903
        4258   -0.810519    -1.45886   0.0196863
        4259   -0.808347     -1.4587   0.0196823
        4260   -0.858635    -1.45856   0.0196781
        4261   -0.840953    -1.45842   0.0196741
        4262   -0.767694    -1.45826   0.0196701
        4263   -0.772011    -1.45809   0.0196662
        4264   -0.726422    -1.45792   0.0196623
        4265   -0.626948    -1.45773   0.0196586
        4266   -0.559482    -1.45752   0.0196552
        4267   -0.604678    -1.45732   0.0196516
        4268   -0.505622    -1.45709   0.0196482
        4269   -0.391254    -1.45684   0.0196452
        4270   -0.354729    -1.45659   0.0196423
        4271   -0.425176    -1.45635   0.0196392
        4272   -0.384847    -1.45609   0.0196362
        4273   -0.309916    -1.45583   0.0196334
        4274   -0.288378    -1.45555   0.0196307
        4275   -0.256756    -1.45527   0.0196282
        4276    -0.27776      -1.455   0.0196255
        4277   -0.222482    -1.45471    0.019623
        4278   -0.231524    -1.45442   0.0196205
        4279     -0.2614    -1.45414   0.0196179
        4280   -0.223974    -1.45386   0.0196154
        4281   -0.244886    -1.45357   0.0196129
        4282   -0.339305    -1.45331     0.01961
        4283   -0.346853    -1.45306   0.0196072
        4284   -0.340593     -1.4528   0.0196043
        4285   -0.377534    -1.45255   0.0196013
        4286    -0.40787     -1.4523   0.0195983
        4287   -0.344766    -1.45204   0.0195954
        4288   -0.312081    -1.45178   0.0195926
        4289     -0.4001    -1.45153   0.0195896
        4290   -0.236412    -1.45125   0.0195871
        4291   -0.270717    -1.45097   0.0195845
        4292    -0.28853     -1.4507   0.0195818
        4293   -0.273912    -1.45043   0.0195791
        4294   -0.320365    -1.45017   0.0195763
        4295   -0.196992    -1.44987   0.0195739
        4296   -0.127282    -1.44957   0.0195718
        4297   0.0495186    -1.44922   0.0195704
        4298  -0.0652382    -1.44889   0.0195685
        4299  -0.0251341    -1.44856   0.0195667
        4300   -0.038092    -1.44824   0.0195649
        4301   -0.114905    -1.44793   0.0195628
        4302   -0.181726    -1.44763   0.0195605
        4303   -0.188071    -1.44734   0.0195581
        4304   -0.152943    -1.44704   0.0195559
        4305   -0.135666    -1.44673   0.0195537
        4306  -0.0815944    -1.44642   0.0195518
        4307  -0.0390507    -1.44609   0.0195499
        4308  -0.0988203    -1.44578   0.0195479
        4309   -0.271868     -1.4455   0.0195453
        4310    -0.17171    -1.44521    0.019543
        4311   -0.147425    -1.44491   0.0195408
        4312   -0.130063     -1.4446   0.0195386
        4313   -0.182352    -1.44431   0.0195363
        4314   -0.265177    -1.44404   0.0195336
        4315   -0.278244    -1.44377    0.019531
        4316   -0.375398    -1.44352    0.019528
        4317    -0.38844    -1.44327    0.019525
        4318   -0.335627    -1.44302   0.0195222
        4319   -0.192367    -1.44273   0.0195198
        4320   -0.140881    -1.44243   0.0195176
        4321   -0.120924    -1.44212   0.0195155
        4322 -0.00398472    -1.44179   0.0195138
        4323  -0.0972735    -1.44148   0.0195118
        4324   -0.199596    -1.44119   0.0195094
        4325   -0.183103     -1.4409   0.0195071
        4326   -0.206688    -1.44061   0.0195046
        4327    -0.17879    -1.44032   0.0195023
        4328   -0.164868    -1.44003      0.0195
        4329   -0.210974    -1.43974   0.0194976
        4330   -0.297727    -1.43948   0.0194949
        4331   -0.347492    -1.43923    0.019492
        4332   -0.356265    -1.43898   0.0194891
        4333   -0.248996     -1.4387   0.0194865
        4334   -0.262811    -1.43843   0.0194839
        4335   -0.229866    -1.43815   0.0194814
        4336   -0.233831    -1.43788   0.0194789
        4337   -0.326048    -1.43762   0.0194761
        4338   -0.227661    -1.43734   0.0194736
        4339   -0.160918    -1.43705   0.0194714
        4340  -0.0369341    -1.43672   0.0194695
        4341 -0.00954984    -1.43639   0.0194678
        4342    0.205274    -1.43602    0.019467
        4343    0.318606    -1.43561   0.0194667
        4344    0.275262    -1.43522   0.0194662
        4345    0.223898    -1.43484   0.0194655
        4346    0.144655    -1.43447   0.0194644
        4347    0.216933    -1.43409   0.0194636
        4348     0.18963    -1.43372   0.0194627
        4349    0.011615    -1.43339   0.0194611
        4350   0.0807202    -1.43304   0.0194597
        4351   0.0121555    -1.43271   0.0194581
        4352   0.0464684    -1.43237   0.0194566
        4353   0.0206986    -1.43203    0.019455
        4354  -0.0563487    -1.43172   0.0194531
        4355   -0.126725    -1.43142   0.0194509
        4356   -0.215958    -1.43114   0.0194485
        4357   -0.220685    -1.43086    0.019446
        4358   -0.223976    -1.43058   0.0194435
        4359   -0.220569    -1.43031    0.019441
        4360   -0.161852    -1.43002   0.0194387
        4361   -0.213739    -1.42974   0.0194363
        4362   -0.271742    -1.42947   0.0194336
        4363   -0.236832     -1.4292   0.0194311
        4364   -0.428089    -1.42897    0.019428
        4365   -0.384382    -1.42873    0.019425
        4366   -0.393937    -1.42849    0.019422
        4367   -0.488366    -1.42828   0.0194188
        4368   -0.447821    -1.42805   0.0194156
        4369   -0.463023    -1.42783   0.0194124
        4370   -0.465683    -1.42761   0.0194092
        4371   -0.416911    -1.42738   0.0194062
        4372   -0.472248    -1.42716    0.019403
        4373   -0.563049    -1.42696   0.0193995
        4374   -0.598673    -1.42678    0.019396
        4375   -0.602065    -1.42659   0.0193925
        4376   -0.675182    -1.42642   0.0193888
        4377   -0.683948    -1.42625   0.0193852
        4378   -0.601892    -1.42606   0.0193816
        4379   -0.605663    -1.42587   0.0193781
        4380   -0.488297    -1.42566   0.0193749
        4381   -0.469767    -1.42544   0.0193717
        4382   -0.385365     -1.4252   0.0193687
        4383   -0.446964    -1.42498   0.0193656
        4384   -0.478219    -1.42476   0.0193624
        4385   -0.432679    -1.42453   0.0193593
        4386   -0.524549    -1.42433    0.019356
        4387   -0.538633    -1.42413   0.0193526
        4388   -0.581353    -1.42394   0.0193491
        4389   -0.494859    -1.42372   0.0193459
        4390    -0.48156    -1.42351   0.0193427
        4391   -0.349095    -1.42326   0.0193398
        4392   -0.381054    -1.42303   0.0193369
        4393   -0.359684    -1.42279    0.019334
        4394   -0.432537    -1.42256   0.0193309
        4395   -0.345444    -1.42231    0.019328
        4396   -0.324051    -1.42207   0.0193253
        4397   -0.270161     -1.4218   0.0193226
        4398   -0.270583    -1.42154     0.01932
        4399   -0.232148    -1.42127   0.0193175
        4400   -0.266131    -1.42101   0.0193149
        4401   -0.311642    -1.42076   0.0193122
        4402   -0.243875    -1.42049   0.0193096
        4403   -0.214448    -1.42022   0.0193072
        4404   -0.250727    -1.41995   0.0193046
        4405   -0.260515    -1.41969    0.019302
        4406   -0.280225    -1.41943   0.0192994
        4407   -0.365962    -1.41919   0.0192965
        4408   -0.324559    -1.41894   0.0192937
        4409   -0.358519     -1.4187   0.0192908
        4410   -0.383432    -1.41847   0.0192879
        4411   -0.461693    -1.41825   0.0192847
        4412   -0.496664    -1.41804   0.0192815
        4413   -0.497224    -1.41783   0.0192783
        4414   -0.504123    -1.41762    0.019275
        4415   -0.534659    -1.41742   0.0192717
        4416   -0.467844    -1.41721   0.0192685
        4417   -0.542113    -1.41701   0.0192652
        4418   -0.552525    -1.41681   0.0192618
        4419   -0.624987    -1.41664   0.0192583
        4420   -0.572621    -1.41644   0.0192549
        4421   -0.504736    -1.41624   0.0192516
        4422   -0.447209    -1.41602   0.0192485
        4423   -0.573989    -1.41583   0.0192451
        4424    -0.59239    -1.41564   0.0192417
        4425   -0.673399    -1.41548    0.019238
        4426   -0.556568    -1.41528   0.0192347
        4427   -0.707404    -1.41512    0.019231
        4428   -0.628947    -1.41494   0.0192275
        4429   -0.632891    -1.41477   0.0192239
        4430   -0.712842    -1.41461   0.0192202
        4431   -0.769501    -1.41446   0.0192165
        4432    -0.83599    -1.41433   0.0192126
        4433   -0.888634    -1.41421   0.0192086
        4434    -0.75054    -1.41406   0.0192048
        4435   -0.734263    -1.41391   0.0192011
        4436   -0.748233    -1.41376   0.0191974
        4437   -0.751346    -1.41361   0.0191936
        4438   -0.780559    -1.41347   0.0191898
        4439   -0.800806    -1.41333    0.019186
        4440   -0.828081     -1.4132   0.0191822
        4441   -0.852544    -1.41307   0.0191782
        4442   -0.774679    -1.41293   0.0191745
        4443   -0.871632    -1.41281   0.0191705
        4444   -0.932132     -1.4127   0.0191665
        4445   -0.970948     -1.4126   0.0191625
        4446   -0.989035     -1.4125   0.0191584
        4447    -1.01237    -1.41241   0.0191543
        4448    -1.01373    -1.41232   0.0191502
        4449   -0.972152    -1.41223   0.0191462
        4450    -1.01102    -1.41214   0.0191421
        4451   -0.995175    -1.41204    0.019138
        4452   -0.964469    -1.41194    0.019134
        4453   -0.902481    -1.41183     0.01913
        4454   -0.759435    -1.41168   0.0191263
        4455   -0.747452    -1.41153   0.0191226
        4456   -0.841089     -1.4114   0.0191187
        4457     -0.9596     -1.4113   0.0191147
        4458    -1.02872    -1.41122   0.0191106
        4459    -1.04103    -1.41113   0.0191065
        4460     -1.0308    -1.41105   0.0191024
        4461    -1.10408    -1.41098   0.0190982
        4462    -1.15386    -1.41092    0.019094
        4463     -1.1437    -1.41086   0.0190899
        4464    -1.14256     -1.4108   0.0190857
        4465    -1.17178    -1.41075   0.0190815
        4466    -1.16487    -1.41069   0.0190773
        4467    -1.16279    -1.41064   0.0190731
        4468    -1.08608    -1.41056    0.019069
        4469    -1.03501    -1.41048   0.0190649
        4470    -1.01436    -1.41039   0.0190608
        4471   -0.946914    -1.41029   0.0190568
        4472   -0.896585    -1.41017   0.0190529
        4473   -0.919246    -1.41006    0.019049
        4474   -0.892494    -1.40995   0.0190451
        4475   -0.837128    -1.40982   0.0190412
        4476   -0.838122    -1.40969   0.0190374
        4477   -0.799217    -1.40956   0.0190337
        4478   -0.854589    -1.40943   0.0190298
        4479   -0.867869    -1.40931   0.0190259
        4480    -1.01301    -1.40922   0.0190219
        4481   -0.982745    -1.40913   0.0190179
        4482   -0.977424    -1.40903   0.0190139
        4483   -0.986127    -1.40894   0.0190099
        4484   -0.928722    -1.40883   0.0190059
        4485    -1.00219    -1.40874   0.0190019
        4486   -0.986197    -1.40865   0.0189979
        4487   -0.914089    -1.40853    0.018994
        4488   -0.878901    -1.40842   0.0189901
        4489   -0.830325    -1.40829   0.0189864
        4490   -0.854687    -1.40816   0.0189825
        4491   -0.832545    -1.40804   0.0189787
        4492   -0.871808    -1.40792   0.0189749
        4493   -0.803825    -1.40778   0.0189711
        4494   -0.819091    -1.40765   0.0189674
        4495   -0.860001    -1.40753   0.0189635
        4496   -0.797385    -1.40739   0.0189598
        4497   -0.844907    -1.40727    0.018956
        4498   -0.671671    -1.40711   0.0189525
        4499   -0.633111    -1.40693   0.0189491
        4500   -0.573966    -1.40675   0.0189458
        4501   -0.574687    -1.40656   0.0189424
        4502   -0.552426    -1.40637   0.0189392
        4503   -0.513222    -1.40618    0.018936
        4504   -0.543247    -1.40598   0.0189328
        4505   -0.591901     -1.4058   0.0189294
        4506   -0.708024    -1.40565   0.0189259
        4507   -0.642534    -1.40548   0.0189224
        4508   -0.610282     -1.4053   0.0189191
        4509   -0.525405    -1.40511   0.0189159
        4510   -0.566478    -1.40492   0.0189126
        4511   -0.491869    -1.40472   0.0189095
        4512   -0.491967    -1.40452   0.0189064
        4513   -0.381589    -1.40429   0.0189035
        4514   -0.433108    -1.40408   0.0189006
        4515   -0.499153    -1.40387   0.0188975
        4516   -0.530497    -1.40368   0.0188943
        4517   -0.574395     -1.4035    0.018891
        4518   -0.564188    -1.40331   0.0188877
        4519   -0.640016    -1.40314   0.0188843
        4520   -0.636741    -1.40297   0.0188809
        4521   -0.678566    -1.40281   0.0188774
        4522   -0.664699    -1.40265   0.0188739
        4523   -0.663304    -1.40249   0.0188704
        4524   -0.645365    -1.40232    0.018867
        4525   -0.688335    -1.40216   0.0188635
        4526   -0.617962    -1.40199   0.0188601
        4527   -0.572233     -1.4018   0.0188568
        4528    -0.61995    -1.40163   0.0188535
        4529   -0.551725    -1.40144   0.0188502
        4530   -0.513279    -1.40125   0.0188471
        4531   -0.443871    -1.40104   0.0188441
        4532   -0.384682    -1.40081   0.0188413
        4533   -0.382563    -1.40059   0.0188385
        4534   -0.413051    -1.40037   0.0188356
        4535   -0.489162    -1.40017   0.0188325
        4536   -0.443636    -1.39996   0.0188295
        4537   -0.540955    -1.39977   0.0188263
        4538    -0.59022    -1.39959    0.018823
        4539   -0.576319    -1.39941   0.0188198
        4540   -0.631737    -1.39924   0.0188164
        4541   -0.743874     -1.3991   0.0188128
        4542   -0.779364    -1.39896   0.0188091
        4543    -0.80452    -1.39883   0.0188054
        4544   -0.797374     -1.3987   0.0188018
        4545   -0.786905    -1.39856   0.0187981
        4546   -0.828556    -1.39844   0.0187944
        4547   -0.880759    -1.39832   0.0187906
        4548   -0.903747    -1.39821   0.0187868
        4549   -0.909672    -1.39811    0.018783
        4550   -0.912435      -1.398   0.0187792
        4551   -0.921023    -1.39789   0.0187753
        4552   -0.866147    -1.39778   0.0187716
        4553   -0.759271    -1.39764    0.018768
        4554   -0.747328     -1.3975   0.0187644
        4555   -0.808912    -1.39737   0.0187607
        4556   -0.782537    -1.39723   0.0187571
        4557   -0.881619    -1.39712   0.0187533
        4558   -0.930547    -1.39702   0.0187495
        4559   -0.871818     -1.3969   0.0187457
        4560   -0.923087     -1.3968   0.0187419
        4561   -0.961196     -1.3967    0.018738
        4562   -0.858096    -1.39658   0.0187343
        4563   -0.819774    -1.39646   0.0187306
        4564   -0.778432    -1.39632    0.018727
        4565   -0.771254    -1.39618   0.0187234
        4566   -0.675893    -1.39603   0.0187199
        4567   -0.725357    -1.39588   0.0187164
        4568   -0.799974    -1.39575   0.0187128
        4569   -0.741054    -1.39561   0.0187092
        4570   -0.781902    -1.39547   0.0187056
        4571   -0.829303    -1.39535   0.0187019
        4572   -0.806319    -1.39522   0.0186983
        4573   -0.874578     -1.3951   0.0186946
        4574   -0.884515    -1.39499   0.0186908
        4575   -0.834881    -1.39487   0.0186871
        4576   -0.890884    -1.39476   0.0186834
        4577    -0.90285    -1.39465   0.0186796
        4578   -0.903187    -1.39455   0.0186758
        4579   -0.958237    -1.39445    0.018672
        4580   -0.928197    -1.39435   0.0186682
        4581   -0.922595    -1.39425   0.0186644
        4582   -0.912773    -1.39414   0.0186606
        4583    -1.01322    -1.39406   0.0186567
        4584    -1.03332    -1.39398   0.0186528
        4585    -1.03635     -1.3939   0.0186489
        4586    -1.01692    -1.39382    0.018645
        4587    -1.02482    -1.39374   0.0186411
        4588    -1.03737    -1.39366   0.0186372
        4589   -0.997638    -1.39357   0.0186334
        4590   -0.928758    -1.39347   0.0186296
        4591   -0.704056    -1.39332   0.0186261
        4592   -0.681317    -1.39317   0.0186227
        4593   -0.651304    -1.39301   0.0186194
        4594   -0.648776    -1.39284    0.018616
        4595   -0.694362    -1.39269   0.0186126
        4596    -0.67755    -1.39254   0.0186092
        4597   -0.670062    -1.39238   0.0186058
        4598   -0.647925    -1.39222   0.0186025
        4599   -0.646968    -1.39206   0.0185991
        4600   -0.675638     -1.3919   0.0185957
        4601    -0.62809    -1.39173   0.0185924
        4602   -0.595615    -1.39156   0.0185892
        4603   -0.627146    -1.39139   0.0185859
        4604   -0.502946     -1.3912   0.0185829
        4605    -0.45074      -1.391     0.01858
        4606   -0.458464    -1.39079    0.018577
        4607   -0.547781    -1.39061   0.0185739
        4608   -0.527165    -1.39042   0.0185708
        4609   -0.506946    -1.39023   0.0185678
        4610   -0.498178    -1.39004   0.0185647
        4611   -0.540052    -1.38986   0.0185616
        4612   -0.542268    -1.38967   0.0185585
        4613   -0.519497    -1.38948   0.0185555
        4614   -0.466154    -1.38928   0.0185525
        4615   -0.450936    -1.38908   0.0185496
        4616   -0.550021     -1.3889   0.0185465
        4617   -0.483334     -1.3887   0.0185435
        4618    -0.44437     -1.3885   0.0185406
        4619    -0.55031    -1.38832   0.0185375
        4620   -0.596435    -1.38814   0.0185343
        4621   -0.546615    -1.38796   0.0185311
        4622   -0.598376    -1.38779   0.0185279
        4623   -0.629173    -1.38763   0.0185246
        4624   -0.637748    -1.38746   0.0185214
        4625   -0.650134    -1.38731    0.018518
        4626   -0.610045    -1.38714   0.0185148
        4627    -0.44874    -1.38693   0.0185119
        4628   -0.537352    -1.38675   0.0185088
        4629   -0.453131    -1.38655   0.0185059
        4630   -0.450096    -1.38635    0.018503
        4631   -0.414485    -1.38614   0.0185002
        4632   -0.405012    -1.38593   0.0184974
        4633   -0.408986    -1.38571   0.0184946
        4634   -0.467888    -1.38552   0.0184917
        4635   -0.413906    -1.38531   0.0184889
        4636   -0.425997     -1.3851   0.0184861
        4637   -0.386713    -1.38488   0.0184833
        4638   -0.406643    -1.38467   0.0184806
        4639   -0.255296    -1.38443   0.0184782
        4640   -0.157523    -1.38417   0.0184761
        4641   -0.279857    -1.38393   0.0184736
        4642   -0.195778    -1.38367   0.0184714
        4643   -0.250387    -1.38343   0.0184691
        4644   -0.294665    -1.38319   0.0184666
        4645   -0.254426    -1.38295   0.0184642
        4646   -0.159823    -1.38269   0.0184621
        4647   -0.282544    -1.38245   0.0184597
        4648    -0.24283    -1.38221   0.0184573
        4649   -0.233135    -1.38196    0.018455
        4650   -0.316593    -1.38173   0.0184524
        4651   -0.263053    -1.38149     0.01845
        4652   -0.329625    -1.38126   0.0184475
        4653    -0.24454    -1.38102   0.0184451
        4654   -0.307739    -1.38079   0.0184426
        4655   -0.289423    -1.38055   0.0184401
        4656   -0.234693    -1.38031   0.0184378
        4657   -0.261664    -1.38007   0.0184354
        4658   -0.187166    -1.37981   0.0184332
        4659   -0.138058    -1.37954   0.0184312
        4660   -0.220503     -1.3793   0.0184289
        4661    -0.18212    -1.37904   0.0184268
        4662   -0.193457    -1.37878   0.0184246
        4663   -0.180873    -1.37853   0.0184224
        4664   -0.108183    -1.37825   0.0184205
        4665  -0.0941986    -1.37798   0.0184186
        4666    0.012787    -1.37768    0.018417
        4667    0.120435    -1.37736   0.0184159
        4668    0.132745    -1.37704   0.0184148
        4669    0.128022    -1.37671   0.0184137
        4670    0.301891    -1.37636   0.0184132
        4671    0.304201      -1.376   0.0184128
        4672    0.291848    -1.37564   0.0184123
        4673    0.371716    -1.37526   0.0184122
        4674    0.312757     -1.3749   0.0184118
        4675    0.299948    -1.37454   0.0184113
        4676    0.275249    -1.37419   0.0184108
        4677    0.248257    -1.37385   0.0184101
        4678     0.17972    -1.37351   0.0184092
        4679    0.257251    -1.37316   0.0184085
        4680    0.298756    -1.37281   0.0184081
        4681    0.320902    -1.37245   0.0184077
        4682    0.431197    -1.37206   0.0184078
        4683    0.413329    -1.37168   0.0184078
        4684    0.410074     -1.3713   0.0184078
        4685    0.332741    -1.37093   0.0184075
        4686    0.389999    -1.37056   0.0184074
        4687    0.488373    -1.37016   0.0184077
        4688    0.418803    -1.36978   0.0184077
        4689    0.398746     -1.3694   0.0184077
        4690    0.438408    -1.36902   0.0184078
        4691     0.38455    -1.36864   0.0184077
        4692    0.372719    -1.36827   0.0184075
        4693    0.188458    -1.36794   0.0184065
        4694   0.0914156    -1.36763   0.0184053
        4695  -0.0359616    -1.36735   0.0184035
        4696   0.0337119    -1.36705    0.018402
        4697    0.113043    -1.36673   0.0184008
        4698  0.00169622    -1.36644   0.0183992
        4699   0.0346265    -1.36614   0.0183977
        4700   0.0238027    -1.36585   0.0183961
        4701    0.132535    -1.36553    0.018395
        4702    0.141977    -1.36521   0.0183939
        4703    0.180701    -1.36488   0.0183929
        4704    0.135767    -1.36456   0.0183918
        4705     0.26611    -1.36421   0.0183911
        4706    0.270653    -1.36387   0.0183905
        4707    0.187834    -1.36354   0.0183895
        4708    0.191167    -1.36321   0.0183886
        4709    0.141135    -1.36289   0.0183875
        4710   0.0305249    -1.36259   0.0183859
        4711   0.0207033     -1.3623   0.0183844
        4712  -0.0458491    -1.36202   0.0183826
        4713  0.00716835    -1.36173    0.018381
        4714   0.0454019    -1.36143   0.0183795
        4715  0.00262024    -1.36114   0.0183779
        4716   0.0268015    -1.36085   0.0183764
        4717   -0.119421    -1.36058   0.0183743
        4718   -0.136669    -1.36032   0.0183723
        4719  -0.0779759    -1.36005   0.0183704
        4720  -0.0940506    -1.35978   0.0183685
        4721  -0.0239356     -1.3595   0.0183668
        4722  -0.0714218    -1.35923   0.0183649
        4723   -0.054817    -1.35895   0.0183631
        4724   -0.115531    -1.35869   0.0183611
        4725  -0.0848222    -1.35842   0.0183592
        4726   -0.273155    -1.35819   0.0183567
        4727   -0.214259    -1.35795   0.0183544
        4728   -0.275993    -1.35772    0.018352
        4729   -0.234419    -1.35748   0.0183496
        4730   -0.292879    -1.35726   0.0183471
        4731   -0.235989    -1.35702   0.0183448
        4732   -0.175364    -1.35677   0.0183426
        4733   -0.148052    -1.35651   0.0183405
        4734  -0.0377126    -1.35624   0.0183388
        4735   -0.154106    -1.35598   0.0183366
        4736   -0.106454    -1.35572   0.0183347
        4737    -0.12844    -1.35546   0.0183326
        4738   -0.122617     -1.3552   0.0183306
        4739  -0.0454428    -1.35492   0.0183288
        4740   -0.226492    -1.35468   0.0183265
        4741   -0.182425    -1.35444   0.0183243
        4742   -0.227249     -1.3542    0.018322
        4743   -0.245858    -1.35397   0.0183196
        4744   -0.335205    -1.35375    0.018317
        4745   -0.246984    -1.35352   0.0183146
        4746   -0.238339    -1.35328   0.0183123
        4747   -0.178023    -1.35303   0.0183101
        4748   -0.222927     -1.3528   0.0183078
        4749    -0.28119    -1.35257   0.0183053
        4750   -0.380209    -1.35237   0.0183026
        4751   -0.399323    -1.35217   0.0182999
        4752    -0.35245    -1.35196   0.0182972
        4753   -0.280763    -1.35173   0.0182948
        4754   -0.321338    -1.35151   0.0182922
        4755   -0.325438     -1.3513   0.0182896
        4756   -0.362985    -1.35109   0.0182869
        4757   -0.383042    -1.35089   0.0182842
        4758   -0.401826    -1.35069   0.0182815
        4759   -0.292977    -1.35046    0.018279
        4760   -0.289757    -1.35024   0.0182765
        4761   -0.285899    -1.35002    0.018274
        4762   -0.207795    -1.34978   0.0182718
        4763   -0.204897    -1.34954   0.0182695
        4764   -0.129381    -1.34928   0.0182675
        4765   -0.201374    -1.34904   0.0182652
        4766   -0.216852     -1.3488   0.0182629
        4767   -0.250824    -1.34857   0.0182606
        4768   -0.349961    -1.34836   0.0182579
        4769   -0.330199    -1.34815   0.0182554
        4770   -0.357026    -1.34794   0.0182527
        4771   -0.315176    -1.34773   0.0182502
        4772   -0.303605    -1.34751   0.0182477
        4773   -0.185446    -1.34726   0.0182455
        4774   -0.251517    -1.34703   0.0182431
        4775   -0.191699    -1.34679   0.0182409
        4776   -0.153888    -1.34654   0.0182388
        4777   -0.208792     -1.3463   0.0182365
        4778   -0.172819    -1.34606   0.0182343
        4779   -0.232714    -1.34583    0.018232
        4780   -0.307867    -1.34561   0.0182295
        4781   -0.178898    -1.34536   0.0182273
        4782   -0.118547    -1.34511   0.0182253
        4783   -0.110394    -1.34485   0.0182233
        4784  -0.0630832    -1.34458   0.0182215
        4785     -0.1435    -1.34433   0.0182194
        4786  -0.0809401    -1.34407   0.0182175
        4787   0.0726022    -1.34377   0.0182161
        4788   0.0430152    -1.34348   0.0182146
        4789  -0.0410263    -1.34321   0.0182128
        4790  -0.0995704    -1.34295   0.0182109
        4791   0.0369585    -1.34266   0.0182093
        4792      0.0535    -1.34237   0.0182079
        4793   0.0902051    -1.34207   0.0182065
        4794    0.142977    -1.34176   0.0182054
        4795    0.229116    -1.34143   0.0182045
        4796    0.201697    -1.34111   0.0182036
        4797     0.18121    -1.34079   0.0182025
        4798    0.173932    -1.34048   0.0182015
        4799  -0.0477968    -1.34021   0.0181997
        4800  -0.0768344    -1.33995   0.0181978
        4801    -0.20397    -1.33971   0.0181955
        4802   -0.290694    -1.33949   0.0181931
        4803   -0.122249    -1.33924    0.018191
        4804  -0.0465558    -1.33897   0.0181892
        4805  -0.0750702    -1.33871   0.0181874
        4806  -0.0352868    -1.33843   0.0181856
        4807  -0.0159052    -1.33816   0.0181839
        4808   -0.127752    -1.33791   0.0181819
        4809   -0.111804    -1.33765   0.0181799
        4810   -0.106995     -1.3374   0.0181779
        4811   -0.167953    -1.33715   0.0181757
        4812   -0.209381    -1.33692   0.0181735
        4813   -0.381682    -1.33672   0.0181708
        4814   -0.402562    -1.33653    0.018168
        4815   -0.613764    -1.33638   0.0181649
        4816   -0.583865    -1.33622   0.0181618
        4817   -0.501145    -1.33605   0.0181588
        4818   -0.530743    -1.33588   0.0181558
        4819   -0.492303    -1.33571   0.0181529
        4820   -0.462111    -1.33552   0.0181501
        4821   -0.492028    -1.33535   0.0181471
        4822   -0.551589    -1.33519   0.0181441
        4823    -0.60173    -1.33503    0.018141
        4824   -0.547645    -1.33487   0.0181379
        4825   -0.539217    -1.33471   0.0181349
        4826   -0.510399    -1.33454    0.018132
        4827   -0.402407    -1.33434   0.0181293
        4828   -0.318078    -1.33413   0.0181267
        4829   -0.292151    -1.33392   0.0181243
        4830   -0.278195     -1.3337   0.0181218
        4831   -0.251172    -1.33347   0.0181195
        4832   -0.271706    -1.33325    0.018117
        4833   -0.142807    -1.33301    0.018115
        4834  -0.0883255    -1.33275    0.018113
        4835  -0.0875952    -1.33249   0.0181111
        4836   -0.126708    -1.33224   0.0181091
        4837   -0.156169      -1.332    0.018107
        4838   -0.125949    -1.33175    0.018105
        4839   -0.156829    -1.33151   0.0181028
        4840   -0.139063    -1.33126   0.0181008
        4841   -0.201121    -1.33103   0.0180985
        4842   -0.222467     -1.3308   0.0180963
        4843   -0.192884    -1.33056    0.018094
        4844   -0.276766    -1.33035   0.0180916
        4845   -0.300997    -1.33013   0.0180891
        4846   -0.319368    -1.32993   0.0180866
        4847   -0.343803    -1.32972    0.018084
        4848   -0.348289    -1.32952   0.0180814
        4849   -0.392443    -1.32933   0.0180787
        4850   -0.452786    -1.32915   0.0180759
        4851   -0.439676    -1.32896   0.0180731
        4852   -0.308905    -1.32875   0.0180706
        4853   -0.418707    -1.32856   0.0180678
        4854   -0.501299    -1.32839   0.0180649
        4855   -0.371055     -1.3282   0.0180623
        4856   -0.474978    -1.32802   0.0180594
        4857   -0.391568    -1.32783   0.0180567
        4858   -0.236701     -1.3276   0.0180544
        4859   -0.195409    -1.32737   0.0180522
        4860   -0.140978    -1.32713   0.0180501
        4861   -0.178312    -1.32689    0.018048
        4862   -0.237548    -1.32667   0.0180456
        4863   -0.218592    -1.32644   0.0180434
        4864   -0.106661    -1.32619   0.0180414
        4865  -0.0707837    -1.32593   0.0180395
        4866   -0.111624    -1.32568   0.0180376
        4867   -0.252694    -1.32546   0.0180352
        4868   -0.285904    -1.32525   0.0180328
        4869   -0.326551    -1.32504   0.0180302
        4870   -0.485967    -1.32487   0.0180273
        4871   -0.630535    -1.32473   0.0180242
        4872   -0.658199    -1.32459    0.018021
        4873   -0.780304    -1.32448   0.0180177
        4874   -0.731462    -1.32436   0.0180144
        4875   -0.793541    -1.32425    0.018011
        4876   -0.837104    -1.32415   0.0180076
        4877   -0.711714    -1.32402   0.0180044
        4878   -0.666998    -1.32389   0.0180012
        4879    -0.58615    -1.32374   0.0179981
        4880   -0.642941     -1.3236    0.017995
        4881    -0.62432    -1.32345   0.0179919
        4882   -0.639302    -1.32331   0.0179887
        4883   -0.602595    -1.32317   0.0179856
        4884   -0.630424    -1.32302   0.0179825
        4885    -0.64827    -1.32289   0.0179794
        4886   -0.639256    -1.32275   0.0179762
        4887    -0.54407    -1.32259   0.0179733
        4888   -0.640004    -1.32245   0.0179701
        4889   -0.574582    -1.32229   0.0179671
        4890   -0.576867    -1.32214   0.0179641
        4891   -0.505982    -1.32197   0.0179612
        4892   -0.564034    -1.32182   0.0179582
        4893   -0.471018    -1.32165   0.0179553
        4894   -0.526438    -1.32148   0.0179524
        4895   -0.539984    -1.32132   0.0179494
        4896   -0.520191    -1.32116   0.0179465
        4897   -0.485485    -1.32099   0.0179437
        4898   -0.433907    -1.32081   0.0179409
        4899   -0.409702    -1.32062   0.0179382
        4900   -0.336009    -1.32042   0.0179357
        4901   -0.332476    -1.32022   0.0179332
        4902   -0.218414    -1.31999   0.0179309
        4903   -0.314961    -1.31979   0.0179284
        4904   -0.380608     -1.3196   0.0179258
        4905   -0.348321     -1.3194   0.0179232
        4906   -0.292587    -1.31919   0.0179208
        4907   -0.269501    -1.31898   0.0179184
        4908   -0.204875    -1.31875   0.0179162
        4909   -0.120654    -1.31851   0.0179142
        4910   -0.200483    -1.31828    0.017912
        4911   -0.188698    -1.31805   0.0179099
        4912   -0.242823    -1.31783   0.0179075
        4913   -0.217809    -1.31761   0.0179053
        4914   -0.139051    -1.31737   0.0179033
        4915  0.00468844     -1.3171   0.0179016
        4916  0.00705264    -1.31683      0.0179
        4917   0.0960967    -1.31654   0.0178987
        4918   0.0469754    -1.31626   0.0178972
        4919    0.101214    -1.31597   0.0178959
        4920    0.139729    -1.31568   0.0178947
        4921    0.144983    -1.31538   0.0178935
        4922    0.150878    -1.31508   0.0178924
        4923    0.116693    -1.31479   0.0178911
        4924   0.0675255    -1.31451   0.0178897
        4925   0.0537587    -1.31423   0.0178882
        4926   0.0350322    -1.31396   0.0178866
        4927  0.00114492    -1.31369    0.017885
        4928   0.0531583    -1.31342   0.0178835
        4929 -0.00615489    -1.31315   0.0178819
        4930   0.0275997    -1.31288   0.0178803
        4931   0.0621105     -1.3126   0.0178789
        4932    0.109268    -1.31231   0.0178776
        4933    0.146451    -1.31202   0.0178764
        4934    0.134773    -1.31172   0.0178752
        4935    0.221532    -1.31141   0.0178742
        4936   0.0420946    -1.31114   0.0178727
        4937   0.0980803    -1.31085   0.0178714
        4938   0.0186842    -1.31058   0.0178698
        4939  -0.0476408    -1.31033    0.017868
        4940   0.0301113    -1.31006   0.0178664
        4941   0.0239964    -1.30979   0.0178649
        4942  -0.0670028    -1.30953    0.017863
        4943    -0.12742     -1.3093    0.017861
        4944   -0.119867    -1.30905    0.017859
        4945   -0.170076    -1.30882   0.0178569
        4946   -0.174833     -1.3086   0.0178547
        4947   -0.188752    -1.30837   0.0178526
        4948   -0.229061    -1.30815   0.0178503
        4949   -0.294493    -1.30795   0.0178479
        4950   -0.249506    -1.30773   0.0178455
        4951   -0.160965     -1.3075   0.0178434
        4952   -0.232406    -1.30728   0.0178412
        4953   -0.295889    -1.30708   0.0178387
        4954   -0.301625    -1.30688   0.0178363
        4955   -0.252638    -1.30666   0.0178339
        4956   -0.204705    -1.30644   0.0178317
        4957    -0.27049    -1.30623   0.0178294
        4958   -0.201202    -1.30601   0.0178272
        4959   -0.322348    -1.30581   0.0178247
        4960   -0.361657    -1.30562   0.0178221
        4961   -0.275445    -1.30541   0.0178197
        4962   -0.318178    -1.30521   0.0178172
        4963   -0.416946    -1.30504   0.0178145
        4964   -0.432801    -1.30486   0.0178118
        4965   -0.480496    -1.30469    0.017809
        4966   -0.566529    -1.30454    0.017806
        4967   -0.563011     -1.3044   0.0178031
        4968   -0.551052    -1.30424   0.0178001
        4969   -0.480824    -1.30408   0.0177973
        4970   -0.554969    -1.30393   0.0177944
        4971   -0.531018    -1.30377   0.0177915
        4972   -0.627093    -1.30364   0.0177884
        4973   -0.521712    -1.30348   0.0177855
        4974   -0.514255    -1.30332   0.0177827
        4975   -0.496185    -1.30316   0.0177798
        4976    -0.54517    -1.30301   0.0177769
        4977   -0.557045    -1.30286    0.017774
        4978   -0.554418     -1.3027    0.017771
        4979   -0.570616    -1.30256   0.0177681
        4980   -0.521621     -1.3024   0.0177652
        4981   -0.478738    -1.30224   0.0177624
        4982   -0.539915    -1.30208   0.0177595
        4983   -0.447553    -1.30191   0.0177568
        4984    -0.40335    -1.30173   0.0177541
        4985   -0.453749    -1.30156   0.0177514
        4986   -0.499788     -1.3014   0.0177485
        4987   -0.438984    -1.30123   0.0177458
        4988   -0.362391    -1.30104   0.0177433
        4989   -0.446358    -1.30087   0.0177405
        4990   -0.403587    -1.30069   0.0177379
        4991   -0.542201    -1.30054    0.017735
        4992   -0.604528     -1.3004    0.017732
        4993   -0.621494    -1.30026    0.017729
        4994   -0.551472    -1.30011    0.017726
        4995   -0.665524    -1.29998   0.0177229
        4996   -0.740088    -1.29987   0.0177198
        4997   -0.708791    -1.29975   0.0177166
        4998   -0.684128    -1.29963   0.0177135
        4999   -0.551682    -1.29948   0.0177106
        5000   -0.540951    -1.29933   0.0177077
