0.747159
0.583176
1.01808
1.01808
1.01808
1.11602
1.11602
1.11602
1.1058
0.53574
0.53574
0.466906
0.582944
0.455932
0.621969
0.0923674
-0.386801
-1.21147
-1.21147
-0.958358
-0.953617
-0.903602
-1.1684
-0.793136
-0.571508
0.16829
-0.764028
-0.617273
0.0187407
-0.330061
-0.0622678
0.430582
0.036374
-0.647874
0.245509
0.688565
0.0221301
-0.420454
-0.323308
-1.12942
-0.609697
-0.118429
0.519643
0.0602397
-0.174512
0.675218
1.30519
1.30519
1.41724
1.54583
0.802544
0.559659
1.13319
1.29946
0.510591
0.510591
-0.391627
-1.37582
-1.10896
-0.369527
-1.24858
-1.24858
-1.24858
-0.9189
-0.21119
-1.15385
-0.215555
0.231772
-0.527058
-0.94323
-1.25541
-1.25541
-1.25541
-0.486513
-1.2366
-1.2366
-0.350261
-0.864112
-0.864112
-0.864112
-0.864112
-0.0216651
-0.266958
-0.776915
-0.215708
-1.12897
-0.64933
-1.40833
-1.40833
-1.40833
-0.915158
-0.402709
0.0321284
-0.673584
-0.673584
-0.673584
-0.00626416
0.72411
0.82018
1.6914
0.711767
0.711767
0.711767
0.164627
0.917857
1.10649
0.323386
0.355585
-0.330861
-0.330861
-0.201602
-0.860515
-1.22647
-1.22647
-1.22647
-1.22647
-1.94584
-1.94584
-1.94584
-1.94584
-1.61376
-0.853273
-1.08403
-1.29667
-0.710477
-0.780252
-0.539715
-1.14252
-1.14252
-1.16644
-1.2219
-1.2219
-0.770177
-1.21719
-0.278415
0.294167
-0.455585
-1.22855
-0.679317
-0.964616
-0.429308
-0.429308
-0.595477
-0.959848
-0.959848
-0.93961
-1.71306
-1.11082
-1.38761
-1.41874
-1.14343
-0.564756
-0.688145
-0.0830033
-1.04385
-1.25163
-0.527648
-0.63808
-0.150376
0.687349
1.17628
1.17628
1.32431
1.32431
0.680008
0.680008
0.680008
0.680008
-0.224231
0.378616
0.378616
0.378616
0.795441
0.963768
0.963768
0.963768
0.963768
0.963768
0.751649
-0.0506516
-1.01904
-1.01904
-1.01904
-0.467612
-1.15657
-1.41405
-1.96037
-1.66996
-1.66996
-1.66996
-1.66996
-2.07707
-2.07707
-1.81979
-1.81979
-1.96027
-1.96027
-1.96027
-1.72054
-1.19258
-1.19258
-1.19258
-0.611243
-0.506176
0.416622
-0.475041
-0.606387
-0.606387
-1.41331
-1.44588
-1.4044
-1.4044
-1.4044
-1.53007
-1.65475
-0.734235
0.236919
-0.0245814
0.630786
0.840447
0.433669
1.3025
1.36029
1.36029
1.36029
1.36029
1.28141
0.995121
0.893869
0.456144
0.073795
0.174181
0.0493714
-0.349664
-0.462144
-0.386573
0.453482
-0.173608
0.101401
0.957369
0.0380876
0.244312
0.953651
0.399196
-0.192196
-1.11185
-0.812527
-0.812527
-1.09701
-0.842348
-0.778596
-0.778596
-0.778596
0.116472
-0.786948
-0.32395
-0.847604
-1.60998
-1.60998
-1.86747
-1.7353
-1.7353
-0.741802
-0.741802
-0.741802
-0.741802
-0.399612
0.306922
-0.192876
0.784034
0.643448
0.576865
0.576865
-0.277478
0.570541
1.12627
0.898831
0.898831
0.105217
-0.850198
-1.57701
-1.57701
-1.57701
-0.959967
-0.454852
-1.06468
-1.06468
-1.06468
-1.56062
-1.68852
-0.891826
-1.3413
-1.36912
-1.08508
-0.405957
-0.976007
-0.976007
-0.976007
-0.723521
-0.723521
-1.22123
-1.13712
-1.13712
-0.688617
-0.688617
-0.688617
-1.30479
-0.366223
-0.82784
-0.978417
-0.978417
-1.01858
-1.42725
-1.30656
-0.532116
-0.0899056
-0.777003
-0.659732
-0.129064
0.248646
0.722152
0.772566
0.00271113
0.0470856
-0.924324
-0.0943924
-0.474123
-0.474123
-1.42996
-1.66176
-1.66176
-1.66176
-1.22629
-1.22629
-0.637485
-1.57284
-1.69731
-1.69731
-1.69731
-1.69731
-1.00258
-0.607304
-0.113522
-0.0137345
-0.830824
-0.83603
-1.46901
-0.848708
-0.848708
-0.385688
-0.385688
0.150357
0.751562
0.326412
0.117059
-0.0714049
-0.284349
0.551156
0.857895
1.50212
0.602077
0.602077
0.129992
0.0473845
-0.350974
0.255243
0.425358
0.810817
1.23825
1.18185
1.18185
1.24815
0.46555
1.15361
0.484871
0.484871
0.959184
0.959184
0.959184
1.29325
1.29325
1.29325
1.29325
1.29325
1.24105
0.991636
0.724286
1.2236
0.805314
0.654572
1.33711
1.53318
1.53318
1.53318
1.25539
1.25539
0.993498
0.184377
0.306837
0.265452
-0.30739
-0.501344
0.419998
-0.379506
-0.379506
0.290567
-0.323052
-0.592166
-0.439142
-0.830611
-0.62415
-0.62415
-0.703002
-0.703002
-0.196753
0.625085
1.14075
0.467885
1.14627
0.339963
-0.0921579
-1.05578
-1.05578
-0.774331
-0.154572
-0.639092
-1.03834
-1.03834
-1.03834
-1.28726
-1.22944
-0.94966
-0.127559
0.191361
-0.374778
-0.374778
-0.337978
-0.904496
-0.725977
-0.725977
-0.725977
-1.11148
-1.0069
-0.589658
-0.553109
0.272915
0.13109
-0.177318
-0.830693
-0.830693
-0.830693
-0.830693
-0.136051
-0.140927
-0.130779
-1.12275
-1.85962
-1.38384
-1.38384
-1.38384
-0.999664
-0.999664
-0.0656649
-0.269172
0.503721
-0.145429
0.606093
0.769276
1.24417
0.780935
0.862569
1.06606
0.87977
1.40881
1.26294
1.26294
1.26294
1.26294
1.58029
0.583213
1.20276
0.753471
0.753471
0.166709
0.844284
0.844284
0.844284
0.376284
1.35165
0.741395
0.624507
1.58281
0.632147
0.632147
0.346904
0.346904
-0.40203
0.291264
-0.451411
0.0852418
0.592636
0.913716
1.64816
1.64816
1.25319
0.923034
0.27899
-0.492329
-1.27286
-1.27286
-0.487261
-1.41124
-0.663208
-0.663208
-0.647852
-0.933767
-0.962394
-0.962394
-1.13713
-1.13713
-0.479062
-1.20626
-1.20626
-0.905805
-0.905805
-0.905805
-0.905805
0.0838652
0.720569
1.22252
1.17262
0.604672
0.740459
0.967176
0.967176
1.49624
0.593882
0.766857
0.766857
0.961323
0.961323
0.440927
0.726838
0.0446088
0.522665
0.424138
0.208619
-0.460665
0.281836
-0.593357
-0.177275
0.186041
-0.150589
-0.471133
-0.0339094
0.250568
0.564723
1.00904
0.844882
1.20072
0.516817
0.516817
0.496464
0.496464
-0.318859
-0.2094
0.419338
-0.424416
0.07494
0.259155
0.480975
0.977486
0.531577
0.834745
0.957399
0.682981
0.668631
0.842928
0.25864
-0.515111
0.326747
0.715603
0.583007
1.0941
1.0941
0.488751
1.31027
0.552835
-0.253611
-0.862041
-0.862041
-0.862041
-0.582621
-0.972241
-0.972241
-0.789351
-0.0149247
-0.457912
-1.29507
-0.705164
-1.34018
-1.34018
-1.34018
-1.25147
-0.511029
-0.256959
-1.21525
-1.21525
-0.240726
-0.846284
-1.37002
-1.37002
-0.592587
-0.106108
-0.319032
-0.674078
-1.285
-1.1598
-1.1598
-1.1598
-1.1598
-1.1598
-0.823337
-0.721279
-0.00293609
-0.987517
-0.987517
-0.253941
-0.460124
-0.254714
0.597471
0.381888
0.325941
0.837341
1.74647
1.01149
0.424259
-0.256813
-0.866197
-0.860865
-1.08712
-0.30608
-0.30608
0.34004
0.0270075
0.786029
0.786029
0.786029
0.786029
-0.0227999
0.505428
0.505428
0.772175
0.0640953
-0.419558
-0.430936
0.1928
1.17283
1.26303
1.21753
1.21753
1.27295
1.27295
0.537137
0.06554
0.955882
0.639292
0.639292
-0.111583
0.66035
0.939102
0.939102
0.374499
0.90327
0.90327
1.07631
1.3869
1.3869
1.43718
0.710749
-0.0976888
-0.880379
-0.269947
-0.45406
0.418222
-0.021771
-0.544328
-0.544328
-0.161032
-1.05881
-1.34362
-1.34362
-0.988952
-0.988952
-0.107292
0.770316
0.570208
0.856413
0.856413
0.876038
0.876038
1.11731
0.854779
0.709095
0.709095
0.709095
1.03408
0.775909
0.775909
0.775909
0.703333
0.856882
1.0541
1.0541
0.943612
0.881778
0.881778
0.607857
0.607857
0.501162
-0.119625
0.873064
0.873064
0.873064
0.873064
0.958436
0.958436
0.958436
0.136467
0.901095
0.901095
1.44748
1.44748
1.223
1.10326
1.10326
1.10326
0.516003
1.09577
0.76116
0.76116
0.76116
0.921586
1.21949
0.788101
1.10897
0.838724
-0.128374
0.00300202
0.514319
0.514319
0.81936
0.405188
0.121385
0.623881
0.623881
0.930627
0.930627
0.735745
0.777872
0.945511
0.494952
0.102879
0.914839
0.914839
0.914839
-0.0222544
0.888296
-0.100201
-0.811317
-0.811317
-0.948031
-0.618846
-0.871317
-0.871317
-0.145573
-0.599494
-0.205688
-1.10319
-0.833592
-1.49712
-1.21521
-1.21521
-1.21521
-1.04793
-0.814918
-0.814918
-0.814918
-0.0283298
-0.057286
-0.397824
-0.702883
-0.996376
-0.996376
-0.996376
-0.752094
0.116686
0.850178
-0.106173
-0.270082
0.251613
0.140392
0.537448
0.778125
0.0796692
-0.153564
0.373484
-0.582696
-0.980927
-0.980927
-0.609656
-0.367828
-0.840059
-0.840059
-0.840059
-0.882425
-0.882425
-0.882425
-0.895589
-0.580455
-0.94619
-0.19167
-0.745073
-0.552439
-0.0393901
0.833535
1.27384
0.658624
0.544913
1.49891
0.642242
0.642242
1.06
1.46607
0.806067
0.873265
0.640938
0.640938
-0.156127
0.54429
-0.16843
-0.107564
-0.0306001
0.0655095
0.482712
0.482712
0.546225
0.546225
0.192449
-0.19399
-0.589984
0.262829
-0.385316
-0.263046
-0.475183
-1.16321
-1.16321
-0.790359
-0.0271716
0.490132
-0.142336
-0.176526
-0.770971
-1.47237
-1.33178
-1.33178
-1.02918
-0.6733
-0.165401
-1.12726
-0.987727
-0.987727
-0.906412
-0.906412
-0.183443
-0.522603
0.469378
0.206554
0.364417
0.918807
1.11873
0.966672
0.0613533
-0.0807364
-0.0896344
-0.602086
-1.11086
-1.11086
-0.318993
-0.834516
0.151424
-0.551555
-0.405722
-0.49015
0.2667
0.708407
1.24609
0.274969
0.917568
0.159621
0.873169
1.06905
1.06905
0.622494
0.859842
1.03432
0.594661
1.16985
0.40707
0.242361
-0.157887
-0.00154384
0.634661
1.13441
1.13441
0.865903
0.865903
0.0254919
0.986932
0.500511
1.23351
1.32719
1.04258
0.421909
-0.0393334
0.729432
0.896248
0.712985
0.673785
0.673785
0.673785
1.03604
1.03604
1.03604
0.728145
0.867439
0.867439
0.867439
1.24041
1.24041
1.24041
0.489365
1.24224
1.79228
1.82534
1.45314
1.45314
1.45314
1.27896
0.938972
1.54918
1.54918
1.54918
0.942103
0.942103
0.990873
0.561636
0.561636
1.36992
1.18246
0.546072
-0.322005
0.250216
0.483342
-0.339337
0.349421
1.33344
1.68374
1.29279
0.688534
0.951241
0.788002
-0.206998
-0.0980926
-0.208847
-0.264359
-1.02012
-0.185238
-0.668366
-0.668366
-0.668366
-0.629136
-0.629136
-0.59698
-0.59698
-0.52423
0.134613
0.982525
1.17838
0.718345
-0.0641725
-0.104885
0.294478
0.224839
0.894165
0.894165
0.521141
0.974968
1.68378
1.68378
1.68378
1.45171
0.886254
0.886254
1.87748
1.87748
1.72681
1.72681
1.72681
1.72681
0.942448
0.942448
0.449095
-0.358046
-0.77221
-0.815311
-0.642638
-1.12953
-1.12953
-1.12953
-1.12953
-1.12953
-1.12953
-0.69711
-0.69711
-0.835664
-0.606566
-0.639083
0.231345
0.752348
-0.220153
-0.349076
-0.212686
0.610347
0.592118
-0.299738
-0.279158
-0.97288
-1.27065
-1.60349
-1.61426
-1.61426
-1.61426
-2.17705
-1.32242
-1.1443
-1.1443
-0.798334
-0.249554
-0.274766
-0.68581
-0.68581
-0.68581
-0.782479
-0.520666
-0.520666
-1.45426
-1.19785
-1.58562
-1.58562
-0.841797
-1.00734
-0.338792
-0.879995
-1.52281
-0.751247
-0.751247
-0.992482
-1.08491
-1.08491
-1.67909
-1.67909
-1.67909
-1.67909
-0.893544
-1.41449
-0.967981
-0.967981
-0.531495
-0.791569
-1.03047
-1.03047
-1.03047
-0.503493
-0.714719
-0.714719
-0.714719
-0.405454
-0.0245177
-0.364188
-1.0787
-1.0787
-0.74846
-0.648872
-0.648872
0.0865551
-0.713829
-0.596857
0.131043
0.970121
0.970121
0.835725
0.302635
0.735412
0.735412
2.76617e-05
0.599033
0.785394
1.20145
0.780321
0.88773
0.691837
0.890037
0.890037
0.890037
1.33328
1.04354
1.04354
0.986817
0.986817
0.876998
0.650552
0.50741
0.787685
0.787685
0.387084
0.517102
-0.334027
-1.25914
-1.25914
-1.25914
-0.98608
-1.08173
-1.08173
-1.08173
-0.338265
-0.335433
-0.491412
-1.14884
-0.522014
-0.522014
-0.757524
-1.2159
-1.2159
-0.710078
-0.710078
-0.28432
-0.199894
-0.468786
-0.696795
-0.532862
-0.632943
-0.632943
-0.632943
-1.52226
-0.989024
-0.943988
-0.933056
-0.496802
-0.969167
-1.01896
-1.01896
-1.16985
-0.343135
-1.14012
-1.14012
-0.745684
-0.91571
-0.91571
-0.91571
-0.201249
0.134932
0.285517
0.285517
0.969304
0.720849
0.720849
1.51997
1.51997
1.26836
0.32675
1.11061
1.11061
1.11061
1.35266
0.706663
0.749531
0.374179
0.702329
0.923989
0.780775
1.1155
1.31198
1.31198
1.03559
1.03559
1.21796
1.62722
1.58779
1.69922
0.960638
1.24354
0.51057
-0.292397
-0.564036
0.197108
0.963886
0.338184
0.0257303
0.533172
0.533172
0.926548
0.926548
1.11952
1.11952
1.35474
1.35474
0.825595
0.721578
1.47427
1.05332
0.199214
0.809096
0.809096
0.809096
0.809096
0.809096
1.14971
0.70241
0.375646
-0.0204388
0.0321765
0.0698646
0.826707
0.826707
1.14453
0.399242
0.254149
-0.0240437
-0.369964
-1.10198
-1.08361
-0.671786
-0.404875
-0.28088
-0.475418
-1.23791
-1.31157
-1.25007
-0.770989
-0.770989
-0.770989
-1.06566
-1.06566
-1.12343
-1.34151
-1.34151
-1.34151
-1.34151
-1.34151
-1.37006
-1.39799
-0.919686
-0.751873
-0.918201
-0.918201
-0.313175
-0.401464
-0.156889
-0.872962
-0.284371
-0.0958653
-0.268918
-1.15093
-1.08444
-0.54971
0.0581384
0.0349312
-0.0425176
-0.997517
-0.0392277
-0.062823
-0.283116
0.458435
1.15586
1.15586
1.195
1.00072
1.00072
1.00072
1.04775
1.2955
1.06133
0.0846028
-0.667967
-0.643178
-0.511554
-0.511554
0.070546
0.246026
1.15312
1.94201
1.94201
1.16538
1.16538
1.16987
1.16549
1.07515
0.409648
0.409648
1.3679
1.3679
1.3679
0.732152
0.732152
0.697823
0.29917
1.1891
1.1891
1.1891
1.1891
1.07648
1.46721
1.85135
1.50684
1.50684
1.50684
1.7555
1.7555
1.7555
1.7555
0.923952
0.923952
1.04371
0.263479
-0.329971
-0.520264
-0.520264
0.183183
0.463728
0.642051
0.204751
0.653162
1.53619
1.46
1.46
1.43221
1.14303
1.63427
1.63427
1.63427
1.04241
1.0771
0.9277
0.9277
0.9277
0.9277
1.11643
0.75144
0.75144
1.26136
1.26136
1.55064
1.24201
0.635581
0.635581
0.933117
0.933117
0.836709
0.976417
0.42801
-0.230841
-0.615726
-0.58339
-0.801297
-0.801297
-0.801297
-0.801297
-0.63758
-0.222012
-0.77988
-0.77988
-0.77988
-0.746902
-1.04138
-1.03466
-1.03466
-0.25724
-0.3598
0.0133623
-0.915003
-0.307222
0.387979
0.732012
1.51692
0.682286
1.04299
1.24674
0.980849
0.324085
0.33558
-0.0964994
-0.552208
-0.333154
0.6116
0.91534
0.70912
-0.0388098
0.160112
0.870214
0.751063
0.454346
0.956852
0.949641
0.546567
0.546567
0.395993
0.395993
1.25855
0.705256
0.860402
0.443536
0.803186
0.803186
0.590834
0.684893
-0.119293
0.391484
-0.376358
-0.025612
-0.761525
-0.573448
0.164935
0.689718
0.689718
0.79429
0.308146
0.783105
0.70664
1.3366
1.20343
0.900811
-0.0218083
0.739227
0.739227
-0.048523
0.808572
1.06202
1.06202
1.06202
0.997106
0.997106
0.997106
0.997106
0.61157
1.15327
1.15327
0.545526
0.718375
0.744497
1.5224
1.5224
0.713896
0.713896
0.136865
-0.723095
-0.81896
-0.939313
-0.000881151
0.5909
0.968048
0.968048
1.28894
1.28894
1.28894
1.00745
0.856588
0.251313
0.923802
1.05192
0.104493
0.523773
0.523773
0.108297
0.354882
-0.45502
-1.03273
-1.03273
-0.165966
0.409542
0.446922
0.713905
0.713905
0.640382
0.440345
-0.198601
0.286773
0.390737
0.949816
0.949816
1.27636
1.27636
0.562661
0.434364
0.123057
0.494974
0.893566
0.920478
0.774268
0.208637
-0.508517
-0.690071
-0.690071
-0.690071
-0.0555191
0.809749
0.809749
0.783305
0.283629
0.798293
0.798293
0.826828
1.14328
1.06819
1.1637
0.511327
0.274208
-0.177292
0.597486
0.597486
0.597486
0.455357
0.956312
0.938822
0.938822
0.0279489
-0.514472
-1.0755
-0.864361
-1.0265
-0.676484
-0.676484
-0.676484
-0.151665
-1.10362
-0.346956
-0.361891
-0.30429
-0.0223291
0.665964
1.02282
1.47125
1.47125
1.47125
1.74918
1.74918
1.74918
1.43099
0.98453
0.990431
0.907513
0.907513
0.907513
1.85076
1.07256
1.07256
1.07256
1.07256
1.07256
0.58226
0.531409
0.913735
0.757367
1.19008
1.04681
1.04681
0.708768
1.08989
0.111504
0.715833
1.1268
1.03443
0.98591
1.26956
1.26956
0.439977
0.905645
0.117108
0.700979
0.844684
0.700004
0.43844
0.100999
0.518992
0.518992
0.459434
-0.131348
-0.810913
-1.49552
-1.49552
-0.963029
-0.963029
-0.40539
-1.0559
-1.0559
-1.0559
-1.01637
-0.568279
0.317742
-0.195378
-0.10694
-0.51197
-1.50169
-1.50169
-1.50169
-1.50169
-1.28047
-0.439914
-1.20524
-1.39204
-1.39204
-0.587135
-0.587135
0.351387
0.584903
0.174086
0.255451
-0.121374
0.244667
0.91603
1.40277
1.09651
0.587212
1.45907
1.14444
0.410137
1.27631
1.27631
1.55246
1.04076
1.04076
1.04076
1.37677
1.27144
1.27144
1.27144
0.682081
-0.294564
-0.0118818
0.613952
0.900187
0.900187
0.583173
0.493502
-0.269553
0.470173
0.142116
-0.190278
-1.09553
-1.09553
-1.09511
-0.231233
0.034574
0.342334
-0.307952
-0.554066
0.165899
1.03923
1.38376
1.25131
0.258358
0.957355
1.34526
1.34526
1.34526
0.618335
0.140434
-0.561157
-0.168995
-0.313754
-0.453964
-0.682705
-0.682705
-0.747702
-1.15349
-0.958868
-0.533598
-0.562929
-0.375754
0.350502
0.508444
-0.39717
-0.348667
-0.911356
-0.911356
-0.911356
-1.05104
-1.05104
-0.227949
-0.718223
-1.05375
-1.38726
-1.38726
-1.38726
-1.38726
-0.624343
-0.624343
-0.624343
-0.661786
-0.661786
0.00422593
-0.544572
-0.943095
-0.943095
0.0415549
1.01603
1.01603
1.21461
1.37658
1.37658
0.880123
1.61863
1.30328
1.57456
1.87163
1.87163
1.76691
1.60434
1.32332
0.561844
0.527442
1.01354
0.119079
0.764799
0.241597
-0.590184
-0.590184
-0.590184
-1.33984
-0.699058
-0.32453
-0.956511
-0.605992
-1.06852
-0.792355
-0.747057
-0.747057
-0.83987
-2.58264e-05
0.585488
-0.0814179
-0.0464737
-0.838424
-1.06892
-0.801048
-0.801048
-0.994834
-0.649225
-0.649225
-0.9427
-0.277206
0.582189
0.582189
0.0485909
0.6686
0.754593
1.34488
1.17099
1.19519
1.19794
1.19794
1.19794
1.19794
1.30884
1.28505
1.23739
1.23739
1.23739
1.23739
1.23739
1.30934
0.767055
1.26275
1.04869
1.14667
0.314263
0.279334
-0.546873
-1.4149
-1.99519
-1.99519
-2.15204
-1.57142
-1.57958
-1.07054
-1.22425
-1.41874
-0.428526
-0.660881
0.300143
0.575358
1.25543
1.25543
1.09979
1.09979
0.594025
0.740044
0.390072
1.07169
1.07169
1.07169
0.249925
0.671352
1.34417
0.632161
0.632161
1.16078
0.916484
0.916484
0.201774
-0.249221
-0.763216
-0.763216
-0.439724
-0.855968
0.0716934
-0.714292
-0.714292
0.163398
0.0632543
0.467227
-0.486352
-0.00984133
-0.586613
-0.0938589
-0.250686
-0.999748
-0.999748
-0.804387
-0.099752
-0.174166
0.759144
1.05404
1.05404
1.26925
0.429467
0.429467
0.648478
0.409327
-0.567895
0.396605
0.396605
-0.330161
-1.18732
-0.41109
-0.440567
-1.30998
-1.54372
-0.906925
-0.587688
0.0552246
-0.233435
-0.233435
0.288848
0.573512
-0.238051
-0.410164
-0.657678
-0.657678
-0.951602
-1.09923
-1.09923
-1.09923
-0.824951
-0.392422
-0.45774
-0.47552
-1.23804
-1.23804
-1.23804
-0.929186
-0.929186
-0.929186
-0.29023
0.394281
0.193842
0.25328
1.11123
1.11123
1.11123
0.432728
0.704825
0.17568
-0.331849
-0.331849
-0.28281
0.12555
-0.364427
0.427337
-0.289648
0.268848
0.888738
0.78674
0.590431
0.79885
0.703638
-0.147781
0.591127
0.591127
0.517874
0.173738
0.663487
-0.0487772
-1.0208
-0.752975
-1.16818
-0.618917
-0.618917
0.0180125
-0.167898
-0.22246
-0.986563
-1.15415
-1.15415
-1.15415
-1.15415
-0.854459
-0.854459
-0.854459
-0.854459
-0.854459
-0.773199
-0.603325
-0.603325
-0.777098
-0.777098
-0.162942
0.836445
1.1795
0.405584
0.803246
0.0743778
0.402145
-0.413544
0.347665
1.1443
0.758269
1.06012
0.303289
-0.493052
-1.07382
-0.148016
0.537164
0.113556
0.902622
0.902622
0.902622
0.892795
0.892795
0.415397
0.199009
0.197602
0.416581
0.274977
0.847818
0.542026
1.04618
0.43401
1.31474
1.2749
0.888741
0.165238
0.533156
0.184302
0.577629
1.01573
0.104954
0.793072
-0.0656008
0.20389
1.17768
0.60018
0.60018
-0.357428
-0.250066
-0.128631
-0.227178
-0.878742
-0.975034
-0.928172
-1.1629
-0.985258
-0.643269
-1.29584
-1.3772
-1.3772
-0.715296
-0.715296
-0.883076
-1.07623
-0.828122
0.0300168
0.821823
-0.0881491
0.812222
0.913312
0.504319
-0.000563348
-0.724923
-0.332467
-1.18949
-1.18949
-1.18949
-0.472493
-1.43086
-1.15138
-1.33743
-1.33743
-1.33228
-1.69783
-1.70871
-1.70871
-1.547
-1.547
-1.02213
-1.02298
-0.732969
-1.44207
-0.819621
-0.547323
-1.14302
-1.37993
-0.925247
-0.925247
-1.44922
-1.44922
-0.82537
-0.82537
-0.82537
-1.238
-0.922117
-0.507998
-0.850303
-0.850303
-0.979495
-0.4318
-0.447234
-0.924297
-0.595146
-1.27992
-1.18342
-0.889193
-0.889193
-0.710124
-0.959436
0.025046
-0.95863
-0.208914
0.205254
0.0574492
-0.289166
0.28234
0.450268
-0.270703
0.0641711
0.80699
0.375878
1.05304
1.05304
0.568417
1.07644
1.07644
0.621026
0.884445
0.884445
0.884445
0.884445
1.46905
1.46905
1.46905
0.666078
0.456593
-0.17567
-0.816403
-0.816403
-0.150502
-0.167659
-1.14501
-1.50654
-1.38489
-1.21426
-0.752228
-0.752228
-0.514439
-0.514439
-0.986193
-0.986193
-0.79733
0.0139416
0.372424
1.19405
1.19405
0.300237
-0.430556
-0.447286
-0.799368
-0.978364
-0.131834
0.867819
0.641407
0.857369
0.304576
0.383792
-0.609965
-0.367803
-0.986
-0.986
-1.01248
-1.10102
-1.10102
-0.901869
-0.901869
-0.901869
-0.813261
-0.687514
-0.49516
0.293729
0.133059
0.653102
1.02669
0.344388
0.720546
0.720546
0.608247
1.0227
0.0707817
0.75876
0.75876
0.600894
1.27652
1.27652
1.67932
1.67932
0.965499
0.965499
0.965499
1.3748
1.18851
1.18851
1.11982
0.222481
-0.590607
-0.251089
0.34972
0.34972
-0.11207
0.424516
-0.218605
0.0321703
-0.268035
-0.914976
-0.914976
-0.914976
-0.914976
-0.656307
-1.4233
-1.4233
-0.674687
-0.577745
0.409706
1.10144
1.10144
0.781379
0.781379
1.18294
0.638602
0.638602
0.638602
0.498662
0.884062
1.28813
1.17585
0.721314
0.669139
1.05093
1.65938
1.15344
1.15344
1.15344
0.373364
0.806969
0.566948
0.566948
0.990443
0.990443
0.929164
1.1701
1.1701
0.739607
0.739607
1.11784
1.18436
0.59885
0.847327
-0.0364729
-0.792223
-0.792223
-0.540845
-0.299243
-0.842432
0.0794338
-0.435802
-0.860135
-0.333543
0.228513
0.576215
-0.246966
-0.825854
-1.80148
-1.70573
-0.877403
-1.47407
-0.518722
-0.681766
-0.608116
-0.852416
-0.443096
-1.339
-1.339
-1.339
-1.339
-1.339
-0.561564
-0.249899
-0.738156
-0.738156
-0.821553
-1.47977
-1.24941
-0.486677
-0.486677
-0.61768
-1.32384
-1.32384
-1.08725
-0.403622
-0.403622
-0.173958
0.777855
1.34297
1.38474
0.551784
-0.176635
0.0520077
-0.199459
-0.281024
-0.078717
0.564738
-0.114849
0.489751
0.427182
1.10696
1.38797
1.38797
1.35324
0.641041
-0.13231
-0.0844282
-0.289136
-0.506208
-0.878583
-0.878583
-1.48496
-1.17712
-1.09516
-1.09516
-1.09516
-1.09516
-0.363389
0.340767
-0.501288
-0.0595036
0.645251
-0.10886
0.150893
0.43438
0.154787
0.32146
1.05969
0.101123
0.504365
0.57134
0.210055
0.00968085
0.382056
0.958912
0.3442
1.24971
1.24971
1.24971
0.774574
0.337852
-0.519069
-1.23725
-1.09484
-1.09484
-0.26066
-0.61414
-1.39213
-1.83947
-1.83947
-1.83947
-1.83947
-1.83947
-1.37314
-1.37314
-1.37314
-0.385139
0.0279511
-0.0496713
0.750249
0.737527
-0.0100115
-0.783434
-0.166488
-0.266067
-0.235736
0.398431
-7.79582e-05
-0.387581
0.514381
-0.442321
-0.283298
0.135826
0.332163
1.30412
1.33513
1.54329
1.11893
0.265099
0.401777
0.444668
0.882035
0.882035
0.882035
0.403848
0.263072
0.0228514
0.702441
0.863683
0.863683
0.572298
0.572298
-0.384639
-0.802179
-0.99588
-0.99588
-0.904878
-0.878133
-0.630683
-0.984667
-0.984667
-0.984667
-1.61454
-1.61454
-1.61454
-1.61454
-1.61454
-1.61454
-0.710441
-0.866685
-0.630246
-0.630246
-0.389621
0.135713
-0.735267
-0.699759
-0.699759
-1.41875
-1.39936
-1.39936
-0.811795
-0.547143
-0.312429
-0.365454
0.371193
0.371193
0.766667
0.766667
0.697547
1.295
1.56978
0.936554
0.936554
0.936554
0.936554
1.034
0.438451
0.443866
0.677207
0.677207
0.677207
1.40067
0.607631
1.0828
1.0828
1.0828
0.393933
0.019565
0.664504
1.44378
1.63726
1.63726
1.22033
1.22033
1.22033
1.25508
1.25818
1.25818
1.25818
0.545216
1.29185
1.14428
1.75339
1.75339
1.75339
1.75339
1.75339
1.67199
0.979695
0.471315
0.471315
0.262458
0.310376
0.192667
-0.150157
0.176065
-0.651101
-0.651101
-1.11663
-1.18611
-1.18611
-0.349353
0.0828783
0.0422573
-0.395776
0.0277796
0.326355
0.174747
0.800877
0.800877
0.800877
-0.0391835
-0.0908496
-0.90492
-0.90492
-0.511401
-0.707396
-0.277509
0.115774
-0.760795
0.206034
-0.49725
-0.49725
-0.629992
-1.20646
-1.20646
-0.331225
-1.27779
-1.27779
-0.495155
-0.649724
-0.649724
-0.605062
-0.448519
-1.43555
-1.03584
-1.43283
-1.1493
-1.1493
-1.29153
-0.612093
-0.454589
-0.88792
-0.88792
-0.541994
-0.85534
-0.85534
-0.252204
0.617229
1.08821
1.66613
1.17718
0.994921
1.68733
1.68733
1.29928
0.351329
0.182845
-0.600258
-1.06563
-1.06563
-1.11358
-1.11358
-1.11358
-0.13237
0.314797
-0.216073
-0.412139
-0.396241
0.0218517
0.684168
0.684168
0.684168
-0.0569229
0.120573
0.966889
0.966889
0.514791
0.514791
0.506375
0.214375
1.21304
1.21304
0.710669
0.710669
0.711973
0.433879
-0.464563
-1.00721
-0.820689
-0.336251
-0.672178
-0.672178
-1.19957
-0.806601
-1.0787
-0.749462
-0.541645
-0.541645
-1.24891
-1.34124
-1.34124
-1.02089
-0.76392
-0.2936
0.317022
-0.180224
0.26129
0.127754
0.605481
0.605481
0.605481
0.491909
0.491909
-0.386602
-0.0475626
0.553202
1.31024
0.5209
1.41804
1.41804
0.438224
0.438224
0.763408
0.38173
0.38173
0.342977
1.00749
0.485708
-0.000827994
0.194469
0.7573
0.506431
-0.184052
-1.07953
-1.07953
-0.301431
-0.551873
-0.764426
-1.35292
-1.35292
-1.35292
-0.778299
-0.778299
-0.778299
-0.778299
-0.778299
-1.42478
-1.42478
-0.560331
-0.661386
-0.519246
-0.291257
-0.850748
-0.850748
-0.850748
-1.57038
-1.52131
-1.52131
-1.52131
-0.914642
-1.11461
-1.14185
-0.532213
0.409017
-0.17488
-1.03751
-1.02369
-1.48429
-0.870678
-0.870678
-0.870678
-0.870678
-0.870678
-1.42101
-1.42101
-1.35811
-1.35811
-1.00325
-0.858943
-0.736573
0.0231799
-0.271741
-0.6117
-0.612278
-0.263205
-0.743308
-0.743308
-0.238918
-0.345336
-0.662229
-0.0249459
-0.651383
-0.00185091
-0.10349
-0.653569
-0.272072
0.544969
1.30395
0.484985
0.484985
0.561822
0.749794
0.28471
0.764555
0.85837
1.0461
0.824727
0.126457
0.741937
0.389661
0.212009
-0.122613
0.448035
0.339887
0.391906
0.634563
1.11074
1.11074
1.11074
0.503722
0.990473
0.75887
1.5488
2.15853
1.73378
1.45335
1.45335
1.45335
1.06171
1.06171
1.07084
1.07084
0.555397
0.95875
0.95875
0.281379
-0.689558
-0.588009
-0.588009
-0.843184
-0.850836
-0.850836
-0.850836
-0.588858
-0.312338
0.25809
1.05269
1.05269
0.468673
1.25712
0.299354
0.929626
1.29584
1.03114
1.3363
0.345559
1.15246
1.15246
1.17306
0.650964
1.0938
1.0938
1.0938
1.22114
0.409723
0.944801
0.944801
1.75073
1.75073
1.75073
1.35053
0.565221
0.533283
0.533283
0.691488
0.408129
1.27671
0.480954
0.81828
0.81828
0.47998
0.686238
1.00407
1.00407
0.96929
0.96929
0.743115
0.743115
-0.181159
-0.865986
-0.470819
-0.961237
-0.961237
-0.0594793
0.288619
1.03223
1.11453
1.11453
1.11453
1.44394
1.44394
1.00566
1.00566
0.564865
0.696475
0.696475
0.276636
0.71446
1.22447
1.33741
0.537796
0.716708
0.716708
0.716708
1.38248
1.07595
0.598749
1.04084
1.04084
1.58044
1.58044
0.828191
0.125025
0.798345
0.798345
0.564402
1.48819
0.8249
0.96079
0.96079
0.920613
0.460903
0.434899
0.434899
-0.0584031
0.78463
0.160915
0.863475
0.863475
0.367855
0.0640022
1.04022
1.11253
0.691099
0.440894
0.115153
-0.757157
-0.757157
-0.763273
-1.07353
-1.07353
-0.475959
-0.607149
0.0429646
0.731909
0.731909
0.731909
1.05078
0.536068
0.694013
0.625461
1.27909
1.07382
0.723562
0.788141
0.0918326
-0.814763
-0.814763
-0.814763
-0.814763
-0.819018
-1.08706
-1.08706
-0.749249
-0.749249
-0.976202
-1.58605
-1.58605
-1.58605
-0.765121
-0.765121
-0.765121
-0.787705
-0.731623
-0.301756
-0.595353
0.296766
0.0945538
-0.18273
-0.895335
-0.895335
-1.29124
-1.29124
-1.033
-1.252
-1.252
-1.252
-0.375596
0.196033
-0.084328
-0.169668
0.686136
0.686136
0.425569
0.731032
0.840361
-0.135314
-0.300417
-1.29773
-0.883062
-1.49865
-1.93328
-1.93328
-1.19322
-1.19322
-0.896568
-0.224542
0.0502924
-0.642785
0.120057
0.381758
1.02541
0.37502
0.0338722
0.38127
0.722594
-0.129993
-0.00280566
-0.500367
-0.391068
-0.646321
-0.646321
-0.563435
-0.780253
-0.780253
-0.780253
0.0411421
-0.884639
-0.682677
-0.682677
-1.57956
-0.77314
-0.768195
-0.07415
0.215775
-0.46969
-0.184181
-0.471665
-0.859909
-0.859909
-0.723392
-0.723392
-1.30245
-0.693989
-0.693989
-0.359776
-0.359776
0.526721
0.97647
0.97647
0.681061
0.681061
0.681061
1.65195
1.65195
1.49687
1.49687
1.48083
1.48083
0.872457
0.872457
0.327857
0.644974
0.644974
-0.0188363
-0.197688
-0.0591111
0.783819
0.576945
-0.0230612
0.454977
-0.0203289
-0.911014
-0.911014
-0.676199
-1.02091
-0.551559
-1.43968
-1.43968
-0.754449
-0.710984
-0.957482
-0.957482
-0.763742
-0.763742
0.143304
0.456271
1.04212
0.0541019
-0.873469
-1.31029
-1.20997
-0.460014
-0.872199
-0.456696
0.131132
0.129319
-0.197038
0.0728286
0.774541
0.774541
0.62448
0.121997
-0.425017
-0.425017
0.454365
0.454365
-0.0314446
-0.808419
-1.42373
-1.74736
-1.53163
-1.53163
-1.53163
-1.65961
-0.797896
-0.570541
-1.12887
-1.12887
-1.32788
-0.776516
-0.776516
-0.776516
-1.15389
-1.15389
-1.15389
-0.804534
-0.900891
-0.656268
-0.748588
-0.748588
-0.627969
-0.447648
0.191474
-0.128867
0.516095
0.516095
0.792978
0.792978
-0.0313279
-0.934162
-1.03619
-1.03619
-1.03619
-0.675055
-0.881424
-0.881424
-0.881424
-0.887174
-1.37091
-1.37091
-1.37091
-1.37091
-0.643955
-0.643955
-0.643955
0.0796181
-0.224955
-0.939733
-0.521844
-0.586354
-0.661353
-0.738808
-1.30226
-0.850582
-0.850582
-1.24867
-0.985961
-0.760306
-0.163374
-0.684389
-0.789662
-0.789662
-0.789662
-0.872213
-0.872213
-0.872213
-0.872213
-0.872213
-0.473746
-0.373499
-0.553129
-0.838849
0.0199014
0.10139
-0.141965
0.541168
0.541168
1.41909
1.02862
1.02862
1.02862
0.538371
1.22771
1.22771
1.22771
0.311569
0.431913
-0.373241
0.542579
0.542579
1.27797
1.19549
0.390002
0.725076
-0.236507
0.399994
0.138375
0.0367267
0.947441
0.947441
0.947441
0.947441
0.930414
0.930414
0.133168
-0.251953
0.714228
0.85568
0.85568
0.781144
0.511705
-0.371097
-0.53024
-0.572262
-1.02942
-1.36593
-1.36593
-1.36593
-0.747738
-0.747738
-0.957464
-0.519185
-0.504808
0.450891
0.450891
0.869999
0.869999
1.0437
0.518626
0.87372
1.15621
0.296413
1.13967
1.08504
1.08504
1.35637
0.637962
0.637962
0.428674
1.02839
1.02839
0.637391
0.637391
0.637391
0.637391
0.432425
0.454868
0.512485
0.512485
0.362411
-0.187874
-0.596171
0.181193
-0.782937
-0.782937
-0.224718
-0.230625
-0.97117
-0.97117
-1.30721
-1.90987
-1.90987
-1.90987
-0.92205
-0.524789
-0.524169
-0.524169
-0.685437
-0.11039
-0.682979
-0.682979
-0.682979
-0.125018
0.788859
0.417144
0.305523
0.913293
-0.0540032
0.622316
1.04789
0.425718
1.12444
1.11683
0.205685
-0.191716
-0.905935
-1.09383
-1.09383
-1.17686
-0.615014
-0.162441
-0.421586
0.139804
-0.346489
-1.11256
-0.444223
-1.03184
-0.309332
-0.309332
-0.569794
-0.983218
-0.983218
-0.983218
-0.983218
-0.183145
-0.0175039
-0.494055
-0.494055
-0.770595
-0.618228
-0.618228
-1.3126
-1.55617
-1.52272
-1.52272
-1.30924
-1.35464
-1.35464
-1.15063
-1.18066
-0.906121
-0.860065
-1.44052
-1.36879
-1.50686
-1.33536
-0.566095
-0.248346
0.542636
0.884395
0.281397
1.05363
0.525831
0.63235
0.63235
1.22835
1.10722
1.10722
1.10722
0.379956
1.18141
1.25906
0.913107
0.913107
0.913107
0.444407
0.0287062
-0.532129
-0.532129
-0.976143
-0.976143
-1.63222
-0.642118
-0.598608
-0.598608
-0.705684
0.206134
0.499211
0.731791
-0.0681535
-0.750172
-0.806252
-1.24071
-1.20891
-0.539483
-0.468234
-1.10179
-0.515235
-1.08973
-0.990819
-0.990819
-0.990819
-0.990819
-1.84375
-1.84375
-1.84375
-1.84375
-1.32064
-0.994725
-0.69115
-0.69115
-1.4126
-0.41635
0.315631
-0.405705
-0.405705
-0.405705
-0.860863
-0.940031
-0.713365
0.239619
0.357076
-0.228168
0.588883
0.402274
0.59716
0.59716
0.219135
0.366711
0.681247
0.671099
-0.317531
-0.332608
-0.566351
-0.566351
-0.566351
-0.566351
-0.485082
-0.485082
0.355975
0.90222
1.09583
0.307123
0.810392
0.930654
0.930654
1.58155
1.58155
1.49203
0.499211
1.07376
0.39314
-0.0372241
0.78328
0.67633
0.67633
0.381313
0.18623
0.115757
0.896697
0.793626
0.164364
-0.291296
-0.763335
-0.337598
-1.17389
-1.2894
-1.30651
-1.30651
-1.30651
-1.30651
-0.640212
-0.931579
-0.801046
-0.47031
-0.841512
-0.841512
-0.947608
-0.0306068
0.125128
0.108476
-0.457459
-0.544169
-0.544169
-0.544169
-0.125916
-0.417039
-0.790167
-1.51475
-0.957446
-0.0224865
-0.268639
-0.018412
0.382328
1.37024
0.51028
0.432403
0.244361
0.453728
0.708482
0.812378
0.364664
0.355398
-0.267958
0.699847
0.699847
0.0784285
1.05199
0.268789
1.01776
1.01776
1.01776
0.0220351
-0.288782
-1.07781
-1.07781
-0.580827
-0.580827
0.135604
-0.583321
-0.583321
-0.583321
-0.583321
-0.583321
-0.874423
-0.609349
0.0405783
0.305667
-0.257308
-0.689623
-0.689623
-1.06262
-1.34899
-1.34899
-1.34899
-1.34899
-0.487702
-0.374659
0.154549
-0.347034
-0.388239
-0.287386
-0.39457
-0.942437
-0.563859
-0.682891
-0.828818
-0.828818
-0.828818
-0.828818
-1.40683
-1.40683
-1.31169
-0.570204
0.017704
-0.764782
-0.0582943
0.141083
-0.064884
-0.720486
0.208002
1.13287
1.13287
1.13287
1.38832
0.837555
1.00257
0.0355222
0.0363316
0.475838
0.475838
1.00518
1.00518
1.00518
0.760994
-0.190975
0.411408
0.411408
0.631902
0.285235
-0.362573
0.298539
0.298539
-0.392662
0.0980695
0.988383
0.835706
-0.123431
-0.448373
0.526179
-0.351712
0.588975
-0.119954
-1.06999
-0.632324
-0.697315
-0.697315
-0.00602726
0.662097
1.00873
1.00873
0.953671
0.953671
0.953671
0.0353156
0.75372
0.580814
0.580814
1.28484
1.28484
0.843329
0.843329
-0.119237
0.334552
1.07063
1.07218
1.07218
0.258029
0.448429
1.23708
1.34868
0.405594
0.683749
0.683749
-0.0190111
0.798043
0.910985
0.512681
0.372776
0.53944
0.763815
0.739945
0.724294
0.324183
-0.578923
-0.578923
-1.10584
-1.39909
-0.92592
-1.4552
-0.76974
-0.699784
0.16578
0.790005
0.473546
-0.106965
-0.704218
-0.849459
-0.245062
-0.884406
-0.884406
-0.960706
-0.316277
-0.547906
-0.195708
-0.0674363
-0.528649
0.314342
1.10259
1.10259
1.14253
1.14253
1.38938
1.38938
1.38938
1.10959
0.754826
0.325163
1.0217
1.0217
0.405246
0.405246
1.36891
1.08682
1.8542
1.8542
1.81355
1.24513
1.24513
1.24513
0.70601
-0.283802
-0.89479
-0.466554
-0.366941
-0.920401
-0.920401
-0.589257
-1.22103
-0.698446
-0.698446
-0.698446
-0.679768
-0.679768
-0.679768
-0.911231
-0.341463
0.41079
0.139095
-0.380858
-0.866521
-0.552552
0.0220821
0.0439126
0.855959
1.10215
1.10215
0.520655
0.895648
1.48868
1.48868
1.55735
1.05669
0.934653
0.292933
0.31946
-0.113186
0.491756
1.35974
0.829205
0.829205
0.829205
-0.133026
-0.975772
-0.192533
0.706761
0.151774
-0.0697039
0.041294
-0.900721
-0.25388
0.0411816
-0.347651
0.652256
1.04587
0.780033
0.581885
0.0518068
-0.676056
-0.676056
-0.0777555
-0.431194
-0.61927
-0.000676381
-0.589648
-0.589648
0.306836
0.71439
0.71439
0.807524
0.0626058
-0.759357
-1.10642
-1.58386
-1.71475
-1.26903
-0.507574
-0.507574
-1.19676
-0.70297
0.142698
-0.157127
0.183369
0.183369
0.343831
-0.375626
0.146764
0.341624
0.58519
-0.219742
-0.0423923
-0.219147
-0.447939
-1.06313
-1.38847
-0.985732
-0.905218
-1.21172
-0.338154
0.109501
-0.270009
-0.0131285
0.445589
1.24461
0.334143
1.17278
1.14533
1.14533
0.783806
-0.205519
0.325336
-0.468226
-1.20392
-0.976382
-0.976382
-1.14238
-1.75157
-1.75157
-1.77011
-1.77011
-1.14179
-0.388217
-1.34855
-1.34855
-1.34855
-1.34855
-1.34855
-1.09221
-1.31508
-1.31508
-0.698364
-0.265174
0.0395031
-0.8622
-1.50454
-1.0249
-0.0654185
0.804673
1.29409
0.407667
-0.41919
0.527946
0.527946
0.409698
0.409698
-0.130422
0.649268
0.649268
-0.198348
-0.345317
-0.211481
-0.191312
-0.121993
-0.583483
-0.77433
-0.77433
-0.971795
-1.17533
-0.398347
-0.661687
-0.661687
-1.10924
-0.56994
-0.56994
-0.238124
-0.802109
-0.501964
-1.23217
-1.23217
-1.23217
-1.58398
-1.58398
-1.58398
-1.58398
-0.909269
-1.90338
-1.06908
-1.06908
-0.3099
-0.163906
0.319404
1.14159
1.14159
1.4006
1.1438
1.1438
1.1438
1.1438
0.30681
1.30293
1.11227
1.11227
1.11227
0.919287
0.689055
1.46109
1.57002
0.635352
1.24314
1.46288
1.46288
1.46288
1.6063
1.6063
1.12419
0.237675
0.00859575
0.442108
1.2017
0.586938
0.586938
-0.22697
-0.0508669
-0.989918
-0.283326
-1.09334
-1.09334
-0.216652
-0.959967
-1.18676
-1.07674
-1.07674
-1.07674
-0.574115
-0.574115
0.244734
1.02526
1.02526
0.730883
0.649264
-0.271261
0.206495
1.13566
0.490248
0.00483589
0.324327
-0.113767
-0.480173
-0.40617
-1.17071
-0.871136
-1.73133
-1.73133
-1.73133
-1.38727
-1.44484
-0.844112
-0.859623
-0.397644
-1.05943
-1.20099
-1.7246
-0.822482
-0.822482
-1.04703
-1.04703
-1.04703
-1.69482
-1.69482
-1.69482
-1.77432
-1.55006
-1.55006
-1.1623
-1.05862
-1.05862
-1.53358
-2.34056
-2.34056
-2.34056
-1.67593
-1.12953
-0.243432
0.0493381
0.435372
0.379234
1.36692
1.36692
0.510427
0.693828
-0.15603
0.757024
0.757024
0.185464
0.355869
0.58485
0.0188789
-0.170818
-0.0273949
0.573285
0.0991843
0.420152
0.76769
0.436911
-0.442698
-0.855698
-0.855698
-0.334503
0.206408
-0.713119
-0.414569
-1.02578
-0.947499
-1.53501
-1.5215
-0.724691
-0.171068
-0.601274
-1.04022
-1.24387
-1.24387
-1.24387
-1.24387
-0.916516
-0.916516
-0.642584
-0.407649
-1.1283
-0.59346
-0.59346
-1.2715
-1.2715
-0.686098
-0.686098
-0.243566
-0.686764
-0.477808
-0.374104
-0.20839
0.526224
0.526224
0.534414
0.244793
-0.52601
-0.966834
-1.32782
-1.39778
-1.39778
-1.39778
-1.39778
-1.39778
-1.39778
-1.32012
-1.32012
-0.471903
0.107425
0.129945
-0.70591
-1.28479
-0.913738
-0.913738
-0.34187
-0.34187
0.532924
0.8657
0.695139
0.28462
0.252612
0.760666
0.760666
0.404358
0.747502
0.0881298
0.958676
0.958676
0.902322
0.216486
-0.145465
-0.816238
-0.452076
0.211692
0.831243
0.811055
0.811055
0.811055
0.811055
0.611198
1.08563
0.305418
0.535127
0.535127
-0.261892
0.541058
1.24213
0.449843
-0.549613
-0.155692
0.210526
0.377521
0.298911
1.06048
1.06048
1.00882
1.00882
1.28954
0.692132
-0.199217
0.743759
0.510386
-0.21347
-0.172165
0.211483
0.726842
0.726842
0.825874
0.825874
0.823212
1.06494
1.06494
0.225437
0.435646
0.488916
-0.125801
0.499663
0.880147
0.880147
0.378406
-0.00965187
0.502508
1.1173
0.732012
1.26537
0.479464
1.23573
1.23573
1.23573
1.23573
0.38846
1.38333
0.502904
0.313297
0.0352399
0.759859
0.996728
0.996728
1.56499
1.56499
0.625874
0.799516
0.143563
-0.604008
-0.941069
-0.941069
-0.798934
-0.798934
-0.798934
-0.0703743
-1.02072
-0.240843
-0.914391
-0.737258
-1.52944
-1.52944
-1.52944
-1.52944
-1.52944
-1.52944
-1.52944
-1.52944
-2.07409
-2.28306
-1.52553
-1.46189
-1.16803
-1.16803
-0.529766
-0.212443
-0.456096
-1.06982
-0.829051
-0.829051
-0.50491
0.433939
-0.146221
0.0561781
0.457119
0.25384
0.11562
0.100863
-0.031367
-0.844396
-0.94262
-0.94262
-0.305453
-0.722668
-0.0744855
-0.852856
-0.852856
-0.852856
-0.943899
-1.25836
-0.854873
-0.90522
-0.4624
-0.4624
-0.154675
-0.227356
-0.017268
-0.1126
0.0324488
0.875129
1.45056
1.45056
1.49426
1.49426
1.31143
1.23984
0.844139
0.652311
0.652311
0.671121
0.671121
0.671121
0.19214
-0.196946
-0.720336
-0.720336
-0.720336
-0.720336
-0.396757
-0.00965493
0.79395
0.987388
0.987388
0.781266
1.75468
1.75468
1.67913
0.805732
1.07332
1.07332
1.1934
1.1934
0.41552
1.18811
1.18811
1.3048
1.3048
0.958675
0.958675
0.958675
0.958675
0.140331
-0.495776
-0.495776
-0.495776
-0.745001
-0.745001
-0.990398
-0.705843
-0.0556075
0.146998
-0.44944
-0.294872
-0.490774
-1.25308
-1.25308
-0.983613
-0.524299
-0.526611
-0.48689
0.117229
-0.204707
-0.596649
-0.205935
-0.924368
0.00136631
0.500765
0.500765
0.527908
1.13217
1.26115
1.03046
1.03046
1.09465
1.09465
0.972521
0.434134
0.871431
1.29772
1.29772
0.86513
0.43052
-0.150703
0.489952
0.861215
0.861215
0.718217
-0.198768
-0.915279
-0.809306
0.112158
-0.0511732
0.225185
0.774518
0.774518
0.755113
0.755113
-0.239001
-0.135746
0.8588
1.02623
0.358684
-0.0379976
0.662159
0.288502
0.537265
1.02474
1.02474
0.867313
0.192642
0.290097
-0.0925362
-0.863775
-0.982801
-1.06917
-0.297271
0.011746
-0.895472
-0.895472
-1.02068
-1.02068
-0.215714
0.262148
-0.0738733
-0.684463
-0.852761
-0.983254
-1.38487
-0.664954
-0.682428
-0.305077
-0.742558
-1.06886
-1.47127
-1.19767
-1.19767
-1.34873
-1.28518
-1.23571
-1.23571
-0.278708
0.310772
0.0566473
0.593773
0.14747
0.603451
0.599697
0.659359
0.963579
0.972406
0.716171
0.716171
0.614141
0.466748
1.15142
0.487553
0.369539
0.377543
1.08202
1.08202
1.04103
0.271174
0.184826
-0.030406
-0.331844
-1.08784
-1.08784
-0.24958
-0.112926
-0.776476
-0.738355
-0.738355
-1.34603
-1.34603
-0.651386
-0.641785
-0.435484
-0.754109
-0.313214
-0.016644
0.192838
0.454329
0.0124209
-0.570671
-0.814179
-0.814179
-1.17116
-1.17116
-1.17116
-1.52197
-1.52197
-1.04791
-0.39634
0.135811
0.578963
0.463536
0.0169568
0.0970962
0.862397
-0.0436447
0.116469
-0.734483
-0.25788
-0.043009
0.829337
1.14616
1.14616
0.158044
0.547879
0.547879
0.132579
-0.120508
0.308282
-0.158375
-0.543767
-0.763145
-0.0937443
-0.152315
0.232766
0.193931
-0.166562
0.376662
0.465563
1.16831
1.16831
0.253098
-0.313381
-0.660796
-0.660796
-0.660796
-0.660796
0.305042
0.148042
0.738497
0.106451
0.560831
1.10316
1.49135
0.588716
-0.165136
-0.158254
-0.827805
-0.827805
-0.827805
-0.875143
-0.460732
-0.460732
-0.460732
-0.0575339
0.0417877
0.763464
0.868897
0.868897
0.692923
1.14976
0.183485
0.366533
0.366533
0.0532954
-0.0584742
-1.05481
-0.405603
-0.779721
-0.137824
-0.365643
0.145603
0.188315
-0.140863
0.113342
0.423191
-0.399528
-0.193471
-0.373963
0.357084
1.07555
1.07555
0.468859
0.249944
0.249944
0.142879
0.360536
0.707629
0.797592
1.65776
1.65776
0.758093
0.429687
1.12348
1.12348
1.12348
1.06036
1.06036
0.892617
0.892617
0.892617
0.637802
0.637802
0.915166
0.421734
-0.150138
0.701571
0.990368
0.245137
-0.511694
0.0977252
0.841402
-0.082758
0.783208
0.783208
0.783208
1.33475
0.551473
0.327454
-0.643964
-1.24288
-0.492172
-0.492172
0.092474
0.094885
-0.47924
0.412127
0.895379
0.895379
0.547798
-0.42463
-0.97202
-0.97202
-0.321827
-0.828025
-1.304
-1.51598
-1.63006
-1.63006
-1.80482
-0.836185
-0.202843
-0.864729
-0.886994
-0.824499
-0.629029
-0.835902
-0.653856
-0.30938
0.639841
-0.305206
-1.04635
-1.04635
-0.927541
-0.927541
-0.705445
0.0578785
0.11325
-0.2391
-0.845081
-1.23549
-0.439156
0.283185
-0.0861909
0.871745
0.871745
0.871745
0.871745
1.1578
1.14871
0.897203
0.897203
0.897203
0.540347
0.847387
0.847387
0.142046
0.226094
-0.372336
0.43874
0.559888
0.432737
-0.312167
-1.13406
-0.181836
0.632168
0.632168
0.632168
-0.33203
-0.275421
-0.326438
-0.460721
-0.921668
-0.921668
-0.921668
-0.607945
-0.843669
-0.824625
-0.954903
-1.08529
-1.08529
-0.416975
-1.15629
-0.345446
0.393495
0.393495
-0.288749
-0.460122
-0.922782
-0.922782
-0.922782
-0.922782
-0.922782
-0.485272
-0.485272
-1.27971
-1.27971
-0.394675
-0.394675
-0.221003
-0.829587
-0.710361
-0.865827
-0.212252
0.462163
0.754294
0.754294
0.422682
0.234592
1.07137
0.827467
0.827467
0.293448
-0.693306
-0.693306
-0.693306
-0.0741191
-0.13425
0.697829
1.15472
1.15472
1.2099
1.2099
1.2099
1.2099
1.2099
1.01053
1.01053
0.365377
0.636617
0.0473228
-0.751188
-0.1367
-0.422114
-1.1733
-0.22031
-0.845837
-0.615841
-0.728096
0.12835
-0.187571
-0.390727
-0.0849583
-0.421349
0.505726
-0.0121279
-0.00171975
0.0289453
-0.742329
-1.43121
-1.29896
-0.961692
-0.961692
-0.97042
-1.2052
-0.38267
0.495084
1.02036
1.02036
0.201048
1.17364
0.667641
-0.225336
-1.15769
-1.15769
-1.49551
-1.49551
-1.49551
-0.979557
-0.979557
-0.649773
0.264204
0.188047
-0.034883
0.197459
-0.763408
-0.904977
-0.820813
-1.70991
-1.70991
-1.70991
-1.70991
-1.22883
-0.333611
-0.0724105
-0.996057
-0.996057
-0.996057
-1.11269
-0.479529
-0.479529
0.167626
0.590042
0.590042
0.671212
0.985334
0.185332
-0.118635
0.410597
0.502978
-0.405843
-1.3777
-1.3777
-0.747483
-1.24074
-1.24074
-1.04689
-1.46695
-0.740745
-1.16817
-0.441321
-1.25144
-0.887632
-0.887632
-1.60552
-0.974341
-1.38455
-1.31585
-0.927548
-0.971564
-0.277723
-0.0932862
0.339902
1.10717
1.10717
0.700337
0.700337
0.700337
0.399091
-0.569793
-1.06729
-1.06729
-0.261597
0.128737
0.958028
0.384499
-0.30204
0.573159
0.776086
0.691607
1.14456
0.780763
0.682815
1.01617
1.10323
1.30859
0.548382
0.548382
0.548382
1.1021
0.71236
0.651221
0.0333805
-0.754192
-0.173721
-1.00968
-1.00968
-0.364639
-0.724505
0.0508493
-0.166237
-0.236492
0.262586
1.0615
0.737454
0.543789
0.768214
0.00322699
0.605689
0.869526
0.90649
0.90649
0.671803
0.762575
1.00111
0.0609248
0.441249
-0.377607
0.141982
-0.821177
-0.409578
-0.524215
0.274118
-0.445385
-1.18495
-1.18495
-0.41452
-0.41452
-0.892309
-0.625089
-0.124814
-0.00466208
-0.86425
-0.59626
-0.933747
-0.667248
-0.667248
-0.667248
-1.22271
-1.22271
-0.740045
0.106875
0.755136
0.755136
0.296749
-0.632863
-0.45117
0.357836
0.0358835
-0.420811
-0.512628
-0.89541
-0.741172
-0.741172
-0.0175547
-1.00248
-1.14992
-1.67218
-0.913061
-0.913061
-0.913061
-0.913061
-1.15385
-0.790674
-1.7828
-1.7828
-1.82016
-1.82016
-1.82016
-1.82016
-1.82016
-1.37381
-0.987712
-0.0719289
0.502259
0.519357
0.678928
0.897819
0.897819
0.500782
0.500782
-0.0361616
0.937448
0.937448
1.04006
1.03554
1.03554
0.0455368
0.9124
0.9124
0.9124
0.9124
0.9124
0.9124
0.9124
0.9124
0.805662
0.0404875
0.896239
0.922689
0.522656
1.15698
0.606747
-0.214557
-0.674013
-0.680334
-1.333
-1.333
-1.48906
-0.607781
-0.607781
0.0670872
0.989492
0.755873
-0.018709
-0.785639
-1.03028
-0.23308
-0.109895
0.23495
-0.596306
0.112671
0.255555
0.652233
1.53288
1.53288
1.41806
0.55853
0.857087
0.857087
0.857087
0.419259
-0.187087
0.629472
1.40992
1.40992
0.852119
0.852119
0.757804
0.56035
0.574487
-0.1304
0.613443
0.711429
1.01508
0.0155182
0.290345
0.524637
0.261105
-0.364019
0.134089
0.824302
1.57767
0.578761
0.345195
0.840506
0.599806
0.599806
0.796161
0.774664
1.21705
0.955768
0.594845
0.594845
-0.398373
0.268526
-0.633959
-1.03218
-1.03218
-0.704565
-0.701826
-0.973059
-0.973059
-0.191136
0.224243
-0.361202
-0.361202
-0.86123
-0.86123
-0.518491
-0.625557
-0.625557
-0.143722
0.542945
0.261227
0.689228
0.689228
0.0366129
0.829155
0.93618
1.30112
0.881188
0.881188
0.427135
0.427135
0.0397084
-0.0883162
-0.931921
-0.931921
-0.931921
-0.281928
-0.644517
-0.0268138
0.462754
1.01192
1.01192
1.56344
0.828136
1.18737
1.18737
0.867968
0.867968
1.26039
0.806416
0.22126
-0.455105
-0.218992
-1.09013
-1.09013
-0.56486
0.155157
0.924641
0.809162
1.49173
1.49173
1.14855
0.625856
0.860139
0.860139
0.628923
0.628923
0.537388
1.08191
0.778473
0.144101
0.372091
0.227285
0.0561612
0.702298
0.717639
1.07171
1.0425
0.25165
0.705154
0.526051
0.526051
1.38301
1.70132
1.22851
1.22851
1.0211
0.202253
-0.479891
-0.321115
-0.750555
-0.0608823
-0.643756
-0.643756
-0.643756
-1.17627
-1.01712
-1.07523
-0.124251
0.608505
0.91688
0.850887
0.850887
0.269734
-0.505476
-1.33089
-1.33089
-1.33089
-1.33089
-1.18377
-1.18377
-1.18377
-0.903448
-0.200407
-0.577899
-1.08334
-1.25113
-1.12187
-1.12187
-1.12187
-0.875539
-1.16539
-0.819827
-0.0196561
-0.692051
-0.692051
-0.82383
-1.23856
-1.23856
-1.23856
-1.26657
-1.29355
-0.423866
-0.514824
-0.154071
-0.53144
-1.26578
-0.718576
-1.54977
-1.54977
-1.54977
-1.54977
-1.54977
-0.715651
-1.22935
-1.84211
-1.84211
-1.84211
-1.84211
-1.84211
-1.84211
-1.8839
-0.986395
-0.986395
-0.986395
-0.849469
-0.73682
-0.316923
-1.13582
-0.780246
-0.780246
-0.639862
-1.6338
-1.62269
-1.62269
-0.994964
-0.994964
-1.75555
-0.889399
-0.330194
0.592358
1.04065
0.46056
0.654283
1.37308
1.2201
1.08578
0.922416
0.787067
0.281126
0.665819
1.09168
0.78418
1.35219
0.595088
1.1781
0.276738
1.1525
1.1525
1.49713
0.964679
1.00977
0.213538
-0.00195141
0.718157
0.718157
0.809766
0.809766
0.809766
1.07254
0.615401
-0.329131
0.527352
0.527352
0.527352
0.31486
0.953405
0.953405
0.953405
0.953405
0.953405
0.953405
0.922717
0.907062
1.01872
0.1596
-0.159263
-0.767162
-0.767162
-0.39279
0.466388
0.312116
0.58089
0.0040884
-0.802072
-0.692447
-0.692447
-0.910818
-0.889918
-0.437419
-0.62181
-0.588149
0.200208
0.50489
0.0182437
0.253857
1.06445
1.68485
0.809334
1.4815
1.4815
1.4815
1.56335
1.00835
1.19586
1.31754
1.59782
1.13452
1.02013
0.741428
1.24198
1.24198
0.499802
0.843807
0.843807
0.843807
0.622639
0.622639
0.622639
0.622639
-0.147075
0.5051
0.5051
0.499449
0.91823
0.108982
-0.189856
-0.152886
0.52152
0.52152
1.4314
0.468689
0.501862
0.95324
1.00117
0.145344
1.11703
1.20383
0.21032
-0.0710836
0.58107
0.58107
-0.153586
0.610883
0.461546
-0.301149
0.379424
0.238898
-0.679428
-0.956702
-1.09662
-1.09662
-1.20039
-1.20039
-1.20039
-1.20039
-1.20039
-0.796172
-1.01787
-0.532347
-0.608279
-0.608279
-0.608279
-0.64247
-0.623765
-0.623765
-0.0870833
-0.660047
-0.549494
-1.4253
-0.989846
-0.989846
-0.243212
-0.472718
0.398025
-0.161131
0.607895
1.07481
0.529008
-0.466099
-0.965064
-1.04668
-1.04668
-1.04668
-1.38383
-1.65548
-1.0397
-0.755557
-0.755557
-0.121925
-0.183194
0.219947
-0.0340391
-0.227462
-0.238982
-0.909266
-0.509941
-0.509941
-0.381631
-0.90808
-0.686312
-0.395919
0.563569
0.896446
0.896446
0.561928
0.561928
0.266512
1.07662
1.07662
0.465633
-0.513144
-1.20416
-0.710976
-0.710976
-1.04636
-0.931813
-0.00985041
-0.82973
-0.82973
-0.89396
-1.13695
-1.63984
-0.641189
-0.662312
-0.662312
-0.757306
-0.611068
0.309352
-0.111937
0.826839
0.428443
1.15307
0.423372
-0.448371
-0.955407
-1.03608
-1.22273
-1.22273
-1.46641
-1.46641
-0.65055
-0.65055
-0.400766
-1.15212
-0.81712
-0.436967
-0.685265
-0.436622
0.552466
0.786475
1.13125
1.03846
0.0716534
-0.754367
-0.257651
0.0785073
0.238777
0.238777
-0.679465
-0.957206
-0.671624
-0.0166741
-0.370762
0.441937
0.635579
1.19449
0.596837
0.60545
0.60545
-0.375719
0.376284
0.490855
0.123491
0.585547
1.14355
1.27539
0.975262
0.145821
0.107001
1.05511
0.955609
0.412759
-0.379737
-0.0135704
0.279715
0.660607
0.427387
1.05626
0.838194
0.838194
0.793913
1.23157
1.23157
0.80133
1.13826
0.564738
1.01609
0.862328
0.21137
0.354683
-0.150467
0.206519
0.138296
0.943946
1.25736
1.25736
1.60067
1.03745
1.69082
0.711719
0.711719
1.16587
1.08726
1.08726
0.347009
0.71815
0.850185
0.355773
1.30772
1.29593
1.29593
1.29593
1.29593
1.58554
0.631614
0.631614
0.311365
0.537424
1.04942
0.522259
-0.23
0.424549
0.440397
-0.00856571
0.740352
0.660513
-0.326709
-0.138576
0.398503
1.30418
1.81624
1.81624
1.1843
1.1843
1.1843
0.513083
0.275344
0.0131464
-0.887593
-0.887593
-1.78972
-1.78972
-1.14066
-1.14066
-0.55517
-0.55517
-1.21203
-0.803727
-0.470703
-0.906929
-0.906929
-1.18765
-0.293897
-0.364439
-1.21718
-1.16702
-1.16829
-1.16829
-0.341087
-0.992759
-0.992759
-0.992759
-0.707931
-1.16583
-0.188344
-0.710274
0.012671
-0.221408
-0.113038
-0.726371
-0.835123
-0.183987
0.597742
-0.0338849
0.945176
0.970371
0.970371
0.802465
0.802465
0.0670814
0.0549303
-0.48821
-0.48821
-0.913985
-0.697111
-0.438262
-0.770389
-0.152771
-0.205335
-0.918297
-0.918297
-0.717171
-1.14871
-1.14871
-1.03434
-1.03434
-0.743175
-0.743175
-0.743175
-0.973245
-1.3954
-0.704647
-0.704647
0.190132
-0.0688237
-0.812473
-0.812473
-1.42461
-1.42461
-0.626093
-1.12316
-0.868097
-0.868097
-0.868097
-0.362187
0.282426
0.817762
0.817762
0.732837
0.848714
0.309826
-0.489793
-1.19484
-0.630535
0.343022
-0.427501
-0.708941
-1.08322
-1.08322
-1.08322
-0.656091
0.254603
0.345439
0.345439
0.960878
0.0329791
-0.464373
-1.07377
-0.156418
-0.67017
-1.38099
-0.732403
-1.07067
-1.07067
-1.07067
-0.932139
-0.932139
-0.866323
-0.866323
-0.866323
-1.3901
-1.3901
-1.25553
-1.25553
-1.30727
-0.701892
-0.701892
-0.727033
-0.895192
-0.381349
0.305538
-0.536017
-0.109551
0.257051
0.218798
-0.67613
-0.280913
-0.551823
-1.54026
-0.69721
-0.69721
-0.69721
-0.631477
-0.631477
-1.2514
-1.39363
-1.39363
-1.35363
-0.794295
-0.38251
0.514141
0.352002
0.232074
-0.206126
-0.785843
-0.877052
-1.02764
-0.525929
-0.428952
-0.955333
-0.308672
-1.12666
-1.13918
-0.95245
-0.95245
-0.617741
0.0354313
-0.611824
-1.53411
-1.53411
-1.53411
-1.19241
-0.874844
-0.874844
-0.744172
-0.0131162
-0.830681
-0.830681
-1.0313
-1.0313
-0.540048
0.0651649
-0.131672
-0.0970023
0.191165
0.988135
1.7454
1.7454
1.7454
0.846093
0.846093
1.44899
0.703855
1.23061
1.23061
0.675121
0.0923663
0.53325
1.06304
0.288858
0.251527
0.638301
1.55419
1.55419
1.55419
1.00902
1.00902
1.00902
1.00902
1.00902
1.49688
1.49688
1.75442
1.5821
1.5821
1.54515
1.54515
1.65341
1.65341
1.69535
1.6388
1.21873
0.711168
0.711168
0.800262
0.800262
0.0413736
-0.903905
-0.903905
-0.903905
-1.29165
-1.29165
-0.646946
-0.591282
0.361197
-0.632557
-1.33797
-1.33797
-0.785819
0.103765
-0.592267
-1.26871
-1.26871
-0.938338
-0.600006
-0.170158
0.206307
0.342911
-0.581362
-0.949718
-0.949718
-0.406903
-0.0793026
0.0280357
-0.129644
-0.0323319
0.331887
0.848519
0.848519
0.848519
0.59409
0.770035
0.101183
0.889222
1.09398
0.204906
0.481502
1.39416
0.896134
1.25633
1.10269
0.830338
0.830338
0.637191
0.637191
0.637191
0.637191
0.478733
0.571592
0.477822
-0.357245
-1.04401
-1.07257
-1.07257
-0.597608
-1.09626
-0.442417
-0.442417
0.0762946
0.321182
0.533521
-0.108857
0.340767
0.232834
-0.486343
-0.486343
-1.08483
-1.08483
-0.726989
-0.935354
-0.995723
-0.418306
-0.418306
-0.540933
-0.540933
-0.774975
-0.774975
-0.350423
-1.04352
-1.04352
-0.80772
-0.80772
-0.80772
-0.113224
0.0333517
0.245874
0.693084
0.584111
0.996535
1.18189
0.837968
0.837968
0.995093
0.24272
0.346843
0.0878846
1.06124
1.20301
1.06574
1.06574
1.06574
1.05735
1.27124
1.27124
1.27124
1.27124
0.957894
0.466648
1.16724
0.432472
-0.02054
0.649367
1.02081
0.930296
1.3899
1.08724
0.965419
0.965419
0.877357
1.25363
1.43398
1.43398
1.42022
1.42022
1.18906
1.01906
0.20603
-0.1488
0.443646
1.32442
1.32442
1.10044
1.10044
0.953497
1.39872
1.44716
1.44716
0.962898
1.59395
2.00018
1.43984
0.82746
0.266515
-0.199763
-0.46026
0.199842
0.0394101
0.448751
0.448751
0.128872
-0.162023
-0.474081
-0.873374
-0.429709
-0.429709
-0.225497
-0.832163
-0.817097
-1.23332
-0.816808
-0.816808
-0.816808
-1.23295
-0.969979
-0.969979
-1.0388
-0.704123
-0.704123
-0.333732
0.375422
1.28777
1.21537
0.507021
0.507021
0.260726
1.1824
1.1824
1.1824
0.333473
0.202316
-0.636467
-0.351688
0.0657314
-0.0862638
-0.184967
0.265999
0.511283
-0.160679
0.730651
0.419253
1.3235
0.490533
-0.282912
0.643377
-0.189006
0.0935659
0.654143
0.872661
0.102882
1.06382
1.06382
0.882932
0.882932
0.558455
0.450255
0.450255
1.21911
0.531102
0.554084
-0.0563937
-0.547717
-0.697572
-1.05851
-1.05851
-1.13776
-0.308042
-0.409525
-0.986301
-0.887466
-0.557657
-1.04032
-0.855835
-1.05723
-1.33846
-0.586263
-1.13746
-1.09107
-1.09107
-0.900517
-0.532871
-0.532871
-0.532871
-0.472121
-0.831836
-0.831836
-0.410637
-0.577031
-1.21081
-1.21081
-0.48775
-0.416916
0.378711
0.261092
-0.0902585
0.693715
0.693715
0.668239
0.886018
0.886018
1.66777
1.66777
1.30847
1.30847
1.06582
1.06582
1.07982
0.813251
0.650032
0.650032
0.650032
1.0814
1.0814
0.146178
0.227613
-0.767308
-0.647267
-0.599914
-0.460365
-0.460365
-0.349221
-0.901934
-1.27837
-1.27837
-1.37784
-0.588788
-0.722771
-0.722771
-0.722771
-0.950613
-1.08215
-1.08215
-1.30776
-1.36379
-1.36379
-0.950009
-0.89474
-0.89474
-0.89474
-0.874114
-0.874114
-0.789525
-0.789525
-0.488417
-0.990834
-1.45863
-1.45863
-1.45863
-1.45863
-0.865268
-0.865268
-0.684496
0.179947
-0.269449
0.573193
0.171118
-0.560035
0.423791
-0.380887
-0.323622
-1.1103
-0.598858
-1.02906
-0.883941
-0.810791
-1.39402
-0.71288
-0.71288
-1.12052
-1.12052
-1.12052
-1.46132
-1.73719
-1.56006
-1.09733
-0.685494
-0.597961
-0.597961
-1.35731
-1.04882
-0.854629
0.0225122
-0.35397
0.62048
1.18351
1.0508
1.0508
1.0508
1.0508
0.202307
0.40852
-0.27448
0.71082
0.71082
0.412544
-0.585716
-1.21383
-1.21383
-1.56868
-1.17584
-0.954349
-0.69836
-0.498551
0.144969
1.14198
1.14198
1.14198
1.14198
0.34485
-0.0219859
-0.500378
0.337961
0.663655
-0.297173
-0.623182
-0.978942
-1.63507
-1.17716
-1.17716
-0.46368
-1.2309
-0.632932
-0.502866
0.261458
0.368854
0.395267
1.29149
0.894326
0.878266
0.354108
-0.188392
-0.405984
0.200917
-0.45962
-0.45962
-0.788785
-0.788785
-0.73119
-0.513456
0.0343828
-0.82952
-1.35969
-0.901171
-0.901171
-1.51584
-1.51584
-1.17868
-1.17868
-1.17868
-0.389925
-0.167069
-0.979244
-0.300109
0.641472
1.28661
0.471826
0.626595
0.943832
1.64135
1.64135
1.64135
1.64135
0.773767
1.08901
1.08901
0.556669
0.273509
0.168663
1.00207
0.757175
0.827876
0.255172
0.430856
-0.127715
-0.140941
-0.802376
-0.802376
-0.802376
-0.802376
-0.802376
-0.802376
-0.2541
-1.18184
-0.92471
-0.92471
-0.92471
-0.262979
-0.977179
-0.54232
-0.54232
-1.32014
-1.32014
-1.23537
-0.365699
-0.159505
-0.547784
-0.547784
-1.11403
-1.11403
-1.43286
-1.43286
-1.70562
-1.20385
-0.689933
-0.861226
-0.398984
-1.3298
-0.927817
-1.19746
-1.0987
-1.09895
-1.09895
-0.122612
-0.659122
-0.0108465
-0.149202
-0.224684
-0.72008
-0.612739
-0.791478
-0.791478
-0.86268
-1.04335
-0.785981
-0.109396
-0.646616
-0.374238
-0.656998
-0.617111
-1.01441
-0.227214
0.130941
0.607246
1.56823
0.622215
1.44546
0.488971
1.18012
1.03632
0.181351
0.862023
0.862023
1.18205
0.380458
0.880526
0.996899
0.996899
0.996899
0.996899
0.742725
0.742725
0.742725
0.742725
0.742725
0.742725
0.742725
0.742725
0.484009
0.000907306
-0.0179493
-0.154351
0.0732496
0.803365
0.803365
0.0817669
-0.117513
-1.02722
-1.28896
-1.28896
-1.28896
-0.442969
-0.459743
-0.459743
-0.964245
0.00080065
-0.409349
0.425406
0.185678
0.318081
-0.658069
-0.658069
-0.658069
-0.865553
-0.865553
-0.959675
-0.959675
-0.959675
-1.49126
-1.11121
-1.11121
-0.857972
-0.857972
-0.379383
0.386764
1.36949
1.36949
1.45015
0.589811
-0.331437
0.306798
-0.199061
-1.16875
-1.16875
-0.582075
0.0752467
0.920279
0.245531
0.565775
1.30928
0.445589
-0.198742
0.611604
0.611604
0.611604
-0.348931
-0.348931
-1.21904
-1.12077
-1.12077
-1.12077
-1.12077
-0.4342
-0.976634
-0.976634
-0.633429
-0.633429
-0.385304
-0.385304
0.231414
0.842626
0.842626
0.370336
0.207245
-0.513707
-1.3872
-1.00316
-0.757945
-1.44828
-1.44828
-1.44828
-1.45022
-1.16041
-0.404237
-0.404237
-0.704304
-0.624781
-0.624781
-0.273466
-0.872411
-0.872411
-0.850247
0.0340435
-0.393558
-1.21747
-0.913531
-1.68081
-1.68081
-1.34458
-0.483233
0.0572796
-0.52628
-0.74585
-0.74585
-0.0805171
-0.679857
-0.53417
-0.940341
-0.873934
0.0463465
-0.697339
-0.132809
0.737829
0.0893168
-0.524028
-0.697783
-0.000590218
0.903962
0.365491
0.73196
-0.13868
0.457619
0.457619
1.02542
0.181503
-0.28162
0.597677
1.2971
1.2971
1.2971
1.45076
1.45076
1.45076
1.45076
1.78615
0.788183
-0.0190149
0.660916
-0.330815
-0.393329
-0.302127
-0.222718
-1.15618
-1.01467
-1.14597
-1.63516
-1.1054
-1.1054
-0.947805
-0.112622
0.793205
0.793205
-0.0844578
0.298969
0.959832
1.09227
0.637696
0.637696
-0.011706
0.807529
1.72893
1.72893
0.818295
-0.0896233
-0.997752
-0.00417113
-0.725571
-0.725571
0.0381894
-0.0153498
-0.127453
0.669376
0.855481
1.3972
1.47513
1.37495
0.694572
-0.195742
0.379658
0.0950315
-0.888244
-0.888244
-0.931816
-0.429552
-1.39135
-1.44757
-0.581691
-0.581691
-0.581691
-0.865093
-0.668963
-1.02701
-0.792391
-0.202495
-0.832512
-1.60173
-1.03097
-0.0900681
-0.971642
-1.00103
-0.828327
-0.356471
-0.841349
-0.841349
-0.988399
-0.342187
0.183343
0.54119
0.200419
-0.11856
0.831144
0.831144
0.887628
1.81613
1.81613
1.75118
1.75118
1.75118
1.44831
1.44831
1.44831
1.33256
1.33256
1.33256
0.822626
0.142702
-0.532121
-0.952106
-0.183507
-0.996486
-0.996486
-1.68101
-0.697104
0.053133
0.449499
0.773156
0.644786
0.644786
1.12801
0.893102
1.23713
0.866807
1.3318
1.11975
1.11975
0.180737
1.05747
0.526402
0.527271
0.540412
0.426788
0.208003
0.0289259
0.0214819
-0.636913
-1.09898
-0.989767
-0.87727
-1.17323
-1.17323
-1.17323
-1.17323
-1.17323
-0.388845
-0.228575
-0.50767
0.372647
-0.173373
0.630633
0.953725
0.758901
0.896131
1.12633
0.331424
-0.532373
-1.06012
-0.511688
-0.511688
-0.511688
-1.12469
-1.12469
-1.16828
-0.502441
-0.0301887
0.32359
0.118547
-0.796254
-0.796254
-1.0686
-1.0686
-0.0771333
0.514196
1.08427
0.445954
0.154327
0.106038
-0.201656
0.789332
1.01367
0.359652
0.857466
-0.0907369
-1.02355
-0.732202
-0.732202
-0.258227
0.739088
1.1903
1.25932
0.410076
0.960854
0.960854
0.960854
0.960854
0.960854
0.188418
0.314086
-0.654325
-0.681187
-1.06279
-1.06279
-1.06279
-1.33819
-1.33819
-1.33819
-0.601803
-0.601803
-0.538497
-1.31151
-1.25341
-0.592519
-0.808445
-0.217879
0.712754
0.220898
0.101946
-0.595088
-0.302189
-0.384457
0.551204
-0.0339362
-0.41298
-0.491543
0.0710698
-0.8493
-0.156327
-0.331203
-0.652411
-0.106951
-1.08003
-1.08003
-0.868488
-1.01983
-1.30125
-1.49202
-1.61374
-1.61374
-0.616245
-0.616245
-0.616245
-0.919566
-0.919566
-0.455678
-0.79351
-0.780046
-0.780046
-0.808632
-0.377012
0.233272
0.514291
0.932994
0.932994
0.932994
0.932994
1.05217
0.848645
1.76922
1.28269
0.552107
0.824243
0.516905
-0.195697
0.630331
0.847982
0.450995
1.09983
1.93599
1.93599
1.70891
1.19457
0.619685
-0.209143
-0.261112
-0.898835
-0.883658
-0.739856
-1.24456
-0.387023
0.459215
-0.165578
-1.04737
-1.04737
-1.04737
-0.156465
0.432824
0.928044
0.721417
0.658867
0.658867
0.11752
-0.316782
0.611733
0.933062
0.0322015
0.337021
-0.440024
-0.82195
-0.0483961
-0.650726
-0.846494
-0.846494
-0.0321494
0.429363
0.0124092
0.383304
-0.565782
0.305104
1.12741
0.193776
0.321001
-0.669846
-0.669846
-1.30513
-1.41496
-1.41496
-1.2746
-0.681017
-0.467889
-0.808103
-0.418363
0.18173
0.0155198
0.960158
0.960158
0.960158
1.08571
0.924162
0.822443
0.605938
-0.207907
-0.80403
-0.80403
-1.41747
-1.41747
-1.41747
-1.41747
-1.89025
-1.00519
-1.17734
-0.296363
0.265986
0.451596
0.451596
1.36673
1.36673
1.36673
0.906273
0.179209
0.461544
-0.410617
-0.218638
-0.0814028
0.388391
0.349947
0.885784
1.33435
0.769785
0.774785
1.13682
0.671014
1.14748
0.919387
0.919387
0.919387
1.26134
1.15848
1.15848
0.483313
0.263299
-0.582102
-0.592064
-0.592064
-0.592064
-0.146905
-0.356632
-0.130238
-0.160536
-0.693793
-0.693793
-0.376408
-0.318218
-0.449878
-0.137161
0.391521
-0.580096
0.324634
1.25884
1.25884
1.25884
1.25884
1.25884
1.25884
0.699458
0.699458
0.699458
0.809784
0.809784
0.18093
-0.275771
0.52275
0.52275
0.89862
0.89862
0.681241
0.403576
0.218365
-0.710984
-0.28019
-0.995018
-0.995018
-0.995018
-1.3985
-1.3985
-1.22027
-1.22027
-1.22027
-1.26323
-1.07438
-1.07438
-1.07438
-0.51485
-1.17761
-0.287713
-0.128093
-0.463174
0.33599
-0.0596943
0.772204
0.450352
1.27112
1.33777
1.33777
1.33777
0.852046
0.852046
0.852046
0.852046
0.649562
0.49584
0.517887
0.528897
0.155837
-0.171949
-0.534596
0.115748
-0.120877
0.284466
0.458082
-0.106701
-0.581855
-0.581855
0.216037
0.00487599
0.325351
0.325351
0.970694
1.2333
0.457689
0.379596
1.04584
0.613109
1.05149
0.766129
0.656253
0.624938
-0.168105
-0.419467
-1.2195
-1.2195
-0.631385
-0.0801588
0.531486
0.371145
0.819458
0.85132
0.85132
1.05357
1.19313
1.19313
0.208393
0.477946
0.00968593
0.805453
0.741009
0.741009
0.741009
0.37167
-0.473956
-0.473956
-0.738433
-0.661556
-0.820824
-1.30962
-0.534512
0.455049
0.967859
0.236597
0.22205
-0.540249
0.227667
-0.736348
-0.565572
0.189728
0.153745
0.18492
0.747839
0.747839
0.342005
1.16229
0.642427
0.642427
0.889932
-0.0872942
-0.628037
-1.12553
-1.12553
-1.12553
-1.12553
-1.24257
-1.13928
-1.21354
-0.946585
-0.415565
-0.228229
-0.980385
-0.980385
-1.40113
-1.1962
-1.1962
-1.69785
-1.69785
-1.69785
-1.69785
-1.2811
-1.2811
-1.24941
-1.45728
-1.23482
-0.800993
-0.0243686
-0.663517
-0.199797
-0.597014
-0.776328
-0.63373
-0.723223
-0.928268
-0.928268
-0.928268
-0.529634
0.43733
1.17669
0.925743
0.925743
0.204567
-0.242652
-1.17705
-0.487035
-0.938534
-0.938534
-0.879258
-0.879258
-1.35455
-1.35455
-1.35455
-1.17252
-0.905418
-0.914987
-1.26046
-1.26046
-0.716235
-0.642178
-0.909332
-0.909332
-0.00389741
-0.242941
-0.242941
0.321693
1.27614
0.505741
1.49698
1.02518
0.373128
0.0487817
0.268097
0.00797643
0.171864
-0.619431
-0.0621219
-0.769027
-1.23863
-1.53741
-1.53741
-1.53741
-0.760472
-0.202749
0.785467
0.190441
1.05617
1.3306
1.1853
0.786712
0.269246
0.956111
0.107647
0.794007
0.794007
0.749413
1.22076
1.22076
0.91326
0.91326
0.0136603
-0.551244
-0.50442
-0.0781694
-0.823568
-0.24383
-0.0485124
0.2133
0.587451
0.947813
0.865637
0.865637
0.865637
0.226513
-0.682636
-0.777786
-0.777786
-0.573798
-0.145715
-0.534273
-0.822087
-0.661622
-0.661622
-0.181026
-0.788549
-0.350861
-1.32194
-0.384713
-1.22388
-1.30968
-0.592497
-0.260803
-0.638016
-0.211162
-1.12959
-1.18822
-1.18822
-1.18822
-1.18822
-1.18822
-0.208686
-0.757157
-0.757157
-0.92595
-0.740189
-0.740189
-1.41748
-1.27084
-1.34021
-0.365045
-1.04135
-1.04135
-1.03263
-0.1436
0.0564771
0.952577
0.952577
0.504435
0.840085
0.510962
0.946839
0.946839
0.946839
0.946839
0.658523
0.658523
0.658523
0.801024
0.801024
0.147407
0.607119
0.229796
0.632827
0.203814
0.631703
0.631703
0.88779
0.915447
1.21538
1.21538
0.727931
0.2179
-0.075835
-1.04161
-0.674562
-1.46359
-1.46359
-0.603904
-0.603904
-0.655423
-0.381284
-0.044063
-0.941305
-0.018574
0.821404
1.0671
1.3128
1.3128
1.3128
1.3128
0.483029
0.483029
0.869139
-0.120272
0.873977
0.389452
0.389452
1.05544
0.204752
-0.618437
-0.618437
-0.820157
-0.820157
0.172688
-0.372259
-1.01254
-1.01254
-0.109977
-0.259492
-0.566217
-1.0255
-0.887162
-0.545958
-0.427257
-0.801062
-0.775525
-0.340796
0.153105
-0.0142137
-0.168663
0.43753
-0.206142
-0.422301
-0.432595
-0.432595
-0.656287
-0.656287
-1.43456
-1.74449
-1.74449
-1.84928
-1.26827
-1.26827
-0.878409
-0.878409
-0.878409
-0.878409
-0.590441
-0.590441
-0.525301
-0.525301
-0.525301
-0.606601
-0.535569
0.24417
0.228654
-0.513103
-0.513103
-0.513103
-1.022
-1.20839
-0.960872
-0.406352
0.478586
-0.425049
0.489353
0.809165
0.809165
0.809165
0.923307
0.923307
0.943857
0.444202
0.444202
0.384566
-0.0555275
-0.11117
0.780451
0.625096
1.16698
0.780145
0.877879
0.877879
0.575047
0.862794
0.862794
0.862794
1.33842
1.33842
1.04497
1.09432
1.09432
1.09432
1.09432
0.427961
0.629686
0.225306
0.463604
0.0201954
0.49492
0.398139
0.850557
0.850557
0.850557
0.850557
0.528523
1.44969
1.00939
1.23532
1.2557
1.60019
1.60019
1.12914
0.798901
0.237034
-0.0821689
0.0350032
0.278448
0.900075
1.39029
1.39029
1.42385
1.42385
1.42385
0.434209
0.0128518
0.226255
0.338292
0.77884
0.77884
0.9948
1.56917
1.01843
0.69766
0.69766
0.69766
0.669644
-0.172882
-0.496519
-0.496519
-0.496519
0.301716
1.11317
0.589212
1.08699
0.780646
0.780646
0.780646
0.994566
0.994566
0.994566
0.0631052
0.906833
0.906833
1.25905
0.359051
-0.0319443
-0.0236332
0.5269
1.13035
0.470481
0.835906
0.857657
1.06369
0.162302
-0.0698247
-0.998582
-0.398649
-0.00291785
-0.0920705
-0.837082
-0.860921
-0.860921
-0.561394
-0.687655
-0.422421
-0.276694
-0.979147
-0.979147
-1.42785
-1.45138
-1.40131
-1.46335
-1.2851
-0.595833
0.202341
-0.135088
-0.791117
-0.416076
-0.416076
-0.186
-0.805048
-0.805048
-0.136985
0.573977
1.02303
1.02303
0.592952
0.485168
-0.496366
-0.496366
-0.1379
0.0041797
-0.697541
-1.13875
-0.481216
-0.481216
-0.812907
-0.220632
0.577259
-0.129387
0.0700076
-0.281243
-0.645271
-0.256822
0.242666
-0.531835
-0.89964
-0.964909
-0.964909
-0.591171
-0.591171
-0.591171
-1.18912
-1.18912
-0.87509
-0.87509
-0.87509
-0.162563
0.000337459
0.943345
1.17107
0.433022
1.36531
0.690413
1.27181
1.27181
1.43396
0.542558
0.824809
0.654005
0.326152
-0.368226
0.133067
-0.292901
-0.292901
-1.23873
-1.02866
-0.893127
-0.893127
0.101656
-0.243112
0.183835
-0.621916
-1.17539
-1.17539
-1.17539
-1.13686
-0.484943
-1.30508
-0.877968
-0.877968
-0.271415
-1.13513
-1.13513
-1.13513
-0.774764
-0.774764
-0.774764
-1.41727
-1.41727
-1.03295
-0.933475
-1.40205
-0.872658
-0.872658
-0.423807
-0.486414
0.273524
1.04418
0.83634
0.83634
0.83634
0.329115
-0.553888
0.323321
-0.308976
-0.830156
-0.695757
-0.695757
-0.404603
-0.404603
-0.151735
0.095567
-0.582025
-0.128885
-1.10159
-0.52137
-0.0819739
0.362323
0.783147
0.922781
1.42304
1.42304
0.699234
0.792366
0.844329
0.844329
1.42123
1.42123
1.42123
1.13106
1.13106
1.1568
1.64128
1.64128
1.43189
0.915922
0.198552
-0.272766
-0.556275
-1.1948
-1.1948
-0.677795
-0.677795
-1.52545
-1.52545
-0.552629
-0.0559189
0.524136
0.979521
1.25367
0.502815
0.357003
-0.641107
-0.866852
-0.866852
-0.713194
-0.713194
-0.713194
-0.590257
-0.858753
-0.858753
-0.44938
-0.391106
-0.139266
0.827829
0.827829
1.39063
1.39063
0.729596
0.729596
1.10615
1.10615
1.10615
0.250702
1.16162
0.53248
0.63332
1.4939
1.10349
1.10636
1.17592
1.06138
0.560823
0.954828
0.626346
0.960804
0.226155
-0.212844
-0.743829
-0.743829
-0.377124
0.560152
0.23427
1.12358
1.14549
0.720809
0.720809
-0.100081
-0.779302
-0.779302
-0.918174
-0.135271
0.14789
1.0738
1.13734
1.13734
1.50349
1.50349
1.5518
1.48934
1.2196
0.897975
0.675604
0.675604
0.184607
0.481423
1.00637
1.00416
1.38884
1.57628
1.68996
1.68996
1.64678
1.37065
1.37065
0.963776
1.66208
1.66208
1.29966
1.29966
1.02753
1.02753
1.02753
0.973494
0.159689
-0.651986
-1.52788
-1.54276
-1.54276
-0.794394
-0.593688
-0.593688
-1.47589
-0.692098
-0.715965
-1.1138
-1.1138
-1.27091
-1.27091
-0.300636
0.48144
0.48144
-0.328247
-1.08755
-0.922863
-0.922863
-1.03288
-0.859971
-0.0177344
0.733038
0.868191
0.78648
0.78648
1.22879
1.36145
0.441196
-0.263092
-0.635069
-1.22818
-0.724247
-0.724247
-0.724247
-0.572455
-0.63864
-1.08368
-1.01715
-1.98825
-1.561
-1.561
-1.561
-0.953929
-0.604791
-0.440017
-0.895981
-0.635734
0.136569
-0.725016
0.103781
-0.810129
-0.810129
-0.810129
-1.1569
-0.877952
-1.48145
-1.43475
-1.43475
-1.43475
-1.00694
-1.00694
-0.386104
-0.38042
0.334917
0.334917
0.919499
0.619912
0.619912
0.596983
0.6638
0.6638
0.457248
0.992663
0.992663
0.992663
0.150673
-0.705757
0.188282
-0.782878
-0.782878
-0.782878
-0.782878
-1.20295
-1.20295
-1.20649
-1.00719
-1.00719
-1.00719
-0.806417
-0.806417
-0.805698
-0.503093
0.0457297
0.14192
0.333439
0.855449
0.493786
0.647225
0.647225
1.13114
0.232064
0.572448
0.959777
1.38587
1.38587
1.38587
1.38587
1.38587
0.997587
0.645726
-0.192387
0.312696
1.19543
0.489752
0.264079
0.570441
0.918004
0.516475
0.786936
0.29556
-0.20798
0.289975
1.0924
1.0924
1.41605
1.42577
1.42577
1.29059
0.669789
0.669789
0.629163
0.629163
-0.317128
-0.636034
-0.781391
-1.49638
-1.31279
-0.78999
-0.78999
-0.786949
-0.663127
-0.663127
-0.663127
-0.222588
0.39556
0.253499
0.134175
0.697657
0.803345
-0.161993
-0.199074
0.153136
-0.310642
0.661323
0.661323
0.0994432
-0.575348
-0.759391
-0.566392
-0.433391
-0.670328
-0.440133
-0.424766
-0.570765
-0.568865
-1.22525
-1.5929
-0.868241
-1.19175
-0.877746
-0.425058
-0.425058
-0.425058
-0.425058
-0.539936
-1.2711
-0.714221
-0.886984
-1.27662
-0.71008
-0.71008
-0.321142
-1.19724
-1.19724
-0.475173
-0.293504
0.561054
1.04604
1.29417
1.29417
1.29417
1.29417
1.29417
1.29417
1.03718
0.259655
0.0398309
-0.694102
-0.777382
-0.777382
0.0166953
-0.491153
-0.491153
0.0666001
0.145205
0.589017
0.545739
0.545739
0.584832
0.58477
0.58477
0.292303
-0.319216
-0.357068
-0.670328
-1.02406
-1.02406
-1.02406
-1.36914
-1.36914
-0.848519
-0.593474
-0.445882
-0.74087
-0.191653
0.424954
1.26251
1.44164
1.96195
1.25464
1.52437
1.22248
0.429975
-0.300378
0.565729
0.320708
0.668177
0.782961
0.782961
0.0588027
-0.136121
0.581938
0.0155821
0.0987204
0.182653
-0.619766
-0.619766
0.265417
-0.573433
-0.573433
-0.947262
-0.175835
0.00762883
0.552922
0.238448
-0.0411104
0.204461
-0.427501
-1.07975
-1.07975
-0.799655
-1.40317
-0.717703
-0.717703
-0.695487
-1.31279
-0.528377
0.418176
0.488657
0.924741
0.924741
0.622246
-0.128592
0.586981
0.259573
-0.460531
-0.674751
-0.27113
0.166075
1.0706
0.321886
-0.359302
-1.22182
-1.22182
-0.452967
-0.46461
-0.587359
-0.682624
-0.682624
-0.0908409
-0.223598
0.364672
0.0369154
0.938803
0.595345
-0.243864
0.0380301
0.226966
-0.384605
-0.759504
0.0331491
-0.947999
-0.300825
-0.300825
0.372802
0.372802
0.581191
0.740548
0.798073
0.27448
1.15114
1.15114
0.32022
-0.224199
-0.633962
-0.487175
-0.487175
-0.487175
-0.393393
-0.393393
0.250672
0.512267
1.23828
1.23828
0.731551
0.731551
-0.0279556
0.816275
0.816275
0.581398
0.655055
0.655055
0.648854
0.846577
-0.0580475
0.704137
1.24673
0.777084
0.777084
0.420317
-0.493736
-0.871249
-1.51684
-0.632792
-0.259921
0.542492
0.401931
0.763161
1.32989
1.15286
1.15286
1.15286
0.490792
0.978117
1.15986
1.15986
0.512298
1.02058
0.146773
-0.361929
-0.361929
-0.357168
0.197772
0.684677
0.152112
0.155596
0.934347
0.934347
0.670292
0.0745217
-0.776916
-0.278357
-0.46835
-0.386873
0.200536
-0.244068
-0.100118
0.0351925
-0.229698
0.0888439
0.29982
1.06908
1.06908
1.32958
1.46252
1.46252
1.07376
1.07376
0.374404
-0.606421
-0.906187
-0.906187
-1.08346
-1.08346
-1.08346
-1.24929
-0.549597
-0.41387
-0.66859
-0.66859
-0.66859
-0.66859
-1.31417
-1.19133
-1.19133
-1.19133
-1.19133
-0.441491
0.149027
0.467547
0.831252
1.2856
1.68471
1.60786
1.60786
0.704865
1.02603
1.02603
0.727905
0.621764
1.08107
0.277835
0.391218
1.14863
1.14863
1.86676
1.87681
1.87681
1.12503
1.12503
0.292472
-0.380771
-0.163232
-0.338904
-0.496016
-0.166769
-0.531535
-0.531535
-0.531535
0.173519
0.825081
0.727266
0.416783
-0.423274
-0.423274
-0.924595
-0.854915
-0.641562
-0.771315
0.169344
-0.187762
-0.275848
0.373471
0.835928
0.182866
0.949739
0.949739
0.949739
0.432565
0.49947
0.620557
-0.0214268
0.137184
0.882341
0.511823
0.177415
1.11592
1.24761
0.783002
0.186807
0.411598
-0.388535
-0.388535
-0.668533
-0.668533
-1.35107
-0.487172
0.448155
0.448155
-0.510993
-0.333787
-0.955429
-1.63848
-1.49578
-1.49578
-1.57077
-1.29161
-1.45049
-1.45049
-0.927336
-0.295006
-1.19458
-1.03888
-1.09369
-1.09369
-0.192372
-0.0713514
0.0304819
0.410324
-0.0596015
-0.0726304
-0.607776
-0.344719
-0.130355
0.4201
0.906983
0.754555
0.589566
1.24965
0.620343
0.446982
0.417855
0.240274
-0.629148
-0.13775
-0.951722
-0.951722
-0.348511
0.403161
0.649095
0.706529
0.706529
0.706529
0.558113
-0.0441958
0.754244
0.754244
0.262186
-0.278405
-0.760137
-0.749205
-0.453832
-0.453832
-0.627994
-0.627994
-1.03792
-0.582507
-1.18591
-1.18591
-1.00406
-0.207018
-1.09391
-1.10904
-1.34402
-1.34402
-0.91952
-0.91952
-0.91952
-0.604524
0.0439869
-0.320142
-0.756518
-0.432357
0.499715
1.15915
1.15915
0.639
1.19023
1.12828
1.12828
1.47937
0.800346
0.273006
0.0278441
-0.368258
-1.26771
-1.26771
-1.26771
-1.26771
-1.26771
-1.26771
-1.34417
-0.563483
-0.449114
-0.449114
-0.483858
0.405358
0.46237
0.445588
0.783566
0.623444
0.191143
0.0904684
0.943628
0.943628
0.893033
0.893033
0.440753
-0.558244
-0.558244
-0.826913
-0.491771
-0.796136
-0.0116039
0.882582
0.459711
0.459711
0.459711
-0.470252
-0.470252
0.216186
-0.383903
-0.091165
-0.834089
-1.43659
-1.43659
-0.768176
-0.464067
-0.464067
-0.721748
-0.740003
-0.00978213
-1.00584
-1.00584
-0.33365
-0.523311
-0.918042
-1.01781
-1.01781
-0.747301
-0.842362
-0.0566438
0.291635
0.414917
0.414917
1.31463
1.31463
0.872107
0.50671
-0.466037
-0.653004
-1.56847
-1.56847
-0.914174
0.0138068
0.559894
1.1532
0.906673
0.932488
0.0472674
-0.92398
-1.46434
-1.23852
-1.166
-1.1342
-1.1342
-0.8206
0.10734
0.489551
0.912962
1.22359
0.560446
0.560446
0.509178
0.509178
0.826518
0.826518
0.826518
0.549529
0.952383
0.952383
1.20814
0.457971
0.457971
-0.110964
0.457441
0.457441
0.457441
0.80973
0.80973
0.668042
0.668042
0.92903
0.729887
0.729887
0.729887
0.729887
0.372115
0.850215
0.850215
0.850215
0.850215
0.274733
-0.674056
-1.03954
-0.720319
-0.720319
-0.720319
-0.0499472
-0.335196
-0.282589
-0.765494
-1.0029
-1.00661
-1.00661
-1.00661
-1.00661
-0.311412
-0.72095
-1.23195
-0.656119
-0.924683
-0.00317346
-0.0543677
-0.671875
-1.35373
-1.62108
-1.62108
-0.905985
-0.881539
-0.881539
-1.32016
-1.32016
-1.32016
-0.805146
-0.457607
-0.457607
-0.457607
-1.18807
-1.18807
-0.61755
-1.01165
-0.442246
-0.656158
-0.386844
-0.839311
-1.05591
-1.05591
-0.999163
-0.999163
-0.175758
0.343833
0.305297
1.21422
1.69058
1.02402
1.39038
1.39038
0.801213
-0.0938875
0.75044
0.75044
1.62035
1.10944
1.63033
1.93159
1.93159
1.93159
1.93159
1.51729
1.37121
2.02969
2.02969
1.25623
0.471215
-0.165869
0.165409
1.07846
0.614327
0.530025
0.530025
0.530025
0.716873
0.716873
0.598597
0.634964
0.240547
-0.0266728
0.37358
1.35076
0.898956
0.898956
0.941665
0.941665
0.422599
0.143872
-0.219582
-0.38601
-0.38601
-0.605648
-1.51769
-1.19173
-0.691603
-0.995887
-1.03344
-0.170294
-0.602668
-0.149653
-0.753372
-0.229324
-0.803
-1.10319
-1.31705
-0.877912
-0.877912
-0.735567
-0.735567
-0.931735
-0.931735
-1.29591
-0.655561
-0.501802
-1.01364
-1.01364
-1.01364
-0.485779
-0.485779
-0.347801
-0.666844
-0.681441
-0.542088
-0.542088
-0.374287
0.533259
0.0875553
-0.582238
-0.582238
-0.582238
-0.0485164
-0.949187
-0.4802
-0.518243
-0.518243
-1.40902
-1.2054
-0.998323
-0.185167
-0.625081
-0.625081
-0.625081
0.300175
-0.10659
-0.141396
0.130001
-0.497061
-1.33171
-1.34799
-0.549137
-0.448644
-1.07149
-0.326345
-0.705978
-1.52288
-1.48996
-1.48996
-1.48996
-1.48996
-1.25524
-1.25524
-1.25524
-1.25524
-1.28777
-1.28777
-1.28777
-1.28777
-1.37936
-1.55719
-0.679563
-0.679563
-0.679563
-0.521217
0.0938651
0.331473
-0.0410996
-0.311434
0.587244
0.922225
1.10441
1.24386
1.47689
0.534962
0.529779
0.529779
0.529779
-0.394829
-0.65293
-0.552888
-0.932283
-0.15602
-0.272118
0.690097
0.540958
0.26179
0.392653
0.606614
0.3381
0.18927
0.174258
-0.203696
0.153735
-0.765483
-0.765483
-0.765483
-0.765483
-0.765483
-1.1227
-1.1227
-0.472261
-0.783907
-1.50306
-1.05468
-0.918123
-0.948445
-0.323211
-0.479699
0.308393
0.308393
0.133242
-0.471096
-0.586786
-0.586786
-0.586786
-1.25135
-1.25135
-1.25135
-1.25135
-1.41129
-1.41129
-1.41129
-1.41129
-1.41129
-1.20746
-1.20746
-1.20746
-1.20746
-0.343104
-0.190217
0.645553
0.547436
0.547436
-0.332404
0.22377
0.91559
0.535804
-0.220571
-1.07952
-1.07952
-0.744531
-0.360444
0.246169
0.0900245
-0.710851
0.0288086
-0.186164
0.232176
1.16016
1.02324
1.02324
1.02324
1.36242
1.21079
0.308331
0.44612
-0.331287
-0.0897823
0.403142
0.435173
1.0244
0.375658
0.480778
0.666808
0.970754
0.852689
1.45139
0.86448
0.686416
0.867702
0.867702
0.768409
1.35701
1.24969
0.572473
-0.236796
0.39061
0.812458
-0.00057233
-0.768212
0.161808
0.536426
1.26894
1.26894
0.747016
0.739999
0.739999
0.739999
0.805527
1.41873
1.41873
0.818005
0.373504
-0.336016
-0.874045
-0.874045
-0.0785297
0.902534
0.902534
0.902534
0.0320756
-0.924432
-0.924432
-1.56006
-1.27466
-1.27466
-1.11981
-1.11981
-0.739022
-1.08275
-0.628877
-0.336062
0.544973
0.0919848
-0.459867
-0.481654
0.0749623
-0.625372
-0.52849
-0.077301
0.750858
0.0633419
-0.0519989
-0.000472121
0.351211
-0.630793
-0.190762
0.709238
0.709238
1.08142
1.08142
0.126839
-0.469797
-0.352863
-0.686393
-0.476615
-0.476615
0.0659512
-0.668658
-0.265631
-0.472798
-0.374773
-0.652734
-0.652734
-0.652734
0.290068
-0.285937
-0.285937
-0.843563
-0.438118
-1.042
-0.91471
-1.26733
-1.26733
-1.7909
-0.803495
-0.503936
-0.253277
-0.747545
-0.747545
0.0903841
-0.76105
-1.10211
-1.10211
-1.10211
-1.32153
-1.49795
-1.49795
-1.49795
-1.49795
-0.664777
-0.929335
-0.637634
0.217193
0.60776
-0.185093
0.779081
0.779081
0.447773
0.196303
1.13075
1.13075
1.13075
0.811053
1.11015
0.311408
-0.392625
-0.722972
-0.79615
-0.104996
0.363387
0.890691
0.890691
0.890691
0.461142
0.290266
0.279797
-0.14815
0.262469
0.775216
0.773716
0.773716
0.862079
0.862079
0.234872
-0.461705
-0.461705
-0.615483
-0.0460424
-0.403119
-0.308321
-0.515741
-0.0296549
0.851514
0.554514
-0.0472307
0.748677
0.748677
0.748677
0.748677
1.18842
1.18842
1.07875
1.07875
1.07875
0.150801
-0.231158
-0.450668
-0.450668
-0.450668
-1.35683
-0.80948
-1.16124
-0.178529
-0.830881
-0.664828
-1.09342
-0.187424
0.112646
-0.0774128
-0.31213
-0.177382
-0.87344
0.00474724
0.932108
1.47527
1.47527
0.961182
1.94592
1.94592
1.94592
1.94592
1.94592
1.94592
1.44304
1.4359
0.968299
0.789956
1.14477
1.14477
0.51919
0.51919
0.51919
-0.355203
0.0344727
1.02784
0.0772516
0.11651
0.55192
0.578484
0.578484
0.470107
0.878885
0.486657
-0.14136
-0.497968
-0.310158
0.410987
-0.391904
-1.32321
-1.32321
-0.459383
-1.34217
-1.34217
-1.16573
-1.16573
-1.16573
-0.665007
-0.871839
-0.871839
-1.04617
-1.00497
-1.49652
-0.631947
-0.631947
-0.631947
-1.00261
-0.488331
-0.69946
-0.69946
-1.20159
-1.45419
-1.23702
-0.335114
-0.00412442
0.831267
0.465428
0.295412
0.314515
-0.216903
0.755571
0.952102
0.53588
-0.199863
-0.569849
-0.569849
-0.110312
-0.302629
-0.858341
-0.453428
-0.453428
-0.555515
0.296956
-0.586682
-0.586682
-1.54515
-0.808857
-0.808857
-1.58163
-1.58163
-1.58163
-1.58163
-1.33189
-0.646482
0.136576
1.05922
1.05922
1.05922
0.529479
0.529479
0.247173
0.668601
0.668601
0.668601
-0.0929743
-0.713714
-0.713714
-1.0129
-1.0129
-1.53305
-0.789932
-1.20932
-0.922891
-1.0959
-1.0959
-1.0959
-0.357473
-0.618588
-1.55982
-1.55982
-1.55982
-2.04202
-1.28506
-0.8739
-0.8739
-0.0653182
0.566192
0.127029
-0.581309
0.340055
0.429813
1.15644
1.15644
1.15644
0.459559
1.39294
0.662219
0.492686
1.06123
1.06123
0.624723
0.621733
0.585727
-0.234182
-0.359346
0.395526
-0.147318
-0.854138
-0.961288
-0.961288
-0.557223
-0.392367
0.398713
0.752722
0.0293921
-0.428457
-1.01769
-0.765326
-1.2797
-1.2797
-0.788632
-0.114541
-0.797555
-1.19841
-0.235975
-0.437834
-1.15895
-1.15895
-1.15895
-0.203639
0.352805
0.0805844
0.357424
0.179407
-0.0198151
0.366801
0.366801
0.141538
0.271527
0.851513
0.851513
0.851513
0.849177
1.39446
1.39446
1.68496
1.68496
1.68418
1.68418
0.820234
0.432774
-0.300577
-0.31417
0.0388007
-0.584912
-1.10916
-0.77983
-0.275726
-0.698312
-0.962887
-0.14922
0.0992198
-0.09257
0.677253
-0.299833
-0.365159
-0.793715
-0.625366
-0.625366
-0.784307
-0.665315
-0.665315
-0.499442
-0.519876
-0.134396
-0.916289
-1.1745
-1.29594
-1.29594
-1.29594
-0.331534
0.0477359
-0.218652
-0.759587
-0.566094
-0.566094
-0.888927
-0.33835
-0.688056
-0.575577
-1.42319
-1.4528
-1.30023
-0.497113
-0.497113
0.129547
-0.418249
-0.269781
0.358476
0.390727
0.414735
0.375775
0.783962
0.670022
0.670022
0.838006
1.432
1.432
1.17064
1.28441
1.25623
0.410014
-0.451096
-0.932826
-0.998268
-0.971926
-0.971926
-0.971926
-0.372473
-0.477582
-0.477582
-0.809743
-1.16662
-1.16662
-1.16662
-0.413998
0.29485
1.03667
1.03667
1.03667
1.03667
0.814671
1.45514
1.45514
0.924635
0.754761
0.521362
-0.281447
0.00898749
0.0939619
0.339488
-0.283033
-1.08375
-1.08375
-1.08375
-1.56132
-1.56132
-1.56132
-1.56132
-1.36213
-1.08368
-0.497607
-0.0215377
0.174164
-0.791055
-0.791055
-0.0434186
-0.331743
-0.610203
-0.919288
-0.821865
-0.821865
-1.18011
-0.928238
-1.13953
-0.336728
-0.788828
-1.29746
-1.29746
-1.56438
-0.621484
-1.5792
-1.5792
-1.5792
-1.48778
-1.4279
-0.852299
-0.852299
-0.650602
-0.151582
0.076671
0.544757
0.934858
0.771343
-0.16252
0.10641
0.424869
-0.545596
-0.545596
-0.327763
0.468282
-0.471213
-0.471213
0.205836
-0.62836
-0.62836
-0.62836
-0.62836
-0.681772
-0.681772
-0.681772
-0.284697
-0.304162
-0.477836
-1.37877
-1.28605
-1.28605
-0.842775
-0.405001
-0.405001
-0.952449
-1.06593
-1.06593
-0.407443
0.528692
0.651093
0.877214
0.877214
0.0286064
-0.177033
0.710658
0.883546
-0.0329187
0.294122
-0.132104
-0.959173
-0.0281217
-0.502424
-0.584016
-0.898566
-1.58645
-1.10486
-1.10486
-1.27227
-1.27227
-0.74471
0.0402652
-0.251532
0.482049
0.528823
0.529138
-0.410469
-0.43755
-0.316662
-0.194393
0.62659
0.655819
0.655819
0.655819
0.133931
0.651019
-0.0358447
-0.095932
0.188353
1.07452
1.07452
1.07452
1.07452
1.07452
1.11097
1.10675
1.10675
1.10675
1.10675
1.10675
0.87813
0.87813
1.70514
1.70514
1.268
0.489706
0.131782
0.96075
0.41562
-0.261698
0.699383
0.723081
0.723081
0.723081
0.521842
0.521842
0.116033
0.501525
0.565146
1.11746
1.62399
1.62399
1.80355
1.80355
1.66041
1.04493
0.249713
0.741748
-0.170361
0.787367
0.787367
0.787367
-0.112656
0.362295
0.862437
1.46451
1.55229
1.4733
1.18634
1.33291
0.964821
0.964821
0.195069
0.889263
0.997554
0.997554
0.997554
0.892958
0.241652
0.614792
0.109792
0.116222
-0.401216
-0.189866
-1.11187
-1.11187
-1.10104
-0.780381
-0.780381
-0.783841
-0.375062
-0.560888
0.368543
0.160083
1.08617
1.25732
1.25732
1.25732
1.00545
0.670398
0.504981
1.31067
1.61462
1.40122
1.40122
1.40122
1.40122
1.40122
1.40122
1.40122
0.948536
0.351849
-0.61637
-1.23341
-0.248179
-0.338629
-1.08257
-1.08257
-0.335535
-0.521405
-0.885378
-0.885378
-0.17782
0.182691
-0.464628
-0.397042
0.247957
0.667363
0.232566
0.76025
0.76025
1.69622
0.747768
1.00908
0.340459
0.128102
-0.679396
-0.97756
-0.97756
-0.999929
-0.530748
0.383525
0.383525
0.749726
0.827432
-0.0131192
-0.654486
-0.654486
-0.831294
-0.831294
-0.212827
-0.230025
-1.09109
-1.144
-1.144
-1.144
-1.2588
-1.2588
-1.2588
-1.48038
-1.48038
-0.669877
-0.669877
0.230846
-0.511481
0.0319998
0.57089
-0.216902
-0.0788893
0.590402
0.426385
0.766638
0.75703
0.640841
1.4359
1.21495
0.234608
0.0425395
0.00208708
-0.797279
-0.745147
-0.745147
-0.745147
-0.664744
-0.377542
-0.203373
-0.617993
-1.47785
-1.30465
-1.59066
-1.41192
-1.52289
-1.55849
-1.38339
-0.907247
-1.46204
-1.46204
-1.46204
-1.46204
-1.61379
-1.08864
-0.726897
-0.529661
-0.305032
-0.2067
0.741138
0.741138
0.741138
-0.0273054
-0.634717
-0.0358724
0.288429
-0.453727
-0.478598
-0.478598
0.428063
0.700493
1.36741
1.36741
1.47042
1.18901
1.18901
1.18901
0.823372
0.541421
-0.440224
0.522795
0.732722
0.462735
-0.118439
0.394743
1.25453
0.561168
0.420555
0.476703
0.981137
1.00224
1.40285
1.29687
0.416723
0.49501
0.662417
0.645301
0.904235
0.580656
0.580656
1.01632
1.23378
1.10569
0.808651
1.03945
0.824659
0.824659
0.824659
0.96326
1.26325
0.964107
0.814872
1.18801
1.18801
1.62615
1.62615
1.62615
1.32327
0.346077
0.820285
0.820285
0.820285
0.820285
0.820285
0.145719
-0.695277
-0.695277
-0.521445
-0.521445
-0.741246
-0.741246
-0.741246
-0.666348
-0.666348
-1.46383
-1.12328
-1.12328
-0.367629
0.273501
0.345533
1.31022
1.04433
1.04433
1.04433
0.190558
1.13604
1.13604
0.270172
0.404954
0.411879
-0.532586
-0.532586
-1.48957
-0.998377
-0.998377
-0.476612
-0.755743
-0.564915
-0.450974
-0.612545
-0.676009
-1.04485
-1.06924
-0.499507
-0.593904
-1.03587
-0.561261
-0.561261
0.185492
0.963666
0.963666
1.07806
0.891367
0.399038
1.06322
0.742422
0.742422
1.02866
1.02866
1.24121
0.755011
0.755011
0.637166
0.637166
0.291829
0.338947
-0.567354
0.251637
0.652691
1.42291
0.445439
0.445439
0.814429
0.871847
0.871847
0.185328
0.397452
0.969234
0.715192
0.35767
0.44532
0.542023
0.542023
1.30971
1.26188
0.33642
0.954435
0.954435
0.954435
0.611782
0.367821
1.21054
1.21054
0.284081
0.613416
1.03277
0.146949
0.413664
0.385192
-0.406852
-0.809509
-0.769457
-0.769457
-0.409556
-1.25488
-1.25488
-1.25488
-0.883181
-0.883181
-1.0248
-1.34918
-0.893826
0.0608705
-0.218723
-0.204354
-0.390063
-0.922182
-0.922182
-0.922182
-0.194112
-0.144871
-0.145706
0.639456
0.953896
-0.0449932
-0.747895
-0.920887
-0.994222
-1.12381
-1.12381
-0.380148
-0.020967
-0.00283469
0.388544
-0.147565
-0.773171
-1.67465
-1.67465
-1.67465
-1.67465
-1.48834
-1.38146
-1.38146
-0.519277
-0.982807
-0.273953
-0.468442
-0.468442
-0.136207
0.643012
-0.208064
-0.23108
-0.958244
-0.958244
-0.977255
-0.703402
-0.229469
0.517437
0.179699
-0.56429
0.335226
0.0950379
0.211189
-0.402402
-0.987148
-0.987148
-0.219646
0.337953
-0.112676
-0.0920878
0.333503
0.868221
1.03641
1.03641
1.03641
0.075603
0.595187
0.595187
0.75027
0.724507
1.1932
1.1932
1.20542
1.33855
0.584887
0.803555
0.731337
0.42738
1.07899
0.782954
0.016217
-0.0728461
-0.676438
-1.53159
-0.539074
0.0301903
0.180579
-0.715042
-0.380188
-0.153682
-0.312278
0.673286
0.563079
0.563079
1.45023
1.45023
1.45023
0.47938
0.759468
0.740664
0.791866
0.791866
1.61063
0.834054
0.0384016
-0.724754
-0.450144
-0.505277
0.342445
1.20017
1.10477
0.211378
-0.485479
0.0749016
-0.458966
-0.472011
-0.869329
-0.869329
-1.10785
-0.677547
-1.07848
-1.40932
-1.40932
-1.38675
-1.38675
-0.609246
-0.609246
-1.37771
-0.95471
-0.95471
-0.95471
-0.752078
-0.754238
-0.755051
-0.755051
-0.0770591
0.656444
0.879737
0.814729
0.223848
1.20367
1.20367
0.751852
0.212501
0.466421
0.466421
0.281702
1.2369
0.868797
0.554473
1.08358
0.170137
0.189489
0.931798
0.931798
0.931798
0.0198105
0.628792
0.628792
1.34113
0.690343
-0.27181
-0.0387153
-0.804504
-1.16078
-1.87799
-1.46352
-1.46352
-1.2026
-1.18238
-1.16372
-0.433198
-0.474364
0.376084
1.03491
1.03491
0.375311
0.80677
1.25017
1.42743
0.777038
0.777038
0.819992
1.42727
1.51222
1.51222
0.66825
0.66825
0.354506
-0.219558
-0.763512
-0.703665
-0.969428
-0.365565
-0.0180228
0.646822
1.05809
0.349978
0.581017
0.366568
-0.0286164
-0.383085
0.0889551
-0.74163
-0.74163
-0.244708
-0.354064
-1.00944
-0.0653573
0.381466
0.715868
-0.259558
-0.521175
-0.797278
-0.0291315
0.706579
0.0256138
0.662227
0.972811
0.308758
-0.435279
-0.527358
-0.758782
-0.140738
-0.585107
-0.585107
-0.585107
0.259674
-0.614908
-0.614908
-0.0790217
0.761049
1.00531
0.310336
0.648575
0.811061
0.811061
1.27013
1.56189
1.47695
1.30401
1.30401
1.45196
1.45196
1.07479
0.345691
0.957393
0.957393
0.957393
1.35112
1.35112
1.35112
0.992565
0.992565
0.992565
0.601511
0.601511
0.736375
1.01943
1.01943
1.01943
1.01943
1.01943
1.01943
0.842558
0.842558
0.540983
-0.101043
0.116886
0.228421
-0.650817
-0.650817
-0.650817
-1.13066
-1.21976
-1.21976
-1.21976
-1.61629
-1.12736
-1.12736
-1.54909
-1.54909
-1.18955
-0.489448
-0.455544
-0.379826
-0.535289
0.00747295
0.341907
0.575133
0.575133
0.575133
0.0548929
0.341721
-0.519928
-0.519928
-0.865968
-0.865968
-0.252723
-0.601921
-1.49338
-0.526829
0.136208
-0.254123
0.651624
0.902544
0.611215
-0.211734
-0.0510878
-0.654353
0.235448
-0.565139
0.289378
0.955727
1.3163
0.401293
0.251677
-0.719198
-0.0863142
0.541735
0.96709
0.877992
0.0483818
-0.160376
0.282533
0.313125
1.12068
1.34728
0.569171
-0.0159885
-0.951759
-0.951759
-0.734165
-1.08763
-1.04039
-0.28688
-0.473073
-0.980267
-0.980267
-0.980267
-1.14676
-0.873782
-0.873782
-0.395328
0.413858
0.413858
-0.269019
-0.280902
0.33173
0.459797
1.1477
0.329567
1.05704
1.05704
1.05704
1.05704
1.05704
1.05704
1.05704
1.05704
0.745618
0.189388
0.0845863
0.637134
1.14841
1.00521
1.0669
1.0669
1.0669
0.820395
0.0120879
-0.354915
-0.0561142
0.468141
0.468141
0.468141
-0.338223
-0.916196
-0.621518
-0.734093
0.0919333
-0.111538
-0.490173
-1.45022
-1.53003
-0.566746
-0.799711
-0.333686
-0.142
0.254107
0.585133
0.690693
1.08673
1.08673
1.08673
1.08673
1.09061
0.448765
0.448765
-0.193716
0.545356
-0.119671
-0.556329
-0.944157
-0.944157
-1.10909
-1.10909
-0.514151
-0.697571
-0.843459
-0.843459
-0.843459
-0.984978
-0.359632
-0.305302
0.661531
0.746497
0.40036
-0.0836449
-1.02206
-1.32588
-1.32588
-1.32588
-1.32588
-0.955241
-1.17359
-1.17359
-1.17359
-1.17359
-1.23396
-1.90273
-1.90273
-1.29503
-1.29503
-1.29503
-1.29503
-1.29503
-1.29503
-0.932311
-0.947596
-1.39961
-0.566878
-0.553709
-0.553709
0.265637
1.1105
1.04401
0.110046
-0.430687
-0.179877
-0.755895
-0.627139
-0.627139
-0.508727
-0.982171
-0.54635
-0.54635
-0.816983
-1.00691
-0.411671
-1.25487
-0.863804
-1.05495
-0.557902
-0.557902
0.167712
-0.404964
-1.23626
-0.897574
-0.897574
-0.897574
-0.223377
0.0996333
-0.127541
0.520166
0.994135
1.43246
1.43246
1.28015
0.470343
0.660797
0.973638
0.043627
0.417743
1.27379
0.837301
0.930083
0.579738
1.25142
1.09027
1.09027
1.09027
0.58651
1.06232
1.05692
0.126138
-0.784655
-0.0455318
-0.420041
-0.189544
-0.733484
-0.733484
0.143562
1.13904
1.28491
1.51719
1.51719
0.576805
0.521159
0.932067
0.932067
0.932067
0.0217569
-0.193478
0.0172482
-0.150775
0.795728
0.260005
1.22973
0.880372
0.880372
0.281434
0.542371
0.542371
0.693034
0.596395
0.817517
0.0412377
0.304132
-0.518448
-0.343682
0.429344
0.0805008
0.648323
0.531084
-0.377594
-0.377594
-0.868025
-0.868025
-0.868025
-0.868025
-1.19844
-0.953396
-0.953396
-0.953396
-0.608255
-0.636225
-0.636225
-0.902075
-0.902075
-0.902075
-0.902075
-0.264906
0.606477
0.603895
0.743339
-0.198324
0.103694
0.482873
0.482873
0.612111
0.640918
0.640918
0.310311
0.568984
0.334145
0.323877
0.899152
1.21992
0.461311
0.671385
0.406335
0.709441
0.798034
0.798034
-0.112807
-0.633395
-0.879465
-0.879465
-1.00734
-0.0272706
-0.579001
-1.24156
-1.36907
-0.801966
-0.834705
-0.834705
-0.834705
-0.834705
-0.64315
-0.90913
-0.490107
-0.0953587
-0.933535
-0.933535
-0.475208
0.398094
0.237131
0.585592
-0.222539
-0.160732
-1.16039
-0.825273
0.152469
0.172609
-0.641708
-0.820073
-0.820073
-0.123677
-0.923517
-0.0697673
-0.341603
-0.946811
-1.5548
-1.5548
-1.05736
-1.54578
-0.779909
-1.14992
-0.568822
-0.568822
0.387039
0.128838
0.842658
1.03607
0.208964
-0.317453
-0.188097
0.290539
0.745948
1.09415
1.09415
1.09415
1.09415
1.09415
0.898108
1.00879
0.962843
0.962843
0.109726
0.151964
-0.198463
-0.404343
0.510188
-0.222614
0.735147
0.268078
0.306125
0.702624
0.504393
-0.369055
-0.61508
0.16479
-0.0196078
-0.153631
-0.234371
0.106222
-0.659781
-0.659781
0.248166
-0.175759
0.27817
-0.53846
-0.121606
0.331289
-0.513197
-0.373033
-0.463235
0.0203131
-0.644696
-0.968792
-1.01141
-1.0557
-1.0557
-0.677919
-0.677919
-0.584485
-0.0539762
-0.308299
-0.416378
-0.553043
-0.553043
0.423542
0.423542
-0.379163
-0.578286
-0.184555
-0.742163
-0.742163
-0.801858
-0.801858
-0.801858
-0.801858
-0.801858
-0.381911
-1.27138
-1.27138
-0.516044
-0.222405
-0.419801
-0.599578
-0.909006
-0.208189
-1.01805
-1.01805
-1.01805
-1.01805
-1.01805
-1.01805
-1.14012
-0.329399
-0.329399
0.443621
1.04013
0.68204
-0.292074
0.668185
1.39206
1.39206
1.03263
0.904959
0.0628119
0.213556
0.793927
0.409268
-0.430326
-0.868438
-0.868438
-0.868438
0.116376
0.774598
1.11062
0.564416
0.564416
0.118905
-0.424622
-0.493889
0.132013
-0.505213
-1.0673
-1.6656
-1.2926
-1.31668
-1.19397
-1.48411
-0.893828
-1.15033
-0.68434
-0.68434
-1.53281
-1.53281
-1.53281
-1.95314
-1.08194
-1.32565
-1.15436
-0.845203
-0.925178
-0.30765
0.362544
1.20873
1.26962
1.26962
0.514748
0.762625
0.47627
0.47627
0.284499
0.10616
0.553977
0.747287
0.747287
0.319765
0.536505
0.536505
0.536505
0.536505
1.02303
1.02594
0.962123
1.2838
0.66198
1.43247
1.43247
1.22141
0.252456
0.116148
0.950378
0.207257
0.817684
0.483669
-0.28485
-0.664156
0.0581839
0.739535
0.739535
0.739535
0.739535
0.716753
0.864706
1.31148
1.31148
1.31148
1.31148
1.31148
1.31148
1.31148
0.895362
0.895362
0.466896
0.65058
-0.289764
-1.1039
-1.1039
-0.271056
-1.04431
-0.513304
-0.111346
-0.584487
0.167273
-0.3502
-0.57064
-1.14707
-0.889796
-0.889796
-0.0623726
0.789931
0.53898
1.23683
1.23683
0.729407
0.729407
0.729407
0.729407
0.729407
0.729407
1.37686
0.606846
0.744831
0.744831
0.703829
-0.121218
-1.08851
-1.08851
-1.40364
-1.52489
-1.52489
-0.96473
-0.923185
-0.923185
-0.923185
-1.86988
-1.86988
-1.38488
-0.574682
-0.574682
-0.574682
0.376872
0.518866
0.556587
0.200188
-0.0316079
0.330508
0.446376
0.958861
0.693922
1.21414
0.317502
-0.218071
-0.272758
0.157184
-0.421585
-0.469877
-0.702491
-0.702491
-0.702491
-0.702491
-0.570241
-0.930462
-0.465066
-0.450097
-0.459859
0.0301962
0.630528
0.0793841
0.0959971
-0.388225
-1.38196
-0.742518
-0.742518
0.232524
0.392667
-0.519958
0.172275
0.486834
-0.0191504
-0.613772
0.29568
0.876159
1.20095
1.20095
1.20095
0.779074
1.14738
0.527805
-0.414122
-1.12558
-1.12558
-1.12558
-1.12558
-1.12558
-1.01069
-1.15237
-1.15237
-1.15237
-1.38085
-1.38085
-0.761656
-0.761656
-0.761656
-0.761656
-1.03137
-0.7934
-0.7934
-0.7934
-0.183628
-1.03323
-0.852877
-0.408011
-0.313696
-0.0787027
-0.303118
-1.23517
-0.521635
-1.21967
-0.56242
-0.56242
-0.56242
0.0163209
-0.142995
-0.178021
-0.907135
-0.881584
-0.879083
-0.879083
-0.879083
-0.879083
-0.879083
-0.879083
-1.66393
-1.77202
-1.77202
-1.77202
-1.77202
-1.77202
-1.77202
-1.70029
-1.4357
-1.4357
-1.4357
-0.540189
-1.39652
-1.57032
-1.55045
-1.23884
-1.94695
-1.94695
-1.94695
-1.12403
-0.773765
-0.773765
-0.773765
-0.727799
-0.966067
-0.823497
0.030113
-0.100319
-0.146054
-0.486576
-0.688643
-1.46206
-1.33493
-1.33493
-1.059
-0.164089
-0.448367
-0.890875
-0.666751
-0.364317
-0.28917
-0.357698
-1.33507
-1.3408
-1.3408
-0.595453
-0.595453
-0.595453
-0.0828617
-0.60701
-0.60701
-0.501105
0.34121
0.34121
0.57681
0.254645
0.436941
-0.11441
-0.579083
-0.879223
-0.879223
-0.191849
-1.12895
-1.17141
-0.370718
-0.375919
-0.93317
-0.93317
-1.43078
-0.76151
0.216839
-0.613937
-1.00674
-1.32259
-1.18228
-1.47787
-0.873595
-0.873595
-1.41756
-1.31298
-1.31298
-1.62749
-1.23375
-1.23375
-1.02472
-1.02472
-1.28852
-1.28852
-1.62677
-1.62677
-1.66015
-1.42747
-0.776334
-0.659463
-1.31768
-0.809453
-0.809453
-1.56702
-1.56702
-1.56702
-1.56702
-1.36288
-0.672521
-0.811528
-0.765043
-1.1971
-0.88711
-0.417714
-1.29885
-1.29885
-1.35661
-1.38095
-1.38095
-1.38095
-1.38095
-1.38095
-0.563309
-0.695433
-0.695433
-0.911301
-0.100714
-0.928713
-0.928713
-0.681884
-0.681884
0.179265
0.555842
0.397847
0.56315
0.400501
0.0895348
0.328307
-0.265027
-0.285842
-0.942455
-0.0562502
-0.38485
-0.38485
0.162626
0.129449
-0.470589
-0.335952
-0.95506
-0.95506
-1.13911
-1.13911
-1.13911
-0.892859
-1.03289
-1.41106
-1.22057
-1.22057
-0.527324
-0.798156
-0.798156
-0.0409985
0.125705
0.302833
-0.55975
-0.55975
0.306182
1.02504
0.342546
-0.439007
-0.756685
-0.834816
-1.14598
-1.19419
-0.868572
-0.547969
-0.727138
-0.727138
-0.727138
0.226364
-0.560507
-1.15961
-1.15961
-0.58191
0.176012
-0.599168
-0.599168
-0.599168
-0.599168
-0.610895
-0.610895
-0.610895
-0.771995
-0.50349
0.311197
0.668061
1.27578
0.729416
0.52203
0.649562
1.11436
1.11436
1.11436
1.11436
0.895813
0.895813
0.895813
0.895813
0.895813
0.459169
0.401094
-0.110949
-0.200001
-0.738221
-0.738221
0.22988
-0.343432
0.587425
0.309246
-0.278724
0.0619376
-0.58465
-0.561083
-0.800968
-0.800968
-0.800968
-0.574896
-0.155934
-0.586579
0.199727
1.04503
0.216638
0.336195
-0.166984
-0.0672904
0.152751
0.667192
-0.0352025
-0.276157
-0.302711
0.266905
0.240276
0.478913
0.920573
1.18295
0.972612
0.0684928
0.532946
1.25571
1.24176
1.16849
1.16849
0.61424
0.815692
0.815692
1.15911
0.99997
0.99997
0.0484958
0.848477
0.236267
0.505779
0.888579
1.28196
1.2263
1.2263
0.99505
0.949807
1.10449
0.998695
1.30467
1.54843
0.982286
1.22774
1.29659
1.20351
0.860115
0.860115
0.860115
0.336112
0.791847
0.791847
1.32328
0.924805
0.924805
0.924805
0.924805
1.26321
1.26321
1.26321
1.26321
0.309049
0.1063
-0.125552
-0.180145
-0.844511
0.0913114
-0.881338
-0.0351407
0.463237
0.341058
0.26281
-0.374227
-0.415574
-0.483674
0.0526947
0.263318
0.81944
0.81944
0.562344
0.562344
0.382987
0.382987
-0.0725948
-0.757162
-0.851588
-0.391131
0.275518
0.977204
0.977204
0.977204
0.977204
0.977204
0.977204
0.663091
0.663091
0.64068
0.64068
-0.274415
-0.856244
-1.23914
-0.288018
0.0154679
0.278582
0.968559
1.55939
1.50481
1.26524
1.43713
1.27023
1.27023
0.334554
0.815361
0.815361
-0.107848
-0.391415
0.0773353
-0.145295
0.847793
-0.13291
-0.815563
-1.03868
-0.401625
0.398565
-0.556152
-0.54516
0.33575
0.571071
1.1217
1.07515
1.11205
1.11205
1.56291
1.56291
0.593307
-0.133609
-0.685376
-0.685376
-0.685376
-0.685376
-1.14731
-1.14731
-0.153104
0.149585
-0.758278
-0.535569
0.134967
0.71807
0.407631
0.407631
0.294928
0.378562
0.910646
0.910646
1.16378
1.16378
0.534473
1.12605
1.12605
1.12605
0.211311
0.0259024
0.7776
0.235759
0.634581
-0.145275
-0.973718
-1.31645
-1.64362
-1.48629
-0.964487
-0.988079
-0.668354
-0.616784
-0.160973
-0.577018
-0.577018
-0.020026
-0.587194
-0.587194
-0.305336
-0.169607
0.731788
0.239552
0.297234
0.0526075
-0.0519846
-0.569937
0.229076
-0.62853
-0.62853
-0.860716
-0.860716
-0.860716
-0.696845
-0.696845
0.0951951
0.891552
0.891552
1.24255
1.24255
0.888402
0.888402
0.258287
0.558539
0.0192864
0.92372
0.000987643
0.694497
0.605409
0.826092
0.826092
1.07921
1.07921
0.314904
0.0488659
-0.137337
0.418941
-0.45739
-0.69572
-1.00282
-1.00282
-0.851995
-1.17735
-1.37169
-1.37169
-0.528807
-0.667533
-0.828693
-0.828693
-0.897846
-1.49964
-0.632858
0.159971
1.02308
0.0304852
-0.586015
-0.770113
-0.770113
-0.770113
-0.770113
-0.628256
-0.647209
-1.07888
-0.666936
-0.666936
-1.09927
-0.721688
0.178924
-0.37547
-0.904023
-0.904023
-0.904023
-0.636241
-0.636241
-1.03072
-1.03072
-0.722338
-1.0691
-0.193904
0.0286091
0.220968
-0.616324
-0.785919
-0.785919
-1.20773
-0.711195
-0.811545
0.129903
0.41922
-0.28249
0.0835602
0.427879
0.342205
0.253195
-0.29278
-0.827053
-0.827053
-0.827053
-1.22108
-1.22108
-1.22108
-0.864907
-0.710743
0.0614387
-0.703789
-0.703789
0.197785
1.15295
0.629598
0.629598
1.18877
0.887736
0.887736
-0.005682
0.539824
1.53109
0.963627
0.963627
0.963627
1.12548
1.12548
0.415132
-0.20891
-1.05233
-0.285992
0.331844
-0.226789
-0.10848
-0.128126
-0.596909
-0.596909
-0.391262
-0.754988
-0.765673
-0.476835
0.193168
-0.467181
-0.475494
0.297772
0.724326
0.724326
0.286317
0.286317
0.980701
0.980701
0.454843
0.641627
0.641627
1.19517
1.19517
1.19517
0.591089
0.662094
0.592681
-0.122714
0.451434
0.627281
0.906614
0.906614
0.906614
0.906614
1.12655
1.64636
0.927129
0.927129
0.213703
-0.663822
-0.510251
-1.28439
-1.28439
-1.28439
-1.28439
-1.29058
-1.29058
-0.826847
-0.826847
-0.826847
-1.12458
-1.10282
-0.104908
0.117471
0.376481
0.32618
0.832104
0.921109
1.22682
1.13754
0.604136
0.604136
0.407937
0.918535
1.52191
1.55154
1.64244
1.35246
1.35246
1.35246
1.35246
0.987518
0.987518
1.54777
1.54777
1.75352
1.75352
0.831399
0.831399
0.26804
1.15217
1.15217
1.15217
0.973306
0.107128
0.227209
-0.65674
-0.760802
-0.54789
-1.52036
-1.52036
-1.52036
-1.52036
-1.84317
-0.852874
-0.559106
0.14556
0.34642
1.08115
1.33352
1.32668
1.11292
1.11292
1.11292
1.11292
1.11292
0.363665
1.05818
1.198
1.07432
0.838214
0.430277
1.09138
1.23348
1.23348
1.23348
0.428973
1.07296
1.07296
1.07296
1.07296
1.07296
0.644571
-0.053078
0.295937
0.318138
0.00689889
-0.404138
-0.404138
-0.766713
-0.336615
0.421107
1.25331
0.761703
0.761703
0.855877
0.967245
0.967245
0.967245
0.967245
0.967245
1.08454
0.302399
0.115232
-0.567161
-0.742594
-0.742594
-0.742594
-0.390067
-0.165928
-1.14927
-0.552468
-0.870792
-0.870792
-1.40907
-1.40907
-1.40907
-0.845191
-0.885012
-1.06413
-1.01081
-1.38297
-1.38297
-1.7206
-1.7206
-1.0686
-1.0686
-0.828987
-0.71994
0.0720586
-0.261506
-0.0304606
-0.514962
-0.622283
-0.0537565
-0.862264
-1.26622
-1.26622
-0.957413
-0.957413
-0.582436
-0.94276
-0.986835
-0.986835
-0.986835
-0.185674
0.469347
1.22305
0.879101
0.354988
-0.408274
0.342608
-0.472527
-0.551948
0.189738
-0.203319
-0.763435
-0.7865
-0.7865
-0.816912
-0.893568
-0.638174
-1.01687
-1.11341
-0.388131
-1.1636
-0.35736
-0.35736
-0.862346
-0.663934
-0.663934
-0.663934
-0.557935
-1.22268
-1.22268
-0.703047
-0.703047
-0.703047
-0.925878
-1.08383
-0.520703
-0.250436
-0.250436
-0.26956
0.676095
0.341551
0.0137285
0.829027
0.0920224
-0.716239
-0.716239
-0.716239
-1.46182
-1.41
-1.07201
-1.27669
-1.02533
-0.39385
-0.236076
-0.3715
0.49548
-0.329735
0.51329
0.734251
1.66876
1.40621
1.40621
0.743289
0.743289
0.989493
0.989493
0.989493
0.989493
0.853311
0.204275
-0.338478
-0.811774
-0.811774
-1.45869
-1.45869
-1.45869
-0.688589
-0.432308
0.0344788
0.232756
-0.259023
-0.259023
0.453647
0.453647
0.453647
1.20016
0.627899
-0.356171
0.44778
0.0753975
-0.0145409
-0.746694
-0.746694
-0.606426
-0.606426
-0.606426
-0.10302
-0.688759
-0.688759
0.297167
-0.0583093
0.292105
0.292105
1.28649
1.05259
0.0835027
-0.808064
-0.879929
-0.112685
0.575093
0.575093
0.669552
0.669552
0.105238
-0.40365
-0.782073
-0.155708
0.0968515
-0.209053
-0.914019
-0.914019
-0.820122
-0.945226
-0.940809
-0.940809
-0.386822
-1.2171
-0.817969
-0.817969
-0.817969
-0.817969
-0.817969
-1.28002
-1.28114
-0.600716
-1.21264
-1.31171
-1.4605
-0.493222
-0.493222
-0.493222
0.396517
0.214877
-0.411459
0.304867
-0.112776
-0.988125
-0.988125
-1.15609
-0.583135
0.280137
0.984432
0.663772
0.951384
0.503427
-0.490217
-0.667447
-0.667447
-0.775732
-0.159885
0.211698
0.996491
1.24679
1.24679
0.320422
0.320422
0.89791
0.715727
0.644542
0.538275
-0.0658842
-0.00412305
0.040652
-0.0808191
0.618012
1.02343
0.227274
0.819726
0.714368
1.0812
1.0812
0.562959
0.931011
1.41922
1.66871
1.99999
1.99999
1.99999
2.02974
1.71454
1.71371
1.63961
1.63961
1.28516
0.334691
0.698733
0.150272
-0.512584
-0.512584
0.0493908
-0.823173
-0.615627
-0.397859
-1.08341
-0.392524
-0.0060837
-0.597086
-1.25134
-1.25134
-0.793147
-1.29446
-0.762848
-0.762848
-0.762848
0.115412
-0.15117
-0.148057
-0.188723
-0.453667
-0.544176
-0.664966
-0.664966
-0.622857
-0.863949
-1.25067
-0.643716
-0.814166
0.0531894
0.661594
1.22617
1.22617
1.39105
1.39105
1.23729
1.35066
0.8207
-0.0592723
0.712577
0.712577
0.712577
-0.0080906
0.0207656
0.200287
0.0196625
1.01404
1.01404
0.318713
0.28508
-0.631836
-0.631836
-0.93556
-0.328042
0.00572017
-0.56361
-0.157399
-0.92993
-0.92993
-0.50121
-0.784691
-0.784691
-0.784691
0.0519181
0.925973
0.460486
0.798412
0.70146
1.7
1.7
1.7
1.62938
1.52987
1.52987
0.832106
0.832106
0.832106
0.832106
0.937273
0.937273
0.937273
0.937273
1.15646
0.333382
-0.628292
-0.628292
-0.0755064
0.560825
0.560825
1.03563
0.796868
0.796868
0.796868
0.0909578
0.179414
-0.687314
-1.35798
-1.35798
-1.43827
-0.892235
-0.892235
-0.607175
-0.964032
-0.964032
-0.964032
-0.187769
-1.02399
-1.02399
-0.782219
-0.782219
-0.782219
-0.782219
-1.0048
-0.718564
-0.718564
-0.607213
-0.553794
-0.366548
-0.157723
0.521287
0.863774
-0.113822
0.770884
0.547115
0.30953
0.543714
0.110513
0.517859
0.989475
0.989475
1.68436
0.737577
0.737577
1.3415
1.3415
0.622851
-0.0204234
-0.711805
-0.255437
0.551416
0.551416
0.361609
0.371927
-0.109127
-0.223915
-1.21994
-1.05807
-1.05807
-0.216458
-0.80658
-0.80658
-1.09323
-0.443646
-1.32593
-1.32593
-0.565019
-1.05817
-1.05817
-1.05817
-1.31363
-1.31363
-0.484935
-0.880818
-0.0330601
-0.791907
-0.702062
0.241639
0.379293
-0.302472
-0.307643
-1.14068
-0.829589
-0.00474581
-0.121586
0.795724
0.3048
-0.655244
-0.488829
-0.153679
0.681433
0.871157
1.49157
1.47798
1.47798
0.73348
0.815235
0.815235
-0.0906206
-0.30358
-0.691194
-0.884596
-1.36096
-1.27076
-1.27076
-1.27076
-1.73768
-1.73768
-1.73768
-1.73768
-1.82763
-1.82763
-1.31704
-1.31704
-1.21439
-0.579786
-0.579786
-1.21
-0.692989
-0.692989
-1.22913
-1.22913
-1.13903
-1.13903
-0.732587
0.133966
0.153675
0.186577
-0.15661
0.155414
0.341486
0.177267
-0.0181085
-0.0811216
-0.504481
0.161255
0.582636
-0.104343
-0.176278
-0.619234
-1.57589
-1.42016
-0.593466
-0.814879
-1.5632
-1.65226
-0.99096
-0.99096
-0.749287
-0.724429
-0.724429
-0.724429
-1.11207
-0.127838
-0.970318
-0.970318
-1.3971
-1.0634
-0.587818
-0.374234
-0.0201656
0.103358
0.135769
0.529653
0.529653
0.529653
0.878612
1.01316
1.13997
0.68375
0.785925
0.334016
-0.426435
0.516594
0.629533
-0.190988
-1.00938
-0.895932
-0.0759604
-0.553033
-0.553033
-0.553033
-0.923528
-0.0705074
-0.11914
0.146967
0.0797904
0.299767
-0.0839622
0.288368
0.399503
0.541855
0.541855
0.102234
0.601818
-0.0590689
0.534274
0.588078
-0.352385
-0.57581
-0.236246
-0.582637
-0.582637
-0.218297
-1.21287
-0.870178
-0.968742
-1.15084
-0.471573
-0.016559
0.533325
0.533325
-0.414636
-0.977779
-1.01578
-1.01578
-1.01578
-0.791892
-0.0521031
0.120525
0.314596
0.693133
0.109651
0.140594
0.23097
-0.390523
-0.780641
-0.465551
-0.465551
-0.647298
0.213719
-0.515397
-0.123082
0.658266
0.187826
-0.36522
-0.794562
-0.531788
-0.389439
-0.580165
-1.19356
-0.927307
-0.181616
0.386783
1.34611
0.418975
0.507441
0.455489
0.717131
0.717131
0.582812
0.26507
0.26507
0.741486
0.520928
0.232856
-0.641913
-0.985836
-0.985836
-0.625644
-1.10916
-1.24658
-0.246681
-0.047063
-0.186815
0.342885
-0.165961
-0.28313
0.378761
1.00128
1.51476
1.51476
0.571022
0.991766
1.00242
1.00242
0.481703
0.481703
0.481703
0.913212
0.913212
0.902334
0.99874
1.11196
1.35048
1.18497
1.18497
0.577586
0.577586
0.577586
-0.083113
0.453356
-0.491706
0.119446
0.0961592
0.648043
1.30679
1.30679
1.02562
1.02562
0.500959
-0.330236
-0.999796
-0.819433
-0.819433
-0.819433
-0.37763
-0.41285
-0.890048
-0.890048
-0.890048
-0.020345
-0.731167
-0.731167
-0.4795
-0.810527
-1.71975
-1.73766
-1.73766
-1.73766
-1.54481
-0.882913
-0.882913
-0.882913
-0.882913
-0.860888
-0.860888
-0.633225
-0.492169
-1.22543
-1.16307
-0.498984
0.150497
0.443042
-0.100172
0.320304
1.2529
1.36984
1.36984
1.26331
1.29327
1.29327
0.390503
-0.239987
0.0873632
-0.744817
-1.02469
-0.753724
-1.55941
-1.55941
-1.55941
-0.579909
-1.35834
-0.477945
-0.125634
0.296861
1.16843
0.821756
0.821756
0.363473
-0.440617
-0.440617
0.392452
0.214562
-0.547765
0.297312
-0.488488
-0.488488
0.338492
-0.318287
0.0521671
-0.632095
0.0605603
0.843017
1.0442
1.0442
1.0442
0.0955151
0.0900627
-0.472368
-0.360171
-0.894355
-0.949984
-0.990807
-0.990807
-1.06917
-0.640221
-0.605397
-0.141219
-0.411544
-0.298241
0.429248
-0.22553
0.511278
0.350252
0.0667323
0.74758
0.74758
0.74758
0.74758
0.502007
1.16669
0.763898
0.763898
0.763898
0.763898
1.01044
0.454508
-0.342239
-0.616488
-0.616488
-0.616488
-1.21011
-1.69771
-1.16124
-1.16124
-0.405275
-1.05914
-0.534693
-0.693393
-0.693393
-0.693393
-0.693393
-0.693393
0.148322
-0.0896946
0.330229
-0.323393
-0.543247
-0.700763
-0.040306
0.0557713
-0.208288
-0.167517
-0.148579
-0.388723
-0.0415597
-0.363109
-0.441806
-0.734936
-0.734936
-1.24977
-1.24977
-1.24977
-1.24977
-1.24977
-0.919734
-0.648145
-0.648145
-0.46306
-0.726498
-0.726498
-0.726498
-0.726498
-0.726498
-1.46165
-1.46165
-1.46165
-0.978878
-0.348727
0.320852
0.96072
0.96072
0.0567723
1.04594
1.04594
1.04594
0.212805
1.19854
1.23657
1.23657
1.23657
1.23657
1.23657
1.61782
1.61782
0.819623
0.819623
1.29978
1.29978
1.58318
0.714968
0.714968
0.0046483
-0.952777
-1.6857
-1.6857
-1.47379
-1.34659
-1.34659
-0.810055
-0.0258221
-0.237136
-0.033268
0.957601
1.07838
0.854411
0.797298
-0.178006
-0.178006
-0.659349
-0.471633
-1.10104
-1.10104
-1.10104
-1.18468
-0.564761
-1.33688
-1.26159
-0.972306
-0.651622
-1.08803
-1.11411
-1.11411
-1.11411
-0.93436
-0.93436
-0.910544
-0.910544
-0.681086
0.273559
0.121055
0.848595
0.550634
0.405822
0.339913
0.813664
0.813664
0.0641129
-0.325525
0.368763
0.0133139
-0.749955
-0.264331
-0.303212
0.594963
-0.285206
0.696575
0.696575
0.104788
0.119663
-0.340581
0.433903
0.896989
1.33935
1.33935
1.33935
1.35744
1.40389
1.07414
1.76043
1.76043
1.76043
1.76043
1.76043
1.76043
1.76043
1.34944
0.45637
-0.446718
-1.14081
-1.14266
-0.842346
0.0641035
-0.417377
0.52919
0.662561
0.482286
0.421958
0.224209
0.363014
0.380183
0.0469595
0.819889
0.819889
0.305833
1.13823
1.13823
1.13823
0.518782
1.39039
1.39039
1.30748
1.30748
1.30748
1.39791
0.901985
0.962853
0.890969
0.99335
0.99335
0.241672
-0.335163
-0.898446
-0.18279
-0.18279
-0.629797
-0.821304
0.154976
0.643427
0.6691
0.794921
0.794921
1.15577
0.667811
-0.32834
0.290768
0.3425
0.3425
1.09658
0.631048
0.786711
0.836946
1.07282
1.07282
1.07282
1.07282
1.07282
0.958059
0.958059
1.47287
0.872504
0.872504
0.204781
0.722703
0.127621
-0.713855
-0.0282058
-0.96602
-0.96602
-1.32659
-1.54913
-1.54913
-1.54913
-1.01176
-0.638265
-0.299052
-0.526607
-0.0346949
0.213027
0.693138
0.903849
0.903849
0.0774751
-0.893133
-1.0415
-0.653321
-0.784097
-0.784097
-0.263088
-1.19788
-1.40573
-1.25099
-1.25099
-1.25099
-1.25099
-1.46255
-1.46255
-1.48495
-0.9644
-0.940542
-1.73937
-0.746147
-0.859414
-0.991311
-0.991311
-0.991311
-0.991311
-0.274364
-0.814422
-1.05216
-1.46936
-1.46936
-1.46936
-1.46936
-0.634196
-0.636
0.247041
0.781336
0.781336
0.935099
0.935099
0.839332
-0.0128551
-0.466478
0.437942
1.38909
1.17584
1.17584
0.912113
0.912113
0.873565
0.267709
0.688837
0.97785
0.97785
0.97785
1.44724
1.74547
1.74547
1.21218
1.21218
0.66239
0.66239
0.708528
1.19058
0.542927
1.28339
1.39386
1.39386
1.40518
1.40518
0.477897
0.0973701
0.208164
0.271342
0.773679
1.04257
1.04257
0.757141
0.757141
0.779077
0.281528
-0.711888
-0.711888
-1.15861
-0.339322
-0.339322
0.520047
-0.272551
-0.844393
-0.844393
-0.844393
-0.622949
-0.997193
-0.659916
-1.02936
-1.16459
-0.92592
-0.607865
0.0995238
-0.143315
0.549034
1.4542
1.4542
0.577689
0.854482
0.634424
0.634424
-0.00160655
0.50485
0.702176
1.37881
0.443886
0.0682756
-0.509726
-1.09679
-1.09679
-0.518974
-0.397512
-0.0777698
-0.835537
-0.835537
-0.835537
-0.835537
-1.72352
-1.90459
-1.2369
-1.2369
-0.265735
-0.954368
-0.500644
-0.960479
-0.960479
-0.960479
-0.966398
-0.966398
-0.803714
-0.803714
-0.803714
-0.803714
-0.803714
-0.136674
0.832408
0.784767
1.24252
0.767705
0.638162
0.00767301
-0.417846
-0.498056
-1.31182
-1.56324
-1.56324
-1.56324
-1.56324
-1.68288
-1.49543
-1.06543
-0.598418
-0.598418
-0.955596
-0.795509
-0.676079
-0.683403
-0.683403
-1.0826
-0.21532
-0.211337
-0.950939
-0.468264
-0.963708
-0.963708
-0.807865
-1.05614
-1.05614
-1.05614
-0.967208
-0.983965
-0.943622
-0.147468
-0.553448
-0.331447
-1.22016
-0.759056
-1.0561
-1.0561
-0.607372
-0.675764
-0.894229
-0.894229
-0.233427
0.666008
0.154888
0.103196
0.105402
-0.59047
-0.0628628
0.433984
0.963945
1.23331
0.582444
0.582444
-0.364944
-0.680617
-1.0813
-1.0813
-0.315634
-0.896181
-0.0603974
0.558013
0.332574
-0.28669
-0.367155
-0.824168
-0.824168
-0.824168
-0.824168
-0.824168
-0.824168
-0.0271432
-0.0593687
0.259611
-0.620709
-0.889461
-0.81201
-1.11351
-1.11351
-1.32178
-0.672296
-1.41785
-0.953232
-0.109558
-0.397588
-1.13643
-0.896136
-0.896136
0.00340393
0.366034
0.836234
0.836234
1.09144
0.768523
-0.032026
-0.906581
-1.62116
-1.62116
-0.751274
-0.284629
-1.14883
-0.456363
-0.401451
0.339154
0.21498
-0.345069
0.0681427
-0.662029
-0.535003
-0.9577
-0.9577
-0.9577
-0.9577
-0.327641
-0.192725
0.467963
0.467963
-0.0490075
0.59054
0.673488
0.673488
1.35863
0.689564
1.35557
0.630704
1.44811
1.3018
1.3018
0.615054
0.46016
-0.283077
-0.631459
-0.197142
0.58026
0.58026
0.167989
0.175875
0.661138
0.661138
0.661138
0.35901
-0.460358
-0.703977
-1.41399
-1.41399
-1.41399
-1.41399
-0.466487
0.327032
0.0630721
-0.511843
-0.511843
-0.930339
-0.585684
-0.585684
0.0697178
-0.0442645
0.850124
0.850124
0.850124
0.928348
0.928348
1.54671
1.64622
1.61163
1.03084
0.565008
0.565008
0.12011
0.47876
1.27952
1.2543
0.637747
1.45663
1.45663
0.785541
0.736349
1.44332
1.44332
1.44332
0.747209
0.527524
1.28082
1.26184
0.686473
0.9832
1.0893
0.918639
0.750821
1.49591
1.33596
0.568685
0.568685
-0.415987
-0.777563
0.195429
-0.214361
-0.445886
-1.44081
-0.503816
0.210158
0.505163
0.819025
0.819025
0.819025
0.621098
0.63658
0.682337
0.682337
0.682337
0.178534
1.06995
1.62444
1.62444
1.76559
1.64317
1.64317
0.801308
0.801308
0.801308
1.10456
1.10456
0.57594
-0.204963
0.581773
0.962113
0.332633
0.929842
0.81162
0.594588
0.594588
0.745316
0.748083
0.748083
0.755705
0.755705
0.755705
0.48069
0.48069
0.968207
0.968207
0.772958
-0.22083
-0.872623
-1.17028
-1.17028
-1.17028
-1.4448
-0.986542
-0.986542
-1.11459
-1.11459
-0.48903
-0.48903
-0.300759
0.0834811
-0.670231
-0.269436
-0.0274329
-0.970021
-0.403565
0.359324
0.781955
0.418469
0.996381
0.996381
0.996381
1.13514
1.21561
1.21561
0.90573
0.90573
0.90573
1.12822
1.05295
0.122435
1.02591
1.02591
0.265878
0.0538142
-0.655467
-0.655467
-0.655467
-1.55782
-1.60428
-1.60428
-1.07959
-1.28758
-1.67976
-1.28792
-1.23004
-1.23004
-1.26473
-0.378757
0.0849348
0.201436
-0.248146
-0.836616
-1.18527
-1.18527
-0.662753
0.241176
-0.368486
-0.342518
-0.420507
-0.418199
-1.23363
-1.23363
-0.979308
-0.405407
-0.207461
-1.09327
-1.14632
-1.14632
-0.272408
0.0394621
0.000609115
-0.0330133
0.167365
0.0465595
0.757138
0.388747
-0.606481
-0.393166
-0.957653
-1.215
-0.992126
-1.28196
-0.979686
-1.05228
-1.28395
-1.28395
-1.54034
-1.20053
-0.76182
-0.58495
-0.658036
-1.19412
-0.967044
-0.148136
-0.414978
-0.44509
-0.977731
-0.465603
-1.21503
-1.21503
-0.790539
-0.799166
-0.799166
-1.22528
-0.975533
-1.79741
-1.55153
-1.53012
-1.87539
-1.87539
-1.06362
-1.06362
-1.06362
-0.656645
-0.853801
-0.853801
0.0540272
0.766376
0.766376
1.41182
1.41182
1.01823
1.01823
0.523465
1.02951
0.929049
1.07052
0.476701
0.528378
1.04932
1.04932
0.708456
0.708456
0.708456
1.16555
0.734596
0.885415
0.924761
0.248242
-0.00592889
-0.0367018
-0.000697717
0.847019
0.140085
0.669416
0.208433
1.13374
0.609028
0.464839
0.102678
0.747123
-0.136068
-0.212741
0.445028
0.166929
0.929519
0.921099
0.466072
-0.488534
-0.954751
-1.36637
-0.982578
-0.982578
-0.344444
0.345235
0.787213
0.787213
0.787213
0.741296
0.741296
0.77925
0.712204
0.712204
0.107175
0.764494
-0.187907
0.508396
0.76207
0.525101
0.904943
1.54124
1.86206
1.62099
1.66663
1.40944
1.40944
1.25221
1.02305
1.02305
0.0397504
-0.243167
0.171298
-0.100826
-0.0803699
0.159069
-0.0291411
-0.388355
-0.388355
-1.21957
-1.45104
-1.45104
-1.17304
-1.13788
-0.82341
-1.41532
-0.882673
-0.726386
-0.998713
-0.420127
0.566157
0.512142
0.879227
0.879227
0.879227
0.783957
-0.211531
-0.276809
0.580463
0.635037
0.758594
-0.173369
-0.327269
-1.25112
-1.25112
-0.738719
0.261269
-0.71187
-0.71187
-0.929442
-0.0751991
0.190169
0.129455
0.234581
1.18616
1.26474
1.1506
1.58809
1.58809
1.09157
0.106164
-0.649913
-0.717126
-0.759971
-0.650577
-1.14624
-1.14624
-0.611692
-0.479654
-0.479654
-1.26124
-1.05669
-0.423539
-0.707465
-0.707465
-0.0764076
0.870396
0.625321
0.625321
0.625321
0.910347
1.25485
1.25485
0.968747
-0.0303101
0.546228
0.77127
0.77127
0.77127
0.720574
-0.0321456
-0.489822
-0.276517
0.568729
1.09111
0.540058
0.25193
0.25193
-0.706803
-0.706803
-0.706803
-0.189509
-1.11685
-0.384639
0.106423
-0.200841
0.43798
0.858506
0.858506
0.858506
1.2047
0.55726
0.95461
1.01323
0.854919
1.03922
0.452529
0.907759
0.907759
0.252667
0.11262
1.02317
1.35005
0.59223
0.379793
0.879372
0.769563
1.32915
0.451653
0.564545
0.520272
0.961892
0.961892
1.41116
1.03694
0.772678
0.200568
0.309021
0.309021
0.26396
0.312217
1.30521
1.30521
1.30521
0.455345
0.867306
0.867306
1.26462
0.304721
-0.107509
0.744356
0.525132
1.03904
1.03904
1.03904
1.17884
1.07391
0.240864
0.590765
0.820299
0.362607
0.882799
0.903015
1.48616
0.877448
0.971557
1.69558
0.733976
0.733976
1.34741
1.63019
1.63019
1.08818
0.966505
0.887845
1.18388
1.27111
1.17234
0.523917
1.33971
1.33971
1.50637
1.50637
1.50637
0.686896
0.686896
1.00278
0.783488
0.706113
0.706113
0.572549
0.0904367
-0.0740667
-0.952818
-0.047705
0.272316
1.15281
0.705927
-0.217294
-0.962343
-0.844848
-0.844848
-0.844848
-0.537947
-0.952037
-0.952037
-0.952037
-1.40098
-1.40098
-1.40098
-1.40098
-1.06477
-0.942322
-1.08309
-1.48664
-1.48664
-1.41011
-1.41011
-1.46914
-1.30855
-1.30855
-0.439146
-0.910542
-0.910542
-0.97091
-1.25531
-0.29936
-1.08708
-0.384841
-0.792946
-0.792946
-0.934897
-0.934897
-0.934897
-0.934897
-0.9587
-0.9587
-0.973313
-1.11056
-1.11056
-1.04433
-1.19898
-1.40906
-1.42906
-1.42906
-1.49247
-1.47734
-1.47734
-1.47734
-1.35654
-1.35654
-1.35654
-1.35654
-0.40684
-0.385086
0.29273
-0.431488
-1.05945
-0.518361
-0.102721
-0.723161
-1.45392
-1.45392
-1.20928
-0.793169
-0.948387
-0.852855
-0.87611
-0.87611
-0.87611
0.0968579
0.880022
0.182839
0.809124
1.43773
1.02274
1.0948
1.0948
0.583111
0.783188
0.990423
0.990423
1.80784
0.827276
0.827276
0.827276
0.827276
-0.0642967
0.0943762
-0.723052
-0.323728
0.549171
0.549171
1.11521
1.11521
0.91761
0.91761
0.558836
0.0874126
0.38576
0.373627
0.8494
0.920604
0.136839
0.0702059
0.773354
0.773354
0.270214
0.0951759
0.217272
0.279584
-0.587476
-0.587476
-0.81098
-1.05565
-1.05565
-1.05565
-1.05565
-0.994602
-1.08628
-0.879427
-0.863169
0.124436
0.629806
1.11866
1.13288
1.03251
1.03251
1.03251
0.543911
-0.0963621
-1.04546
-0.747192
-0.570387
-0.230846
0.168637
-0.761717
-0.332951
0.269343
-0.470268
-1.04461
-1.0933
-0.819767
-0.819767
-0.802919
-0.802919
-0.846273
-0.846273
0.0209034
-0.0696769
-0.855165
-1.37928
-1.62644
-1.62644
-0.797793
-0.393528
-0.4754
-1.1498
-0.187949
-0.853964
-0.0702044
0.856006
0.0462886
0.45212
0.65752
0.65752
-0.0065885
0.631182
0.631182
0.320092
0.439734
-0.249225
0.300435
1.16563
1.03678
1.03678
1.3177
1.3177
1.18772
1.31165
1.10969
1.04112
1.40002
0.626576
0.87986
0.87986
0.738478
0.76059
0.528475
-0.450694
-0.320974
0.313362
0.518872
-0.0574183
-0.0917746
-0.554327
-0.554327
-0.682946
0.283724
0.283724
0.720586
0.720586
0.720586
0.386864
0.944505
0.944505
0.48425
0.48425
0.383385
0.167861
-0.370133
-0.695505
-0.970633
-0.507087
-0.254949
-0.345684
-0.646559
0.188682
-0.0365614
-0.672405
-1.44908
-1.44908
-1.06006
-0.16838
-0.198376
-1.08541
-1.01244
-0.44804
-0.838502
-1.31451
-0.855069
-1.03836
-0.286149
0.257865
-0.500398
-0.883416
-0.602812
-0.38503
-0.763086
-0.971587
-0.447086
-0.447086
-0.63231
-1.01496
-1.01496
-1.41135
-1.41135
-0.488506
-0.488506
-1.10785
-1.10785
-0.928083
-0.928083
-0.465099
-1.09518
-1.09518
-1.08705
-0.909058
-0.470237
-0.97917
-0.97917
-0.549546
-0.213976
-0.0798804
0.482548
0.342938
-0.611665
-0.611665
0.19336
0.557098
0.557098
-0.132911
0.522919
0.292156
0.0158809
-0.544246
0.00902235
-0.909462
-0.957676
-0.32529
-0.802181
-1.46463
-0.518677
-0.36482
-0.448145
-0.492668
0.0769692
-0.90736
-0.90736
-1.52573
-0.898881
-0.749933
-1.0616
-1.16031
-1.16031
-0.267499
-0.9664
-1.30446
-1.30077
-0.316896
-1.05888
-0.792189
-0.76818
-0.662511
-0.662511
-0.933553
-1.63841
-1.58561
-1.48843
-1.3503
-1.3503
-1.66459
-1.66459
-1.66459
-1.66459
-1.56633
-1.56633
-1.56633
-1.56633
-0.77559
-0.482154
-0.91267
-0.977256
-0.977256
-0.520601
-1.19317
-0.564789
-0.564789
0.431853
0.739593
0.017583
0.589181
0.181663
0.613866
0.437257
0.112953
0.734575
0.432832
0.976726
0.976726
0.968818
1.37301
1.37301
0.702762
0.702762
0.702762
0.055794
0.198952
-0.430499
-1.09329
-1.09329
-0.620836
-1.07337
-0.899572
-1.4043
-1.4043
-0.464931
-0.464931
-0.464931
-0.467147
-0.467147
-0.253885
-0.273678
0.206991
0.579259
-0.16209
-0.721357
-1.02396
-0.39979
0.379387
1.37041
1.37041
1.37041
1.14966
1.36953
1.36953
1.24131
0.580629
0.580629
1.50912
0.698393
0.698393
0.833842
0.186978
0.596099
0.596099
-0.0367061
-1.03523
-1.03523
-1.03523
-1.18206
-0.934059
-0.126925
-1.02267
-1.00221
-0.262035
-0.704705
-0.538587
-1.18974
-0.595073
0.194089
-0.264632
-0.00316506
-0.651177
-0.116832
-0.806335
-0.97939
-0.97939
-0.579989
0.312071
0.746363
0.541717
0.992923
0.770102
0.0867241
0.466581
0.381888
-0.300547
0.33913
0.33913
0.333879
-0.360576
0.475325
-0.144394
-0.999898
-0.729236
-0.774505
-0.973441
-0.684565
-0.959254
-0.959254
-0.959254
-1.21245
-1.18691
-1.18691
-1.18691
-1.18691
-1.18691
-1.12053
-1.2142
-1.2142
-0.456523
-1.44026
-1.46286
-1.46286
-1.46286
-1.46286
-1.46286
-1.25828
-1.06834
-0.541791
-0.515988
-0.743254
-0.539025
0.429913
1.22252
0.926388
0.74692
0.579425
-0.193025
-0.518491
-0.518491
-0.518491
0.324248
0.258305
1.00657
1.88384
1.88384
1.53514
0.5775
0.967797
0.40646
-0.222754
-1.11178
-1.11178
-0.319536
0.324268
-0.447977
-0.882773
-0.550759
-0.873425
-0.720954
-0.720954
-0.720954
-0.720954
-1.32827
-1.32827
-1.32827
-1.32827
-0.394348
-1.3499
-1.3499
-0.776401
-0.168171
-0.376203
-0.504384
-0.24961
0.455394
-0.17389
-0.339952
-0.113665
0.87235
0.336894
0.193982
0.295938
1.24666
0.365305
1.19821
1.18736
1.19348
1.00234
1.02545
0.181385
0.310654
-0.477873
-0.775571
-0.867947
-1.19901
-1.19901
-1.19901
-1.19901
-1.19901
-1.19901
-1.05007
-0.668361
-0.68174
-1.37051
-2.10468
-2.10468
-1.73026
-1.73026
-1.73026
-0.812766
-0.812766
-0.812766
-0.812766
-0.504745
0.348807
-0.391238
-0.232097
-1.0547
-1.0547
-0.873042
-0.348656
-1.30378
-1.64923
-0.706372
-0.642208
-1.17269
-1.61391
-0.872042
-0.872042
-1.41966
-0.964753
-1.13948
-0.578223
0.238732
-0.377387
-0.528877
0.148706
0.356202
0.0784456
0.489598
0.489598
0.237048
-0.720074
-0.720074
-0.60958
-0.60958
0.118298
-0.262683
-0.773745
-0.829524
-0.904049
-0.904049
-0.904049
-1.41306
-1.03654
-0.685955
-0.492136
-0.593689
0.100963
0.314986
-0.660717
-1.10311
-0.235313
-0.725061
-1.16825
-0.464151
-0.406747
-0.726261
-0.726261
-0.803118
-0.803118
-0.936968
-1.15734
-1.15734
-0.641606
-0.662122
-0.986226
-0.631624
-0.631624
-0.488232
-0.0983791
0.0515536
0.665035
0.354136
0.232884
-0.223622
0.337683
1.07779
1.07779
1.02851
1.22312
1.22312
1.22312
1.04189
1.40449
0.861373
0.498608
0.258801
0.447446
-0.138776
-0.681733
-0.42188
-0.647215
-0.016877
-0.00793352
-0.573689
-1.13493
-1.13493
-1.13493
-0.284364
-0.284364
-0.223109
0.247342
-0.688049
-0.599751
0.367896
0.367896
0.367896
0.964717
0.0928377
0.552672
0.260173
0.301361
-0.557667
-0.616065
-0.616065
-0.328074
0.148462
-0.285659
-0.906031
-0.89401
-1.18641
-1.18641
-1.18641
-1.30532
-0.630115
-0.435478
-0.973321
-0.973321
-1.0621
-1.67584
-1.72323
-1.65073
-1.42166
-1.42166
-1.7684
-1.29673
-1.18829
-1.02009
-1.02009
-1.52338
-1.18307
-1.3373
-0.72742
-1.26712
-0.904506
-1.153
-0.596173
-1.00809
-0.200409
-0.14122
0.278096
0.221916
0.218338
-0.25351
0.533676
0.011071
0.466069
1.2171
1.25837
0.428986
1.42283
1.42283
1.42283
1.42283
1.90206
1.90206
1.76305
1.76305
0.905142
0.94104
0.673063
1.07731
1.18624
1.5677
1.5677
1.5677
1.37186
1.37186
1.2061
1.26246
1.26246
1.74059
1.72442
1.43553
1.43553
1.15583
0.358762
-0.618119
-1.11371
-1.11371
-0.582642
0.187973
-0.636725
-0.636725
-0.669004
0.013374
-0.0188978
-0.508391
-0.508391
-1.07186
-0.988448
-0.846308
-0.846308
-1.75008
-1.75008
-1.75008
-1.75008
-1.75008
-1.63723
-1.63723
-1.63723
-1.0477
-1.0477
-0.528103
-1.31753
-0.836918
-0.836918
-0.836918
-0.836918
-0.836918
-0.800697
-0.920494
-0.556606
-0.395675
-0.54877
-0.45125
-0.45125
-0.45125
0.070553
0.985247
1.51067
1.6444
0.798537
0.817814
0.795002
0.281885
0.645336
0.645336
0.384946
0.404931
0.404931
1.26791
0.311275
0.752771
1.01495
1.01495
1.06986
1.05755
1.0397
0.118617
0.140913
-0.50177
-0.962836
-1.11
-1.11
-0.394247
0.473361
-0.0428761
0.771298
0.104255
1.09186
0.947461
0.947461
1.1762
1.18173
0.83304
1.25239
1.38417
1.38417
1.38417
1.44957
1.44957
0.62437
0.286856
0.354095
-0.168694
-0.734551
-0.734551
-0.734551
-0.0694096
-0.675716
-0.675716
-0.555286
0.0776327
0.452094
0.452094
0.815338
0.198062
-0.765287
-0.765287
-0.765287
-0.481712
0.0961155
-0.696548
-0.640177
-0.151232
-0.21016
0.330147
0.864567
0.59632
1.18911
1.26325
1.26325
1.09408
1.09408
1.09408
1.18162
0.608233
0.608233
0.514623
0.733337
0.733337
0.733337
1.00146
1.91627
1.75627
1.75627
1.34804
0.923221
0.485108
0.0513307
-0.79835
-0.79835
-0.0927334
-0.873324
-0.648494
-0.848579
-0.848579
-1.70947
-1.70947
-1.35258
-1.71581
-1.71581
-1.71581
-0.716074
-0.91437
-0.553986
-0.530907
-0.0321373
0.106369
-0.778308
-0.778308
-0.173088
0.350353
0.0962338
0.130699
0.535017
0.564607
1.00915
1.00915
1.00915
1.00915
1.00915
1.14551
0.472562
0.762612
0.762612
0.49789
0.49789
0.780707
0.780707
0.780707
1.04579
0.395664
0.649283
-0.0101407
-0.117361
0.452328
0.17947
1.02648
1.69954
1.69954
0.888596
0.888596
0.888596
0.10616
-0.849927
-0.849927
-0.213141
-0.430426
-1.28162
-0.384054
-0.0485982
0.543636
1.00003
1.00003
1.00003
1.00003
1.0214
1.35092
0.948734
0.948734
1.69502
1.69502
1.83638
0.867455
-0.0495746
0.126866
0.764855
0.764855
0.764855
0.625212
0.625212
0.988101
0.564811
0.992543
0.159382
-0.474164
-0.0335998
0.4445
0.81363
0.0279596
0.348599
-0.286801
-0.471215
-0.471215
0.0888174
0.500666
1.03507
1.03507
1.03507
0.58856
1.08222
1.37428
1.37428
0.931758
0.464003
-0.534758
-0.534758
-1.03138
-1.03138
-1.03138
-1.17547
-0.378671
-0.378671
0.073895
-0.420826
0.331702
-0.152215
-0.328213
-0.461099
0.187537
0.91505
0.91505
0.568831
-0.280889
-0.622502
-0.169472
0.286095
0.408843
-0.253295
-0.431345
-1.12718
-1.02764
-1.35846
-1.35846
-1.35846
-1.35846
-0.54988
-0.303844
-0.963159
-0.437559
-0.989618
-0.549732
-1.13255
-1.0321
-1.0321
-1.06516
-1.06516
-1.06516
-1.03811
-1.12307
-0.866418
-0.94973
-0.94973
-0.683842
-0.38253
-1.23914
-1.23914
-0.688879
-0.179098
-0.820581
-0.610306
-0.841251
-0.841251
0.156687
-0.289397
-0.554872
-0.951102
-0.556862
-1.23117
-1.31136
-1.08674
-1.08674
-1.08674
-1.12349
-0.200117
-0.457838
0.172212
0.330018
0.589104
0.603451
0.603451
1.16767
0.434429
1.01722
1.01722
0.837719
0.311022
1.1189
1.1189
0.397454
-0.264208
0.332976
0.33185
1.11449
1.11449
0.922708
0.616956
-0.170349
-1.00139
-1.40031
-0.816765
-0.967274
-0.967274
-0.155701
-0.873793
-0.873793
-1.51946
-1.51946
-1.51946
-0.600146
-0.152877
0.715418
0.19326
0.618216
0.620337
1.20893
0.431459
0.362199
0.396671
0.0209715
0.173818
-0.0122343
0.266207
0.45943
0.618829
1.22953
0.842648
0.653264
0.691768
1.08602
1.08602
1.08602
1.47293
1.51145
0.862704
0.509469
0.509469
0.960322
0.233112
-0.310016
-0.184228
-0.142407
-0.544843
0.378756
0.378756
-0.612934
0.124285
0.207516
1.04464
0.484407
-0.413749
-0.882556
-1.05923
-0.243106
0.61839
1.31236
1.31236
0.461782
0.92937
1.12681
0.348946
0.348946
0.971666
0.815178
0.820664
0.820664
1.04807
1.25102
1.25102
1.25102
1.04801
1.50142
1.50142
0.967231
0.899103
0.737007
0.698342
1.51024
1.14921
1.14921
1.14921
0.897299
0.539699
0.906193
0.411186
0.718467
0.00422888
0.160239
0.0828583
0.279946
0.498778
-0.236714
-0.383839
0.362588
0.138385
0.505203
0.8393
0.953591
0.745895
0.241674
0.121009
-0.0967623
0.476617
0.745071
0.745071
1.28088
1.28088
1.28088
1.49917
1.49917
1.49917
1.07071
1.04508
0.862544
-0.0667133
0.24223
0.518819
1.0699
0.958907
0.958907
0.129624
0.33757
-0.605373
-0.00282104
0.793048
0.46848
0.545094
0.545094
-0.402082
0.023467
-0.880561
-0.880561
-0.880561
-0.544039
-0.544039
-0.790782
-0.502272
-0.247987
0.349562
-0.463929
-1.26912
-0.492678
-1.08439
-1.08571
-1.08571
-0.910863
-0.910863
-1.59137
-1.59137
-1.65985
-2.03868
-1.40357
-1.40357
-1.35741
-1.64651
-1.3579
-0.899037
-0.816633
-0.794319
-0.794319
-0.794319
-0.941315
-1.28377
-1.05577
-1.05577
-1.35247
-0.407208
-1.22287
-0.817916
-0.817916
-0.817916
-0.817916
-0.0785808
-0.0529984
0.522806
1.43718
1.40425
1.3205
0.393708
-0.0235664
0.741422
0.573245
0.573245
-0.267422
-0.500783
-0.761104
-0.966017
-0.966017
-0.966017
-0.970472
-0.970472
-0.970472
-0.702273
-0.702273
-1.13937
-1.13937
-1.29549
-1.01298
-0.784532
-0.70461
-1.4973
-1.03759
-1.03759
-0.932944
-0.932944
-1.00383
-0.0486418
-1.04723
-0.706879
0.0038074
0.097318
1.04554
1.04554
1.55896
0.727741
0.0197104
0.504825
0.739009
-0.102888
-0.509974
-0.51025
0.124443
0.917735
0.965672
0.965672
1.00019
1.56254
1.20678
0.458876
1.37563
1.46012
1.47642
1.47642
1.00291
1.00291
1.00291
1.00291
1.85393
1.86936
1.41784
0.562135
0.562135
-0.348571
-0.976553
-1.12422
-1.12945
-0.93061
-0.93061
-0.93061
-0.783656
-0.553825
-0.553825
-0.581413
-0.581413
-0.581413
-1.06562
-1.18216
-0.400822
-0.232561
0.0997403
-0.537774
-1.26767
-1.26767
-0.823408
-1.75966
-1.75966
-1.84053
-1.68294
-1.68294
-1.76764
-1.31379
-1.29716
-1.29716
-1.2742
-1.2742
-0.916233
-1.15419
-1.22386
-0.491499
-0.305301
-1.13382
-1.61302
-1.61302
-1.61302
-1.18794
-1.48597
-1.47752
-0.561577
-0.561577
0.0761051
0.828834
0.545727
-0.157646
-0.950565
-0.562497
-1.05697
-1.05697
-1.34839
-1.34839
-1.49921
-1.6076
-1.47274
-1.47274
-0.867104
-0.867104
-0.0882195
0.422729
-0.178092
0.652594
0.652594
0.652594
-0.162117
0.455975
1.03392
0.245857
1.04038
0.796123
0.796123
1.36064
1.07812
1.07812
0.949364
0.594597
1.48336
0.792867
0.792867
0.447857
0.447857
1.25139
0.458232
0.778613
0.778613
0.0986374
0.639004
0.371503
0.192003
0.0298791
0.101662
0.971854
0.391258
0.721892
0.721892
0.721892
0.622507
0.318643
-0.207381
-0.189368
-0.652191
-0.036231
-0.262151
-1.23935
-1.23935
-1.23935
-0.27405
-0.0437596
0.671263
0.495929
0.0614858
0.140373
-0.41196
-0.41196
-0.290529
-0.845473
-0.845473
-0.845473
-0.845473
-0.23226
-1.19453
-1.19453
-1.19453
-1.19453
-1.19453
-0.349131
-1.34593
-1.27283
-1.06242
-1.06242
-1.06242
-1.04289
-0.180892
0.015064
0.0865532
0.469941
0.504149
0.941197
0.063758
0.108872
-0.1106
-0.641221
-0.641221
-0.811851
-1.39773
-1.39773
-1.53875
-1.89533
-1.34249
-1.73842
-1.84389
-1.84389
-1.77206
-1.77206
-1.53709
-1.53709
-0.643503
-0.838707
-0.838707
-0.838707
-1.17247
-1.17247
-0.577424
0.190812
-0.182027
-0.672228
-0.0152113
-0.263521
0.056497
-0.827303
-1.05816
-1.18089
-1.18089
-1.0711
-0.755862
-0.425068
0.392751
1.1917
1.1917
1.1917
0.589973
1.14911
1.30287
1.30287
1.04455
1.04455
1.12799
1.12799
1.12799
1.14808
0.734792
-0.182145
-0.372768
-0.395784
0.187273
-0.329489
0.570304
0.250855
0.952175
0.513295
1.19452
1.19452
0.252959
0.115276
-0.678761
-0.678761
-1.00235
-1.00235
-0.501285
-1.26129
-0.862329
-0.862329
-0.862329
-1.13565
-0.657708
-0.694772
-0.694772
-0.314489
-0.881424
-0.103587
0.453367
-0.327477
-0.980172
-0.00317023
-0.515908
-1.38451
-0.940818
-0.542185
-0.542185
-1.31676
-1.31676
-1.31676
-1.49897
-1.49897
-1.49897
-0.917468
-0.120403
-0.872808
-1.63683
-1.24328
-1.34776
-0.514621
0.231191
0.135053
0.368513
0.608937
0.608937
1.12496
0.809455
0.368105
0.653583
0.585197
0.884883
0.884883
1.66339
0.695292
-0.134848
0.285795
-0.406427
-0.406427
0.0228742
0.363799
-0.04398
-0.831106
-0.35602
-0.35602
-0.517526
-1.35816
-0.385587
0.602484
1.47327
1.47327
1.47327
1.47327
1.47327
1.47327
0.612924
1.2939
0.619581
0.619581
0.334359
0.259355
0.513703
-0.456617
-1.13029
-0.856185
-0.593034
-0.593034
-0.326943
0.490836
0.253765
0.181704
-0.230346
-0.0423019
-0.632117
-1.06626
-0.55601
0.00319616
-0.18922
0.17223
-0.800537
-0.800537
-1.11114
-0.393268
-0.00354364
-0.93148
-0.571949
-0.571949
-0.710538
-0.849558
-0.39103
0.195461
0.223713
0.846963
0.416263
0.923432
0.923432
0.908644
0.638844
0.672667
0.112898
-0.0100639
0.597365
0.811317
1.25175
0.429122
0.429122
0.429122
0.429122
0.496353
-0.119815
0.572093
0.572093
0.572093
0.982997
1.32438
1.32438
1.25321
0.414656
0.546854
0.759244
0.759244
0.891958
0.995342
0.957133
-0.0130043
-0.93319
-0.721507
-1.33762
-0.87679
-0.343138
-0.343138
-0.414822
-0.270852
0.333292
0.07317
1.04299
1.29728
1.29728
0.705583
-0.194144
0.110259
1.02587
0.517065
1.24245
1.24245
1.24245
1.32282
0.886697
0.0667207
-0.674882
-0.674882
-0.281941
0.279111
0.619091
0.619091
0.874175
0.874175
0.133312
0.134248
0.471509
0.510742
0.842183
1.15239
1.00695
1.00695
0.241382
-0.728962
-1.21237
-1.21237
-0.72835
-1.34027
-0.814159
-1.5179
-1.5179
-1.5179
-1.5179
-1.88336
-1.88336
-1.88336
-1.11899
-1.67928
-0.968089
-1.04305
-0.361521
-0.428505
-1.04957
-0.702326
-0.0852862
0.512279
0.720464
0.0608806
0.363114
0.549365
0.549365
0.549365
0.097085
0.997654
1.44971
1.44971
1.41977
1.25693
0.739655
1.46927
1.67386
1.67386
1.67386
1.29928
0.818022
0.506477
-0.193757
0.514825
0.875658
0.839328
1.39433
1.39433
1.39433
1.39433
1.39433
1.39433
1.39433
1.00995
1.00995
0.910987
0.910987
0.941395
0.941395
0.256027
0.113607
-0.757067
-1.31999
-1.47112
-1.5114
-1.03725
-0.879792
-0.879792
-0.879792
-0.533844
-0.521736
-0.820127
-0.820127
-0.820127
-0.52274
-0.52274
0.246939
-0.193522
-1.14026
-1.14026
-0.904625
-0.43683
0.0173154
-0.907114
-1.27997
-0.903725
-0.922818
-0.922818
-0.922818
-1.02473
-1.02473
-0.499666
-1.02839
-1.16414
-0.814383
-0.814383
-0.767677
-1.73659
-1.41111
-1.41111
-0.932358
-1.29728
-0.874564
-0.874564
-0.793447
-0.793447
-0.579527
-1.17352
-1.17352
-0.676545
0.275006
0.888811
0.5601
0.5601
0.342224
0.836142
0.836142
1.15705
0.336973
1.31945
1.60225
1.45096
1.45096
1.45096
0.680724
0.440545
-0.47498
-0.335296
-0.420089
-1.01554
-1.32847
-1.32847
-1.32847
-1.32847
-0.458855
-0.458855
0.461549
0.461549
-0.149457
0.511944
-0.37857
-0.960739
-1.22921
-1.22921
-1.29116
-0.732811
-0.949754
-0.949754
-0.378472
-0.293961
0.61319
-0.135643
0.577832
-0.212333
0.0688583
0.832888
0.277056
0.199832
-0.77652
0.0320758
-0.4041
-0.4041
-0.949634
-0.949634
-0.207519
0.785327
0.785327
0.785327
1.04332
0.407749
0.832915
0.832915
0.574744
-0.17899
0.685837
0.483761
0.559781
0.415319
-0.361186
-0.0363014
0.445166
-0.399257
0.0612005
0.49329
0.306847
-0.580774
0.0437097
0.276425
0.488668
0.488668
0.280276
-0.0470764
-0.550066
-0.848896
-0.848896
-0.14033
-1.07179
-0.368213
-0.0766771
-0.527815
0.0472005
0.488377
1.0552
0.75587
-0.0219972
0.0769479
0.143908
0.800079
1.15193
1.3505
1.3505
1.61657
1.61657
1.61657
1.40538
0.593526
0.593526
0.61926
0.525367
-0.2111
0.523648
-0.276362
-1.26784
-1.00472
-1.08825
-1.30157
-1.30157
-1.30157
-1.19872
-0.660447
-0.744975
0.19115
-0.617389
-0.208227
-1.12915
-1.12915
-1.39534
-1.39534
-0.84411
-0.84411
0.106049
0.0101305
-0.970335
-0.61061
-0.772235
-0.368961
0.127234
1.10084
1.43889
1.43889
1.29503
0.634428
0.266287
0.746691
-0.209009
-0.563186
0.34937
0.34937
0.549523
0.799172
1.11401
0.184197
1.06554
1.06554
1.06554
1.00197
0.628663
0.724007
0.386918
0.386918
-0.330456
-0.239812
-0.574914
-0.417434
0.407967
0.0365549
-0.472179
0.294304
0.139815
-0.228407
-0.53011
-0.864293
-0.864293
-0.965164
-0.705586
-0.524765
0.247734
0.0164879
-0.327813
-0.327813
0.636035
0.636035
0.71899
0.380761
1.10124
1.10124
0.546488
0.0388735
-0.308125
-0.0959266
0.318565
1.28826
1.52
1.16978
1.16978
0.96786
1.19697
1.19697
0.862062
-0.00731155
-0.244822
-0.252199
-0.769751
-0.929585
-0.929585
-1.11945
-1.11945
-0.297847
0.0263791
-0.163866
0.423922
0.423922
0.309399
-0.181288
-0.42054
-0.795757
-0.795757
-0.814802
-0.425316
-1.04233
-0.283573
-0.50956
-0.280504
0.510721
1.13941
1.13941
0.954191
0.0584545
-0.253723
-0.72744
-0.814117
-0.814117
0.0254758
-0.504069
-0.581525
-0.590643
-1.08826
-1.2472
-0.538794
0.297488
1.13954
0.663706
1.2773
0.931595
0.387591
1.10657
1.10657
1.10657
1.10657
0.777585
-0.0926876
0.693184
0.774274
0.889055
0.889055
0.85218
1.06916
1.06916
1.17646
1.17646
0.559975
0.559975
0.549126
0.861345
0.201268
0.862846
0.813651
0.120781
1.01315
1.14755
1.14755
1.12933
0.363237
-0.0442829
-0.752129
-0.752129
-0.752129
-0.666996
-1.13362
-0.513906
0.146958
0.938557
0.938557
0.724076
0.724076
0.0277853
0.112528
0.9828
0.490232
-0.315443
0.298404
1.03165
0.383569
0.615529
0.027375
0.57885
0.57885
1.52079
1.52079
1.52079
1.52079
1.52079
1.52079
1.26926
1.19627
1.19627
1.22448
1.14296
1.14296
0.720603
0.720603
1.1838
0.844321
0.489411
0.516286
0.9247
0.9247
1.04258
0.174271
-0.364601
-1.33249
-0.450129
-0.903861
-0.903861
-0.292433
-0.136152
-0.102965
-0.147373
-1.10807
-1.10807
-1.10807
-0.632912
-0.437191
0.346627
0.538901
1.30934
0.931067
0.155593
0.419199
0.397974
-0.143764
0.803727
0.289855
0.911406
1.0263
0.861321
0.719055
1.37725
1.37725
0.392144
0.278237
0.436136
0.0343443
0.652996
0.527217
1.41611
0.708083
-0.119438
-0.515574
-1.11284
-0.959933
-0.201581
0.457449
0.457449
0.450566
0.450566
1.20361
0.439177
-0.515285
-0.611354
0.0573037
0.726787
-0.0198944
-0.0704857
-0.27875
0.276756
1.12935
0.493054
0.208372
-0.240798
-0.970535
-0.865002
-0.865002
-1.09832
-1.09832
-1.22629
-1.20972
-1.18244
-1.41849
-1.11031
-0.770425
-0.544177
-1.01752
-1.01752
-1.20253
-0.723677
-0.888531
-1.55134
-1.55134
-1.25564
-1.25564
-0.391736
-1.05813
-1.40208
-1.40208
-1.83751
-1.83751
-1.83751
-1.83751
-1.10761
-1.27505
-1.27505
-1.27505
-1.14862
-1.24245
-0.854816
0.127674
0.353625
-0.11361
0.57722
0.57722
0.630976
1.11995
1.11995
0.9554
0.186584
-0.641276
-1.22075
-1.20138
-0.948975
-1.22965
-0.752824
-0.752824
-1.12725
-0.167251
-0.89574
-0.45352
-0.230301
-0.109646
-0.805009
-0.742649
-0.716178
-1.02087
-1.41992
-1.41992
-1.0072
-1.4898
-1.4898
-1.4898
-1.26369
-1.26369
-1.26369
-0.724063
-0.639065
0.257926
0.830572
0.830572
0.830572
-0.0361102
0.894973
0.862601
0.468107
0.468107
-0.442664
-0.238164
-0.517032
-1.46491
-0.663267
-0.318879
-1.29153
-0.564246
-0.331019
-1.05768
-1.05768
-1.07395
-1.07395
-0.462626
-0.591964
-0.431977
-0.434152
-0.434152
-1.20602
-1.42992
-1.42992
-0.483331
-0.497575
-0.497575
-0.518018
-1.08601
-1.08601
-1.19463
-1.19463
-1.08975
-0.699146
-0.0986091
0.539005
0.539005
0.580558
-0.311097
-0.540958
0.0247474
-0.00191465
-0.740714
-0.256158
-0.00288885
0.335729
-0.150546
-0.881897
-0.876414
-0.876414
-0.544793
-0.695749
-1.14288
-0.897652
-0.897652
-0.897652
-0.288293
0.682313
-0.0553494
0.795857
1.35141
1.35141
1.22202
0.270018
1.0082
1.0082
1.0082
1.2395
1.68996
0.874153
0.874153
1.09788
1.09788
0.272496
-0.248393
0.423847
1.35975
0.749082
0.749082
0.749082
0.255287
0.873594
0.873594
0.130272
0.848208
0.644055
0.644055
0.644055
-0.321687
0.285813
0.285813
0.985023
0.278558
0.417448
-0.414424
0.208461
0.144015
0.625519
1.45293
1.44728
1.44728
1.44728
0.673064
0.690411
0.690411
-0.225258
-0.381979
-0.261046
-0.673296
-1.03731
-0.148219
-0.437429
-0.983346
-0.653121
-0.586451
-0.586451
-0.979914
-0.228608
-0.965698
-0.610799
-0.869301
-0.328875
0.359939
0.811244
0.641524
1.26338
1.25869
1.25869
1.25869
1.7005
1.70927
1.70927
1.70927
1.65286
1.65286
0.752187
-9.36887e-05
-0.282121
-0.694201
-0.667705
-0.667705
-0.667705
-0.667705
-0.700439
0.193602
-0.802861
0.0857069
-0.527079
-0.527079
-0.343592
0.418837
0.341573
0.735673
-0.0522678
-0.389944
-1.27843
-1.27843
-1.27843
-1.15927
-0.991459
-1.61862
-1.61862
-1.26477
-1.26477
-1.25365
-0.837645
-1.38222
-0.585711
-0.349044
0.52702
0.312635
0.312635
0.312635
-0.677324
-0.840784
-1.1845
-0.230268
0.759856
1.14914
0.879897
0.879897
1.09236
1.09236
1.06918
0.995974
0.582402
0.831782
0.831782
0.441135
0.441135
-0.255108
-0.348285
-0.884486
-0.966843
-0.742077
-0.742077
-0.742077
-0.742077
-0.742077
-0.642663
-1.26335
-1.26335
-1.26335
-1.26335
-0.666628
0.164994
0.62671
1.11335
0.338323
-0.612728
-1.38466
-1.38466
-1.22716
-1.37298
-1.12054
-0.73661
-0.0616637
-0.190105
-0.847983
-0.333326
-0.529309
-0.529309
0.222318
-0.712773
-0.13405
-0.189767
-0.407804
-0.700969
-0.588599
-1.19692
-1.10054
-0.153142
-0.153142
-0.924435
-0.503683
0.370596
-0.547376
-0.114529
0.678328
1.20937
0.346964
0.665689
0.811349
0.811349
0.112606
-0.0193062
0.736842
-0.0358653
-0.532441
-0.532441
0.429624
0.0180543
0.727984
-0.251735
-0.706568
-0.706568
0.0675105
-0.758339
-1.45772
-1.05257
-1.05257
-1.05257
-1.49427
-0.980447
-0.0497379
0.90356
0.696391
0.696391
0.696391
1.34441
1.34441
1.60561
1.60561
0.89617
0.676934
1.35655
1.41135
1.41135
1.48265
1.48265
1.41819
1.41819
1.24471
1.24471
1.36324
1.41257
1.50063
1.50178
1.64251
0.719317
0.719317
0.719317
0.550893
-0.102995
-0.374239
0.116947
0.285252
-0.00701648
0.613034
0.0391662
0.725724
0.607821
0.607821
0.190842
0.28344
0.0640779
-0.44951
-1.23981
-0.332329
0.52146
0.45836
-0.193
-0.911047
-0.803404
-0.888437
-1.19443
-1.19443
-0.423571
0.123064
-0.277024
-0.594139
-0.535942
0.259163
0.349871
0.715837
0.782803
1.44936
0.825656
0.825656
1.38312
1.38312
1.53598
1.53598
1.53598
1.08793
0.959693
0.572776
0.475608
-0.378007
-1.19131
-1.19131
-1.19131
-1.19131
-0.249776
0.519774
0.808917
0.844429
0.844429
1.12356
1.43998
1.43998
1.43998
0.636915
0.570226
0.570226
1.36764
1.21301
1.35088
0.689568
0.444998
-0.533006
-0.533006
0.385684
-0.060105
0.514024
0.980115
0.317454
-0.675364
-1.18589
-1.14448
-1.15287
-1.15287
-0.882121
-1.5557
-1.4015
-1.2307
-0.560324
-1.18576
-0.794509
-0.286284
0.00904884
0.766427
1.10456
0.251492
0.401917
-0.199247
0.0284366
-0.841672
-0.96942
-0.628071
-0.81633
-0.226855
-0.0124483
0.619653
0.619653
0.180922
-0.540846
-0.540846
-0.00152111
-0.592832
-0.55086
-0.727228
-0.310631
-0.804712
-0.879948
-0.879948
-0.879948
0.0991316
0.52967
0.741411
0.888097
0.471044
0.821465
0.821465
0.821465
0.821465
0.382389
0.888203
0.733494
0.733494
0.872195
0.872195
0.872195
1.37129
0.692611
1.17594
0.816609
0.234337
1.01138
0.560132
-0.407656
-0.407656
0.297587
0.390074
1.18586
1.18586
0.658489
0.658489
0.173437
-0.590204
-0.791107
-0.840012
-0.845865
-0.885607
-0.885607
-0.989664
-0.989664
-0.665465
0.209477
0.341775
-0.454713
-0.935244
-0.935244
-0.658393
-0.585033
-0.535143
-0.431023
-0.431023
-0.0479074
0.792143
1.04725
0.80824
0.872553
0.469402
0.876765
0.756036
0.756036
0.756036
0.756036
0.6921
0.6921
1.21723
1.21723
1.98554
1.70572
1.42128
1.42128
1.42128
1.42128
1.42128
1.26811
1.26811
1.50812
1.50812
1.50812
1.12578
0.341505
-0.620954
-1.17544
-0.713078
-0.713078
-0.535468
-1.25889
-1.25889
-1.25889
-1.25889
-0.310189
0.0660956
0.778975
1.08292
1.14224
0.358378
0.6717
1.59726
1.24319
0.830155
1.60212
1.86435
1.34257
0.607096
0.782646
0.782646
0.20036
0.62735
0.62735
0.62735
0.62735
0.63125
0.880675
0.880675
0.859129
0.859129
0.859129
0.431989
0.721153
0.74474
1.00264
1.00264
0.38347
0.29295
0.540131
0.540131
-0.454726
-0.454726
-0.454726
0.345901
-0.356797
0.444432
0.268137
-0.720012
-0.522972
-0.54086
-1.07855
-0.274607
-0.680263
-0.439996
-0.795166
-0.795166
0.000492084
-0.651724
-0.651724
-1.28421
-1.56921
-1.38652
-1.38652
-1.38652
-1.25853
-0.564713
-0.564713
-0.564713
-0.564713
-0.653595
-0.653595
-1.11605
-1.11605
-0.93793
-0.93793
-0.93793
-0.776835
-0.778364
-1.4353
-1.4353
-1.43381
-1.43381
-1.01299
-1.08403
-0.755972
0.0525274
-0.563463
-0.983655
-0.983655
-0.153241
0.828214
0.846269
0.846269
0.270154
0.622031
0.65459
1.17412
1.17412
0.534327
0.534327
0.534327
0.42675
1.00235
0.709844
0.351928
0.911095
0.489901
0.489901
-0.0753181
0.60663
-0.235829
-0.518053
-0.327878
0.0585373
0.00336434
0.920815
0.314475
0.549115
-0.274876
0.457283
1.25325
1.50271
1.50271
1.79489
1.79489
1.79489
0.838789
0.838789
0.838789
0.838789
0.640623
0.640623
-0.0965512
-0.680314
-0.391429
-0.585885
-0.940995
-0.974119
-0.974119
-0.974119
-0.581882
-0.588431
-0.588431
-0.159071
0.674836
1.23776
1.3426
0.511958
-0.219713
-0.935124
-0.935124
-1.0731
-1.11046
-0.743652
0.13582
0.549175
-0.289738
0.449731
0.487316
0.793536
1.14032
0.160817
0.0063035
0.466586
0.526284
-0.40403
0.190694
0.861229
0.861229
0.824345
1.07998
1.07998
1.59263
1.02859
1.20812
0.382859
1.16246
1.34409
0.933576
1.4817
0.492231
0.352083
-0.174908
-0.679118
-0.079913
0.176299
-0.08738
0.458691
0.88592
0.88592
0.88592
0.981219
1.20854
1.20854
1.92545
2.50148
2.53651
2.53651
1.63444
1.00338
1.18752
1.18752
0.897207
0.624298
1.2337
1.2337
1.17266
1.17266
1.17266
0.755678
0.902656
0.818478
-0.042603
0.427595
1.06931
1.06931
0.199084
-0.149946
0.497062
-0.421942
-0.421942
-0.665372
-0.697559
-1.27744
-1.27744
-1.46862
-0.921502
-0.353964
-0.649288
-0.649288
-0.918364
-0.81333
-0.81333
0.0564904
-0.139508
0.700799
0.700799
0.568608
-0.201283
0.743309
0.743309
0.743309
0.769787
0.769787
0.281029
0.98734
0.98734
0.98734
0.98734
0.98734
0.98734
0.907476
1.24907
1.0119
0.91977
0.378815
-0.54057
-0.718319
-1.40455
-1.40455
-1.40455
-0.935571
-0.935571
-0.804517
-1.36556
-1.0174
-1.0174
-1.17624
-0.746177
-0.573205
-1.39738
-1.39738
-0.776062
-0.776062
-0.356549
-1.08607
-0.882813
-0.170365
-1.00996
-0.748864
-1.28239
-1.00909
-1.00909
-0.247094
0.512042
1.30185
0.591283
1.05604
1.05604
0.870955
0.870955
0.714169
0.801051
0.801051
0.801051
0.801051
0.801051
1.04713
0.204721
-0.174427
0.437546
0.123643
0.780885
0.715556
0.618482
0.618482
0.618482
0.618482
0.00609535
-0.334808
-1.04654
-1.04654
-1.04654
-1.04654
-1.04654
-0.659824
-1.06534
-1.06534
-1.16766
-1.24326
-1.49672
-0.893067
-0.893067
-0.494014
-0.62952
-0.544787
0.246969
1.00952
1.16304
0.818555
-0.158166
0.261605
1.20568
0.761647
0.761647
0.264732
0.764162
1.13129
1.00386
0.442609
0.655408
0.655408
0.308257
-0.535842
-1.02697
-1.52529
-1.52529
-0.584031
-1.01131
-0.60971
-0.60971
-0.889899
-0.926965
-0.690875
-0.212252
0.232062
-0.543619
-0.543619
-0.543619
-0.239926
-0.440776
-0.923363
-1.7985
-1.7985
-0.954064
-0.954064
-0.0125765
-0.489826
-0.493405
0.204875
0.205038
0.300733
0.982739
1.00571
1.00571
1.00571
0.266139
0.108212
0.834855
0.0594024
0.146514
0.255398
-0.57889
-0.291328
0.233896
-0.677735
-0.677735
-0.677735
-0.688729
-0.631674
-0.353343
-0.526928
-1.24031
-1.24031
-0.379092
0.114929
0.953677
0.123003
0.518653
0.518653
1.3016
1.3016
1.3016
1.3016
1.3016
0.467829
0.291877
0.530719
0.569654
-0.0238821
0.205727
1.17834
1.00636
1.53353
1.53353
1.31273
1.10089
1.06363
1.06363
0.100987
-0.119732
-0.34602
-0.861028
-0.861028
-0.571227
-0.878119
-0.364103
-0.301388
0.387894
-0.0254571
0.795512
0.795512
0.850925
1.31544
0.689586
0.689586
-0.198099
0.449275
-0.130588
-0.217325
-0.716262
-0.437033
-1.06101
-0.917248
-0.505401
-1.41111
-0.56457
-0.343175
0.197589
-0.617158
-0.374434
-0.981604
-0.981604
-0.496774
-0.396827
0.506152
0.642785
0.40537
0.344489
0.15217
0.675935
0.829606
1.21569
0.380771
1.20226
0.778351
1.03863
0.34267
0.606241
0.606241
1.07095
1.46631
1.46631
1.45184
1.45184
0.655583
-0.33454
-0.735
-0.89382
-0.217771
0.292556
0.995951
0.75035
0.673749
-0.142904
0.373487
0.440708
0.623115
0.686094
1.17727
1.17727
0.670079
1.63437
1.36575
0.782124
-0.111539
-0.207523
-0.822858
-1.35779
-1.31385
-1.11688
-1.11688
-1.11688
-0.371101
-0.984383
-0.145421
-0.450921
-0.0400294
-0.0627944
0.343465
1.33197
0.732477
0.598711
-0.217532
-0.744983
-0.763321
-0.763321
-0.845447
-0.845447
-1.13055
-0.663988
0.115578
0.664765
0.664765
0.921007
0.412161
1.37249
0.480944
1.42585
1.69135
1.30096
0.354193
0.727108
0.727108
0.303336
0.237808
-0.0930347
0.196184
0.642594
0.743865
0.743865
0.418411
0.516896
-0.475436
-0.751534
-0.641846
-1.28374
-1.12074
-1.35836
-1.35836
-1.33075
-1.33075
-1.33075
-1.33075
-1.33075
-0.505647
-0.108484
-0.471018
-0.115053
0.219649
0.628715
0.628715
0.628715
0.128099
-0.491951
0.0569499
0.626195
-0.122989
0.737868
1.00761
0.391876
0.365736
-0.501289
-0.917403
-0.238594
0.387594
0.0362801
0.915232
0.547963
-0.11132
0.336452
0.818386
0.818386
0.818386
0.818386
0.979152
1.27505
0.716557
0.982259
0.982259
0.779531
0.948662
1.53694
1.33252
0.551365
0.521721
0.521721
0.521721
1.01742
0.731212
0.731212
0.731212
0.731212
0.106898
0.717767
0.273583
0.274912
-0.664492
-0.504708
0.396669
1.11688
1.11688
1.11688
1.11688
1.23606
1.23606
1.51372
0.633897
0.550049
1.05691
0.807408
0.807408
0.707972
1.58475
1.18988
0.228789
0.495261
0.505053
0.660808
0.0340981
0.364154
0.8463
1.3966
0.456628
0.51014
1.09713
0.392061
0.868641
1.03708
1.03708
1.03708
1.03708
1.03708
1.03708
0.857469
-0.138852
-0.921542
-0.0244091
-0.333341
-0.265416
-0.0444516
0.892991
0.892991
0.00493157
0.27585
-0.460337
-0.0434405
0.694518
-0.00294719
0.649217
0.649217
0.649217
0.670115
0.934634
0.934634
1.21897
1.06796
0.174346
1.06733
0.987119
0.987119
0.922694
0.733055
0.724384
0.724384
0.21712
1.1874
1.1874
0.274346
1.22545
1.22545
1.2813
0.726301
0.726301
0.673105
0.673105
-0.258326
-0.920668
-0.101187
-0.403699
0.533605
0.491536
0.685967
0.488703
0.488703
0.218335
0.10854
0.671819
0.0132545
0.949256
0.949256
1.31831
1.31831
1.31831
0.610912
1.42868
1.42868
0.607102
0.772568
0.908279
0.908279
0.457712
0.0173352
0.326356
1.25474
1.52904
1.52904
1.52904
1.10436
1.07155
1.07155
1.07155
0.974658
0.52335
-0.282406
0.377006
0.912313
0.912313
0.912313
0.376218
0.746673
0.746673
0.824282
1.26497
0.879057
0.879057
0.933551
0.54408
0.54408
1.1707
1.01801
0.561479
0.354299
0.354299
-0.290042
-0.21669
0.591404
-0.325094
-0.131574
0.226241
-0.0128168
-0.469955
0.327187
0.327187
0.822937
0.965283
0.431842
-0.283092
0.691122
0.335338
-0.415568
-0.292639
-1.2494
-1.48639
-1.10463
-1.99831
-1.87954
-1.87954
-1.87954
-1.57492
-1.62527
-1.50869
-1.08545
-1.08545
-1.83861
-1.08754
-1.08754
-1.08754
-0.378156
-0.744072
-0.281678
-0.811667
0.0379272
-0.325181
-0.132983
0.822419
0.822419
0.910662
1.01708
1.01708
1.15017
1.15017
0.877591
0.472001
0.397962
0.397962
-0.309161
0.606404
0.36893
-0.255363
-0.472844
-0.0397689
0.710753
0.162297
0.80795
0.0883981
-0.570912
-1.09427
-1.09427
-1.09427
-1.09427
-0.470647
-0.362664
-0.362664
0.52355
0.186939
0.0127832
0.559322
-0.23024
0.672107
1.04037
0.603152
0.603152
0.603152
0.656984
0.854396
0.0895395
1.08107
1.67523
1.89392
1.91949
2.37511
2.37511
2.37511
2.44375
2.44375
2.44375
2.44375
1.79257
1.60395
1.60395
1.6101
1.27757
1.939
1.63726
2.14718
1.45012
1.45012
1.45012
1.45012
1.45012
1.25251
1.25251
0.271574
1.0157
1.0157
1.0157
0.879348
-0.0915451
0.897046
0.0676436
0.456902
1.14045
1.47884
1.00009
1.00009
0.835579
0.536259
0.573866
-0.420671
-1.2193
-1.37086
-0.727797
-1.36835
-1.36835
-1.31466
-1.31466
-1.57422
-1.08874
-1.08874
-1.08874
-0.456044
0.0343255
-0.722652
-0.876466
-1.07839
-0.81768
-0.81768
0.0969524
-0.417898
-0.0185434
0.832917
1.47078
1.51757
1.51757
1.63614
1.63614
1.63614
1.63614
1.79408
1.64094
1.64094
1.64094
1.64094
1.64094
1.07528
0.918648
0.507283
0.827189
0.827189
0.827189
1.79784
1.79784
1.79784
1.07148
0.522455
-0.199181
0.174171
0.433127
0.813866
0.615572
-0.122517
-0.460531
-0.369215
-0.397977
-0.118563
-0.956345
-0.956345
-1.39739
-1.39739
-1.64073
-1.02401
-0.684242
0.186989
-0.475395
0.0922093
-0.0657925
0.336901
1.05593
1.37762
1.58669
1.58669
1.44412
1.44412
1.44412
0.908451
-0.0816182
-0.12139
-0.598856
-0.901061
-0.20839
-0.267126
-0.517068
-0.467513
-0.918415
-0.918415
-0.918415
-0.05188
0.556921
-0.146253
0.84931
1.26143
1.17494
1.20273
1.20273
1.20273
0.310764
0.642777
0.262914
-0.346287
-1.00618
-0.645557
-0.645557
-0.926673
-1.24275
-0.852974
-0.852974
-0.852974
-0.852974
-0.705845
-0.892065
-0.892065
-0.23823
-0.15642
0.193027
-0.0999923
-0.699795
0.255956
-0.0351145
-0.533636
0.301269
0.213149
0.283565
-0.582916
-1.17595
-1.09906
-1.46105
-0.54215
-0.213011
0.57065
0.57065
0.897724
0.00679195
0.657536
0.657536
-0.159024
-0.475751
-0.442014
-0.580588
-0.580588
0.253301
1.01889
0.838925
0.838925
0.527928
0.158294
0.0703194
0.514348
0.86795
0.535145
0.535145
0.549298
-0.361472
-0.182834
0.375297
0.375297
0.375297
0.595183
1.5941
0.950199
1.40613
0.778791
1.03755
1.03755
1.03755
0.797537
0.121474
-0.402986
-0.897694
-0.362311
-1.31843
-1.31843
-1.47254
-0.990315
-0.469342
-0.469342
-0.353634
-0.466928
-0.240675
-1.07154
-1.07154
-1.07154
-0.79508
-1.20138
-0.887072
-0.706599
-1.46475
-1.46475
-1.46475
-1.46475
-1.55225
-1.3492
-1.3492
-1.3492
-1.3492
-1.49493
-1.00532
-1.34118
-1.20414
-1.20414
-1.05231
-1.24263
-1.24263
-1.36918
-1.36918
-1.36918
-1.28223
-0.490877
-0.152005
-1.11946
-0.80866
0.0283057
-0.708595
-0.708595
-0.708595
-0.708595
-0.495694
-0.495694
-1.07853
-0.295599
-0.343168
0.329425
0.61591
0.61591
1.44978
1.13242
0.908551
0.908551
0.677916
1.20987
0.961421
0.961421
0.961421
1.51633
1.51633
0.653023
1.2031
0.854042
0.854042
0.872498
0.872498
0.414207
-0.417354
0.378768
-0.408683
-0.523935
-0.953639
-1.1115
-1.1115
-0.837329
-1.44135
-0.483789
-0.971305
-0.910228
-0.910228
-0.993536
-0.993536
-1.03974
-1.03974
-1.03974
-1.03974
-0.52943
-0.782162
-1.00368
-1.00368
-0.0908761
0.455569
0.597103
0.597103
0.597103
1.31919
1.56649
0.69613
1.28639
0.826374
0.963122
0.596953
0.596953
0.148431
0.837845
0.879206
0.879206
0.889682
0.71774
0.956612
0.956612
0.956612
0.117764
0.778548
1.0615
0.517752
0.517752
0.861934
1.37133
1.27673
0.600598
0.832701
0.961437
1.48624
1.48624
1.23505
1.23505
1.23505
0.255723
1.04739
0.514077
1.17224
1.21045
0.740873
0.382422
-0.00203663
0.40361
1.17922
1.48661
0.603585
0.324316
0.498569
0.498569
0.0308618
0.547111
0.658668
0.889785
0.288593
-0.188923
-0.244875
-0.25705
0.0803927
0.259784
0.319916
-0.468232
-0.401812
0.384503
0.645023
0.833518
0.133299
0.275207
0.347056
0.329085
0.330638
-0.552614
-0.699571
0.167365
0.442351
0.758369
0.758369
0.758369
-0.141762
0.687661
1.1378
1.1378
1.32732
0.357713
0.76777
0.76777
1.19047
0.666922
0.666922
0.666922
0.666922
0.844396
0.844396
1.43962
1.43962
1.27798
1.27798
0.312178
1.2547
0.402337
0.960455
0.84053
0.88898
0.662116
0.353198
1.14774
1.14774
0.588617
1.57812
0.911859
0.287363
-0.399466
-1.17118
-1.05978
-1.62541
-0.778822
-0.778822
0.123018
-0.150671
-0.750105
0.00314306
-0.326459
-0.432171
-0.432171
0.108161
0.904197
1.25207
0.90358
1.03593
1.18914
1.18914
0.969539
0.969539
0.217016
0.247829
-0.211841
-0.747856
-0.496202
-0.193941
0.524477
0.152406
0.719054
0.615164
1.00903
1.00903
0.442499
1.1048
0.279864
1.01438
1.01438
0.778022
1.36476
1.71409
1.31452
1.36831
1.36831
0.894878
0.970571
0.970571
0.298768
-0.456556
0.322859
-0.00583347
-0.544515
0.201749
0.125672
0.813822
0.244956
-0.642377
0.344699
-0.201251
0.0260519
-0.249882
0.221188
-0.125119
0.328783
1.06697
0.475672
0.151892
-0.582119
-1.24054
-0.350866
-0.350866
0.2547
0.528268
-0.439834
-0.625394
-0.965467
-0.97132
-0.97132
-0.45098
-0.45098
0.412133
0.287929
-0.504154
-0.74143
-0.74143
-0.82913
-0.807702
-0.807702
-0.807702
-0.807702
-0.807702
-0.807702
-0.807702
-0.207617
-0.0236725
0.110169
0.527595
0.655403
0.720822
1.10288
1.10288
1.10288
1.10288
1.25685
0.427326
0.370332
0.243197
-0.734294
-0.734294
-0.734294
-0.870825
-0.870825
-0.870825
-0.870825
-1.12903
-1.12903
-0.657505
0.131335
0.178314
0.298242
-0.14495
0.46147
-0.472673
-0.472673
-0.124083
-0.0976684
-0.0275178
0.402544
-0.220752
0.617618
0.202061
0.973238
0.910621
0.910621
0.894543
0.894543
1.20409
1.20409
0.233541
-0.650963
-0.627741
-0.598808
-0.217735
-0.552911
-0.552911
-0.365397
0.324325
-0.567202
-1.18161
-1.06833
-0.517918
-1.04627
-1.04627
-0.884472
-0.47561
-0.763752
-0.39608
-0.893506
-0.446413
-0.653994
-0.653994
0.32596
-0.14203
-0.502879
-0.502879
-0.763651
-0.268872
0.0759089
0.352569
0.551591
-0.131185
-0.931001
-0.931001
-0.931001
-0.69585
-1.22427
-1.38242
-1.38242
-2.05533
-1.74778
-1.93778
-1.09875
-1.25825
-1.25825
-1.25825
-1.25825
-1.25825
-0.72268
-0.764003
-0.764003
-1.25904
-1.03714
-0.48645
-0.267162
-1.13724
-1.01495
-1.01495
-0.729282
-0.729282
-1.08771
-0.422219
0.515659
0.646436
0.451749
0.938523
0.021877
0.541933
0.664139
0.664139
0.664139
1.33096
1.33096
1.20895
0.932243
0.932243
0.513296
0.5581
0.5581
-0.342933
-0.458652
-1.33173
-1.35738
-1.36414
-0.995854
-0.995854
-0.995854
-0.0938817
-0.833784
-0.833784
-0.245884
-0.245884
0.226143
0.995066
0.995066
0.350228
0.799942
-0.144197
-0.960769
-0.694361
-0.00436446
-0.0763415
0.505889
0.844199
0.594129
0.517607
1.25488
1.41
1.56825
0.595083
0.739121
0.739121
1.09448
0.595731
0.911096
0.63577
0.263555
0.789715
0.789715
-0.157447
0.810458
0.810458
0.810458
0.495662
1.37521
0.645663
0.701485
0.196283
0.561261
0.187847
0.672176
0.672176
0.340692
0.322175
0.322175
0.788431
0.788431
0.58591
0.0621994
-0.739538
-0.152139
-0.00183456
0.0802538
0.644654
0.88992
0.29035
1.00769
0.0867668
-0.672503
-0.672503
-0.672503
0.174497
0.184047
0.305227
0.397149
0.794243
0.794243
0.794243
0.794243
0.794243
1.01234
0.462423
0.462423
0.462423
0.0316803
0.326476
0.287995
0.83763
0.286273
-0.529263
0.0406833
-0.386214
-0.150539
0.267976
0.949284
0.949284
0.949284
0.848839
0.582938
0.0902638
0.479462
1.0327
0.440625
1.42827
1.42827
1.08174
1.08174
1.08174
1.08174
1.38498
1.38498
0.792771
1.62692
1.62692
1.62692
1.62692
1.62692
1.37426
0.955857
0.955857
0.398349
1.31715
1.40944
1.40944
1.48844
0.567324
0.383287
-0.403258
-0.104495
-0.208027
-0.647825
-0.647825
-1.35314
-0.818684
-1.27031
-0.274737
-0.0466374
0.0978038
0.616434
0.0607019
0.329186
0.706366
0.928373
1.37538
1.37538
1.37538
0.866028
1.33267
1.33267
1.0326
1.48208
1.20535
1.2069
0.508034
0.508034
0.508034
-0.442272
-0.627918
-0.494541
-0.643873
-1.08929
-0.911139
-0.911139
-0.143717
-0.827979
0.163195
-0.310808
-0.722714
0.20634
0.390386
-0.605937
0.171856
-0.449684
-0.132273
-0.763395
-0.572424
-0.790895
-1.22593
-1.66353
-1.66353
-0.924065
-0.924065
-0.924065
-0.331179
-0.12463
-0.709791
-0.709791
-0.709791
-0.709791
-0.77497
-0.435886
-0.435886
-0.576862
-0.0897336
0.493559
0.88487
0.93053
0.93053
0.512528
0.570481
0.570481
-0.00137371
0.526324
0.526324
0.945945
1.0775
0.671816
0.671816
-0.270959
-0.573301
-1.3751
-1.27191
-0.551342
0.0527197
-0.652074
-0.652074
-0.652074
-1.2097
-0.957741
-0.957741
0.0127413
0.581256
0.0632411
-0.435891
-0.435891
-0.847987
-1.03352
-0.352579
-0.942463
-1.50909
-1.0431
-0.390878
-0.482006
-0.0670976
-0.554324
-0.606299
-0.182494
0.183808
0.0971418
0.422574
0.422574
0.307514
-0.283596
0.119883
-0.511843
0.145192
0.176266
-0.121909
-1.01969
-1.03798
-1.03798
-0.987303
-0.291142
-0.437725
-0.198215
-1.04679
-0.871194
-0.537867
-1.29419
-1.29419
-0.529374
-0.093087
0.378069
0.32927
-0.606254
-1.22503
-0.928902
-0.928902
-1.20785
-0.409071
-1.17201
-1.07903
-0.724302
-0.363054
-0.363054
0.22137
0.0737901
-0.630493
-0.630493
0.0659974
-0.336772
0.0259681
-0.457068
-0.457068
0.338634
-0.532698
-0.532698
-0.532698
-0.753821
-1.0228
-0.351313
-0.540975
0.452187
0.452187
0.452187
-0.300468
0.0612822
0.140368
0.18067
-0.17641
-0.389155
-0.389155
-0.231276
0.345926
1.12694
1.12694
1.31763
0.596423
0.596423
0.505587
0.87277
0.87277
0.87277
0.836459
0.571507
0.516184
0.714489
0.840456
1.00216
0.0898929
-0.851755
-0.841963
-0.841963
-0.67533
-1.07142
-0.738532
-0.792069
-0.867916
-0.499799
-0.499799
0.143472
0.0164716
0.108305
0.774488
0.509076
1.1667
1.1667
0.916673
1.27298
1.36768
1.36768
1.38397
0.831735
-0.0825907
0.664008
1.19151
0.989221
0.989221
0.989221
0.150209
0.540467
-0.294757
0.326992
1.01301
0.906672
1.13621
1.13621
0.760986
0.760986
0.596065
-0.150533
-0.998988
-0.998988
-0.302358
-0.356988
-0.326687
-1.04913
-0.926918
-0.186124
0.275628
0.881769
0.501238
0.132015
0.839326
0.839326
-0.128845
0.104923
-0.416803
-0.316639
-0.266728
-1.07787
-0.753091
-0.753091
-1.00062
-0.998186
-1.36811
-0.429981
-0.429981
0.290332
-0.397803
-0.837254
-0.154815
0.607669
0.607669
0.76346
0.350032
-0.302691
-0.46934
-0.46934
0.326924
0.473617
-0.332274
-0.332274
0.0913051
0.245785
-0.669132
-1.64998
-1.64998
-1.64998
-1.41236
-1.41236
-1.36032
-1.12276
-1.12276
-1.23988
-1.23988
-0.357795
-1.22507
-1.42336
-1.42336
-1.42336
-1.42336
-1.36846
-0.972146
-0.972146
-0.997946
-0.997946
-0.997946
-0.164496
-0.788666
-0.316124
0.355193
-0.400665
-0.490258
0.333786
-0.601663
-0.601663
-0.895089
-0.549657
-0.336802
0.467217
0.00835659
0.103093
1.01328
0.219379
0.647532
0.647532
0.782266
0.782266
0.782266
0.677145
0.0486254
-0.549352
-0.0289122
-0.215845
0.297628
-0.359568
-0.571961
-0.259262
-0.149823
0.174101
0.511227
0.580795
0.580795
0.873035
0.873035
0.276133
-0.633012
-0.633012
-0.633012
-0.905568
-0.289597
-1.0334
-1.27865
-1.38149
-1.54624
-1.54624
-1.54624
-1.54624
-1.54624
-0.603871
-0.126582
-0.0960254
-0.555564
-1.27626
-1.27626
-0.358693
0.197551
-0.269449
-0.888545
-0.888545
-0.785942
0.184591
0.651514
0.744689
1.33996
1.71998
1.71998
1.32864
0.374457
0.374457
1.20189
0.295091
-0.284474
0.140159
0.331317
0.311623
0.689293
-0.157442
0.787973
0.787973
0.787973
0.787973
0.388342
0.972617
1.35824
0.550882
0.453352
-0.270954
-0.859496
-0.859496
-0.888178
-0.888178
-0.497802
-0.493242
-0.216635
0.6723
0.6723
0.6723
0.6723
0.767405
0.238948
1.07804
1.76185
1.09995
0.74986
-0.00905242
-0.582827
-1.06263
-1.06263
-1.06263
-1.06263
-0.455883
-0.780484
-0.0975783
0.879607
0.879607
0.879607
0.642212
0.258351
0.913096
0.622426
0.166933
0.989388
0.269271
0.652943
0.652943
1.38362
1.38362
0.433357
0.433357
0.433357
0.433357
1.34614
1.34614
0.72689
0.586995
0.586995
0.773988
0.773988
0.653483
0.391344
0.814958
-0.143158
-0.211953
0.377134
-0.564038
0.432535
0.654463
0.810342
0.810342
1.13378
0.850908
0.0532898
0.250134
0.310827
-0.00179002
0.840968
1.48418
1.42233
1.42233
1.06728
0.464095
1.30199
1.12962
1.12962
1.12962
0.496346
0.496346
0.64299
1.40909
1.21918
1.23682
0.376458
0.457353
1.44054
1.79986
1.79986
1.79986
1.66605
0.97742
0.97742
0.97742
0.97742
1.03295
0.177279
-0.330817
0.16078
-0.532238
-0.401078
0.335492
1.17945
1.17945
1.27976
1.27976
1.27976
0.942068
0.999732
1.19189
1.38465
1.38465
1.15073
1.12789
0.401997
1.30301
1.13763
1.16301
1.16301
1.16301
0.758206
1.0391
1.0391
1.18926
0.293946
0.597053
0.292525
-0.479398
-0.810376
-0.0197187
0.396601
0.846447
0.316011
1.20615
1.12651
1.12651
0.306953
-0.0117923
-0.428877
-1.15344
-0.2541
-0.684062
0.269729
1.11445
1.11445
0.900974
0.701038
0.701038
1.08083
0.853963
0.853963
0.563672
1.31278
1.31278
0.792214
1.12143
0.934852
0.934852
0.345285
1.13879
1.30809
1.09113
0.539144
-0.286541
-1.09682
-0.649513
0.208859
0.0983017
0.945773
1.35417
0.551934
0.551934
0.592349
0.592349
0.322442
0.55851
0.826921
0.427785
0.453538
0.71819
-0.086657
-0.379869
0.283888
1.13152
1.13152
0.826164
0.826164
0.826164
0.679616
0.792861
-0.10483
-0.75854
-0.75854
-0.297933
-0.969702
-0.969702
-0.981335
-0.0644835
-0.805365
-0.805365
-0.805365
-1.06539
-0.60459
-0.958308
-0.958308
-0.464823
-0.436135
-0.436135
-1.12855
-1.38876
-0.638178
-0.234372
-0.916732
-1.49354
-0.885486
-0.885486
-1.1644
-0.283474
-0.905146
-1.0555
-1.13894
-1.13894
-0.54442
0.00739383
0.243952
0.333144
0.0764781
0.874748
0.0558561
-0.123539
0.201752
-0.704359
-0.704359
-1.28417
-1.01047
-1.01047
-0.296752
0.0667809
0.291527
-0.431545
-0.655736
-0.74721
-0.495237
-0.0689509
0.0860666
-0.832876
0.0919583
0.0463172
-0.144633
0.387397
0.309129
-0.0596898
-0.712115
-0.449246
0.475087
0.656612
0.951105
0.951105
0.0920059
0.833737
0.790081
0.790081
0.342612
1.23399
0.894644
0.421713
0.268955
0.0748054
-0.36361
0.237351
0.240341
-0.281531
-0.512631
0.157912
0.759672
1.24521
1.24521
0.993853
1.19684
0.626321
0.626321
0.626321
1.10193
1.10193
1.10193
0.828847
0.828847
0.976941
0.0446721
0.514735
1.06087
0.235931
-0.134902
-0.965693
-0.544854
-1.44202
-1.44202
-1.44202
-1.17438
-0.960991
-0.613028
-0.613028
-0.813924
-1.3634
-0.391648
-0.471409
0.511197
0.714074
0.714074
0.714074
1.20054
0.469333
0.469333
0.0546812
-0.106489
0.520667
0.520667
0.96933
0.96933
0.509895
1.43771
1.43771
1.43771
0.98255
0.98255
0.334403
-0.579615
-1.54867
-0.821407
-0.483241
-0.483241
-0.483241
0.334186
0.381772
-0.377086
-0.377086
-0.839825
-0.484244
-0.479838
-0.402169
-0.973466
-0.953883
-1.48818
-1.48818
-1.48818
-0.492551
-0.492551
0.293758
0.968129
0.477365
-0.233218
0.426297
1.20502
1.20502
1.47194
0.977692
1.06254
1.20214
1.27304
1.27304
1.27304
1.27304
1.04278
0.586102
0.342389
0.0358383
0.62677
0.201465
0.166707
0.117476
-0.861837
-0.96437
-0.957657
-0.957657
-0.957657
-0.389684
-0.389684
-0.389684
-0.389684
-0.389684
0.333628
-0.293447
0.275163
0.327375
-0.236804
0.318765
0.187401
1.01816
1.43467
1.26903
1.26903
1.37246
1.37246
1.30792
1.30792
1.30167
1.29816
1.29816
0.483636
0.483636
0.464953
0.464953
0.909979
1.05815
0.345826
-0.470606
-0.470606
-0.564489
-0.627482
-0.696777
-1.27386
-1.27386
-1.27386
-1.28902
-1.28902
-0.741256
-0.736529
-0.736529
-0.736529
-0.415301
-0.1641
0.6729
0.749005
0.813193
0.84711
0.46396
-0.0332865
-0.0706875
0.34885
0.55175
1.43012
1.56316
1.56316
1.56316
0.630598
1.05478
0.791187
-0.115764
0.0830262
1.01834
0.56844
0.628836
-0.361223
-0.61041
-1.36983
-1.50127
-0.741488
-0.449196
-1.18896
-1.18896
-0.31909
-0.601946
-0.601946
-0.601946
-1.40116
-1.4565
-1.4565
-1.78382
-1.78382
-1.61555
-0.655184
-1.01711
-0.535906
-0.421175
-0.338415
0.168214
0.539029
1.37761
1.37761
1.37761
1.37761
1.37761
0.677236
0.823776
0.823776
1.11337
1.11337
1.11337
0.768643
1.5527
1.57793
1.68738
0.751627
0.751627
0.860002
0.860002
0.0968523
1.06631
1.06631
1.81861
1.81861
1.31777
1.31777
0.410533
-0.38451
0.0154039
-0.325992
0.224765
0.072052
0.505293
0.505293
0.551025
-0.115768
-0.230121
-0.0384898
0.954707
1.18331
1.64024
1.66474
1.68886
2.04282
1.95147
1.95147
1.93163
1.12583
1.46485
1.46485
1.45154
1.45154
0.554605
0.554605
0.174743
-0.130355
0.543525
0.969394
0.49589
-0.402692
-0.259186
0.302128
-0.38573
-1.07106
-0.482036
-0.498743
-1.38035
-1.07494
-1.07494
-1.07494
-1.06909
-1.06909
-0.372498
-0.89957
-0.785172
-0.604124
-0.629999
0.258984
0.788791
1.08532
1.08532
1.12394
1.12394
1.12394
1.12394
1.12394
1.00233
0.967635
0.967635
0.490479
0.934542
0.934542
0.934542
0.934542
1.28269
1.28269
0.718619
-0.258127
-0.150914
-0.165298
0.324882
0.40555
-0.180383
-0.228261
0.669465
0.669465
0.978184
1.06786
1.06786
1.06786
0.304442
-0.362248
0.611494
0.611494
-0.15533
0.22635
0.191102
-0.00389702
-0.314228
0.39773
-0.0611799
0.0288493
0.522039
0.994126
0.994126
0.99387
0.794815
0.814977
0.0782077
-0.566002
-0.269172
-0.142538
0.104297
-0.265732
-0.771581
-0.545381
-0.990284
-1.05222
-1.05222
-0.449913
-0.966694
-0.966694
-0.441879
-0.441879
0.115859
1.06714
1.06714
1.06714
0.45458
-0.439984
0.0596476
-0.0121849
0.750926
0.750926
0.750926
0.977482
0.838133
0.838133
0.838133
0.208029
1.13767
0.781038
0.486689
0.486689
0.988218
0.672315
1.46411
1.46411
1.39329
0.620635
1.31777
1.31777
1.28947
1.28947
1.02714
1.02714
1.02714
1.02714
1.02714
0.227085
0.105549
-0.114232
0.645443
0.645443
-0.146214
0.608898
1.48649
1.08356
1.399
2.36785
1.65358
1.65358
0.927066
0.927066
0.360548
1.1999
0.401777
0.964499
0.309259
-0.58547
-0.58547
-0.58547
-0.58547
-0.561059
5.61169e-05
-0.0621574
0.0475935
-0.257618
0.335286
0.743088
0.800097
1.07769
0.956577
1.43922
1.43922
1.43922
1.43922
1.04839
0.65027
1.1108
0.792909
0.0418093
-0.178083
0.624382
0.147208
-0.507293
-0.507293
0.0206212
-0.500673
-0.500673
0.404817
-0.200131
0.458861
0.332569
0.127297
-0.57465
-1.37545
-1.37545
-0.635655
-0.635655
-0.635655
-1.45799
-0.665271
-0.26238
0.0182096
0.27309
0.0731963
-0.612068
-0.965018
-0.511414
-0.0803893
-0.897297
-0.897297
-0.744822
-0.744822
-0.250926
0.454735
1.41342
1.41342
1.41342
1.34463
1.34463
1.50844
1.41728
1.41728
0.655423
1.12992
1.12992
0.597037
-0.21116
-0.647847
0.195324
-0.714872
0.0318661
-0.19446
0.240079
0.451456
1.10839
1.12419
1.08133
1.08133
1.96151
1.65377
1.71532
1.71532
1.71532
1.71532
1.71532
1.77536
1.20736
0.258338
-0.0920922
-0.179976
-0.822482
0.147053
-0.463294
-0.891715
-0.891715
-0.929217
0.0517052
-0.333721
-1.27033
-1.27033
-0.897391
-1.40896
-0.609683
-0.609683
-0.0229999
-0.202832
0.692684
0.692684
0.645556
0.132133
0.705348
0.705348
0.470124
0.364206
0.836697
0.866625
0.866625
1.31086
1.1359
1.1359
0.56971
0.38253
-0.464055
-0.908856
-0.908856
-0.908856
-0.730153
-1.1393
-0.551091
0.0439353
-0.279043
0.273586
-0.668848
-0.48552
-0.48552
-0.00330007
0.117028
0.179167
0.132112
-0.802908
-0.802908
-0.452192
-1.13876
-1.13876
-0.363692
-1.29419
-1.29419
-0.52975
-0.52975
0.217159
0.355729
1.20987
0.212618
0.561181
0.753232
0.753232
0.753232
0.406287
-0.0264503
0.415595
-0.108625
-1.00784
-1.00784
-1.00784
-0.355858
-1.18619
-1.18619
-0.446107
-0.411359
-0.927478
-0.927478
-0.927478
-0.918581
-0.918581
-0.936698
-1.07719
-1.24757
-1.11656
-1.11656
-0.290943
0.413611
-0.289135
-0.220746
-0.265355
0.156225
0.999802
0.92316
0.168838
0.827848
0.119678
-0.727832
-1.28126
-0.669985
-0.669985
-0.669985
-0.669985
-0.669985
-1.45678
-1.39525
-0.396198
0.362689
0.371245
-0.523562
-0.355735
0.0430961
0.316227
0.88008
0.88008
0.88008
0.88008
0.0134785
0.90206
0.90206
1.17721
1.17721
1.17721
0.833069
1.34931
1.34931
1.08211
0.11136
-0.372391
-0.372391
0.1082
-0.887487
-0.887487
-0.967926
-1.51302
-1.7421
-1.7421
-1.7421
-0.878599
-0.0358324
-0.314774
-1.11186
-1.11186
-0.177667
-0.252305
-1.09954
-0.678026
-0.735039
-0.735039
-0.585656
-0.645809
-0.149501
-1.02815
-1.02815
-0.103144
0.659771
0.659771
0.166907
0.376676
0.982803
1.66821
0.721709
1.18528
0.833185
0.833185
0.833185
0.332346
0.76793
0.616921
0.616921
0.216226
0.865123
1.51828
0.901402
0.901402
0.0573766
0.738546
0.692637
0.491814
0.214985
1.18157
1.18157
0.931535
0.931535
0.931535
0.703023
1.24006
0.323351
0.77311
0.162678
0.325002
0.325002
0.850701
-0.118106
0.337862
0.797703
-0.14966
-0.908367
-0.490035
0.433079
0.450337
-0.133842
0.84765
0.84765
0.416327
0.856141
0.125635
0.50083
-0.301019
-0.301019
-0.524593
0.348555
1.15496
0.820153
0.820153
0.820153
0.766886
0.766886
0.766886
0.198979
0.383503
0.665909
0.460713
1.18954
0.480499
1.0177
0.774559
0.998672
0.998672
0.942029
0.799798
1.31696
0.532044
0.428078
-0.430052
-0.430052
-0.68143
0.0346473
0.322257
-0.438474
0.427958
1.02748
0.273261
-0.70121
-0.70121
-0.444631
0.0405245
0.10198
-0.0949713
0.866018
0.866018
0.156473
-0.22843
-0.68934
-0.436516
-0.225438
-0.302788
-0.541105
-1.53948
-1.53948
-0.645184
-0.984927
-0.931421
-0.075072
0.638581
0.638581
0.638581
0.638581
0.414941
-0.352112
0.313577
0.612007
0.612007
0.612007
0.22189
-0.0618733
-0.334674
0.550601
-0.323952
0.417434
-0.480354
-0.364698
-0.303338
0.693564
0.401515
0.781997
0.781997
0.687656
-0.102373
0.0431651
0.302743
1.02778
1.02778
1.02778
1.02778
0.778444
-0.205847
-0.532123
-0.337754
-0.337754
-1.01499
-1.01499
-1.32376
-1.32376
-1.48278
-1.48278
-1.10364
-1.27774
-1.27774
-1.27774
-1.37738
-1.63749
-1.63749
-2.09062
-1.29788
-0.359103
-0.324455
-0.80069
-1.53048
-1.53048
-1.53048
-1.6462
-1.51457
-0.681262
0.127556
-0.561408
-1.11405
-1.11618
-1.11618
-1.11618
-1.35318
-1.16099
-1.22962
-0.993705
-0.219075
-1.1036
-1.1036
-0.429915
-0.660528
-0.639255
-0.90051
-1.10383
-0.513315
-0.513315
-0.513315
-0.861824
-0.861824
-1.11819
-1.11819
-1.30684
-0.475786
-0.484266
-0.376152
0.0557881
-0.0962447
-0.576291
-0.0627702
0.265534
0.0903901
-0.709692
-0.0497639
-0.365561
-0.207396
0.35342
1.15697
1.15697
1.32884
1.32884
0.791171
0.62223
0.921782
1.11841
0.170549
-0.195743
-0.599247
-0.428002
0.221124
0.527707
-0.32294
-0.852268
-0.852268
-0.852268
-0.18657
0.152075
1.12966
1.13466
1.50033
1.52137
0.560641
0.845641
1.10838
1.10838
0.465118
0.465118
0.475612
0.492558
0.492558
-0.432724
-0.432724
-0.624736
-1.0363
-0.931777
-0.931777
-1.01662
-1.67623
-1.67623
-1.67623
-1.17296
-0.211383
-0.588055
-1.09028
-1.28818
-1.09016
-0.50152
0.464425
0.407028
0.747316
0.833615
1.30001
0.387266
0.9136
0.9136
0.9136
0.9136
1.30024
0.505952
0.899314
0.899314
1.04342
1.04342
1.53893
1.53893
1.09738
1.09738
1.09738
0.947799
1.45502
1.48962
0.583759
1.16882
1.16882
0.869748
1.06566
0.300226
0.558154
0.558154
-0.241044
0.265089
0.891689
0.891689
0.745715
0.745715
0.745715
0.745715
0.609145
1.37107
0.433545
1.36423
1.03476
0.273661
-0.355623
0.117159
0.782753
0.835436
1.21001
1.21001
1.22587
1.45354
1.45354
1.16043
0.901214
0.35111
0.35111
-0.268376
-1.0103
-1.73972
-1.27345
-0.418776
-1.07964
-1.13821
-1.06262
-1.00263
-1.00263
-0.863143
-1.07875
-1.07875
-1.07875
-1.07875
-0.689176
-0.689176
-0.689176
-0.381605
0.566076
-0.151733
-0.069554
0.596403
-0.350806
-0.564868
-0.290257
-0.0248924
0.118607
-0.440824
0.517713
0.251797
0.847934
0.846987
1.23246
0.842354
-0.144228
-0.237856
-0.165513
-0.728959
0.166232
-0.0488771
-0.546259
0.126448
-0.0932395
-0.991343
-0.5522
0.208965
1.18488
0.659419
1.56012
1.01238
1.01238
1.38832
0.45723
0.803582
1.08659
0.526464
1.25862
1.25862
0.336321
0.456331
0.794071
0.787419
0.838933
0.982184
0.296015
0.63693
0.327841
-0.666761
-0.629781
-0.629781
-0.629781
-0.938933
-1.27755
-1.27755
-1.01986
-0.163145
0.827405
0.0621365
0.0621365
0.967438
0.629517
0.629517
0.222202
0.899715
1.03066
0.288396
-0.622367
-0.622367
-0.622367
0.187588
0.0779511
0.421634
0.346275
0.365515
0.828609
0.828609
0.828609
0.828609
0.00524961
-0.514614
-0.47717
-0.47717
-1.19402
-1.04304
-0.945068
-1.13385
-0.621714
-0.585209
-0.454695
0.517379
1.34981
1.34981
0.979634
0.979634
1.06742
1.14485
0.822434
0.822434
1.31216
0.595786
-0.121067
-0.428953
-1.07552
-1.07552
-1.38145
-1.38145
-0.391546
-1.26396
-0.488981
-1.06558
-1.06558
-1.06558
-0.79696
-0.79696
-0.24391
0.584292
1.17654
0.646033
0.821779
1.46812
1.46812
0.867359
1.39055
0.415914
-0.249579
-0.791789
-0.434117
-0.871982
-0.127033
-0.297302
-0.140157
0.535064
-0.254207
0.613836
0.831828
0.831828
0.853887
0.853887
0.058062
0.233062
0.313847
0.313847
0.740815
0.0224184
0.560948
0.711446
0.628413
0.807508
0.239735
0.675358
0.927702
0.927702
1.08181
1.08181
0.216503
0.338383
1.02138
1.02138
0.87751
0.87751
1.59614
1.51425
1.51425
0.977202
0.977202
0.977202
0.726573
0.159885
-0.681544
0.112518
0.613982
0.284408
0.71333
-0.0148006
-0.469369
0.0937585
-0.415237
-1.34591
-0.516462
-0.558617
-1.04686
-1.04686
-1.04686
-0.309738
0.346043
0.948872
0.948872
1.73931
1.73931
1.73931
1.73931
1.72411
1.78047
1.78047
0.996801
0.996801
0.996801
0.960669
0.222999
0.0852907
-0.214627
0.378032
0.888882
0.888882
0.831498
0.831498
0.581667
-0.0305637
0.797764
0.485983
1.16084
1.16084
0.588984
-0.0987361
-0.369624
0.556014
0.48343
-0.260393
0.0173473
0.547255
0.547255
-0.410934
-0.724926
-0.724926
-0.714275
-1.29917
-1.29917
-0.776118
0.152287
0.012753
0.668967
0.969995
1.03227
0.759482
0.759482
0.759482
0.625048
-0.266305
0.161792
-0.682835
-0.148941
-0.163272
-0.235786
0.0912584
-0.328901
0.313953
-0.374294
-0.657157
-0.873119
0.112882
0.570175
0.184438
0.290266
-0.573439
-0.960898
-0.960898
-0.960898
-0.413602
0.408454
0.408454
1.14597
1.03302
0.983113
0.0727161
1.0254
0.0741519
-0.115173
-0.210554
-0.300961
-0.401526
0.161881
0.728674
-0.176456
-0.429189
-0.117448
-0.668471
-1.40438
-1.40438
-0.661754
-0.661754
-0.467895
-0.467895
-0.793969
-0.793969
-0.501072
-0.501072
0.0271309
-0.232333
-0.143562
-0.494648
-0.465637
-0.601312
0.345605
0.409274
0.227217
-0.338247
0.505107
0.505107
-0.276697
-0.143252
0.45905
1.20862
0.231337
0.484138
0.484138
1.11626
1.07856
1.14811
1.14811
1.14811
1.55945
1.55945
1.55945
1.86564
1.7821
1.09478
1.06585
0.85557
1.14083
1.20456
1.40001
0.678244
0.928305
0.130319
0.202955
1.02054
0.144316
-0.567991
-0.567991
-1.34134
-1.34134
-0.540198
-0.540198
0.318442
0.158686
0.56168
0.56168
0.56168
0.56168
0.56168
1.06073
1.0567
0.346813
0.849108
0.996893
0.110097
0.988038
0.988038
0.0940187
0.389721
-0.439121
0.45193
-0.218387
-1.12672
-0.903657
-0.903657
-0.00503115
-0.580344
-1.12354
-0.898346
-0.726173
-0.422147
-0.422147
0.0345256
-0.756463
-0.0274917
0.47544
0.47544
-0.510347
-0.510347
-0.897106
-0.566541
-0.566541
-0.0280033
0.940937
0.940937
0.940937
1.00373
1.00373
1.23234
1.23234
1.23234
0.925989
0.925989
0.483735
-0.10612
0.515412
0.0346377
0.109065
-0.440068
0.226554
-0.447132
0.183743
-0.173012
-0.642593
-0.642593
-0.642593
-0.642593
-1.40696
-1.40696
-1.67014
-1.5554
-1.1797
-1.1797
-0.982069
-0.163172
0.527609
-0.0568782
0.50259
-0.159229
0.552584
-0.397192
-0.397192
-1.2248
-1.2248
-0.3325
-1.25587
-1.25587
-1.25587
-1.23774
-0.524917
-0.524917
-1.12659
-1.0742
-0.997932
-0.997932
-1.1121
-1.71761
-1.28454
-0.859839
-0.859839
-0.859839
-0.859839
-0.981437
-1.73255
-1.73255
-1.73255
-1.73255
-1.73255
-1.56997
-0.864205
-0.864205
-0.181485
-0.82435
-0.182194
-0.477299
0.0146776
0.76713
0.76713
1.33426
1.36238
0.792925
0.780408
0.780408
1.40808
1.53384
1.53384
0.74747
0.358338
-0.137792
-0.966314
-1.47532
-1.26438
-1.26438
-1.26438
-1.26438
-0.443241
-0.443241
-0.388187
-0.388187
0.322716
-0.522618
0.377496
1.29071
1.29071
1.24934
1.4229
1.4229
1.4229
1.1699
1.1699
0.637759
0.640694
0.640694
0.640694
0.963523
1.15981
1.56838
0.633739
0.0299117
-0.0768927
0.686162
1.01049
1.19361
1.35276
0.465033
1.0187
0.256732
0.308731
1.10514
1.10514
0.886749
0.886749
0.727736
0.145112
0.487545
0.187316
0.657682
0.657682
1.2156
1.20028
1.26855
0.753372
0.753372
0.753372
0.753372
0.784136
0.718208
1.06494
1.06494
1.06494
0.441047
-0.303423
0.670191
0.534255
-0.0776477
-0.918751
-0.353448
-0.928764
-1.16687
-0.734525
-0.734525
-1.21238
-1.21238
-0.523629
-0.269633
0.197219
1.18664
1.18664
1.75494
1.75494
1.75494
1.75494
1.43522
0.479602
0.175496
-0.580286
0.40183
0.231964
-0.174544
0.0832135
-0.892588
-0.892588
-1.4415
-0.47568
-1.22633
-1.22633
-1.22633
-1.22633
-0.941495
-0.998016
-0.900615
-0.900615
-0.900615
-0.885692
-0.116995
-0.533384
-0.533384
-0.533384
-0.83442
-0.83442
-0.591867
-0.947292
-0.253973
-1.00262
-0.554912
-1.42137
-1.05576
-1.14024
-0.174734
0.347861
1.22453
0.803903
1.49483
1.49483
1.49483
0.942207
0.712431
0.0391892
-0.629014
-0.100351
-0.528686
-0.647687
-0.647687
-0.647687
-0.688305
0.242053
1.15358
1.15358
1.15358
0.66132
0.558684
0.558684
-0.389932
0.0044357
0.227718
1.06476
0.329454
1.23888
1.21096
0.589264
0.00746713
0.558624
0.297665
0.297665
0.29044
-0.211291
0.673653
0.362734
0.898969
0.469349
0.469349
0.383083
1.32866
1.28984
1.06704
1.06704
0.932861
0.830532
0.830532
0.545198
0.428504
-0.227671
-0.818809
-0.630909
-0.255875
0.700889
1.23202
1.50374
1.68761
1.40605
1.40605
0.962986
0.686437
-0.307895
-0.35056
-0.72862
-1.0537
-1.0537
-0.457307
-0.801831
-0.801831
-0.264308
-0.377723
-0.426944
-0.652706
-0.569105
-0.750299
0.0822526
0.962411
0.962411
0.641602
1.12243
0.576521
0.923291
0.195331
0.338392
1.00806
1.00806
0.111972
-0.50998
-0.964804
-0.145798
-0.276917
-1.02408
-1.02408
-0.803617
-1.23267
-1.41683
-1.52099
-1.02357
-0.282696
-0.585728
-1.15833
-1.15833
-0.707755
-0.369974
0.532126
1.07827
1.27773
0.409789
0.459108
1.41491
0.658087
1.31763
1.24173
1.24173
0.797959
0.0209098
-0.257838
-1.1145
-1.1145
-1.1145
-1.00969
-0.905561
-1.83767
-1.03302
-0.438897
-1.06686
-0.743495
-0.306949
-0.200687
-0.76593
-0.49418
0.465784
0.465784
0.465784
0.488742
-0.149074
0.130243
0.397881
0.397881
0.0514957
-0.664302
-0.615298
-0.606552
0.350176
0.132441
0.641291
0.819189
1.38248
1.28198
1.67535
1.04657
1.08761
1.08761
0.911742
0.0655818
-0.186032
-0.0786936
-1.00202
-0.898456
-1.38053
-1.45253
-1.51034
-1.48761
-0.690577
-0.718193
-0.572325
-0.903964
-0.717915
-1.12727
-1.11673
-1.10421
-1.01222
-1.14861
-0.754432
-1.21379
-1.21379
-1.21379
-1.31942
-0.602322
0.23371
0.645453
0.048487
-0.458649
0.284456
-0.0170882
-0.70783
-0.70783
-1.23023
-0.853742
0.134386
0.521805
0.297887
-0.669193
-0.991002
-0.966735
-0.966735
-0.527266
-0.0871952
-0.844774
-0.71356
-0.829203
-0.829203
-0.792573
-0.838041
-0.899851
0.050561
-0.613205
0.350466
0.525922
0.370747
-0.395428
-0.23589
0.320964
-0.0654754
-0.948992
-0.971013
-0.971013
-0.278653
-0.364086
0.539427
0.528994
0.924257
0.924257
0.0687522
0.0905916
-0.281189
-0.461169
-0.36574
-0.774148
-0.774148
-0.774148
0.190299
0.39143
0.555781
0.555781
0.277169
-0.688576
-1.45281
-0.685939
-0.261744
-0.879917
-0.879917
-0.795455
-0.795455
-0.816307
-0.816307
-0.485709
-0.485709
-0.485709
-0.85417
-0.85417
-0.85417
-1.06693
-1.24721
-1.29466
-0.985456
-0.682048
-0.104625
-0.321429
-0.337324
-1.05882
-0.271088
-0.568605
-0.386003
-1.18303
-0.860898
-0.141069
-1.13547
-1.57769
-1.15281
-1.13348
-0.558435
-0.558435
-0.901972
-0.163815
-0.038638
-0.116347
-0.980945
-0.362699
-0.362699
0.361086
-0.60611
0.0776273
-0.882654
-1.01592
-1.40235
-1.40235
-1.40235
-0.429316
0.153952
-0.413058
-1.29118
-1.29118
-1.20184
-0.224432
-0.926652
-1.12453
-1.12453
-0.338558
-0.62526
-0.62526
-0.62526
-0.588049
-0.916061
-0.199705
-0.948965
-1.35571
-1.35571
-1.35571
-0.750338
-0.750338
-0.760735
-0.85549
-1.08276
-0.700158
-0.597857
-1.01208
-1.4551
-1.11792
-0.372568
0.319206
-0.232594
0.518389
0.562854
0.562854
0.562854
0.904512
0.904512
0.904512
0.904512
0.904512
1.10835
1.10835
1.19029
0.652626
0.838875
0.838875
0.660338
0.660338
0.581238
1.44721
1.44721
1.44721
1.04203
1.10336
1.52449
1.52449
1.41096
1.41096
0.866781
0.584165
0.584165
1.14943
1.34173
1.34173
1.34173
0.680232
0.680232
1.15719
1.21194
0.677803
0.696953
0.496581
0.946533
1.47561
0.536699
0.536699
0.536699
0.218578
-0.544145
-0.498809
0.109533
-0.254715
0.734467
0.9245
0.653885
0.572721
0.536383
-0.0973327
0.696899
0.696899
0.696899
1.19703
1.19703
1.21963
0.745578
0.273845
0.406476
1.40323
1.40323
0.407702
-0.228932
-0.962704
-0.0809755
-0.916126
-0.718184
-0.718184
-0.718184
-0.476992
-0.837275
-0.751468
-0.833017
-1.40044
-1.0007
-1.02803
-1.10292
-1.10292
-0.836052
-0.0551391
-0.53059
-1.17713
-1.17713
-1.17713
-1.17713
-1.17713
-1.98052
-2.28525
-2.28525
-2.28525
-2.28525
-1.99901
-1.71983
-1.04362
-1.04362
-0.650366
0.303743
0.864366
0.992159
0.992159
0.298513
0.140873
0.0558309
0.403744
0.403744
-0.361723
-1.33912
-0.413396
0.165018
0.964108
-0.0316122
0.624436
0.624436
0.624436
0.624436
0.971981
0.852859
0.0184383
-0.863274
-0.863274
-0.863274
-0.624391
-0.624391
-0.151279
-0.884971
-0.318531
-1.06934
-1.06934
-1.45856
-1.45856
-1.4452
-1.4452
-1.4452
-1.21674
-1.21674
-1.21674
-0.864766
-0.123216
0.808849
0.475581
0.0171762
-0.101026
0.346187
-0.266878
-1.04004
-1.04004
-0.62076
-0.62076
-0.62076
0.110462
-0.226538
0.271264
-0.280677
-0.327092
-0.481502
-0.481502
-0.481502
-0.218423
0.065476
0.104313
-0.599261
-1.37538
-1.4929
-0.675304
-0.947411
-0.947411
-0.927128
-0.927128
-1.47026
-1.39865
-1.17757
-1.4334
-1.0679
-1.0679
-1.0679
-0.288511
-0.475266
-0.118949
-0.802799
-0.63458
-0.63458
0.313522
1.11632
1.11632
1.11632
1.11632
1.11632
0.347612
0.353326
-0.587567
-0.407301
0.043954
-0.207514
-0.0915342
0.0856657
-0.695068
-1.24195
-0.523605
-1.09535
-1.09535
-1.09535
-0.108662
0.421908
0.759039
1.16603
0.481134
1.20717
0.938409
0.691731
-0.232474
0.496584
0.577766
0.577766
0.458561
0.537242
1.00792
0.783511
1.20387
1.20387
0.428132
0.861775
1.00575
1.00575
1.00575
0.225843
-0.353499
0.560372
-0.00999039
-0.695728
-0.3841
0.153369
0.684401
0.866543
1.57579
1.53533
1.53533
2.21194
1.55439
0.736946
1.09821
0.802011
0.821826
0.655901
0.997497
0.997497
1.47515
1.47515
1.77392
1.54934
1.54934
1.14935
0.615091
0.615091
0.410098
0.14841
0.00610951
0.70835
0.70835
0.551678
-0.0825754
-0.659499
-0.659499
0.148783
0.841645
1.56814
1.56814
1.56814
2.03057
2.03057
1.11202
1.2682
0.406285
0.406285
0.611022
-0.142141
0.685169
0.685169
0.685169
-0.0563978
0.543337
0.912064
0.912064
0.0283689
-0.336957
-0.744639
-1.17583
-0.946388
-0.946388
-0.946388
-0.562873
-0.951828
-0.584601
-0.962471
-0.234863
-0.00197215
0.0316204
0.6582
1.32531
0.648853
0.43995
0.736604
0.736604
0.736604
-0.254368
0.103504
-0.858479
-1.17578
-1.17578
-1.17578
-0.651223
0.254262
-0.714687
0.0891618
0.771109
0.771109
0.771109
0.0277834
-0.479533
0.331905
0.130737
-0.179782
0.818429
0.735717
1.43593
1.43593
1.43593
1.43593
1.43593
1.16717
1.16717
1.10576
1.10576
1.67118
0.879105
0.257255
0.786371
0.786371
1.67099
1.28787
1.28787
0.491772
-0.245392
-8.70256e-05
-0.51624
-1.24292
-1.14303
-1.03695
-1.09108
-1.09108
-0.835069
-0.835069
-0.57472
0.296745
-0.631916
0.0453634
0.106591
0.00786951
0.554511
0.93696
0.394574
-0.410566
0.54622
0.399719
0.836875
0.431153
-0.296817
0.0253808
0.0152868
0.54184
1.17526
1.11989
1.05123
1.05123
1.17577
0.866783
0.828558
0.215093
-0.581821
-0.958644
-0.775671
-1.3667
-0.965014
-0.965014
-1.86361
-1.00048
-1.00048
-0.819138
-0.819138
-0.819138
-0.724037
-0.656612
-1.38867
-1.38867
-1.38867
-1.27848
-1.08853
-1.08853
-0.304671
-0.559596
-0.0111742
0.268264
0.531865
0.173265
-0.680506
-0.867919
-0.867919
-0.867919
-0.867919
-0.867919
-0.0908093
-0.198453
-1.15342
-0.807134
-0.289625
0.0816404
0.854231
1.5404
1.5404
1.5404
1.36938
1.36938
1.36938
1.26594
0.73499
-0.084923
0.121881
0.791535
0.488362
0.135234
-0.751811
-0.751811
-0.395753
-0.395753
0.0153294
0.438287
0.438287
1.35385
1.35385
1.35385
1.1976
1.09957
0.599193
0.712133
1.18352
0.589799
1.01738
1.35474
0.763066
1.19943
1.05705
1.05705
0.373011
0.296062
0.641087
0.689715
0.689715
-0.0182873
-0.0867218
0.235376
0.557678
0.557678
0.643524
0.643524
0.331008
0.89298
0.89298
0.89298
0.760224
1.40712
1.40712
1.11108
1.11108
1.11108
1.11108
1.00462
1.31983
1.02837
0.412103
-0.433223
-0.977457
-0.471236
0.367786
-0.581104
-0.58182
0.00630661
-0.59857
-0.153398
-0.525249
-0.636458
0.151183
-0.251732
-0.905087
-0.905087
-0.905087
-0.281778
-1.21223
-0.279911
0.203734
0.969937
1.13372
1.13372
1.33719
1.66678
1.02211
1.02211
0.481662
0.143875
0.241216
-0.402327
-1.14541
-1.14541
-1.14541
-1.33776
-1.03099
-1.03099
-1.03099
-1.03099
-1.03099
-1.24531
-0.453746
-0.453746
-0.574093
-0.574093
-0.574093
-0.966083
-0.966083
-1.3265
-0.916303
-0.622698
-0.622698
-1.22014
-0.399982
-1.17402
-0.401704
-0.873499
-0.873499
-0.873499
-0.873499
-0.796887
-1.03661
-1.25183
-0.523211
-1.4316
-1.4316
-0.436969
-0.843724
-1.38241
-1.34497
-1.259
-0.748478
-1.16574
-0.651303
-0.885374
-0.885374
-0.594671
-0.779425
-0.159195
0.348333
0.0115487
-0.861087
-0.294267
-0.69796
-1.1046
-0.553853
-0.296244
-1.09048
-1.09048
-1.09048
-0.74704
-1.37799
-0.94384
-0.94384
-0.94384
-0.461575
0.279277
0.716985
0.716985
0.716985
0.716985
0.788989
0.788989
0.102031
-0.700782
-1.18306
-1.19602
-1.19602
-1.19602
-1.19602
-1.19602
-1.19602
-1.19602
-1.19602
-1.19602
-0.693301
-1.03486
-1.03486
-0.554093
-0.554093
-0.439613
-0.434904
-1.13546
-0.765552
-0.683409
-0.553406
-0.088723
-0.694102
-0.823248
0.0464632
0.733663
0.404824
1.10062
1.10062
1.086
0.536882
0.410139
0.410139
-0.0699727
0.813424
0.813424
1.12179
0.486261
0.130888
0.819232
0.505621
1.2664
0.518236
0.137124
0.906633
0.651755
-0.290459
-1.04105
-0.682691
-0.682691
-0.64518
0.182804
-0.202216
-0.830475
-1.10327
-1.10327
-1.45147
-1.2366
-1.2366
-0.768051
-0.690054
-0.690054
-0.690054
-0.916294
-0.641331
-0.603211
0.0981732
-0.621708
-1.26568
-1.55242
-2.00461
-2.00461
-2.00461
-1.08533
-0.149317
0.707944
1.08352
0.962722
0.962722
0.962722
0.962722
1.53799
0.69141
1.04069
0.0856532
0.151117
-0.531196
0.143868
0.4584
-0.424054
0.114195
0.0180806
0.0288916
0.905599
0.312613
0.327834
0.960953
0.208435
1.18242
0.677737
0.677737
0.677737
0.4329
0.613513
0.801942
0.801942
0.637517
0.637517
0.93698
1.22505
1.22221
0.449097
0.408273
-0.291981
0.630522
1.23456
1.23456
1.23456
1.23456
1.23456
0.338084
0.437353
0.437353
0.289159
-0.553398
-1.37323
-1.1999
-1.49685
-1.49685
-0.638393
-0.638393
-0.443046
0.398655
0.439655
1.07964
0.828792
0.828792
0.828792
0.814008
1.28006
1.24817
1.24817
0.275951
1.06497
1.06497
0.128355
-0.582267
-0.582267
-0.582267
-0.125461
-0.473186
-1.16738
-1.55899
-1.61691
-1.4806
-1.4806
-1.4806
-1.68717
-1.68717
-1.7205
-1.7205
-1.7205
-1.7205
-1.13019
-0.303608
0.00123336
0.256484
-0.221421
0.263779
0.580257
1.32068
0.670817
0.833533
0.85251
0.85251
1.15324
0.811591
0.156605
0.411396
0.420104
0.495718
-0.136891
-0.461723
-1.02152
-0.629915
-0.901238
-1.30679
-1.77718
-1.03951
-0.79939
-0.929689
0.0650138
0.102985
1.08988
1.08988
1.08988
0.926229
1.29275
0.31775
-0.622324
-0.172332
0.529874
-0.126242
0.733539
0.756128
1.16879
1.42096
0.476881
0.476881
0.661749
0.853781
1.0217
1.11889
1.30478
1.30478
0.61332
0.230783
0.295813
-0.695749
-1.41151
-0.460637
-1.12348
-0.448046
-0.377914
-0.780828
-0.0778629
0.228962
1.09843
1.09843
1.09843
0.534194
0.654199
0.654199
-0.037734
0.454133
-0.458815
-0.458815
-1.03906
-1.03906
-0.953655
-1.31675
-0.659541
-0.659541
0.239947
0.239947
1.21419
1.21419
1.21419
1.21419
0.517274
0.593531
0.593531
0.538491
0.83095
1.53131
1.53131
1.41965
1.58284
1.58284
1.58284
0.832764
0.832764
1.56073
1.00246
0.836331
0.216312
1.11697
1.56335
1.67292
0.965677
0.964364
0.964364
0.964364
0.964364
0.200671
0.916316
0.916316
0.518687
-0.464935
-1.36731
-0.530711
0.232691
0.656778
0.656778
0.656778
0.656778
0.946767
1.12446
0.361763
0.361763
0.313171
0.325061
1.16425
1.16425
1.16425
1.16425
1.16425
1.16425
1.16425
1.49898
0.940157
1.38681
1.08312
1.06927
1.06927
0.871836
0.672132
0.54208
0.294642
-0.609536
-1.15002
-1.42217
-0.594615
0.363185
1.03591
0.358411
0.0880104
0.238335
0.0857742
-0.350324
-0.641317
-0.188304
0.386148
0.851718
0.851718
0.851718
0.687978
1.13685
1.14231
0.795289
0.795289
0.795289
0.450155
0.506711
0.36237
-0.217561
-0.656009
-0.607775
-0.724945
-0.957518
-0.90883
-0.925412
-0.925412
-0.925412
-1.41111
-0.599087
-0.0950867
0.236071
0.479085
-0.218417
-0.443584
0.332366
-0.180729
-0.755285
0.0392731
0.315753
0.315753
0.315753
0.441065
0.0307654
-0.534502
-0.534502
-0.534502
-0.534502
-0.795263
-1.13994
-1.13994
-0.815989
-0.157016
-1.14002
-1.14002
-1.14002
-0.267795
-0.622877
0.368328
0.948474
0.452148
0.34056
0.0677068
-0.90115
-0.90115
-0.893681
-1.47897
-1.38309
-1.13136
-1.13136
-0.379093
-1.09569
-1.29896
-1.29896
-0.674436
-0.201126
0.534391
0.129558
0.0179389
-0.237336
-0.172849
-0.441592
-0.5773
-0.5773
-1.39965
-1.39965
-1.39965
-0.769308
-0.769308
-0.110633
-0.267926
0.518824
0.518824
0.127349
0.472596
-0.257908
-0.159915
0.732959
0.732959
0.843964
0.404407
0.222792
-0.134909
-0.507921
0.2097
0.774234
0.489109
0.489109
0.489933
0.641902
0.3359
0.810713
1.197
0.52274
-0.0796194
-0.619022
-0.676789
-1.34569
-0.611664
0.242945
0.0956824
0.244975
0.180024
0.868939
0.191611
-0.332562
-0.710946
-0.710946
-0.00907075
0.554191
0.554191
0.554191
0.779277
-0.205061
0.324912
-0.0151826
-0.0673229
-0.355781
-0.676124
-0.806479
-0.806479
-0.806479
-0.806479
-0.244351
0.605333
0.605333
1.249
0.806675
1.15359
0.581258
-0.415153
-0.255115
-0.290349
-0.155069
0.794404
0.779392
0.53712
0.835449
0.981664
0.981664
0.437862
0.135612
0.0459676
-0.640536
0.0512034
0.974028
1.14163
1.14163
1.14163
0.862718
1.25862
0.358978
0.502883
1.23956
0.352468
-0.485447
-0.4924
0.0948813
-0.442673
0.480958
0.715327
0.715327
0.291399
0.152771
-0.825128
0.0515777
-0.316762
-0.316762
0.647322
1.05857
1.05857
0.378171
0.4131
0.560785
0.14383
-0.33785
0.081554
-0.743951
-0.933065
-1.20761
-0.403854
0.263055
0.28885
0.368979
0.310253
0.0509263
0.759761
-0.206516
-0.454589
-0.973153
-1.45739
-1.15374
-0.379085
0.404578
0.357119
0.357119
-0.168607
-0.945747
-0.962616
-1.14665
-1.14665
-0.246984
-0.915373
-0.915373
-1.27918
-1.27918
-0.542842
-1.01926
-0.760354
-0.705783
-0.705783
-0.705783
-1.43883
-1.42807
-0.72002
-0.00125709
0.798907
0.163962
-0.466722
-0.466722
-1.00373
-0.460072
-0.751479
-0.220107
0.123991
0.228037
-0.284887
-1.10195
-0.5853
-0.625395
-0.172734
-0.305981
-1.00737
-1.18619
-0.782982
-1.15474
-0.668578
-0.822241
-0.69744
0.272912
0.104731
0.573618
1.12638
1.25413
0.476512
-0.0733726
-0.824026
-0.0643703
-0.743775
-0.319104
-1.15608
-0.548843
0.319068
0.864684
1.49511
0.559206
0.559206
-0.140468
-0.437294
-0.437294
0.407035
0.565569
0.693248
0.606772
0.765806
0.194378
0.871836
0.34845
0.691447
1.22923
1.26246
0.278399
0.187747
1.10561
1.13305
0.16209
0.497312
1.26312
1.26312
0.828085
0.828085
0.993967
1.40306
1.40306
1.52035
0.918328
0.915077
0.915077
1.29575
1.29575
0.905911
0.874212
1.28028
1.28028
1.20596
1.20596
0.719055
0.719055
0.0926882
1.04458
1.0453
1.67073
0.888859
0.257861
0.0491132
-0.481726
0.411074
-0.432071
-0.432071
-0.432071
-0.808102
0.0926681
-0.591682
-0.602478
-0.358927
-0.845565
-0.845565
-0.0974665
-1.00708
-0.804224
-0.262175
0.63682
0.656402
0.816582
0.816582
0.548492
1.33411
0.86451
0.849823
-0.126293
0.309806
-0.678844
-0.885713
-0.885713
-0.0366931
0.288067
-0.0271864
0.703169
0.870815
0.703214
0.429048
1.08129
1.71436
1.71436
1.66089
1.83287
1.83287
1.29955
1.11942
0.697095
0.900054
0.55815
0.437038
-0.553277
0.308358
1.16089
1.16089
0.960495
1.81984
1.52692
0.7625
0.7625
0.363205
-0.165055
-1.06733
-0.610534
-1.16059
-1.16059
-1.07718
-1.25561
-1.25561
-1.38548
-1.25788
-1.42752
-1.19195
-1.23329
-1.23329
-1.23329
-0.52875
-0.638013
0.0159973
0.816396
-0.107351
-0.920297
-0.93776
-0.579572
-1.07802
-1.81775
-1.81775
-1.40767
-1.7047
-1.04148
-0.453389
-1.38115
-0.919954
-0.7505
0.0890714
1.01637
1.01637
1.01637
1.16245
0.510596
0.3573
0.845236
0.287855
1.08268
1.03171
1.33059
0.564164
1.00936
1.79452
1.0488
0.151137
1.01073
1.35438
1.74695
1.67102
1.67102
1.72703
0.808823
0.873838
0.873838
0.342132
0.666331
0.666331
0.984015
0.519634
-0.359686
0.635576
0.0784597
-0.842733
-0.842733
-0.842733
-0.842733
-0.279351
-1.06206
-0.408935
0.0492016
-0.843453
-0.843453
-0.561708
-0.583403
-0.0882447
0.822725
1.24136
1.24136
1.21288
0.924964
0.0581323
0.496728
0.206284
0.115467
-0.205142
-0.742488
-0.742488
-1.56497
-1.57346
-1.24038
-0.907648
-1.22609
-1.22609
-0.426628
-0.0267893
0.549434
1.04804
1.04804
1.04804
1.04804
0.81455
0.716596
0.716596
0.716596
1.59427
0.795747
0.795747
0.555212
-0.155723
-0.660817
0.0398107
-0.00744501
-0.730372
-1.07923
-1.04824
-1.04824
-0.282576
0.497603
-0.00422212
-0.446266
-0.446266
0.525537
0.943926
0.943926
0.679336
0.679336
0.839235
0.802347
0.644997
-0.0575614
0.13298
-0.701635
-0.701635
-0.701635
-1.37694
-1.66818
-1.73247
-1.1165
-1.1165
-1.21288
-0.376841
0.607994
1.09555
1.09555
0.234998
-0.756912
-0.756912
-0.877825
-0.877825
-0.791135
-1.0237
-1.09098
-0.117604
-0.0539519
-0.57196
-0.854479
-0.854479
-0.854479
-0.0779878
-0.0681203
0.648762
1.01488
1.01488
1.01488
0.395411
-0.213453
0.142744
-0.83748
-0.83748
0.0983128
0.307861
-0.379494
-0.379494
-1.04532
-1.09924
-0.613461
-0.613461
-1.09109
-1.09109
-0.725636
-0.752198
-1.09401
-0.743375
-0.556773
0.416854
0.416854
0.819703
-0.134329
0.17488
0.866932
0.866932
0.968729
1.25881
0.476859
0.735956
0.559745
-0.133508
-1.05828
-1.05828
-1.05828
-1.23702
-0.426657
0.160722
-0.358058
-0.704038
-1.10471
-0.316097
-0.25853
-1.2486
-1.08188
-0.982819
-0.617098
-0.246262
0.285503
-0.465383
-0.558241
-1.3681
-1.3681
-1.3681
-1.3681
-1.10942
-1.29709
-1.09182
-0.599829
-0.930093
-1.13447
-1.13447
-0.365154
-0.870342
-0.357273
-0.833245
-1.20173
-1.6118
-1.6118
-0.617432
-0.527731
-0.141388
0.810913
0.0784955
-0.741871
-0.664151
-0.31777
0.221736
-0.685664
-1.38591
-1.53264
-1.53264
-1.86286
-1.65633
-1.97819
-1.29654
-1.22489
-0.443213
-0.505111
0.127548
-0.535963
-0.535963
-0.200891
-0.522426
0.0467919
-0.06685
0.280888
0.480027
0.480027
0.480027
1.31445
1.20213
1.20213
0.927764
0.206104
0.822943
1.35811
1.09929
0.471002
-0.199009
-1.08559
-0.828707
-0.828707
-0.919413
-0.919413
-0.919413
-0.919413
-0.919413
-0.933207
-0.933207
-0.710353
-0.680546
-0.680546
-0.680546
-0.680546
-0.071235
0.363196
0.334783
-0.187657
0.406034
0.25372
-0.0119521
-0.548255
0.223558
-0.539471
-1.50524
-0.731661
-0.238583
-0.850566
-0.30079
0.630082
0.6195
1.37975
0.419165
0.472258
-0.367813
-1.09428
-1.01431
-0.247007
-0.635755
-0.66065
-0.243842
0.310955
0.553806
0.291935
1.05178
1.05178
1.33929
0.510006
0.55318
0.456928
0.456928
0.52356
0.998023
0.998023
0.998023
1.00415
1.00415
1.54688
0.964112
1.08199
1.52483
1.52483
1.16063
0.700712
0.700712
0.596471
-0.317011
0.454416
-0.448014
-0.709778
-1.40584
-1.52613
-1.35215
-1.69763
-0.869756
-0.869756
-0.393792
-0.474114
-0.0373489
0.051483
-0.498336
0.0797245
0.68261
0.460032
1.09828
1.09828
1.26402
1.26027
1.26027
1.45693
1.45693
1.21235
1.84084
1.96905
2.27172
2.27172
2.27172
2.08206
1.40715
0.602439
0.0963799
0.110317
0.947268
1.27003
1.0726
1.24526
1.23757
1.23757
1.11582
0.7037
0.7037
0.7037
0.55565
0.806111
0.806111
0.806111
0.510458
-0.443543
-0.443543
0.274741
-0.407204
-0.407204
0.0555041
0.572967
0.572967
0.572967
-0.171587
-0.309372
-0.658056
-0.658056
-0.658056
-0.320642
-0.701178
-0.701178
-0.701178
-0.832692
-0.729231
0.058299
0.594666
0.0646008
-0.271953
-0.422841
-0.569514
0.129925
-0.398053
-1.08129
-1.86722
-1.86722
-1.86722
-1.54745
-0.864863
-0.0350742
-0.65531
0.0642423
-0.0159974
-0.673885
-0.673885
-0.713442
-0.713442
0.271013
-0.62435
0.0433156
1.02281
0.711708
0.711708
0.711708
0.129558
-0.687657
-0.687657
-0.687657
0.106733
-0.58213
-1.46278
-1.33455
-1.33455
-1.33455
-0.982515
-0.316201
0.376868
0.55215
0.892402
0.892402
1.28642
1.08148
0.277545
0.277545
1.25657
1.25657
0.767577
0.587361
0.725922
0.945818
0.209733
-0.439271
-0.500487
0.224386
-0.486871
-0.124652
-0.292642
-0.0992499
-0.177834
0.567368
1.14368
1.14368
1.14368
1.09614
1.41448
1.41448
1.41448
0.944089
0.944089
0.944089
0.0802234
0.965978
0.965978
1.51128
1.51128
0.575914
0.679665
1.42878
1.51442
1.51442
1.12144
0.22387
0.785384
0.785384
0.465191
0.654779
0.654779
-0.00337053
-0.0514971
0.198524
-0.253756
0.208275
0.317321
1.30182
1.30182
1.30182
1.30182
0.613949
0.286337
0.612326
-0.373456
-0.651684
-0.651684
-1.13648
-0.431574
-1.29279
-1.29279
-1.29279
-1.02294
-0.392344
-0.605402
-0.605402
-0.534922
-0.733134
-0.72547
-0.493507
-0.235073
0.146539
0.176719
1.11698
1.24573
0.530256
0.602877
0.821846
0.799722
1.12605
1.33812
1.03135
0.689433
0.495567
1.06723
1.57849
1.57849
1.57849
1.66414
1.66414
1.66414
1.0851
0.468579
0.772223
0.772223
0.772223
0.772223
0.988377
0.988377
0.522101
0.522101
1.07525
0.463978
0.902955
1.37432
1.37432
1.37432
1.34537
1.34537
0.643028
0.710911
0.710911
0.0223887
-0.0474435
0.880667
1.13074
0.287293
-0.287303
0.234801
-0.0393665
-0.96327
-0.96327
-1.00193
-0.317212
-0.456804
-0.17081
-0.329084
-1.17008
-1.06795
-1.2205
-0.423272
-0.453131
-0.653835
-1.12016
-0.485811
0.138519
-0.464268
-1.23704
-1.17782
-0.291642
0.471686
1.06507
0.570409
1.22095
0.868984
0.868984
1.05978
1.05978
1.42759
1.56775
0.848116
1.41761
1.41761
1.41761
1.31608
1.31608
1.31608
1.31608
1.05148
0.933543
0.933543
1.59066
0.7009
0.350161
0.350161
1.09174
1.09174
0.701833
-0.0525415
-0.0631764
-0.3481
0.321026
0.271391
0.271391
-0.129479
0.645588
-0.341549
-0.914651
-0.565719
-0.565719
-1.07803
-0.77131
-0.77131
-0.627191
-1.20964
-1.23826
-0.745134
-1.21903
-1.21903
-1.21903
-1.68996
-1.30597
-1.2996
-1.2996
-1.14908
-1.76329
-1.8369
-1.46375
-1.46375
-0.700129
-0.00318919
0.959585
1.32486
0.506716
0.592983
0.592983
0.375116
-0.0790579
-0.638582
-0.638582
0.213073
0.049655
0.443569
0.446989
0.241122
0.45008
0.986525
1.49066
1.48833
1.35605
0.809742
1.05701
1.44016
1.44016
1.44016
1.45808
0.96712
0.96712
1.23459
1.23459
1.23459
0.666947
0.969757
0.612644
1.57184
1.2411
1.23899
1.23899
1.23899
1.23899
1.23899
0.384762
0.895658
0.653611
0.653611
0.653611
0.653611
0.653611
0.551676
0.437222
-0.487667
-1.44853
-0.617128
-0.633364
-1.01419
-0.855507
-0.943007
-0.673902
-0.501127
-0.501127
-0.501127
-0.581269
-1.08354
-1.08354
-1.08354
-0.574164
0.190896
0.110182
0.255821
0.0537294
-0.530469
-0.11982
-0.00730003
-0.430684
-1.11292
-1.83666
-1.25976
-0.737792
0.230692
1.10047
0.828214
1.06162
1.06162
0.534058
0.534058
1.50125
1.66245
1.19041
1.19041
0.23443
0.0755059
0.92264
0.92264
0.92264
0.92264
0.239227
0.554119
0.554119
0.990438
0.990438
1.11776
1.11776
0.942699
0.942699
-0.00419792
-0.610036
-0.610036
-0.518703
0.352766
0.617656
0.67985
0.0430633
-0.137518
-0.528802
-1.47656
-1.46858
-1.46858
-1.69267
-0.715449
0.223998
-0.554594
-0.138131
-0.896037
-1.05084
-1.10927
-0.588479
-0.588479
0.105326
-0.0534915
-0.0761842
0.0018837
-0.462735
-1.28061
-0.292915
-1.16988
-1.16988
-0.963296
-0.963296
-0.8301
-0.679907
-0.184109
-0.108686
0.730724
1.44282
1.10732
1.10732
1.10732
1.10732
1.10732
1.10732
1.10732
0.836357
0.836357
0.836357
0.285534
0.762254
0.478661
0.0196986
0.794046
0.27404
0.294039
-0.242773
0.0706847
-0.29516
-0.600712
0.322507
-0.193383
-0.201761
-0.693715
-0.513323
-0.513323
-0.956136
-0.956136
-0.0738701
-0.424551
0.341013
-0.0781696
0.659624
1.12413
0.873863
0.370721
-0.481983
-1.3107
-0.399766
0.0472419
0.470458
0.667736
1.49628
1.88034
1.88034
1.88034
1.08072
1.08072
1.43035
1.43035
1.43035
1.12822
1.1757
1.03034
0.220676
0.630061
1.25137
1.25137
0.73552
0.73552
0.86269
0.86269
0.408898
1.25039
1.08399
0.455815
0.0754495
0.272172
-0.103539
0.57407
1.2869
0.873672
0.670872
-0.129764
-0.994718
-0.994718
-0.292131
-0.365366
-0.29418
-0.29418
-0.916814
-0.916814
-0.534375
-0.155352
-0.982388
-0.087462
0.634301
-0.107455
0.231246
-0.103252
-0.0226869
0.808243
1.42083
1.38394
1.41916
1.41916
0.505395
0.677383
-0.0831483
-0.536583
-0.58604
0.0112621
-0.877676
-0.877676
-1.68431
-1.22149
-1.22149
-0.700634
0.210074
0.302993
-0.412142
-0.6692
-0.6692
0.30906
-0.343615
0.237892
0.940264
0.940264
0.940264
0.617172
0.617172
0.690137
0.0738572
0.941771
1.29109
1.29109
1.24864
0.28706
-0.600253
-0.338487
-0.944992
-0.100058
-0.0520929
-0.312995
-0.947228
-0.947228
-0.947228
-1.34138
-0.592931
0.274306
0.219453
-0.390528
-0.0953548
0.447264
0.0902638
-0.404792
-1.15499
-0.845195
-0.845195
-0.00142444
-0.586966
-0.645756
0.0084983
-0.830393
-1.60154
-1.60154
-1.60154
-1.60154
-1.03447
-0.576854
-0.767792
-0.787974
-0.552753
0.37545
1.07559
1.67969
1.67969
0.698822
0.698822
0.872724
0.872724
1.24149
0.647596
0.647596
-0.250037
0.19076
1.04458
1.04458
1.03264
0.265778
0.386401
0.501276
0.618975
-0.0215879
0.459775
0.459775
0.619111
0.483796
0.231528
0.469393
0.901104
0.901104
0.901104
1.07419
1.02175
1.19623
0.346233
1.1734
0.28846
0.692296
0.215976
1.17202
1.17202
0.344429
-0.309282
-0.840446
-0.840446
-0.548247
-0.9512
-0.9512
-0.9512
-0.76173
-1.117
-1.117
-1.117
-1.117
-0.128852
-0.961742
-0.961742
-0.961742
-0.860015
-0.198071
0.0205729
1.00404
1.00404
1.00404
1.00404
0.51155
0.20901
-0.172618
-0.807309
-0.723635
-0.297858
0.00354945
0.204482
0.269966
0.88852
0.721053
0.721053
1.4619
0.902725
1.30079
1.30079
0.990124
1.02871
0.869503
1.00981
0.336356
0.205666
-0.682025
-1.23077
-1.2963
-1.2963
-1.2963
-0.816886
-0.0314938
0.210672
0.523576
0.347245
0.747826
0.747826
0.747826
-0.198498
0.344789
0.966233
0.401785
-0.496988
-0.267386
-0.0438109
-0.169862
0.323671
0.172614
0.559379
0.455527
0.383138
-0.19712
-0.0764113
-0.717174
-1.12992
-1.12992
-1.12992
-0.704235
-0.704235
-0.732836
-1.16184
-1.01358
-0.578452
-0.158156
0.297491
0.889913
1.3316
1.21204
1.21204
0.48176
0.368387
1.11933
0.976261
0.976261
1.15822
1.15276
0.810251
0.810251
0.211445
-0.0627396
0.0298276
-0.104632
-0.0217469
0.726395
0.612127
0.612127
1.08528
1.17736
0.597899
0.597899
-0.0475125
0.744257
0.259718
0.144901
-0.09355
-0.649157
-0.349121
-0.203218
-1.04409
-0.512897
-1.18269
-0.784174
-0.784174
-0.746723
-1.20139
-1.94823
-2.32453
-1.73238
-1.47282
-1.47282
-1.18792
-1.03113
-0.93641
-0.93641
-0.401167
-0.174895
-0.572808
-0.841025
-0.841025
-0.841025
-0.841025
-0.607563
-0.250467
-0.576774
-0.752683
-0.752683
-1.37835
-0.848994
-1.3268
-0.468987
-1.26073
-1.26073
-1.26073
-0.745133
-0.924136
-0.924136
-0.684866
-0.0672005
0.378765
1.28907
0.848904
1.50646
1.50646
0.738568
0.738568
0.0293736
0.521486
0.615582
0.525226
0.821136
1.15247
1.15247
1.15247
0.716144
0.260397
0.813629
0.813629
0.813629
0.0277586
-0.381019
-1.17428
-1.17428
-0.362581
0.129405
-0.180808
0.147175
1.09683
0.353153
0.456676
0.456676
0.456676
-0.296578
0.330206
0.616221
0.209273
1.18511
1.18511
0.655767
-0.237897
-0.4542
0.46318
0.967387
0.967387
0.330931
0.80569
1.37219
1.27279
0.551087
-0.304578
0.622732
-0.345519
0.573797
0.0724865
0.467276
1.30984
1.30984
0.927078
0.693431
0.0411281
0.614245
1.00194
1.05358
1.01961
1.01961
1.4346
0.917928
0.917928
0.89271
0.994092
0.994092
0.994092
0.994092
0.994092
0.996269
0.68575
0.731039
0.6485
-0.220248
0.179771
0.0423423
0.944353
0.944353
1.11768
0.422816
0.748959
0.748959
0.233563
-0.515073
-0.974485
-0.974485
-0.974485
-0.479052
-0.580179
-0.580179
-0.99102
-1.25262
-1.25262
-1.38316
-1.38316
-1.38316
-1.36107
-0.525979
0.0802752
0.420904
0.821629
0.267676
-0.309049
-0.673465
-0.286932
-0.081613
-0.165664
-0.42629
-1.215
-1.14515
-0.779669
-0.779669
-0.779669
-1.17084
-1.27843
-1.27843
-1.27843
-1.27843
-1.02915
-1.02915
-0.554873
0.0876193
0.351434
-0.324805
0.165076
0.290011
0.975531
0.648085
0.544128
0.775004
0.775004
0.342907
0.6616
1.10578
1.10578
1.10578
0.579787
0.190379
0.321863
0.337474
1.03795
0.909534
0.410001
1.1103
0.661473
1.60083
1.60083
1.60083
1.49756
1.49756
1.36051
1.36051
0.814423
0.60986
-0.0334002
0.262102
-0.492819
-1.31063
-1.29658
-1.2778
-1.2778
-0.444661
-0.192587
-0.847932
-0.847932
-0.847932
-0.847932
-0.214936
-1.07889
-0.219026
-0.769472
-0.0438136
0.181942
-0.558369
-0.558369
0.405337
-0.370489
-0.370489
0.0681084
-0.146285
-0.368459
-0.430145
-1.39358
-1.39358
-1.39358
-1.39358
-0.858991
-0.858991
-0.858991
-0.858991
-0.293055
-1.12025
-0.239647
-0.00759082
0.738751
1.36093
0.775506
0.775506
0.127302
1.09297
1.09297
1.09297
0.996049
0.996049
0.996049
1.33694
1.33694
1.33694
1.76576
1.48404
1.48404
0.487133
1.23384
1.42546
1.62031
1.62031
0.956172
0.848436
1.02253
0.977301
0.393489
1.23345
1.62852
1.62852
1.12421
1.12421
1.12421
0.69155
0.177724
0.0770087
0.373608
0.189411
0.854367
0.148907
-0.78596
-0.0404598
-0.00568242
-0.928299
-1.47066
-1.27312
-1.27312
-1.27312
-1.27312
-0.899123
-0.494736
-0.425123
-0.351474
0.00161971
0.687686
0.687686
1.45988
0.96775
-0.0283553
-0.74064
-0.74064
-0.164055
0.354302
-0.231919
-1.05097
-0.984523
-0.625802
-0.435844
-0.908014
-0.176785
-0.158134
-0.850437
-0.850437
-0.803858
-0.00459909
0.973624
0.0531752
-0.0312291
-0.746131
-0.993786
-1.02938
-0.758524
-0.580144
-0.152483
-0.897353
-0.0997602
-0.818154
-0.818154
-0.818154
-0.818154
-0.809543
-0.809543
-0.809543
-0.677737
-0.158893
-0.949514
-0.949514
-1.72031
-1.72031
-1.41239
-0.848416
-0.872601
-1.00675
-1.00675
-1.038
-1.76615
-1.76615
-1.97542
-1.90491
-1.90491
-1.90491
-1.90491
-1.14699
-0.480473
-0.560081
0.315912
1.01881
0.272986
0.339291
-0.00751508
0.886524
1.28918
1.28918
1.28918
1.16519
0.528786
0.924196
0.924196
1.46239
1.35498
1.35498
1.35498
0.552544
0.552544
1.12572
1.12572
0.874296
0.874296
0.874296
0.0661868
0.871053
0.871053
1.22115
1.22115
1.25618
0.394235
-0.101803
-0.88069
-0.88069
-0.921955
-0.921955
-0.548163
0.15605
-0.325448
0.194395
0.753101
0.15712
-0.618797
-1.02184
-0.535053
-0.89871
-0.773933
-0.380125
0.550305
1.0806
0.442224
0.149487
0.733562
0.733562
0.733562
1.13942
0.619201
0.937863
1.39297
1.0748
0.372448
0.854856
0.725553
0.147674
0.0548795
0.424829
1.36031
1.50506
1.10198
0.96813
0.5664
0.103303
0.798338
1.06041
1.57762
0.923282
0.923282
0.198777
-0.0722167
0.140349
-0.675945
-0.675945
-0.654947
-0.654947
-0.0742351
-1.02372
-0.219015
-0.9112
-0.9112
-0.816349
-1.21765
-0.334688
-1.0759
-1.37693
-1.37693
-0.991888
-0.991888
-0.991888
-1.11605
-0.205634
-0.603037
-0.972788
-0.309627
0.377742
-0.491026
-0.491026
-0.963447
-0.103741
0.342498
0.788209
0.535744
-0.288317
-0.643797
-0.643797
-0.840172
-0.840172
-0.840172
-0.840172
-0.840172
-0.840172
-0.678322
0.170099
-0.312186
-1.12156
-0.439957
-0.583991
-0.583991
-0.666273
-0.666273
-0.917562
-0.917562
-0.163187
0.762997
0.762997
0.708046
1.38417
1.06463
1.06463
1.06463
1.06463
0.078271
-0.757226
0.208297
-0.413769
-0.193861
-1.07728
-0.840062
-0.840062
-0.840062
-0.840062
-0.652991
-1.06423
-0.584008
-0.584008
-0.584008
-0.287133
-0.763067
-0.405862
-0.714314
-0.756732
-0.756732
-0.962817
-0.962817
-0.922162
-1.24735
-0.964758
-1.32436
-1.32436
-1.32436
-0.341344
-0.325812
0.0462749
0.805653
0.805653
0.220591
0.969434
0.969434
0.969434
0.969434
1.28474
1.31271
1.0411
0.754475
0.754475
0.67098
0.689773
1.03926
1.11064
1.25759
0.756757
0.756757
0.756757
0.739295
0.605659
0.463894
0.299194
0.142987
0.361066
0.0252343
-0.610985
-0.610985
-0.610985
-0.48498
-0.48498
-1.08943
-0.67336
0.205108
-0.641988
-0.641988
-0.328085
-0.833594
-0.833594
-1.60714
-0.900539
-0.0183758
-0.131131
-0.885866
-0.885866
-0.216095
-0.932017
-0.0517598
-0.920587
0.0744738
0.0313626
0.28486
0.86908
0.86908
0.86908
0.86908
0.86908
0.272782
1.16397
0.940487
0.940487
0.417827
-0.322791
-1.31111
-0.748587
-0.355166
-0.869208
0.0971472
0.818835
0.65548
0.65548
1.14023
1.20664
1.20664
1.20664
0.217208
-0.756371
-0.917993
-0.917993
-0.328365
-0.328365
-0.596447
-0.364022
-0.723456
-0.723456
-0.723456
-0.723456
0.0397997
0.937641
1.41029
1.41029
0.510972
0.840534
0.0317793
-0.651477
-0.510365
0.294879
1.05052
0.823616
0.823616
-0.0253838
-0.400847
0.173417
0.763774
1.15657
1.15657
1.15657
0.37398
-0.151963
0.0610026
1.00187
1.2446
1.23236
0.614801
0.457451
-0.131485
-0.853977
-0.853977
-0.468184
-0.675346
-0.885726
-0.42084
-0.69343
-0.771575
-0.561002
0.0825619
0.914743
0.914743
0.914743
0.914743
1.18108
0.993725
0.993725
1.1161
1.1161
1.1161
1.1161
1.1161
1.05132
1.07444
0.105041
-0.0501748
-0.120201
-0.644527
-0.644527
-0.644527
-0.892377
-0.892377
0.0510408
-0.258257
0.19925
0.63302
-0.0892494
-0.38087
0.218378
0.138684
1.02497
1.11815
0.348063
1.03895
1.03895
1.06026
0.602514
0.849911
-0.0868997
0.391473
-0.153611
0.759225
0.759225
0.063934
-0.397566
-0.968815
-0.968815
-0.361236
-0.468647
-0.309227
0.555101
1.3867
1.31062
0.768301
1.47431
0.811327
1.25226
1.12054
1.12054
0.139675
0.209436
0.300169
1.20151
1.20151
0.912884
0.907641
0.907641
0.751876
0.351537
-0.170875
-0.0311761
-0.927487
-1.44252
-1.44252
-1.03
-0.438909
-0.881403
-0.910905
-0.632649
-0.632649
-0.69291
0.273271
-0.479928
-0.533974
-0.616999
-0.738277
-0.889738
-0.675454
-0.135507
-0.0702765
0.371399
0.826471
0.649669
0.649669
-0.0190761
-0.810587
-0.810587
-1.09881
-0.431084
-0.0698743
-0.11264
0.117803
-0.386881
-0.335583
-0.777015
-0.777015
-1.42919
-0.594687
-1.18072
-0.769604
-0.769604
-0.862615
-1.44397
-0.50814
0.285538
-0.101262
0.382827
1.23866
1.23139
1.25739
1.22645
0.322897
0.205956
-0.724081
-0.993398
-0.993398
-0.993398
-1.52608
-0.572923
0.0176446
0.936164
0.655472
0.655472
-0.272487
0.411717
0.806633
0.316881
0.316881
0.624955
-0.193204
-1.17787
-0.746585
-0.746585
-0.282863
-0.647493
-0.60518
0.103365
-0.27572
-0.106348
0.808694
0.442679
1.25349
1.25349
0.706715
-0.0210977
-0.35379
-0.155921
0.161079
-0.73592
-0.73592
-0.73592
-0.73592
-1.09873
-1.25115
-0.418159
-0.418159
-1.39141
-0.783512
-0.783512
-0.783512
-0.480798
-0.949101
-0.949101
-0.628012
-1.40014
-1.40014
-0.822656
-0.822656
-0.822656
-0.407059
0.498902
0.457255
0.133715
0.955234
0.955234
0.317872
0.221593
0.775848
0.288447
-0.601218
-0.784607
-0.784607
-0.784607
-0.784607
-0.0710973
-0.110154
0.756721
0.756721
1.40142
1.34358
0.925216
1.18753
0.451691
0.239949
-0.163146
-0.491807
-0.811798
-0.811798
-0.811798
-0.181498
0.105716
0.212287
0.825963
0.531085
0.49938
0.49938
-0.0338774
-0.929853
-0.929853
-0.634343
-0.634343
-0.634343
-0.634343
0.34491
0.228634
0.944699
0.944699
0.944699
0.944699
0.0870929
0.583456
1.39051
0.874508
0.286942
0.286942
0.402159
0.851563
-0.0834031
-0.317266
-0.334009
-1.00239
-1.00239
-0.833117
-0.363225
0.433446
-0.433069
0.403662
1.27924
0.395467
0.720814
0.720814
0.188047
0.520974
0.802666
0.802666
0.707174
0.382972
0.952437
0.952437
0.407886
0.506072
0.506072
0.506072
0.654389
0.429454
0.322099
1.21493
1.40462
0.891289
0.891289
0.7825
0.0700973
-0.8997
-0.8997
-0.8997
-0.947444
-0.947444
-0.0256858
-0.402408
-0.997309
-1.12698
-0.767373
-1.5615
-1.5615
-1.60745
-1.49173
-1.49173
-1.33535
-0.908848
-0.908848
-0.908848
-0.908848
-1.34153
-1.58076
-1.45318
-1.45318
-1.45318
-1.45318
-1.45318
-1.45318
-0.693676
-0.693676
-1.2241
-1.43267
-1.43267
-0.965711
-0.965711
-1.29081
-1.29081
-0.400965
-0.400965
0.489705
1.42263
0.963908
0.930647
0.918117
1.26719
1.26719
0.791708
0.0336054
-0.395843
0.279656
0.260317
0.0484224
0.775694
1.39108
1.39108
1.38914
1.38914
0.443868
1.14237
1.14237
1.14237
0.881261
0.591372
1.16309
1.16309
0.685206
0.286821
0.724347
1.27903
1.27903
0.878041
0.717173
0.544319
0.544319
-0.263684
0.0670771
0.498698
0.974719
0.772333
1.61254
0.936299
0.701778
-0.274369
0.0554097
0.826813
0.914086
0.914086
0.40405
0.73711
0.73711
0.231738
0.934135
0.934135
1.11314
0.514541
0.514541
1.2606
0.524272
-0.439524
0.282651
-0.432345
-0.430927
-1.07196
-1.07196
-0.204028
0.386277
-0.266849
0.335041
0.418476
0.525125
0.630188
1.06166
1.06166
0.967577
0.967577
0.335747
0.627624
-0.0284171
-0.240933
-1.05807
-0.0965942
0.819694
0.819694
1.51261
0.672387
0.331746
0.0286244
0.984931
0.406871
-0.0643862
-0.116496
-0.419333
-0.724957
-0.724957
-0.4761
-1.00742
-1.00742
-1.02593
-0.165361
0.577547
1.07959
0.425652
0.940314
0.866059
0.628464
1.44494
1.44494
0.673631
0.0509268
0.915396
1.35644
1.74434
1.44845
1.44845
1.14927
0.553665
-0.415966
-0.180455
-0.28047
0.507491
0.484126
-0.329726
0.482978
-0.296046
0.0476951
-0.319716
-0.610834
-0.494097
-0.494097
-0.494097
0.0423198
0.273086
-0.178517
-0.2866
0.475187
0.475187
0.475187
0.131929
0.375074
0.375074
1.08544
0.466183
0.878577
1.10456
0.715526
0.0400093
-0.889902
-0.963482
-1.04529
-0.250252
-0.000921137
0.607699
0.658473
1.36131
1.24349
1.24349
1.24349
1.8957
1.8957
1.8957
1.71861
1.71861
1.71861
1.71861
1.81317
1.05774
1.05774
0.244369
0.796561
-0.110805
-1.04196
-1.04196
-1.04196
-1.22291
-0.605198
-0.598439
-0.598439
-0.598439
-0.0916632
-0.452286
-0.452286
0.296654
0.0004967
-0.657394
-0.46434
-0.754032
-0.910541
-1.08724
-1.0437
-1.0437
-1.0437
-1.0437
-1.0437
-1.0437
-0.124231
0.228491
-0.400172
-0.501671
0.25735
0.840467
0.353798
0.716607
0.505314
1.28274
0.689448
0.689448
0.815571
1.42303
1.36857
1.36857
1.36857
0.836865
1.02185
1.02185
1.02185
0.690196
0.273089
-0.155932
-0.67629
-0.571505
-1.12536
-0.88968
-0.389054
0.416206
0.694712
1.21323
1.21323
0.613588
0.613588
0.147332
0.0315633
-0.568255
-0.568255
-1.22318
-0.679489
-0.679489
0.305321
0.305321
0.500153
1.35201
1.57159
1.57159
1.57159
1.57159
1.34689
1.34689
0.423518
0.575741
0.575741
0.575741
0.905329
1.25419
1.24258
1.0557
1.23019
1.11077
1.11077
0.618584
0.618584
-0.251687
-0.332063
-0.124813
-0.957321
-0.826253
-0.826253
-0.826253
-0.826253
-0.156257
0.279254
-0.107637
-0.803334
0.0857868
0.381561
-0.301798
-1.29102
-1.29102
-1.29102
-0.833248
-0.833248
-0.460688
-0.460688
-0.105886
0.242528
1.16598
1.2134
1.36631
1.06692
0.919797
0.290436
0.217317
-0.449437
-0.448579
-0.873183
-0.328858
0.630604
0.630604
-0.081271
0.469959
0.908206
0.237473
1.11434
1.11434
0.307751
0.88053
0.68693
1.15046
1.15046
1.15046
1.42371
1.19055
1.19055
0.241526
0.91008
0.665256
0.665256
0.575363
1.33196
1.1001
1.1001
0.357518
0.279155
0.806169
0.289069
-0.17882
0.246793
1.17681
1.16614
1.16614
0.500126
0.824239
0.879812
1.06656
0.673534
0.153379
0.047964
0.887545
0.887545
0.887545
0.136628
0.862763
-0.0847003
0.491147
0.959799
0.959799
0.710017
-0.193966
0.560616
0.668482
1.27165
1.44064
0.461463
-0.511377
-0.435799
-0.894371
-0.547585
-0.547585
0.162087
0.162087
-0.187958
-0.625114
-0.625114
-0.585245
-0.601387
-0.601387
-0.399779
0.00121168
-0.229803
-0.141382
0.663542
0.97134
0.263159
1.11011
1.11011
1.11011
1.0695
1.22544
0.955776
0.846331
0.920438
-0.0423582
-1.01648
-1.01648
-0.720464
-0.348801
-0.286736
-0.285075
0.201825
-0.334637
-0.222984
0.111687
-0.605266
-1.22313
-1.15533
-0.387212
0.13363
-0.134557
-0.522642
-0.275533
0.266108
-0.174647
0.445541
0.592895
0.592895
0.592895
1.39119
0.732363
0.732363
0.732363
0.480788
0.262191
1.00938
0.9533
0.9533
0.95518
1.41116
1.06715
1.16892
1.2229
0.753679
0.730944
0.838927
0.484066
0.948371
0.158265
-0.626247
-0.626247
-0.626247
0.28572
0.547756
-0.0625897
-0.725973
-1.01402
-1.54409
-1.54409
-1.0045
-0.100429
-0.545893
-0.325071
-0.577662
-0.583029
-0.949682
-0.842724
-0.130853
-0.327813
0.370482
-0.217334
0.0576498
0.337248
1.21635
1.21635
1.79799
1.68402
0.999105
0.999105
1.28768
0.480772
-0.351418
0.443483
0.774645
0.774645
-0.0785751
0.788481
0.500647
0.105952
0.99111
0.517768
0.321395
0.431762
1.02422
1.02422
0.8299
0.8299
0.455815
0.923625
0.20687
0.529612
0.491643
0.491643
0.595698
0.595698
-0.389459
-0.397397
-0.768826
-0.768826
-0.931792
-0.567436
-0.912432
-0.912432
-0.912432
-1.22622
-1.22622
-0.991733
-1.06246
-0.73633
-1.04044
-1.04044
-1.04044
-0.995038
-1.37485
-1.37485
-0.546994
-0.546994
-0.636523
-0.636523
-0.636523
-0.34338
-0.52975
-0.581515
-0.556233
-0.332088
-0.925939
-0.337907
-0.799076
-0.207404
-0.250761
0.694202
1.30743
1.09852
1.09852
0.825033
0.825033
0.733424
0.721211
1.23947
1.27809
1.27809
1.27809
0.394826
0.392207
0.19608
-0.290247
-0.894017
-0.894017
-0.894017
-0.129441
0.656244
0.949316
0.949316
0.302026
1.16772
1.21697
1.21697
0.508274
-0.337737
-0.975142
-1.13126
-1.13126
-0.299652
-0.533626
-1.22068
-0.877243
-0.907002
-0.923944
-0.923944
-1.37019
-0.614973
0.152583
-0.380525
-0.380525
-0.123721
0.0118788
-0.420481
-0.420481
-0.934055
-0.934055
-0.934055
-1.72109
-0.938373
-1.92531
-1.92531
-1.92531
-1.92531
-1.19267
-1.19267
-1.1409
-1.1409
-1.38888
-1.38888
-1.38888
-1.29482
-1.34641
-1.06281
-1.06281
-1.04858
-0.268791
-0.867455
-0.998774
-0.0610006
0.309104
1.26589
0.616393
0.555698
0.555698
0.555698
0.276029
0.974538
0.9492
0.9492
-0.0228236
-0.594627
-0.217798
-1.04639
-1.04639
-1.04639
-0.137192
-0.63791
-0.94067
-0.94067
-0.94067
-0.757319
-0.757319
-1.05586
-0.364212
-0.825055
-0.825055
-0.646606
-0.177807
0.512735
0.689097
0.689097
0.848332
0.848332
0.848332
0.749235
0.0871889
0.976849
0.88096
0.024555
0.57991
0.966819
0.966819
0.92848
0.453367
0.996088
0.996088
0.996088
0.141599
1.07976
0.569658
0.905989
0.905989
0.464544
0.57546
0.795833
0.548769
1.13827
0.459371
1.36359
1.77531
1.77531
1.12883
1.12069
0.72521
0.914237
0.901057
0.651619
-0.292998
-1.14846
-0.422124
-0.422124
0.455509
0.662247
0.85711
1.04052
0.386194
1.16383
1.16383
1.16383
1.5024
0.714082
1.19375
1.19375
1.408
1.20306
1.3951
1.3951
0.858173
0.667935
0.461494
-0.155449
-0.950995
-0.381891
-1.31194
-1.31194
-0.882164
-0.882164
-0.882164
-0.882164
-0.882164
-1.45139
-0.457225
0.470651
0.847611
0.217483
1.01206
1.01206
0.21024
-0.618291
0.295067
0.00206667
-0.684493
-0.754056
-0.754056
-0.754056
-0.754056
-0.444042
-0.994398
-0.994398
-0.920292
-1.28861
-0.712665
-1.52702
-0.627261
-0.236586
-0.287903
-1.08338
-1.08338
-1.08338
-1.08338
-0.898531
-0.999153
-1.42131
-1.42131
-1.42131
-0.712436
-0.74179
-0.74179
-0.74179
-0.74179
-0.92883
-0.148243
0.122949
-0.4561
0.542832
-0.0575066
0.199242
1.04887
0.848192
0.573424
0.278058
0.385037
1.12006
0.387561
1.27824
1.27824
0.358621
1.08476
1.08476
1.05752
0.374175
-0.126644
-0.367594
0.0315215
-0.491258
-0.550763
-0.550763
-0.95411
-0.88198
-0.403781
-1.30369
-1.18054
-1.18054
-1.19667
-0.691385
-0.55607
-0.499054
-1.31442
-1.08262
-0.467423
-0.913317
-0.913317
-0.0435907
-0.344384
-1.10536
-0.267221
-0.553402
0.27624
0.817895
1.23016
1.23016
1.23016
0.326845
-0.630525
0.32776
0.32776
0.226538
1.03557
1.03557
0.714523
1.11206
1.11206
1.11206
1.11206
1.11206
1.11206
1.11206
0.763859
0.763859
0.710406
0.28884
-0.278475
-0.501375
0.491372
-0.381884
0.570635
0.570635
0.484327
0.620906
1.07905
0.591417
0.0421526
0.982812
0.982812
0.982812
0.00139759
0.437998
1.35317
1.66037
1.66037
1.66037
1.66037
1.68199
1.68199
0.80559
-0.150384
-0.243352
-0.628786
0.148086
0.632477
-0.341063
0.360111
1.02382
1.02382
1.02382
0.21838
-0.322972
-1.04245
-0.771019
-0.710042
-1.17482
-1.17482
-0.543547
-0.664483
-1.34302
-1.34302
-1.34302
-0.405264
-0.411475
-0.879119
-1.20074
-0.87288
-0.87288
-0.228195
-1.16611
-1.16611
-0.239013
0.25688
0.376578
-0.216374
-0.560963
-0.497533
-0.630679
-0.16774
0.147134
0.444234
0.33932
0.993756
0.993756
0.7501
0.7501
0.82311
0.82311
0.82311
1.32747
1.81626
1.81626
1.35724
1.35724
0.559294
0.559294
0.316389
0.632231
0.632231
1.14826
0.15955
0.530569
0.361566
-0.0875844
0.396526
1.14614
0.732188
0.732188
0.732188
1.1699
0.949966
0.648236
0.522399
0.123619
0.325324
-0.268099
0.192215
0.937041
0.937041
0.949548
0.949548
0.949548
0.949548
0.949548
1.10821
0.713663
0.85347
0.85347
0.85347
0.85347
0.633802
0.633802
0.86791
1.09416
1.28883
1.21083
1.10684
1.10684
0.168762
0.0428771
0.392897
0.392897
-0.337384
-1.13914
-1.13914
-1.13914
-0.845402
-0.467551
0.360043
0.179074
-0.115708
0.861928
0.149359
0.321354
-0.529131
0.0713587
0.890303
0.890303
0.931134
0.210696
-0.00222819
-0.862001
-0.862001
-0.862001
-0.862001
-0.839222
-0.658655
0.0299697
-0.0992775
0.895902
-0.0797003
-0.309142
-0.43014
-0.52503
-0.52503
-0.52503
-0.93886
-0.248624
-0.822532
-0.180204
0.815645
0.771757
0.380488
0.380488
0.787707
0.400268
1.39533
1.10544
1.10544
1.27565
1.46731
1.46731
1.19845
1.19845
1.25431
1.21979
1.19131
1.19131
1.12275
0.471369
0.471369
0.471369
0.471369
1.02408
1.01669
0.286308
0.0773473
0.52611
0.516771
0.516771
0.516771
0.612506
0.765405
0.765405
0.279387
-0.508967
-0.305872
-0.073669
-0.142289
-0.363386
-0.238551
0.395387
1.30604
1.20524
1.20524
0.989613
0.989613
1.18653
0.385196
0.139295
-0.136279
0.242356
0.902711
0.99575
0.521891
0.521891
0.521891
-0.294759
-1.07653
-0.108362
0.469615
-0.436505
0.00940283
-0.712526
-0.82815
-0.219941
-0.597711
-0.597711
-1.05484
-0.585462
0.336946
0.251748
-0.374349
0.00609705
0.58929
0.58929
0.58929
0.58929
0.525472
0.094017
-0.503546
-1.21613
-0.459923
-0.0969489
-0.580445
-0.950511
-1.16719
-1.16719
-1.16719
-0.399719
-0.720395
-0.820714
-0.172637
-0.00515577
-0.798295
-0.670781
-0.149402
-0.813398
-0.74154
-0.74154
-0.74154
-0.613292
-0.966256
-0.966256
-0.966256
-0.97834
-0.97834
-1.03411
-1.03411
-0.289859
-1.03876
-0.350917
0.253626
0.595557
1.5237
1.5237
0.987071
0.737133
1.0204
1.0204
1.0204
1.0204
0.184012
0.0852701
-0.496955
-0.733824
-0.733824
-0.9995
-0.511367
0.423677
0.647199
1.02061
1.0992
0.544291
1.20355
1.17911
1.30155
0.83118
0.707502
0.707502
0.583226
0.583226
-0.196398
0.619926
-0.161434
0.108162
-0.260368
-0.416846
0.322187
0.565347
1.08044
1.07783
1.07783
0.697709
0.637979
-0.239733
-0.746338
-0.14438
0.2461
-0.659146
-0.00950148
-0.0183284
0.926978
0.358213
0.789546
-0.0557449
0.492603
1.27651
1.35165
1.35165
1.27072
0.585715
0.53945
0.67221
0.67221
0.795667
0.693661
0.693661
0.226084
-0.567175
-0.567175
-0.511486
-1.30325
-0.429701
-0.772339
-0.772339
-0.678803
-0.678803
-0.678803
-0.678803
-0.68879
-0.68879
-1.02944
-0.202889
-0.305004
-0.506173
-0.419262
-0.86244
-0.763469
-1.32928
-1.14695
-0.314093
0.515884
1.14525
0.320734
-0.675521
-0.825667
-0.825667
-0.442532
-0.270835
-0.913433
-0.397311
-0.506865
-0.649629
-0.656981
-0.656981
-0.362124
0.367264
0.425108
0.425108
1.1963
0.36674
-0.0119487
0.102923
0.409719
0.409719
0.229396
0.43204
0.102299
0.684784
0.136173
-0.138419
-0.621205
0.0678876
-0.0753418
0.73076
0.73076
0.535518
-0.357319
-0.342637
-0.993119
-1.04938
-1.04938
-0.221572
-0.149836
-0.542909
-0.483971
-1.31737
-1.49487
-1.33393
-1.18094
-0.756301
-1.36882
-0.800466
0.050636
0.13281
0.998066
0.951722
0.763719
0.574474
1.40018
1.40018
1.40018
1.40018
1.46757
1.01941
0.544524
1.49304
1.49304
0.819012
-0.14763
-0.385058
-1.12989
-0.562943
-0.866137
-0.866137
-0.866137
-0.866137
-0.866137
-0.158777
-0.874549
-0.298144
-1.17886
-0.570946
-0.487716
-0.308949
-0.333237
0.592898
0.0323225
0.326247
-0.0495336
0.81225
0.251882
0.0356717
0.897118
1.07741
1.07741
1.1684
0.842149
1.07361
0.698225
0.180261
0.436132
0.960656
1.14902
0.784413
0.784413
1.00147
1.00147
0.634826
0.19858
-0.492501
-1.08263
-1.08263
-1.42992
-1.539
-1.539
-1.69175
-1.26053
-1.26053
-1.26053
-1.36722
-0.428286
-0.134486
-0.271362
0.304501
0.723381
0.930666
0.930666
0.0506322
0.540323
0.540323
1.11775
1.24628
1.61825
1.43656
1.43656
1.43656
1.43656
1.76455
1.76455
1.76455
0.892705
1.00486
0.217667
-0.438104
0.501997
0.330694
-0.155865
-0.762391
-0.558765
-0.546107
-1.2495
-0.622854
-0.965773
-0.592549
-0.457914
-0.100755
-0.00274407
-0.393052
-0.740325
-0.740325
-0.19697
0.352288
-0.256722
0.621612
1.48052
1.48052
1.20803
0.99698
0.904962
0.904962
0.904962
1.02707
1.57358
1.67013
1.25777
0.986454
1.18069
0.800809
0.485163
0.412782
0.651767
0.618775
-0.30628
-0.0528107
-0.869658
-0.545917
-0.545917
-1.33442
-1.33442
-0.859159
-0.859159
-0.859159
-0.859159
-0.859159
-1.26278
-1.34475
-0.360653
0.122657
-0.587278
-0.146244
0.684242
-0.0347333
-0.859361
-1.07779
-1.36278
-1.36278
-1.45494
-1.45494
-1.45494
-0.46824
0.284697
0.451484
0.305065
1.03447
0.589401
1.19892
1.90922
1.90922
1.05748
1.05748
1.47726
1.47726
1.47726
0.67993
0.453408
0.440384
0.440384
0.264717
0.979953
1.04255
1.53123
0.586366
0.985943
0.985943
0.565246
0.508164
-0.440353
-0.697105
-1.07373
-0.741545
-0.946691
-0.89511
-0.89511
-1.14371
-1.14371
-1.14371
-0.930584
-0.132507
0.373023
0.665539
0.665539
0.665539
0.478616
0.776791
0.797814
0.942985
1.26719
0.888793
0.888793
1.26928
1.26928
1.36697
1.36697
1.36697
1.45558
0.759268
0.016735
-0.531864
-1.3764
-0.783677
0.0747346
-0.285376
0.22789
0.446284
0.671296
0.671296
1.06898
0.496184
-0.0603815
-0.678989
-0.484164
-0.279567
-0.283287
-0.387469
-0.237791
0.0561903
0.105953
0.85288
0.784396
0.950777
0.950777
0.950777
0.950777
0.753127
0.0804755
0.914907
0.412402
0.868504
0.527824
0.527824
-0.00375204
0.00175095
0.0107093
-0.529126
-0.516506
-0.466326
-0.466326
-0.466326
0.0359682
0.639524
0.544292
0.116389
0.164715
0.197941
0.926192
0.926192
0.926192
0.763902
0.596178
1.04831
1.04831
0.954458
0.961089
0.961089
0.961089
1.0523
1.0523
0.525039
-0.337071
-0.103185
-0.331902
-0.770803
-0.836933
-1.62422
-1.28371
-1.28371
-1.62072
-1.47243
-1.2623
-0.785693
-0.42905
-0.851352
-0.851352
-1.42675
-1.42675
-1.42675
-1.42675
-1.11199
-1.11199
-1.20847
-1.22805
-1.22805
-1.25866
-1.03014
-1.03014
-1.03014
-0.497397
-0.663642
-0.105925
-0.703831
-0.485505
-0.180655
0.658758
0.881122
0.538658
0.846182
0.431864
0.922223
-0.00640228
-0.975085
-0.0748641
0.313119
-0.406399
-0.677172
-1.11012
-1.11012
-1.11012
-0.164985
0.0578188
-0.259261
-0.0194133
0.93513
0.932163
0.490112
0.737861
-0.259374
-0.864104
-0.864104
-0.833377
-0.833377
-0.833377
-0.222412
-0.793037
-0.793037
-0.700992
-0.700992
-0.133465
-0.884422
-0.342481
-0.452122
0.164727
0.178678
0.149622
-0.0793499
0.345373
0.243791
-0.216489
0.473491
0.419493
1.15606
1.15606
0.419155
-0.384332
-0.937474
-0.563898
-0.284402
0.0641572
1.0229
0.486658
1.13315
1.13315
0.588476
-0.333793
-0.300673
0.428134
1.40537
0.867825
0.826098
0.900576
0.766822
0.766822
0.832731
1.81846
0.904392
0.494435
-0.0549225
-0.87333
-0.733197
-0.751053
-0.607808
-1.58661
-1.46795
-1.58164
-1.58164
-1.58164
-1.58164
-1.89384
-1.89384
-1.0189
-1.0189
-0.987874
-0.00535435
0.637379
-0.230076
-0.340078
-0.101049
0.0256958
-0.693654
-1.38212
-0.469912
0.261795
1.12367
1.12367
1.12367
0.830374
0.621323
0.621323
1.01122
1.01122
1.01122
1.10429
1.10429
1.35831
0.589538
0.761271
0.107214
0.712535
1.28006
1.28006
1.41214
1.57711
1.57711
1.57711
1.57711
1.57711
0.944775
0.438851
-0.433878
-0.963057
-0.423986
-1.2736
-1.2736
-0.378222
-0.561894
-0.387432
-0.167102
0.518947
-0.375538
0.00151135
-0.992044
-0.992044
-0.335107
0.0870812
0.647405
0.647405
1.1078
1.1078
1.06856
0.753381
0.753381
0.753381
0.507252
0.507252
0.588642
0.878518
0.878518
1.13385
0.746679
1.05467
1.05467
0.286002
0.846121
0.209195
0.19404
0.578676
0.770275
0.770275
0.770275
0.770275
0.770275
0.301393
-0.209698
-0.926398
-0.926398
-0.926398
-0.926398
-0.926398
-0.926398
-0.926398
-0.781659
-0.925676
-0.00517793
-0.625909
-0.78398
-0.509849
0.0263611
0.50948
0.319194
-0.582843
-0.784367
-1.53719
-1.20313
-0.916729
-0.950622
-1.02144
-0.0240412
-0.882238
-0.882238
-0.141344
0.361177
-0.495327
0.411746
-0.437052
-0.437052
-0.842266
-1.18361
-1.18361
-0.486898
-0.869101
-0.051024
0.0743622
0.796095
1.60384
1.60384
1.60384
1.67073
1.67073
1.66321
0.786959
0.896088
0.896088
0.483261
1.05543
1.05543
1.76255
1.08548
1.23204
0.641833
0.641833
0.125679
-0.230676
-0.97718
-0.838926
-1.41743
-0.525765
0.0336813
0.488956
0.858748
1.63906
1.61928
1.61928
1.61928
0.770608
1.11286
0.580314
0.877551
0.877551
0.877551
1.29359
1.29359
1.82078
1.82078
1.82078
1.82078
1.55699
1.55699
1.09971
0.368698
-0.277418
-0.277418
-0.471613
-0.703782
-0.846569
-0.744811
-0.249822
-0.891659
-1.16951
-1.16951
-1.16951
-1.16951
-1.16951
-1.2921
-1.2921
-1.18647
-0.694662
-0.694662
-0.533686
0.338741
-0.560681
-0.686078
-0.905585
-0.0817992
-0.896315
-1.08157
-1.08157
-1.08157
-0.848626
-0.509995
-0.904272
-1.26019
-0.606782
-1.01643
-0.861999
-0.861999
-0.648897
-1.06674
-1.0317
-0.990289
-1.59003
-1.59003
-0.8407
-1.00217
-1.00217
-1.6143
-0.961536
-0.607107
-1.14278
-1.29521
-1.29521
-0.54454
0.367243
1.25466
1.25466
1.25466
1.25466
1.17793
1.60681
1.11868
0.562744
0.562744
-0.180156
-0.561866
-0.928296
-0.797164
0.177713
0.929906
0.929906
0.902608
0.070827
0.572704
1.51691
1.51691
1.51691
0.691528
0.279956
0.73836
0.73836
0.166478
1.02538
1.02538
0.932033
0.931987
0.931987
0.71204
0.274529
1.08134
1.0352
0.555122
0.212619
1.08117
0.568144
0.831854
0.023275
0.844219
0.935854
0.685703
0.413256
0.627765
0.627765
0.627765
0.0557682
0.41115
0.516593
-0.474291
0.128381
0.256194
-0.421344
-0.246842
0.653126
-0.300416
-0.13968
-0.218607
-0.173921
0.546295
-0.0160562
0.944318
0.944318
0.944318
0.629342
1.08395
0.98789
0.998243
0.06065
0.557366
0.77938
0.248855
1.00524
0.0814312
1.03841
1.03841
1.03841
1.03841
0.0450607
-0.273097
-0.431729
-0.431729
-0.021751
-0.658098
-0.633479
-0.681781
0.131064
0.337844
0.110696
-0.791454
-1.08283
-0.53555
-0.822627
-1.01472
-0.0348677
0.469991
0.469991
1.31624
0.611201
-0.0639469
0.238194
0.584434
0.650562
0.650562
-0.338674
-0.281954
-0.330042
-0.534754
-0.764249
-0.962308
-1.67193
-1.67193
-1.88399
-1.70951
-1.70951
-1.65426
-1.60672
-1.87972
-1.73346
-1.73346
-1.49469
-1.49469
-1.87529
-1.87529
-1.96938
-1.35414
-2.02296
-1.99406
-1.99406
-1.09483
-1.05442
-1.34528
-0.728664
-0.70936
-1.57928
-0.891347
-1.27682
-1.27682
-1.27682
-1.27682
-1.51849
-1.51849
-1.12397
-1.12397
-0.391649
-0.620231
-0.839035
-1.20189
-1.20189
-1.20189
-0.943901
-0.639891
-0.174754
-0.352349
-0.49489
-0.726988
-1.47998
-1.47998
-1.47998
-0.541976
-0.136758
-0.417022
-0.0735878
-0.249856
-0.707272
-1.05076
-1.05076
-1.25728
-0.830383
-1.08093
-1.08093
-1.20762
-1.20762
-0.262467
-0.563797
-0.847176
-0.761566
-1.6277
-1.14878
-0.589498
0.361935
0.137688
0.135323
0.418927
0.418927
0.739797
-0.237356
-0.589732
-0.267282
0.226222
0.295839
0.0911381
0.809798
-0.0579619
-0.747377
-0.400935
0.189874
-0.786689
-1.08764
-0.413668
-0.413668
-0.376836
-0.376836
0.0327582
0.356617
0.224688
-0.393472
0.384258
0.739673
0.739673
0.0459852
0.0868451
0.152654
0.405875
1.39762
1.54599
1.52355
1.39703
1.39703
1.01132
1.18325
1.37088
0.81943
0.52754
-0.172064
0.323779
1.18579
0.41211
0.505785
0.707849
0.236326
-0.342666
0.605008
-0.133402
0.245991
-0.658663
-0.153288
-0.619856
0.337777
0.772322
0.772322
0.772322
0.772322
0.772322
1.43541
1.43541
1.36442
1.36442
1.36442
0.413968
-0.491021
0.0506559
0.436932
0.407713
0.591387
1.29822
1.2998
1.2998
1.94139
1.87894
0.93181
0.213972
0.0108204
0.498608
0.498608
-0.0506151
-0.257714
-0.049192
0.94924
1.00429
1.00429
0.0128786
1.00656
1.00656
0.083505
1.01242
0.7224
0.7224
0.567754
0.567754
0.854948
0.854948
1.09646
1.95934
1.95934
1.95934
1.95934
1.08318
0.659753
0.744232
0.671332
0.671332
0.658357
0.658357
0.791543
0.609495
0.506799
0.853567
0.156002
1.11934
1.0855
0.348037
1.07335
1.07335
1.18734
0.887106
1.19038
1.59568
1.33465
1.33465
1.74382
1.86936
1.08109
0.482293
0.597399
-0.328387
0.286115
-0.432063
-0.086572
-0.114157
0.54138
0.590024
1.1304
1.1304
1.1304
1.1304
1.1304
1.1304
1.1304
1.1304
1.02127
0.535437
0.527414
0.670148
0.103845
0.259439
-0.140727
-0.864246
-0.818455
-0.818455
-0.622472
0.125636
-0.667939
-0.294427
-0.862972
-1.09638
-0.779984
-0.779984
-0.779984
-0.386253
0.47627
0.801901
0.519058
0.594047
1.35151
1.36167
0.88716
1.35265
1.35265
1.35265
1.35265
1.55633
1.55633
1.51582
1.51582
0.796906
-0.0650765
-0.0956554
-0.564285
0.213778
0.425227
-0.221332
-0.433306
-0.452352
-0.426527
-0.0267516
0.602659
0.602659
0.602659
0.0946752
-0.437965
-0.792457
-0.805729
-1.11046
-1.0492
-0.607221
-0.388459
-0.388459
-0.388459
-0.984096
-0.984096
-0.0949042
0.791112
1.1147
0.138221
0.483939
0.722724
1.0258
0.0779141
0.0179585
0.939213
0.84918
0.00082407
-0.132966
-0.302099
0.391031
0.535014
0.102241
0.735275
0.659129
1.32661
0.868956
0.363043
0.273708
-0.0259819
-0.615265
-0.833777
0.0273898
-0.133417
-0.821758
-0.413599
-0.403858
-0.176666
-0.14633
0.566343
0.167423
-0.53097
-0.859764
-0.752899
-0.752899
-0.817567
-0.817567
-0.817567
0.0263791
-0.901254
-0.560715
0.0359654
0.599645
1.21021
1.21021
1.21021
1.21021
1.27218
0.450519
0.923718
0.313566
0.737134
0.737134
0.737134
1.03074
1.03074
0.399057
-0.174953
-0.237236
-0.417795
-1.39603
-1.20052
-1.3493
-0.902708
-1.01263
-0.490121
-1.14171
-1.14171
-1.00791
-0.382903
-0.848452
-0.848452
-0.848452
-0.848452
-0.848452
-0.848452
-0.464526
-1.03959
-0.751488
-0.751488
-0.980512
-0.392687
0.159557
0.209606
-0.232282
0.29755
0.0637963
0.1145
-0.278111
0.577259
0.577259
0.711694
1.16862
1.16862
0.171417
0.341828
1.25797
0.39332
1.18879
0.773903
0.773903
0.654394
0.689432
0.689432
1.47374
0.727598
0.549768
0.913641
1.16595
1.16595
0.9115
0.9115
0.9115
0.9115
0.988485
0.970197
1.11725
0.585422
0.773777
0.809421
0.809421
0.377397
-0.307187
-1.21765
-0.895567
-0.316967
0.347833
-0.14092
0.485944
0.485944
1.34237
1.75674
1.75674
1.75674
1.57152
1.57152
1.57152
1.17203
0.640543
-0.177836
-0.219858
0.555598
0.555598
0.555598
-0.197065
0.518652
0.313206
0.477284
-0.369097
-0.369097
-1.20119
-1.41343
-0.70696
0.0267341
-0.892121
-0.892121
-0.892121
-0.892121
-0.199378
0.29436
0.161534
-0.658736
0.319225
0.727702
1.46137
1.47834
1.47834
1.47834
1.47834
0.754327
0.927173
0.927173
0.0577702
0.91645
0.0636609
0.694971
1.0169
0.164687
0.792879
-0.0857343
0.593113
1.0161
1.0161
1.0161
0.899071
0.567335
-0.248375
0.606819
0.63175
0.63175
1.38689
1.38689
1.38689
1.38689
0.682111
0.682111
0.521409
-0.282411
-1.21841
-1.12307
-0.76052
-1.21117
-0.54821
0.403514
1.14343
1.35664
0.926685
1.30424
1.30424
1.30424
0.839545
0.839545
0.754376
0.128634
0.751904
0.84034
0.84034
0.84034
0.273548
0.395166
0.354502
-0.311615
0.588256
-0.0364218
0.140956
-0.540079
-0.540079
-0.83525
-0.391901
0.342953
0.739783
0.502133
0.694045
0.426009
0.426009
1.19866
0.923317
0.834931
0.729923
0.431445
-0.215462
-0.876663
-1.42779
-1.42779
-1.90417
-1.61731
-1.61731
-0.984028
-0.198081
0.724084
0.665007
0.175209
-0.0498017
-0.697955
-1.57735
-1.57735
-0.767447
0.0298334
0.178092
1.01826
1.29069
1.4118
1.78014
1.78014
1.78014
1.78014
0.803132
0.691489
1.31292
1.31292
0.426434
0.643034
1.24553
0.807149
1.02599
0.330461
-0.653414
-0.653414
0.340487
0.0986588
-0.402113
-0.402113
-0.585571
-0.585571
-1.22979
-0.688025
-0.764807
0.0620507
-0.832874
-1.41401
-1.41401
-0.537177
-1.3207
-1.3207
-1.04945
-1.04945
-0.204021
0.164162
0.198128
-0.00329119
0.190349
-0.328457
-0.690984
-0.0726727
-1.02213
-1.02213
-0.468571
-1.05974
-1.05974
-1.05974
-0.575927
0.229814
-0.761524
-0.777795
0.0788595
-0.447647
-0.695793
-0.675503
-0.783347
-0.783347
0.0206761
-0.55175
-0.512363
-0.946476
-0.946476
-1.15306
-1.15306
-0.783715
0.171688
0.956865
0.956865
0.299389
-0.64023
-0.64023
-0.2747
0.569773
0.569773
-0.267722
0.693425
0.693425
-0.0929097
-0.991794
-0.420986
0.0737339
0.207883
0.147574
0.384315
1.18221
1.18221
1.19358
1.19358
1.19358
0.832388
0.832388
0.832388
0.832388
-0.0684057
0.809843
0.809843
0.508386
1.09332
1.09332
1.09332
1.09332
1.09332
0.761984
0.761984
-0.00266425
0.35224
0.159563
-0.149514
0.125142
-0.279872
0.516844
1.13009
0.960163
0.24338
0.334124
0.536704
0.850855
0.850855
1.41974
1.41974
0.969854
0.306206
-0.56524
0.292597
1.21844
1.21844
0.571983
0.675285
0.675285
0.675285
0.626479
0.18551
0.282131
-0.512086
-0.146618
-0.285587
0.408236
-0.175723
-0.362447
-0.687633
-1.35701
-0.386609
-0.43063
-0.43063
-0.417457
-0.712521
-0.204507
0.557146
0.827324
0.827324
0.12665
0.841702
1.61805
1.61805
1.26625
1.26625
0.991095
0.991095
1.35701
1.04115
1.04115
1.04115
0.345539
0.44406
-0.307042
-0.645757
-0.572705
-0.115245
-0.269721
-0.176434
-0.785641
-0.785641
-0.377516
0.401218
-0.0950161
-0.130913
-0.778987
-1.03517
-0.845433
-1.47088
-1.59448
-1.06553
-0.981113
-0.981113
-0.981113
-0.981113
-0.981113
-1.0979
-1.0979
-0.114909
-0.503273
-0.805911
-0.391544
0.261301
0.396578
-0.256246
-0.766799
-0.743982
-0.724713
-0.675943
-0.675943
-0.620643
-0.620643
-0.620643
-0.798713
-0.217629
-0.441697
-0.441697
-0.441697
-0.347983
-0.43906
-0.792678
-0.701768
-0.701768
0.102038
0.658987
0.621463
0.621463
0.190066
0.325957
1.1735
1.36668
1.36668
1.43217
1.43217
1.43217
1.43217
0.611305
1.24343
0.864988
0.864988
0.864988
0.864988
-0.030744
0.202158
0.681139
0.498209
0.93798
0.93798
0.635868
1.35763
1.40938
1.47037
0.488542
-0.106841
-0.618906
-0.561204
-0.994996
-0.994996
-0.994996
-1.50866
-1.50866
-1.58857
-1.43977
-1.26727
-1.34385
-1.35123
-1.35123
-1.35123
-1.57606
-1.03486
-0.61704
-0.61704
-1.20072
-1.27961
-0.599801
-1.25782
-1.25782
-1.25782
-0.960592
-1.23286
-1.23286
-1.23286
-0.460647
-0.949213
-0.949213
-0.322801
-0.293178
0.596359
0.208248
-0.446835
-1.10684
-1.10684
-1.0587
-0.0694254
-0.382516
-0.500088
-0.565235
0.170201
0.313508
0.66908
0.483166
-0.100379
-0.470406
-0.30261
-0.730409
-0.730409
-0.730409
0.176512
-0.400826
-1.00698
-0.65209
-0.65209
-0.809057
-0.689184
-1.16875
-1.16875
-1.16875
-0.500429
-0.500429
-0.991808
-0.693947
-0.471246
0.212457
-0.336607
-0.961492
-0.994344
-0.994344
-0.433736
-0.825055
-0.825055
-0.852717
-0.852717
-1.18861
-1.18861
-1.18861
-0.816892
-0.201825
-0.52893
-0.52893
-0.38122
-1.03668
-1.60331
-1.15116
-0.472089
-0.680208
-0.384314
0.542436
0.748238
0.748238
0.0788921
-0.451224
-1.43843
-1.03418
-0.684022
-0.684022
-1.22182
-1.22182
-0.277733
-1.17256
-0.431071
-0.815666
-0.836655
-0.806759
-0.255654
-0.681327
-0.681327
-0.681327
-0.681327
-0.681327
-0.681327
-0.681327
-0.681327
-0.681327
-0.641008
-0.641008
-0.641008
-1.22109
-1.53968
-1.53968
-1.53968
-1.53968
-1.53968
-1.02168
-0.910576
-0.910576
-1.14339
-0.539771
-0.539771
-0.0620125
-0.338062
0.204386
-0.450473
-0.450473
0.127856
-0.714804
0.175929
1.042
1.042
1.06494
1.06494
1.65016
1.29402
1.29402
1.40292
0.780278
0.780278
0.366223
0.689791
0.689791
0.504359
0.0876179
-0.38386
-0.38386
-0.51361
0.258614
1.10504
1.38351
1.44615
1.30881
1.30881
1.30881
1.30881
0.743098
0.743098
0.759111
0.759111
1.07988
1.07988
1.07988
1.07988
1.33462
0.598433
1.16625
1.16625
1.16625
0.30059
0.510864
0.30376
1.20477
1.05653
1.05653
1.05653
1.05653
1.29857
1.29857
1.29857
0.630882
-0.0509758
0.534502
0.534502
1.36475
1.70601
1.01559
1.01559
1.01559
0.280528
0.687112
0.687112
1.05205
0.493892
0.883044
0.883044
0.759587
0.947875
0.947875
1.47306
0.584436
0.584436
0.584436
0.829358
0.829358
1.13511
0.405494
0.731112
0.463373
1.2507
0.690227
-0.06031
-0.920268
-0.920268
-1.3962
-1.04643
-1.04643
-0.309972
-0.945832
-0.0854674
-1.06182
-0.45869
0.297547
-0.612497
0.154641
0.743377
0.743377
1.03052
1.03052
0.942074
1.13634
0.675189
0.722516
1.02236
0.149339
1.09683
1.40386
1.40386
2.06399
2.06399
1.49543
0.550235
0.513048
0.582798
-0.309065
-0.822299
-1.57058
-1.36536
-1.36536
-1.36536
-1.38826
-0.497465
-0.506417
-0.152902
-0.863306
-1.03242
-1.03242
-0.736562
-0.214105
-0.624041
0.221068
0.74445
0.74445
0.379248
0.822532
0.987564
0.987564
1.08778
1.08778
0.433888
0.196587
-0.530274
-0.0763934
0.109812
-0.636324
0.298874
-0.451975
-0.283109
-0.782489
0.204431
0.682971
0.0476345
0.279194
-0.544558
-0.833933
-0.833933
-0.542602
-1.26044
-1.26044
-1.17446
-1.70545
-1.70545
-1.95624
-1.13191
-0.480373
-0.480373
-1.3288
-0.557303
-1.18463
-1.18463
-1.41745
-0.490956
-0.0420244
-0.396619
-0.302522
0.119746
0.260018
0.108549
0.912929
0.912929
0.0569762
-0.0122862
-0.0134174
0.428577
1.15578
1.19556
1.51687
0.580945
0.00349999
-0.680971
-0.680971
-0.551269
0.409821
0.247974
-0.336235
0.212192
-0.304286
-0.261983
0.439032
-0.32829
-0.758147
-0.759207
-0.77078
-0.404747
-0.404747
-0.411185
-0.411185
-0.460824
-0.569802
-0.587789
-1.21501
-1.0039
-0.241121
0.541282
0.866269
0.646032
0.667753
0.667753
1.61343
1.65082
1.68807
1.00946
0.86988
0.462965
-0.351879
-1.27774
-1.04426
-1.04426
-0.419178
0.0911792
-0.107975
0.230158
-0.700771
-0.00675552
-0.977046
-0.121795
0.0486257
-0.267712
-0.626719
0.125431
0.0333319
-0.504069
-0.504069
-1.09688
-0.885361
-0.427683
-0.794891
-1.31518
-1.24299
-0.616635
-1.04781
-1.04781
-0.549188
-0.549188
-0.549188
-0.563873
0.367293
0.54293
0.54293
0.748289
0.841065
0.535088
0.535088
0.186301
-0.0594384
0.74826
0.74826
0.361106
-0.127647
0.713004
-0.153528
-0.702273
-0.285379
-0.128273
-0.621723
-0.621723
-0.621723
-0.621723
-0.621723
-1.0305
-0.354035
0.0800267
-0.00269365
-0.207301
0.28831
0.154838
-0.73117
-0.73117
-0.947182
-0.947182
-0.561587
-0.284159
0.367509
0.367509
0.781559
0.388272
-0.414706
-1.11432
-0.502201
0.356151
0.0358419
-0.705629
-0.782501
-0.782501
-0.622901
-1.16555
-0.947309
-0.428985
0.356781
1.10996
0.317239
0.317239
0.317239
-0.623317
-0.623317
-0.611006
-0.611006
-1.13968
-0.298042
0.0965698
-0.588628
0.303856
1.19678
0.693196
1.57495
1.57495
1.57495
1.57495
1.17154
0.761648
-0.171613
-0.386809
-1.37789
-1.06739
-1.06739
-0.735803
-0.735803
-0.735803
-0.735803
-0.735803
-0.647933
-0.647933
-0.500228
-0.929865
-1.33934
-0.864314
-1.18737
-0.7851
-0.7851
-0.7851
-0.798723
-0.798723
-1.52622
-0.668127
-0.668127
-0.0646504
-0.820275
-0.183368
0.238192
-0.634495
-0.912997
-1.32533
-1.39912
-1.39912
-0.825338
-0.966191
-0.966191
-0.367478
-0.367478
0.410856
0.410856
-0.0294214
-0.32344
-0.69361
-0.268501
0.385222
1.05796
1.05796
0.216542
-0.403682
-1.28493
-1.28493
-0.640644
-0.136144
0.638981
0.638981
1.36847
0.977614
0.126204
-0.224839
-0.725456
0.0726769
-0.0762892
0.655518
0.655518
0.655518
-0.337261
-0.170709
0.634301
0.264583
-0.275776
-1.00161
-1.85245
-1.62232
-1.26189
-0.940387
-1.37961
-0.604225
-0.867738
-0.867738
-0.867738
-0.867738
-1.13298
-1.78005
-1.69703
-1.173
-0.671784
-1.12344
-0.628721
-1.6127
-1.6127
-1.32485
-0.934622
-0.416498
-0.699896
-0.675523
-1.27243
-0.664059
-0.347384
0.457105
1.31471
1.31471
0.379295
0.275534
0.968813
1.2525
1.2525
1.2525
1.2525
0.940145
0.34492
-0.225527
0.385664
0.385664
-0.32422
-0.525997
-0.525997
-0.525997
-0.644735
-0.644735
-0.366335
-0.324946
-0.96974
-0.616377
-0.616377
-0.616377
-1.17323
-1.17323
-1.17323
-0.471412
0.229071
0.793633
1.2712
1.2712
1.2712
0.709969
0.709969
0.0260232
0.613919
0.613919
0.613919
0.290267
0.0801131
0.545829
0.37753
1.14815
1.22043
0.450304
0.20555
0.389029
-0.321858
0.463058
-0.0503524
-0.210431
0.601664
0.493093
0.641461
0.231915
-0.277515
-0.188956
0.429168
0.515935
0.880231
1.24859
1.59604
1.59604
0.850482
0.782387
0.782387
0.878954
0.107895
0.462171
1.02768
1.02768
0.962272
0.850495
0.30224
0.238181
0.147382
-0.689327
-0.689327
-0.450691
-0.450691
-0.450691
0.281932
0.00822667
-0.739409
-0.739409
-1.42199
-1.42199
-1.42199
-0.426253
-0.478466
-1.25545
-0.917974
-0.917974
-0.832888
-0.832888
-0.832888
-0.832888
-1.49257
-1.20166
-1.20166
-1.20166
-1.20166
-1.20166
-0.947692
-0.438589
0.331419
-0.502071
-0.502071
-0.767989
-0.542801
-0.933615
-0.384891
-1.22034
-0.754346
-0.356484
-0.536615
0.224397
1.13518
0.608908
0.608908
0.608908
1.02489
0.377331
0.666845
0.666845
0.666845
0.386381
-0.3621
-0.580783
-0.673305
-0.673305
-0.673305
-0.673305
-1.44105
-1.44105
-1.46468
-1.46468
-1.46468
-1.46468
-0.804538
-0.696285
-0.696285
-0.696285
-1.10875
-0.282042
0.319239
0.476552
0.481191
0.481191
1.36117
1.26616
1.21688
0.841245
1.03214
1.03214
0.378556
0.699758
0.699758
0.699758
1.49097
0.935015
1.42884
0.830341
1.30286
1.30286
1.30286
1.30286
0.887946
0.887946
0.720751
0.650878
1.43118
1.32352
1.03437
0.74427
1.15534
1.0582
0.205224
0.340543
0.0498321
-0.675965
-1.27221
-1.27221
-0.743515
0.0656407
-0.898733
-0.594044
-0.686903
-0.71579
-0.71579
0.109525
0.558024
-0.201369
-1.12312
-1.12312
-0.727788
-0.727788
-0.727788
-0.303198
-0.0435282
-0.955838
-1.00753
-1.60314
-1.60286
-1.60286
-0.756461
-0.756461
-0.775498
-0.775498
-0.940836
-0.427638
-0.112216
0.580161
0.972247
0.418398
1.11881
0.993863
0.681036
0.956661
1.41663
1.49466
0.518532
0.174484
0.443983
-0.397781
0.404175
0.765359
0.765359
1.12015
1.12015
1.17858
1.49593
1.0716
0.333388
1.10501
1.10501
0.885051
0.436148
0.508006
0.858668
0.818052
1.56547
1.31104
1.31104
1.30885
1.29887
0.830221
0.535199
0.129468
0.364754
0.84601
0.244941
-0.298285
0.578144
1.17036
0.283175
0.414228
0.511641
1.07968
1.2279
1.33129
0.833472
0.745759
0.745759
0.965523
0.0844949
-0.898263
-1.61314
-1.62233
-1.05938
-1.55546
-1.69867
-1.69867
-1.74946
-0.966451
-0.414526
-0.970287
-0.888677
-1.24231
-0.536041
-0.917497
-0.917497
-1.25375
-1.41352
-1.41352
-1.24994
-1.00097
-1.00097
-0.175752
-0.358521
-0.883646
-1.81116
-2.08947
-2.08947
-2.03342
-2.03342
-2.09628
-2.09628
-1.71294
-1.71294
-1.71294
-1.38232
-1.29853
-1.29853
-1.29853
-1.18495
-0.890252
-0.952154
-0.139304
0.654504
1.33463
1.33463
1.33463
0.752119
0.935415
0.374001
1.07854
1.2381
1.2381
1.2381
0.662182
0.0252597
-0.718561
0.222623
0.849801
1.3307
0.802781
1.09876
1.09876
1.09876
1.09876
1.09876
1.09876
1.86614
1.86614
1.05531
0.538342
0.690895
0.690895
0.690895
0.263329
0.263709
0.12155
-0.251469
0.546151
0.951237
0.942011
0.145744
-0.505026
-1.39989
-1.58485
-1.5154
-1.10204
-1.10204
-0.338004
-0.412366
-0.782369
-0.782369
-0.129499
-0.868334
-1.28661
-1.28661
-1.28661
-1.28661
-1.28661
-1.28163
-1.21971
-1.39246
-1.39246
-1.54687
-1.20029
-1.20029
-1.16074
-1.33493
-0.496254
-0.525474
0.444315
0.198373
-0.201229
-0.884483
-1.2471
-0.785588
-0.656917
-1.61996
-1.25371
-1.19545
-0.944655
-0.944655
-1.35151
-0.632846
-1.43418
-1.43418
-1.43418
-1.46348
-1.46348
-1.11147
-0.298844
-0.151292
-0.0227622
0.585501
0.276671
-0.254881
-0.432753
-1.09273
-1.09273
-0.943527
-0.943527
-0.900647
-0.348583
-0.348583
-0.286205
-0.339719
-0.348919
-0.184673
0.482087
0.482087
1.21076
1.12712
0.218819
1.05847
0.15109
0.110246
0.525402
0.580789
0.205037
0.313482
0.661107
0.406614
0.333955
0.359516
0.734469
0.890306
0.307158
0.729311
0.729311
0.729311
0.729311
-0.162489
0.439517
0.191727
0.312753
0.623839
0.623839
0.623839
0.506967
1.38413
0.688838
1.01927
0.623571
0.899443
0.899443
0.899443
0.899443
0.899443
0.899443
0.899443
0.598632
0.193271
0.211222
0.67228
1.08301
1.08301
1.26369
0.788944
1.34015
1.34015
1.34015
1.41029
1.34163
1.34163
1.09308
0.674008
1.0177
0.868734
0.868734
0.137648
-0.112306
-0.866068
-0.866068
-1.05125
-0.511416
-0.29409
-1.00667
-1.00667
-0.47625
-0.0721521
-0.876133
-0.876133
-1.09333
-1.5384
-1.5384
-1.5384
-1.7051
-1.7051
-1.13601
-0.741178
-0.146826
0.178855
-0.367943
-0.502013
-0.547151
-0.547151
-0.547151
-0.547151
-0.547151
-0.373186
0.157086
-0.257046
-0.357637
-0.204118
0.000726147
-0.590742
-0.280659
-0.280659
0.230528
0.375662
-0.497198
-1.17984
-1.17984
-1.51956
-0.588365
-0.274927
-0.345516
-0.926673
-0.926673
-0.926673
-0.926673
-0.669355
-0.877263
-0.877263
-0.734083
-0.734083
-0.143483
-0.508352
-0.96729
-0.96729
-0.96729
-1.37197
-0.705313
-0.40442
0.0169857
-0.0119857
0.571866
0.967686
0.670842
0.580481
-0.147197
-0.800237
0.0970136
0.170079
-0.56948
-0.56948
-1.06571
-0.794053
-1.03883
-0.855587
0.0937726
-0.765944
-0.765944
-0.154639
-0.733522
-0.566299
-1.31658
-0.811996
-1.20702
-1.20702
-0.418456
0.554429
0.554429
1.1268
1.11616
1.11616
1.21487
1.21487
1.20654
1.20654
0.512147
0.512147
-0.0873932
-0.366554
0.517525
-0.0868786
0.854701
0.179534
0.877979
0.665355
0.0854534
1.03231
1.21806
1.21806
0.641825
0.794459
-0.131401
0.065245
0.994284
0.684174
0.684174
0.527897
0.334784
0.849246
1.09508
0.178218
0.368545
0.595287
0.911937
0.710074
1.46574
1.47798
1.76557
1.17346
0.357546
-0.591196
0.21369
-0.621993
-0.211726
-0.852979
-0.852979
-0.799422
-0.799422
-0.662941
-0.662941
-0.921471
-1.49853
-0.532724
0.412327
1.22382
1.50638
1.0467
0.886429
0.362964
-0.394669
-0.260843
-0.892267
-0.892267
-0.892267
-1.27196
-1.29862
-1.29862
-1.26209
-0.653862
-0.465831
-0.465831
-0.372626
-0.249449
-0.538429
-0.538429
-0.893865
-0.893865
-0.744758
-0.744758
0.198941
0.613713
0.613713
0.963596
0.911909
0.627302
-0.258618
0.640132
0.219646
0.335609
-0.586531
-0.311176
-0.256975
-0.734947
-0.734947
-0.734947
-1.04439
-0.63417
-0.63417
-0.482488
0.19352
1.10782
0.80757
0.80757
0.80757
0.80757
0.455649
0.811984
-0.0788069
-0.432337
0.377406
0.435987
0.689171
0.689171
0.392124
0.345115
-0.467389
-0.629973
-0.797023
-1.29515
-1.29515
-0.343132
-0.292719
0.293965
-0.0939451
-0.560759
-1.09092
-1.09092
-0.103611
0.290032
-0.489504
-0.466266
-0.466266
0.295241
0.7499
-0.173912
0.237392
0.269557
0.585622
0.934226
0.287507
1.13138
1.13138
1.13138
1.37995
1.37995
0.722707
0.722707
0.722707
1.45349
1.45349
0.903206
0.158987
0.284134
0.284134
0.834841
0.834841
-0.0392636
-0.650282
-0.182194
-0.0795409
0.440002
0.802554
0.802554
0.691263
0.855736
0.664619
1.00719
0.178881
-0.281944
0.447595
0.447595
0.0554395
-0.53251
-0.478657
0.454072
-0.151261
-0.56131
-1.3413
-0.76081
-1.46795
-1.51925
-1.51925
-1.53385
-1.51722
-1.1973
-0.379807
0.225391
0.308699
-0.386663
-0.551149
-0.484335
-0.484335
0.220817
1.08786
0.7172
0.89657
-0.0906256
0.537315
1.43414
1.43414
1.43414
1.31192
1.13395
0.517566
0.0615275
0.583641
0.18451
-0.312713
-0.672682
-1.43155
-1.43155
-1.43155
-1.04152
-0.675004
-0.675004
0.254314
0.149511
-0.344882
0.644554
1.31203
1.31203
0.62647
0.848016
0.848016
1.50037
1.34879
1.34879
1.30761
1.07011
1.142
0.987228
1.71787
1.71787
1.71787
1.71787
0.786482
0.302025
0.730587
0.730587
-0.06598
-0.362405
-0.406183
0.269293
0.316984
0.807715
0.807715
1.44549
1.44549
1.44549
0.481145
0.729242
0.729242
1.04523
0.853136
0.853136
0.640092
0.304168
0.699073
1.68668
1.8754
1.00275
1.00275
1.00275
1.4841
1.36209
0.532271
0.796002
0.321819
-0.551046
0.393573
0.977466
1.39648
0.899185
0.899185
0.161539
-0.288007
-0.872707
-0.453256
0.519098
1.026
1.026
0.685381
0.685381
0.257455
1.11708
0.927476
0.608663
0.608663
0.0693996
-0.451994
-0.451994
-0.854337
-0.0839742
0.574332
0.110602
-0.456711
-0.352342
-0.352342
-0.352342
0.338481
0.483364
0.483364
0.545928
0.382342
0.59255
0.94037
0.60066
0.28878
-0.463117
-1.20624
-0.617874
-0.815622
-0.813821
-1.77502
-1.77502
-1.77502
-1.48085
-1.11701
-1.63096
-1.63096
-1.63435
-0.768658
-1.38602
-0.857179
0.137962
0.797962
0.797962
0.797962
0.797962
0.485712
0.503051
-0.327449
-0.585307
-0.284453
0.347053
-0.273257
-0.507308
-0.507308
-0.444275
-0.952704
-0.767871
-0.767871
-1.53386
-1.57823
-1.57823
-1.17188
-1.29136
-1.29136
-1.31674
-1.22393
-0.619286
-0.69203
-0.415792
-0.415792
-0.415792
-0.628048
-1.19074
-1.19074
-1.19074
-1.19074
-1.33522
-0.660239
-1.15066
-0.315018
0.625868
0.625868
0.801299
0.484021
-0.322703
-0.0680942
-0.614962
-1.11218
-0.388277
-0.366729
-0.521526
0.244758
0.85258
0.577613
0.406108
0.514507
0.464774
-0.295566
0.455321
-0.0840254
0.086846
0.132743
0.758865
1.24863
1.24863
1.24863
0.495433
-0.487883
-0.888061
-0.11763
0.351596
0.780241
0.833353
0.526179
-0.39161
0.170265
0.0856818
0.0154381
-0.628715
-1.50623
-0.648389
-1.1831
-1.00861
-0.580738
-0.450334
-0.601735
-1.00966
-1.00966
-1.1035
-0.403828
-0.697502
-0.463952
-1.22912
-1.22912
-0.297041
0.610829
-0.0643251
-0.27152
-1.20904
-1.59465
-0.851047
-0.851047
0.0894749
0.240595
-0.637156
-0.637156
-1.51538
-1.02673
-0.954831
-0.869852
-0.276801
0.681
0.945725
0.0883516
-0.491682
0.259398
0.263518
0.263518
0.393924
-0.0274333
-0.922974
-0.866733
-1.16771
-0.882958
-0.361007
-0.829177
-1.64733
-1.32706
-0.402865
-0.686129
-0.686129
-0.686129
-0.428939
0.29968
0.473166
0.473166
-0.162274
0.226043
-0.448912
-0.448912
-0.613962
-0.613962
-0.613962
-0.444029
-0.944476
-0.932463
-1.07829
-1.07829
-0.705419
-0.705419
-0.705419
-0.803059
-0.803059
-0.803059
-0.0206134
-0.378407
-0.976459
-0.545338
-0.545338
-0.687285
-1.25556
-0.887356
-1.14419
-1.14419
-1.14419
-0.531442
-0.903596
-0.206448
-0.595898
-0.183901
0.67889
0.67889
0.404787
0.325692
0.690633
1.51242
1.51242
1.51242
0.965432
0.965432
0.617941
0.92818
-0.0362973
-0.0613169
0.749766
0.193738
-0.591843
-1.29623
-1.29623
-1.42159
-1.13088
-0.77801
-0.77801
-0.887844
-0.887844
-0.999579
-0.999579
-1.03141
-0.0544703
0.566593
0.31297
1.25885
1.25885
1.28131
1.2129
1.2129
1.02451
0.250165
0.456357
0.869159
0.393787
0.122759
-0.279977
-0.66914
-1.16919
-0.779669
-0.779669
-0.380882
0.455107
-0.375786
0.521658
0.521658
-0.169747
-0.985191
-0.666236
-1.09457
-0.541285
0.287664
0.862413
0.862413
-0.0259845
-0.955489
-0.955489
-1.63445
-1.63445
-1.63445
-1.01368
-0.370737
0.553815
0.844661
0.74002
0.70862
0.70862
0.648249
0.0143725
0.96584
0.96584
1.48252
0.966115
1.13388
0.584227
0.584227
-0.236205
-0.530875
-0.435178
-0.306357
-1.14133
-1.14133
-1.21667
-0.429745
-0.387782
-0.387782
-0.243665
-0.714542
-0.555703
-0.555703
-0.809761
-1.05635
-1.05635
-1.10595
-1.10595
-0.234582
-1.00459
-0.669031
-0.915463
-0.00134376
0.587913
0.587913
0.587913
0.190434
1.11504
0.417149
0.618886
0.618886
0.618886
0.465252
0.609103
0.813984
1.04879
1.05976
1.59387
1.59387
1.59387
1.59387
1.59387
1.12367
1.12367
1.12367
1.01238
1.12204
1.12204
0.177283
-0.399238
-0.285671
-0.264779
-0.974242
-1.12559
-1.12559
-1.12559
-1.11529
-1.35487
-0.488751
-0.488751
-0.488751
-0.534399
0.259472
0.875446
0.875446
0.642345
0.642345
-0.0922916
0.0514974
-0.455673
-1.02379
-0.380866
-1.23876
-0.756467
-0.504252
-0.504252
-0.504252
-0.424485
0.436461
0.436461
0.635824
0.886449
0.886449
-0.00934308
0.620224
1.1701
1.1701
0.843434
-0.109605
-0.0886552
0.508531
0.938571
0.938571
1.60982
1.60982
1.60982
0.926215
0.28081
0.413578
-0.346609
-0.590086
-1.39073
-1.73736
-1.9006
-0.99036
-0.835602
-0.835602
-0.534525
-0.94496
-0.158782
0.576703
1.25037
0.260886
0.395056
0.111091
0.643982
0.643982
0.643982
0.643982
1.39214
1.47302
0.509432
0.763218
0.763218
0.869008
0.662273
0.662273
0.662273
0.165689
-0.207803
-0.33829
-0.259518
0.386562
-0.144956
0.261533
0.261533
0.75202
1.21849
0.619634
0.73833
1.10141
1.10141
0.471944
0.299306
0.299306
0.790615
0.790615
0.790615
1.24114
0.729731
0.729731
0.729731
0.411458
0.812756
0.372697
0.699221
0.420844
0.0387352
-0.329268
0.665272
-0.000890928
0.885046
0.0882466
-0.580009
-1.1136
-0.45346
-0.547073
-1.27089
-0.824698
-0.824698
-0.0245711
-0.359042
-0.767001
-0.813598
-0.0285611
-0.212399
0.322691
0.897609
0.897609
1.76809
1.95474
1.43293
1.10759
1.10759
0.179175
0.257196
0.860502
0.860502
0.507957
0.186166
-0.141503
-1.04827
-1.79132
-1.79132
-1.79132
-1.79132
-1.79132
-1.79132
-1.34316
-1.34316
-1.1449
-0.780556
-0.780556
-0.780556
-1.63568
-1.63568
-1.63568
-1.63568
-1.51102
-2.28357
-1.64301
-1.64301
-1.25749
-1.42157
-1.28455
-1.42477
-1.13959
-1.2388
-0.305967
-0.287113
-0.93109
-0.8093
-1.12506
-0.658968
-0.490488
-0.467893
-0.670494
-0.0998528
-0.588504
-0.83853
-0.70903
-0.819357
-1.13411
-0.889199
-0.326454
-0.463433
-0.463433
-0.671675
-0.899006
-0.480502
0.473348
0.108219
0.210215
0.276516
-0.507238
-0.346165
-1.18001
-0.748356
-0.748356
-0.66881
-1.01241
-1.01241
-1.58237
-1.49277
-1.49277
-1.65217
-1.33151
-1.33151
-0.534315
-0.51163
-1.11616
-1.11616
-1.11616
-1.11616
-1.0926
-0.731235
-0.814657
-0.814657
-0.814657
-0.744051
-0.197952
-0.506865
-0.774849
-0.774849
-1.13657
-1.13478
-1.55676
-0.882517
-1.02637
-0.596148
-0.249787
0.45405
0.99256
0.826013
0.826013
-0.0791105
-0.381069
-0.324056
-1.09162
-1.09162
-1.09162
-1.09162
-1.09162
-0.941811
-0.941811
-0.941811
-0.941811
0.0527094
0.61721
1.27463
1.17754
0.743188
0.743188
0.743188
0.758463
0.457485
-0.292409
0.579071
0.579071
0.579071
0.579071
1.29361
1.29361
1.29361
1.39152
1.39152
1.1576
0.559708
0.422432
0.307176
0.906828
0.370986
0.370986
-0.449991
-0.109456
-0.652584
-0.450003
-0.450003
-0.450003
0.235695
0.612209
0.979279
0.979279
1.22582
1.22582
1.22582
1.22582
1.22582
0.58528
0.58528
1.43821
0.465281
-0.0459381
0.232937
-0.286028
-1.21722
-0.511962
-0.511962
-0.511962
-1.1061
-1.1061
-0.267277
-0.0621269
-0.363419
0.199771
-0.00947749
-0.607016
-0.0940194
-0.33
-1.11535
-0.273753
-1.03315
-0.784794
-0.394332
-0.0454145
-0.517899
-0.612417
-1.1981
-1.1981
-0.424882
-1.26768
-1.38702
-0.605722
-0.605722
-0.605722
-0.286579
-0.300469
-0.378597
-0.378597
-0.671919
-0.819321
-0.809579
-0.306644
0.689616
0.689616
1.40589
0.912473
0.262571
1.18566
0.289204
0.574615
1.21042
1.62212
1.35536
1.05452
1.05452
1.05452
1.20078
1.82816
1.20669
0.978595
0.978595
0.929357
0.244599
0.0861113
0.0702102
-0.449755
-1.15044
-0.593769
-1.14071
-1.14071
-0.6474
-0.842943
-0.837686
-0.837686
-1.0252
-0.866795
-0.866795
-0.513369
-1.18505
-0.506747
0.0835492
0.939358
1.70355
0.891846
0.401637
-0.129229
-0.0224502
0.521715
-0.435447
0.304816
-0.217366
-0.289407
0.319743
-0.168453
-0.511451
0.349105
0.865178
0.865178
-0.117
-0.716953
-0.00832406
-0.65721
-0.65721
-0.65721
-0.206449
-0.694817
-0.757094
-1.05873
-1.05873
-0.633365
-0.585149
-1.21768
-1.17737
-0.751907
0.0259462
-0.755926
-0.563343
-1.44618
-1.44618
-1.02439
-1.02439
-1.02439
-1.44591
-1.44591
-1.44591
-2.02206
-1.04576
-0.93933
-0.113141
0.597181
0.271129
1.08856
1.08856
0.40169
0.126263
0.590866
0.641205
-0.255836
-0.222415
0.458905
0.661544
-0.183734
-0.808182
-0.808182
-0.808182
-0.808182
-0.808182
-0.461312
0.222623
-0.15885
-0.479977
-1.03934
-0.324206
-0.181883
0.40934
0.928433
0.928433
0.358385
1.21553
0.788863
-0.117456
-0.726653
-0.792397
-0.428363
0.168844
0.541915
0.541915
-0.220219
-0.687497
-0.687497
-0.0988547
0.878706
0.326558
0.326558
0.737
0.737
0.737
0.737
1.27199
1.27199
0.44208
1.40459
1.40459
1.40459
1.69762
1.3741
1.16167
1.33397
0.591917
0.591917
0.18054
0.447307
-0.40234
-0.781982
-0.783
-0.783
-0.929323
-0.929323
-0.829214
-0.458784
-1.4286
-1.4286
-0.692113
-0.692113
-0.419544
0.534955
0.713724
0.713724
0.713724
0.439774
0.135315
-0.625275
-0.500162
0.249924
0.182058
0.150653
0.661604
-0.301491
-1.18521
-1.18521
-1.18521
-0.605057
-0.248792
0.239969
-0.650538
-0.533719
-0.865273
-0.568589
-0.568589
-1.11463
-0.24755
-0.769247
-0.311777
0.6687
0.739171
0.739171
0.739171
-0.188825
-0.865234
-0.865234
-1.14619
-1.14619
-1.43786
-0.80722
-0.492408
-0.700847
-0.700847
0.267652
-0.227901
-0.01156
0.508195
0.592554
1.527
0.66393
1.09743
0.220404
0.220404
-0.443434
-1.03398
-0.529369
0.375254
0.620188
1.04969
0.723868
0.723868
0.94754
0.408513
-0.462236
0.325454
0.961875
0.961875
0.961875
0.662567
0.521768
-0.267413
0.428555
0.229181
0.933414
0.933414
1.09498
0.979861
0.186292
0.436725
-0.00325599
-0.986197
-0.677781
-1.30476
-1.38487
-1.38487
-0.689712
-0.689712
-0.883891
-0.560932
0.308272
0.630885
0.23349
1.17962
0.701816
0.701816
0.694899
0.694899
0.0433391
-0.407421
0.0849367
-0.836809
-0.836809
-0.605257
-0.427173
-0.483631
-0.973583
-0.872045
-0.713112
-0.0947606
0.375596
0.5628
0.413514
0.970391
0.970391
1.16861
1.16861
1.16861
1.16861
0.872819
0.872819
1.16682
1.75449
0.948436
0.948436
1.10785
1.10785
1.28349
1.28349
1.1934
0.298794
-0.47651
-0.723333
-0.25801
-0.327917
0.428674
1.00823
1.00823
1.24148
0.539584
0.820923
0.725484
1.14098
1.2928
1.2928
1.2928
1.2928
0.887376
0.936023
0.242955
0.882138
1.00381
0.817289
0.0151739
0.602505
0.602505
0.707925
0.0720593
0.917586
0.917586
0.917586
0.0844387
-0.0666553
-0.217938
-1.21239
-1.21239
-1.21239
-0.916488
-0.0935061
-0.927715
-0.429652
-0.426541
-0.332299
-1.27654
-1.41044
-1.41044
-1.51542
-1.23531
-0.593577
-1.49249
-1.49249
-1.13961
-1.27395
-1.80302
-1.02287
-1.02287
-1.02287
-0.351566
-0.407041
-0.336154
0.550822
0.550822
-0.0906322
0.0501198
0.462679
0.983994
0.983994
0.983994
0.983994
0.983994
0.983994
0.483974
0.610274
0.561256
0.504252
0.504252
0.0401408
0.104393
-0.880876
-0.397229
-0.376638
-1.07501
-1.02414
-1.02414
-1.06411
-0.516806
0.164081
-0.335783
-0.940791
-0.334306
-1.21839
-0.372214
-0.409881
-0.439791
-0.439791
-0.971922
-0.602382
-1.49427
-0.864732
-0.864732
-0.864732
-0.389538
0.197623
0.20642
0.941485
0.941485
0.941485
0.979727
1.48052
1.48052
0.982524
0.982524
0.982524
-0.00107055
0.216401
-0.509858
-0.0269469
0.184142
-0.251828
0.0941136
-0.81929
-0.81929
-1.36858
-0.677289
0.0160501
0.363699
-0.213133
0.233182
1.11348
1.11348
0.909628
0.909628
1.5112
1.36352
1.36352
0.973069
0.973069
0.973069
0.212945
1.17978
0.851337
0.851337
0.851337
0.0444987
-0.746536
-0.746536
-0.746536
-0.899129
-0.607469
-1.1536
-1.1536
-1.1536
-1.13165
-1.76663
-1.76663
-1.76663
-1.86874
-1.86874
-1.07215
-1.78219
-1.24197
-0.778713
-0.778713
-0.981769
-0.801043
-0.950232
-1.61233
-1.61233
-0.687449
-1.46004
-1.36546
-0.652581
-0.652581
-0.631923
-0.689439
0.250915
0.172056
-0.228453
0.63632
0.63632
0.399351
0.864354
0.773335
0.773335
0.256914
0.86615
0.550145
0.550145
1.11284
0.127546
-0.416299
-0.0339862
0.193262
0.206823
0.945012
0.945012
0.234302
0.330587
0.872576
1.24747
0.342868
1.09896
0.967557
0.302436
-0.413939
-0.413939
-0.413939
-0.103876
-0.469554
-0.45713
-0.45713
-0.870133
-0.854307
-0.854307
-0.468311
0.245023
0.511105
0.0977275
0.196977
0.334607
1.15052
1.03065
0.948615
0.948615
0.948615
0.373379
0.373379
-0.482041
0.331049
0.467754
0.38071
0.385361
0.00604995
-0.982983
-0.982983
-0.705669
-0.73123
-0.841574
-1.24321
-0.389323
0.41286
0.82452
1.13074
1.13074
0.264298
0.201093
-0.602761
-0.602761
-0.828979
-1.09533
-1.09533
-1.09533
-1.1955
-0.854156
-0.686197
-0.46714
0.226122
0.987753
0.987753
1.14214
1.14214
1.15092
1.15092
1.15092
1.20999
0.750782
1.00481
0.254358
-0.430228
-0.430228
-0.676259
-0.623418
-0.718301
-1.04824
-1.04824
-1.51971
-1.51971
-1.15722
-1.15722
-0.403395
-0.28501
-0.28501
0.343021
-0.469088
-0.469088
-0.469088
-0.469088
-0.605124
-0.605124
-0.602148
-0.182752
-0.872857
0.0046692
-0.190934
-0.945418
-0.0198212
0.330232
-0.594784
-0.677368
-0.572658
-0.0914068
-0.488772
-0.488772
-1.41748
-0.619591
-0.619591
-0.563921
-0.563921
-1.1066
-1.4872
-1.30383
-0.694418
-0.694418
-0.694418
-0.241125
0.329055
0.264543
0.583052
0.369421
-0.564125
-0.399677
-0.666618
0.220931
-0.388011
-0.388011
-0.388011
-0.722566
-0.722566
-1.31054
-1.34552
-0.671173
-0.952528
-0.635119
-0.934702
-0.380385
-0.869548
-0.869548
-0.498594
-0.401218
-0.276611
-0.618803
0.262874
-0.39187
0.338875
1.22684
1.22684
0.25323
0.287114
0.983417
0.983417
0.650653
0.650653
1.0331
1.0331
1.0331
1.0331
0.522231
0.730205
0.219449
-0.527055
0.212834
-0.161335
0.809911
0.678686
0.491454
0.0773693
0.466725
-0.369054
-1.03923
-1.03923
-1.03923
-0.965504
-0.808046
-0.888444
-0.758233
-1.268
-1.31583
-1.32565
-1.32565
-1.32565
-0.474343
-0.357729
-1.17622
-0.177207
-0.879055
-0.879055
-1.1016
-1.1016
-1.1016
-1.1016
-0.271459
-0.0804434
-1.07771
-0.100491
0.285483
0.398515
-0.0292083
-0.954373
-1.43575
-0.666508
-0.987212
-0.987212
-0.346458
-1.13995
-0.936804
-1.77073
-1.77073
-2.03319
-1.70614
-1.75136
-1.28026
-1.28026
-1.47703
-1.47703
-1.47703
-1.33387
-1.33387
-1.33387
-1.33387
-1.18818
-1.18818
-1.18818
-1.18818
-1.18818
-1.54669
-1.66144
-1.66144
-1.66144
-1.37182
-1.37182
-1.40314
-1.64048
-0.705934
-1.655
-1.7141
-2.07008
-1.72767
-0.944709
-1.02178
-0.718242
-0.592185
-0.651264
-0.651264
-0.651264
0.253606
0.464109
0.464109
-0.355041
0.292917
-0.571397
-0.551072
-1.37613
-0.533973
-0.454393
0.431399
0.872386
0.338932
-0.0573716
0.691234
0.982827
0.982827
0.705668
0.705668
0.705668
0.705668
0.705668
0.690077
0.799223
0.445307
0.445307
-0.544577
-0.0404207
-0.284445
-0.0352173
0.488253
0.545167
0.976897
0.45141
0.414654
-0.136993
-0.835051
-1.17232
-1.17232
-1.18031
-1.18031
-1.37833
-1.20119
-1.20119
-0.945701
-0.730317
-0.730317
-0.575891
-0.923783
-0.864137
-0.962278
-0.282333
0.106264
0.993992
0.88035
0.435807
0.366744
0.185621
-0.614868
-0.970508
-0.970508
-0.970508
-0.76058
-0.76058
-1.20589
-0.701428
-0.701428
-0.710763
-0.922069
-0.922069
-0.245502
0.218655
0.948391
0.162057
0.621142
1.11225
0.462912
-0.463435
-0.11322
0.613032
0.995209
0.983326
1.6163
1.6163
1.6163
1.6163
1.37775
1.17387
1.17387
0.978133
0.132271
-0.345732
-1.15753
-1.30736
-1.05304
-1.42395
-1.42395
-1.87607
-1.87607
-1.87607
-1.83624
-1.83624
-1.79824
-1.79824
-1.79824
-1.79824
-1.79824
-1.74711
-1.74711
-1.50338
-1.41942
-0.768306
-0.583081
-0.814372
-0.814372
-0.814372
-0.980852
-1.25557
-1.24642
-1.24642
-0.46935
-0.0437781
-0.56915
-0.637418
-0.487847
-1.10421
-1.10421
-0.231743
0.35345
0.810683
0.799186
-0.0540451
0.38738
1.06079
1.06079
1.06079
0.880327
0.833187
0.167846
-0.596227
-0.357071
0.587093
0.719137
0.719137
0.719137
1.01918
0.708085
0.469636
0.469636
0.469636
0.0685074
1.05321
1.05321
0.538947
0.398317
-0.432734
0.0225578
0.626258
-0.00477269
0.0325174
-0.902228
-0.395837
0.0234651
-0.297201
-0.615548
-0.375605
-0.956497
-0.713545
-0.737629
-0.584833
-0.219722
-0.00202917
-0.0818995
0.906292
0.906292
0.190951
0.0345819
0.469884
0.409994
-0.198834
-0.297993
-1.11204
-1.11204
-1.5949
-1.79974
-1.88466
-1.88466
-1.88466
-1.44108
-1.34207
-1.34207
-0.729184
-0.729184
-0.729184
-0.729184
-0.729184
-1.13073
-0.583556
-0.583556
0.339185
0.243448
0.163132
-0.256753
-0.70654
-0.828572
-0.828572
-0.314964
-0.248216
-0.848221
-0.848221
0.122368
-0.512149
-0.540747
-0.0564757
0.186106
0.456903
0.389036
0.226819
-0.708248
-0.873879
-0.541941
-0.201931
-0.869625
0.095167
-0.582575
-0.457745
0.431166
-0.566644
-0.566644
-0.0944869
-1.02609
-0.868207
-0.801607
-0.61459
0.321061
0.493814
-0.262286
0.719745
0.304955
-0.588577
-1.21191
-1.6102
-1.23212
-1.23212
-0.395038
-0.721938
-0.721938
-0.93147
-0.846622
-1.20837
-1.20837
-0.316289
-1.00156
-0.381171
-0.548823
-0.835157
-0.835157
-1.13882
-1.1631
-0.344021
0.304316
0.304316
0.473688
0.0172754
0.760452
0.067178
0.738191
1.15216
0.452054
0.956605
0.956605
1.06322
0.598649
0.558432
0.110849
0.619368
0.475585
0.905365
0.905365
0.905365
0.431517
0.459062
-0.141782
-0.0976885
-0.436752
0.561694
1.0554
1.16958
1.02436
1.02436
0.950433
0.950433
0.950433
0.950433
0.950433
0.950433
1.70555
1.70555
1.67451
1.67031
0.746639
1.14554
1.14554
1.14554
0.598891
0.807323
0.893009
0.893009
0.521744
1.01783
0.449609
-0.449278
-0.393172
-1.28341
-1.28341
-0.635436
-0.823698
-0.823698
-0.140868
-0.706955
-0.387835
0.409522
0.433998
1.02889
1.52974
0.937427
1.14861
0.287413
-0.525497
-0.525497
0.0903751
-0.872225
-0.872225
-0.799238
0.0961182
1.01677
1.01223
0.732051
0.732051
0.607998
0.951765
0.821388
0.0983285
-0.239175
-1.01454
-0.566063
-0.566063
0.0193666
0.497572
1.25005
0.462125
0.462125
0.462125
0.462125
0.960077
1.21862
1.21862
1.21065
1.21065
1.21065
1.21065
1.21065
0.872557
0.93159
0.171482
-0.650671
-1.42663
-1.42663
-1.63926
-0.920128
-0.850548
-0.75007
-0.75007
-0.754799
-1.59365
-0.805132
-0.250945
-0.117841
-0.578875
-0.812631
-1.07368
-1.07368
-1.69881
-1.69881
-1.08852
-1.08852
-0.662361
-1.17614
-0.464114
0.478386
0.63651
-0.123317
0.180047
0.892209
-0.0266211
0.959346
1.768
1.768
1.01893
0.939894
0.939894
0.939894
0.346958
0.370862
0.760783
0.717332
0.717332
0.195581
0.957955
1.8033
1.96626
1.96626
1.10403
1.23874
1.23874
1.23874
1.51181
1.51181
1.51181
1.51181
0.927182
0.848421
1.61496
1.47056
1.44913
1.44913
1.44913
0.601528
1.25796
0.406231
0.15068
0.874104
1.13622
0.3819
0.0794065
-0.892022
-1.71772
-2.05067
-1.68973
-1.18143
-1.19678
-0.2712
-0.309358
-0.648566
0.13277
0.669243
0.669243
0.669243
0.669243
0.669243
0.358804
0.143178
0.752309
1.39345
1.39345
1.39345
1.89437
0.985443
0.985443
1.29078
0.811193
0.315527
-0.517472
-0.634769
-1.38164
-1.38164
-0.685027
-0.685027
-1.18199
-1.12018
-1.16052
-2.09872
-1.10177
-0.662518
-1.24228
-1.37274
-1.37274
-1.21088
-1.21088
-0.377199
0.141036
-0.197648
0.441064
1.01419
0.637858
1.19513
0.575628
0.739274
-0.148141
-0.148141
-0.106614
0.501924
0.974073
1.12905
0.33913
1.03706
1.03706
0.710202
0.533492
0.533492
0.533492
0.822277
0.55625
0.913487
0.35184
0.595158
1.4774
1.4774
1.10687
1.10687
1.10687
1.10687
0.36487
0.422563
-0.486624
-0.616367
-0.200696
-0.642425
-0.642425
-0.69195
-0.69195
-0.830699
-0.830699
-1.1843
-1.1843
-0.596214
-0.596214
-0.596214
-0.408092
-0.914612
-1.34483
-0.354628
0.514337
0.414511
0.149175
0.426566
-0.539688
-0.487079
-0.775484
-0.156177
-0.415659
0.0441365
0.110032
0.767132
0.77485
0.693844
0.73494
1.55533
0.971141
0.628921
0.525783
0.00140437
0.294007
0.197258
0.921491
1.34934
0.531959
0.715097
0.99541
0.371124
1.13676
0.921539
0.833377
0.833377
0.812795
0.856676
0.856676
1.85492
1.67139
1.17766
1.17766
1.17766
0.282209
0.783863
1.34493
0.898924
0.898924
0.188797
-0.0128259
0.326548
0.702943
0.702943
0.702943
0.702943
-0.063763
-0.123148
0.635706
1.02598
1.02598
1.02598
1.02598
0.3822
0.35462
-0.0427179
-0.323835
-0.923764
-0.447721
-0.792821
-0.792821
-1.17492
-1.17492
-0.940786
-0.954385
-0.989722
-0.882393
-1.49387
-1.32723
-1.44765
-1.36786
-1.30181
-0.406601
-1.03842
-0.819385
-0.819385
-0.819385
-0.819385
-1.36609
-1.36609
-1.05742
-1.05742
-1.05742
-1.05742
-0.652119
-0.665733
-0.665733
-1.2787
-1.2787
-1.2787
-1.2787
-0.631974
-1.16399
-1.37856
-0.423099
0.500087
0.199012
-0.300321
-1.01693
-1.29444
-1.29444
-0.423905
-1.20141
-0.390728
-0.392681
-0.265853
-0.383563
-0.305609
0.607255
-0.265858
-0.847143
-0.847143
-0.847143
-0.0738318
0.685148
1.06312
0.466453
0.824931
1.01758
0.296026
-0.569138
-0.545625
-0.545625
-0.442864
0.25553
0.585405
1.51
0.89389
0.89389
0.769181
0.769181
0.936336
0.0730432
1.01748
1.01748
1.01748
1.01748
1.01748
1.18681
1.18681
1.00786
1.00786
1.00786
1.05178
0.395769
-0.358123
0.408814
1.10525
1.10525
0.665352
0.839812
1.27437
0.916656
0.916656
0.24244
-0.28984
-0.0232824
0.865773
0.865773
0.482432
0.136055
0.129819
0.753221
1.14225
1.14225
0.220897
0.85278
0.546635
0.564587
1.19691
1.19691
1.19691
0.879746
1.14968
1.38629
1.81027
1.15835
1.17043
1.09834
0.995557
1.32343
0.876544
0.876544
0.223007
-0.544861
0.101056
-0.769487
-0.769487
-0.60713
-0.0685897
0.284845
0.284845
0.889755
0.222102
0.701392
0.701392
-0.281474
-1.09223
-0.200305
-0.556584
-0.427777
0.0717738
-0.691813
-0.622572
-1.48868
-1.48868
-1.513
-1.20835
-0.983519
-0.274071
-0.770321
0.208511
0.532539
-0.414913
-0.122798
-0.967618
-1.57319
-1.23593
-1.23593
-1.23593
-0.872355
-0.872355
-0.583895
-0.835807
-0.363122
-0.920889
-0.920889
-0.427414
-0.662571
-1.15265
-1.15265
-1.33511
-1.33511
-1.48994
-1.48994
-1.55595
-1.55595
-1.55595
-1.87729
-1.87729
-1.34955
-0.921189
-0.921189
4.12955e-05
-0.224979
0.180495
0.753734
0.72174
0.695589
0.369107
0.659028
0.561536
-0.317417
-0.94465
0.0394343
0.234283
0.777693
1.23115
0.422923
-0.38078
-0.647303
-0.647303
-0.647303
-1.28537
-0.304907
-1.21192
-0.863166
-0.388679
-0.388679
-0.388679
-0.388679
0.539497
0.855779
0.570505
0.570505
0.697704
-0.20537
-0.735418
-0.321454
-0.146515
-0.566703
-0.681213
-0.346253
-0.0704689
0.173355
-0.269204
0.687717
1.33041
1.33041
1.33041
0.60015
0.799797
0.442555
1.0203
1.04383
1.03319
1.03319
1.50246
1.50246
1.44498
2.3677
1.61464
1.44273
1.44273
1.44273
1.01691
0.640354
1.50412
1.50412
1.50412
1.07186
1.83695
1.83695
1.83695
2.00674
2.00674
1.39106
0.481159
0.517106
-0.445152
-0.540201
0.0775366
-0.290469
-0.984761
-0.763948
-0.973453
-0.973453
-1.17878
-0.700565
-0.4439
0.0746499
0.703545
0.703545
0.205496
0.193672
-0.299211
-1.22033
-1.22033
-1.51348
-0.809862
-0.809862
-0.815787
-0.815787
-0.172732
-0.578967
-0.693166
-1.5015
-1.09281
-1.09281
-0.424278
-0.83912
0.075381
-0.210074
-0.749846
-1.23085
-1.26284
-1.26284
-1.26284
-1.26284
-1.19147
-1.15108
-1.10297
-0.807216
-1.25232
-0.922679
-0.922679
-0.937968
-1.43031
-1.43031
-1.07353
-1.07353
-0.107055
0.292071
0.292071
1.2085
1.2085
1.2085
1.63199
1.27686
1.41057
1.41057
0.612295
0.338523
0.338523
0.423479
1.01424
0.213154
-0.554014
-1.00527
-0.586722
-0.586722
-0.586722
-0.779012
-0.779012
-0.812262
-0.648593
-0.715087
-0.715087
-0.715087
-0.198435
-1.00479
-0.379953
-0.872657
-0.71211
-0.71211
-0.60489
-0.480503
-0.123559
0.0691431
-0.0874295
-0.119084
-0.817693
-0.817693
-0.817693
-1.25654
-0.665159
-0.455726
-0.863561
-0.863561
-0.863561
-0.750241
-0.314655
-1.08344
-1.08344
-0.239235
-1.14941
-1.14941
-1.14941
-0.450813
-0.810935
-1.0211
-1.0211
-0.799007
-0.799007
-0.799007
-0.37512
0.0403141
0.0480235
0.664833
0.664833
0.664833
0.664833
-0.191751
-0.970214
-0.970214
-0.372696
0.022239
1.0222
0.565252
1.21483
0.949433
1.31688
1.36327
0.383041
-0.235363
-0.445024
-1.08555
-1.08555
-1.08555
-1.08555
-1.08555
-0.921773
-0.921773
-0.921773
-1.23476
-1.23476
-1.28103
-0.315201
-0.664239
-0.947016
-1.45779
-1.45779
-0.838666
-0.516715
-0.47533
0.00400577
0.156832
0.15088
0.109078
-0.650928
-0.688058
-0.633767
-0.633767
-0.867503
-1.22204
-0.635731
0.340926
-0.222695
0.396217
-0.411691
-1.22384
-0.858518
-0.858518
-0.858518
-0.50715
0.466895
1.14092
1.12833
1.08607
1.59447
1.59447
1.59447
1.59447
1.59447
1.59447
1.59447
1.36569
0.492441
-0.248771
-0.577772
-0.947891
-1.16401
-0.235927
0.47179
1.12104
0.829502
0.829502
0.107688
-0.511049
-0.511049
-0.657212
-0.125796
0.250038
0.0229409
-0.908201
-0.908201
-1.2574
-0.366316
-0.366316
-0.915126
-0.078501
0.649198
1.08756
0.37002
1.03082
1.03082
0.757422
-0.174272
-1.14709
-1.27314
-1.27314
-1.24637
-0.586497
-0.495656
-0.855484
-1.23024
-1.10868
-1.10868
-0.945147
-0.60011
-0.619462
0.221235
0.392883
-0.439897
0.551888
0.157926
0.568681
0.568681
0.568681
-0.200668
-1.04773
-0.496677
-0.927696
-0.927696
-0.927696
-0.927696
-0.927696
-0.654662
-0.447294
-0.130123
0.306402
0.587078
0.179077
0.623433
0.623433
1.29671
1.4998
1.4998
1.54593
1.53486
1.53486
1.53486
0.687928
0.687928
0.15391
1.12774
1.07505
0.433597
0.885741
0.885741
0.927245
0.927245
0.927245
0.927245
0.348105
0.667853
0.667853
0.604692
0.243628
-0.461042
-1.35624
-1.35624
-1.35624
-1.40856
-1.84955
-0.929279
-0.929279
-0.766048
-0.982682
-0.982682
-0.363291
-0.108767
-0.0414185
-0.632335
-0.632335
0.0155133
0.342388
-0.4905
-0.757056
0.0289133
0.421027
0.513383
0.771357
0.232259
1.20308
1.63577
1.63577
1.63577
1.63577
1.63577
1.63577
1.63577
1.63577
1.63577
1.63577
1.63577
0.823343
0.823343
-0.0379164
-0.659174
-0.888848
-0.888848
-1.04217
-1.24117
-0.874525
-1.02542
-0.494285
-0.209486
0.741429
0.741429
1.00979
0.606721
0.606721
-0.241029
-0.858713
-0.858713
-0.348349
0.00375087
-0.425597
-0.419631
-0.843088
-0.843088
-0.749955
-0.749955
-0.545468
-0.545468
-0.392912
-0.573943
-0.573943
-0.699837
-1.38686
-0.996569
-1.06038
-0.607284
-0.607284
-0.234533
0.719186
0.0267541
-0.76091
-0.893808
-0.893808
-0.0855406
-0.340566
-0.195969
0.665876
0.527987
-0.195417
-0.787004
-1.06438
-1.06438
-0.847491
-0.847491
-0.561074
-0.561074
-1.04938
-1.43615
-1.43615
-0.971752
-1.69658
-1.54417
-1.85043
-1.77767
-0.825383
-0.238198
-0.641932
-0.641932
0.273489
-0.00552227
-0.605736
-0.354648
0.00835623
-0.234683
0.533796
1.21451
1.21451
0.332547
-0.424501
-0.91863
-0.91863
-0.734211
-0.734211
-0.448546
0.426044
-0.00823836
0.344051
-0.479585
0.00799603
-0.345862
-0.883385
-0.124446
0.72542
0.72542
-0.122772
-0.0937798
-0.885683
-0.885683
-1.1166
-0.229456
0.461748
1.0069
1.0069
0.533295
0.533295
0.533295
1.11264
0.409429
0.164198
0.397854
0.193498
0.129549
0.778265
0.165134
0.576385
1.06502
0.276993
0.568525
0.687735
0.481926
0.481926
0.485266
0.485266
-0.404744
-0.404744
-0.204359
-1.2017
-0.961226
-0.299875
-0.213037
0.123544
-0.395716
-0.210719
0.223607
-0.260321
0.478898
0.113549
0.816074
1.02443
1.41306
1.08959
1.01618
1.01618
0.71885
0.562993
0.562993
0.254489
0.423985
0.194615
0.613366
0.688768
1.22079
0.426926
1.05619
0.482885
0.57083
0.57083
0.0288724
0.796853
0.796853
0.796853
0.156885
0.361098
-0.604577
0.307141
1.11575
1.11575
0.748994
-0.169353
-0.443139
0.0940534
-0.35257
-0.340113
-0.297977
-0.041121
-0.858993
-1.169
-0.763984
-0.763984
-0.543637
0.0195772
0.0931121
-0.51947
-1.11241
-1.29278
-1.29278
-0.312568
0.0675611
-0.207198
0.200173
0.575522
0.575522
0.575522
0.575522
1.03668
1.30174
1.0829
1.0829
1.30965
1.30965
1.30965
0.935898
0.935898
1.44291
1.44291
0.970016
0.970016
0.970016
0.347733
0.992454
0.100461
0.159858
0.830947
0.58114
0.0164347
0.784268
0.461618
0.551115
0.432251
0.976947
1.74744
1.61519
1.05854
1.05854
0.193002
0.856062
1.39649
1.43966
1.63535
1.63535
0.692057
0.0946525
0.35581
0.262641
-0.668619
-0.668619
-1.25471
-1.25471
-1.25471
-1.56401
-1.63138
-1.3397
-1.3397
-0.704833
0.137151
0.889742
1.23745
1.41047
1.07554
0.46188
-0.339206
-0.574661
-0.535488
-0.113275
-0.54652
-0.204367
0.366733
-0.263974
-0.884897
-0.989052
-0.841244
-0.562815
-0.385222
0.479818
0.363131
0.512946
0.525849
0.288666
0.261045
-0.690136
0.23304
0.997849
0.997849
0.361624
0.622854
1.05175
0.139399
0.774953
0.774953
1.04536
0.544791
0.0545922
1.02548
0.626701
0.993185
0.602047
0.203719
1.05328
1.39949
0.890953
0.469261
-0.0195835
-0.701665
-0.33734
-1.18038
-0.23967
0.71914
0.71914
0.679264
1.05582
1.05582
0.765425
0.968548
0.968548
1.21893
1.03968
1.03968
1.03968
0.32121
-0.0325149
-0.797479
-1.12169
-1.12169
-1.12169
-1.50925
-0.76043
-0.76043
-0.648168
-0.697466
0.0382952
-0.66786
-1.30771
-0.744057
-0.744057
-0.744057
-0.29334
-0.0194482
-0.272945
-0.623531
-1.48665
-1.48665
-0.576527
-0.576527
-1.20579
-0.374194
-0.837235
-0.837235
-0.837235
-0.837235
-0.542999
0.213373
0.379095
0.406013
0.406013
-0.0287137
0.117622
0.444744
1.23264
0.642335
0.642335
0.490432
0.9045
0.9045
1.12695
1.12695
0.7367
0.795536
0.795536
0.349722
1.16037
1.16037
0.940773
0.705591
0.705591
-0.0816215
0.776243
0.154341
-0.12679
-0.143212
0.692965
0.692965
0.692965
0.692965
-0.156994
-0.769388
-0.769388
-1.13082
-0.591026
-0.0741599
0.865222
1.57606
1.26443
0.909347
-0.00356232
-0.797349
-0.489021
0.188371
-0.00293577
-0.69436
-0.944969
-0.139506
-0.687841
-0.00437454
0.813646
0.84231
0.84231
0.710114
-0.0432565
-0.746727
-0.530846
-0.530846
-0.409664
-1.00086
-1.00086
-0.238196
-0.666229
-0.449899
-0.574991
-0.574991
-1.42154
-1.22945
-1.41099
-1.47456
-1.47456
-1.38038
-1.00474
-1.00474
-1.10768
-1.10768
-1.10768
-0.778198
-0.778198
-0.125846
0.0313899
-0.539746
-0.0739717
0.854654
0.54004
1.2982
1.2982
1.00852
1.00852
1.0726
1.0726
1.388
1.80701
1.44223
1.44223
1.44223
1.44223
1.61525
1.61525
0.997127
0.997127
0.919574
0.749472
1.38549
1.38549
1.13673
0.520381
1.21739
1.08028
1.08028
0.360819
0.93246
0.93246
0.471042
0.471042
1.19047
1.19047
0.975905
0.40591
-0.396478
-0.741721
-1.54297
-0.774137
-0.254332
-0.213243
0.453062
0.804003
1.01189
1.3896
0.612821
0.321511
0.865636
0.865636
0.865636
1.57606
1.57606
1.72303
1.72303
1.72303
0.781306
0.785803
0.0823002
0.628687
0.556115
1.38821
1.47695
0.62951
1.5442
0.897995
0.891173
0.739656
1.31603
1.25772
1.25772
1.25772
1.25772
0.792345
0.242535
-0.0484209
-0.940722
-0.940722
-0.940722
-0.940722
-0.965007
-0.245663
-0.162688
-0.352978
-0.448447
0.174065
1.04383
0.651087
-0.310472
0.247321
0.577923
-0.41269
-0.406407
-0.373616
-0.717315
0.0522667
-0.750658
-0.477352
-1.06282
-0.263676
0.425939
0.917617
0.917617
0.807212
0.658021
0.451747
0.451747
0.841422
-0.138733
-0.939696
-0.939696
-0.939696
-0.717046
-0.78413
-0.78413
-0.78413
-0.78413
-0.827219
-0.390203
-0.390203
-0.0725004
0.565947
1.07311
0.564925
0.564925
0.0835746
0.37529
1.16085
0.489323
-0.189604
-0.269684
0.708958
-0.100561
-0.447928
-0.745728
-0.829526
-0.829526
-0.547917
-1.07037
-1.00077
-1.00077
-1.00077
-0.0311045
0.0954506
-0.414325
-0.414325
-0.413741
-0.794561
-0.244696
-0.949139
-0.823705
-0.847102
-0.165283
-0.107113
-1.01536
-1.13009
-0.82732
-1.52049
-1.0289
-1.0289
-0.968779
-0.968779
-0.968779
-0.486711
-0.159254
-0.884604
-0.884604
-0.077564
0.246225
-0.719316
-1.19273
-1.10214
-0.390886
-0.390886
0.0470281
-0.913285
-0.860113
-0.374101
-1.3683
-1.67592
-1.67592
-0.700443
-0.700443
-1.12508
-0.942794
-0.114189
-1.09984
-1.00776
-1.00776
-1.00776
-1.00776
-1.00776
-1.96497
-1.95486
-1.01817
-1.52384
-1.79433
-1.79433
-1.79433
-1.79433
-1.79433
-1.79433
-1.79433
-1.89348
-1.89348
-1.05796
-1.05796
-1.08959
-1.42376
-1.42376
-0.762837
-0.669653
0.245682
-0.600087
-0.770405
-0.770405
-0.473915
-0.808674
0.15836
0.125043
0.664044
1.11475
1.11475
1.05279
0.789708
0.789708
0.793851
0.775421
0.966629
0.966629
0.938723
0.41603
0.247205
-0.384632
-0.285011
0.211449
-0.281622
0.623286
-0.196985
-0.785486
-0.813209
-0.741797
-0.737206
0.0129246
0.0428144
-0.518348
0.0118988
-0.901847
-0.813992
-0.813992
-0.312418
-0.0553319
-0.776188
-0.206795
0.355312
1.17204
0.49483
1.05323
1.01628
1.01628
1.01628
1.66404
0.864789
0.266749
0.326242
0.247707
-0.500697
0.36199
0.36199
0.459842
-0.00170245
0.590353
0.506879
0.927947
0.927947
-0.0369481
-0.323799
-0.809134
-0.642374
-0.868407
-1.5024
-1.5024
-1.37526
-0.829031
-0.0266333
0.247548
1.19944
0.340776
-0.0485728
0.609693
0.609693
-0.0901208
-1.07904
-1.90872
-1.76468
-1.15057
-0.789719
-1.09728
-1.0445
-1.0445
-0.122057
-0.527423
-0.816513
-0.0429675
0.109672
-0.695736
-0.0524093
0.902333
0.323684
1.09802
1.09802
0.176268
1.02321
1.02321
1.02321
1.2166
1.2166
0.800947
0.92537
0.552119
0.552119
0.552119
0.116911
0.309595
1.1626
1.1626
0.612694
0.612694
0.612694
1.25347
0.447486
0.890314
1.21576
1.06399
1.06399
0.640383
1.09529
1.09529
0.885177
0.227011
-0.623578
0.323076
0.641792
0.845285
0.158429
0.995158
1.05602
1.05602
0.370925
1.22722
0.906205
1.03422
0.178551
0.865102
1.23315
0.298368
-0.409197
-0.355605
-0.469606
-0.655901
-0.655901
-0.333295
-0.333295
-0.787102
0.102062
0.565293
0.565293
0.859631
0.987647
0.282028
0.30529
-0.647977
-0.647977
-0.9225
-0.123456
-0.92317
-1.14938
-0.50481
-0.50481
0.0243741
-0.568682
-0.406184
0.0634434
0.520137
-0.127835
-0.0221019
-0.943162
-0.943162
-0.213696
-0.254431
-0.193892
0.725029
0.725029
0.725029
0.715319
0.797218
0.526783
-0.398517
-0.856433
-0.645569
-1.22841
-1.11042
-1.11042
-1.11042
-1.0613
-1.0613
-1.0613
-1.0613
-0.436434
-0.625466
0.0746492
-0.634545
-0.634545
-0.964172
-1.38638
-1.1891
-1.1891
-0.574578
-0.574578
0.0791349
0.519913
0.519913
-0.333289
-0.653334
-0.987389
-0.987389
-0.437126
0.165416
1.04463
0.271756
0.530367
0.445948
0.364194
0.364194
0.724836
0.772461
1.24288
1.24288
0.849414
1.48956
1.29891
1.38658
1.38658
1.38658
1.38658
0.407784
0.692775
0.216374
-0.0653967
0.0123758
-0.248851
-0.911927
-0.911927
-0.543459
0.0613719
-0.0727714
0.594733
-0.0467784
-0.59132
-1.29292
-1.47049
-1.47049
-0.525031
-0.904384
-0.916359
-0.916359
-1.26149
-1.26149
-0.280303
0.0424816
0.576956
-0.410144
-0.432789
-0.471246
-0.926322
-0.926322
-0.926322
-1.21729
-1.21729
-1.21729
-1.02452
-1.02452
-0.447002
-0.12952
-0.242757
-1.23849
-0.334163
-0.384896
-0.384896
-0.784357
-0.784357
-0.784357
-0.784357
-0.631054
-0.631054
-0.153883
-0.999629
-1.40378
-1.29208
-1.29208
-1.29208
-0.512601
-0.512601
-0.263198
0.383088
0.541506
1.53375
1.30384
1.30384
1.30384
0.762551
1.23649
1.3705
1.47556
1.27436
1.27436
1.89842
1.36178
0.60903
0.281867
0.202198
0.641875
-0.0417131
-0.227992
0.2687
0.741917
1.10001
1.10001
0.625857
1.31989
1.09574
1.09574
0.479121
0.479121
0.55551
0.182713
-0.456283
-0.309231
0.4792
0.371718
0.581052
0.190226
-0.567342
-0.567342
-1.4096
-1.4096
-1.4096
-1.4096
-1.19841
-1.19841
-0.90789
-1.29227
-0.490915
-0.490915
0.423365
0.598157
-0.130201
0.0540498
0.0663179
-0.091482
0.111568
0.578494
-0.32384
-1.30661
-1.06644
-0.991285
-0.0564357
0.612032
0.466003
0.10901
-0.437369
-1.27264
-0.892215
-0.892215
-0.687313
-0.178669
0.522508
1.29558
0.955366
0.955366
1.04041
0.793662
0.662307
0.421807
0.421807
0.821467
1.15838
0.835494
0.833782
0.833782
0.272647
-0.532029
-0.532029
-1.26895
-1.26895
-1.26895
-0.581539
-0.917321
-0.277914
-1.07153
-1.86612
-1.86612
-1.42422
-1.12776
-1.12462
-1.34763
-1.34763
-1.20109
-0.268025
0.268736
0.312383
0.314242
0.584243
0.693027
0.409407
-0.535024
-0.183125
0.645916
0.645916
0.966385
0.966385
0.0294037
0.122838
-0.85521
-0.85521
-0.951787
-0.951787
-0.951787
-1.55158
-1.55158
-1.46813
-1.01657
-1.01309
-1.01309
-1.01309
-0.825208
-1.40026
-0.469376
-0.280753
0.227316
0.891194
0.891194
0.891194
0.295472
0.458598
0.458598
-0.350002
-0.359445
0.628311
0.628311
0.0708889
-0.538374
-0.48696
-0.278516
-1.19966
-1.28563
-0.731962
-0.296745
-0.399008
-1.3649
-1.3649
-1.73583
-1.73583
-1.73583
-1.73583
-1.73583
-1.73583
-1.73583
-1.18723
-0.674279
-0.674279
0.0775592
0.333496
0.022679
0.327975
0.352838
0.672131
0.672131
0.669073
0.822299
0.679009
0.767897
0.767897
0.767897
0.210082
-0.331732
-0.713761
-0.412857
-0.775397
-0.889485
-1.25533
-0.849456
-0.849456
-0.229861
-0.697507
-0.50578
-0.713174
-0.844735
-0.898735
-0.898735
-1.03146
-1.43546
-1.78461
-1.78461
-1.78461
-1.96331
-1.96331
-1.96331
-1.96331
-1.64596
-1.64596
-0.845183
-0.390294
-0.361225
0.484683
0.519287
0.519287
-0.388524
0.137762
0.903455
0.656721
0.656721
1.18903
0.539712
0.986933
0.398078
1.15888
0.751607
0.751607
1.29787
1.29787
1.29787
1.29787
1.4347
1.4347
1.4347
1.4347
1.31184
0.829237
0.829237
-0.0304593
0.565447
0.0417551
0.467033
-0.0610788
0.257706
0.4011
0.984328
0.984328
0.0731963
0.75778
0.119508
0.682019
0.760339
0.760339
0.619664
0.674849
1.00799
0.629209
0.629209
-0.199947
0.226626
1.02986
1.02986
0.255478
0.610673
1.14416
0.213924
0.428056
-0.376435
-0.501867
0.137997
0.908413
1.25562
1.04396
0.363984
0.814909
1.438
0.60925
0.60925
0.60925
0.61327
1.12486
1.05381
0.642837
0.203985
0.596542
0.596542
0.457402
0.313275
1.093
1.093
1.10534
0.167311
1.03864
1.53045
1.53045
0.643119
0.897822
0.984102
0.751327
0.110434
0.312343
-0.125997
-0.961578
-0.426281
-0.426281
-1.2803
-0.831307
-1.57318
-0.801096
-1.00373
-1.6181
-0.768378
-0.331723
-0.921435
-0.292211
-0.339288
0.250421
-0.49764
-0.339511
-0.120139
-0.995165
-0.135644
0.328758
0.611897
0.406559
-0.468471
-0.878261
-0.878261
-0.878261
0.0367094
0.163354
-0.38822
-1.14153
-0.821412
-0.821412
-1.48798
-0.647904
-0.647904
-0.950874
-0.755792
-0.755792
-0.683204
-0.122127
-0.14889
0.223478
0.391603
-0.446176
0.0445632
0.158599
0.570945
0.913002
0.975348
0.975348
0.975348
1.13033
1.13033
1.14482
0.373446
0.781632
0.95544
0.95544
0.95544
1.03463
1.33027
0.419826
0.121211
-0.280619
-0.02763
-0.224526
-0.752373
-0.492323
-1.42829
-0.810779
-0.810779
-0.377475
0.558458
0.745705
0.745705
0.745705
0.745705
0.338926
-0.588796
-0.39475
-0.39475
-0.0158713
0.276452
-0.222352
-1.00313
-0.218184
-1.10132
-0.353022
0.466907
0.466907
0.00769957
0.342309
0.0808618
0.0729982
0.865385
0.137394
-0.590229
-0.191949
0.0383137
-0.26436
-0.106448
-0.2117
-0.570541
-0.570541
-1.17837
-1.17837
-0.220104
0.277583
0.502613
1.38741
1.05322
1.22021
0.728527
0.909865
0.909865
0.909865
0.430808
0.701449
0.701449
0.922623
1.3705
1.3705
1.3705
1.3705
1.3705
1.61527
1.61527
1.1635
1.1635
0.272496
0.840686
0.563217
0.999575
1.00513
1.12933
0.878424
0.878424
1.42252
1.08257
0.446
0.875557
1.29934
0.389251
1.05968
1.10189
1.50537
1.50537
1.50537
1.09524
1.09524
1.09524
0.40439
0.216354
0.478226
0.578033
0.578033
0.578033
-0.407869
-0.407869
0.326281
-0.0408917
0.227212
-0.291489
-0.427592
0.10207
-0.171998
0.566889
0.732985
0.874186
0.874186
0.874186
0.543043
-0.152912
-0.582549
0.31326
0.668982
0.844181
0.230573
0.515139
0.515139
0.720712
0.905419
0.905419
0.306805
-0.111415
0.48685
1.02624
1.02624
0.461464
0.652219
0.876208
0.0226489
-0.551366
0.229236
-0.0397135
0.084662
0.827321
0.827321
0.878547
0.175612
0.293499
0.828127
-0.157942
-0.6989
-0.556012
-0.598471
-0.598471
-1.1973
-0.224388
-0.224388
-0.752074
-0.377379
0.071745
0.445514
0.220189
0.0492507
-0.229662
-0.590878
-0.416839
0.435655
0.0730606
-0.689928
-0.689928
-0.793593
-0.793593
-0.947332
-0.53592
-0.53592
-0.477285
-0.882076
-0.882076
-0.612222
-0.898492
-0.898492
-0.503495
-0.580752
-0.0670942
-0.22832
-0.950543
-0.950543
-0.277471
-1.26362
-1.26362
-1.26362
-1.05662
-1.06187
-1.60786
-1.70736
-1.84064
-1.84064
-1.84064
-1.55751
-0.962612
-0.962612
-0.856279
-0.856279
-0.811353
-1.12906
-0.613798
-0.613798
-0.470564
0.114392
-0.496407
-0.664349
-0.664349
0.0665777
-0.0224746
-0.219945
-0.208935
-0.773283
-0.822897
-0.191325
0.123116
-0.853405
-1.52082
-1.52082
-1.84583
-1.61615
-1.61615
-1.6798
-0.972281
-0.972281
-1.07233
-1.07233
-0.561208
0.170344
0.411448
0.948933
0.554359
-0.199628
-0.698837
-0.698837
-0.350473
-0.350473
-0.123058
0.763101
0.104304
-0.322385
0.347734
1.15268
0.16327
-0.551188
0.0294906
0.403847
0.769523
0.738906
1.052
1.09107
0.953161
0.953161
0.119545
-0.575729
-0.212538
-1.11594
-1.11594
-0.579848
-1.20743
-1.20743
-1.01382
-1.01382
-1.01382
-0.0563363
0.801583
0.801785
0.517888
0.517888
-0.210866
-0.186178
0.770825
1.14559
0.193516
0.204179
0.627125
0.216375
0.0787651
0.242068
0.596329
0.596329
0.596329
0.596329
0.690773
0.690773
0.593367
0.0497266
-0.187011
0.0346526
0.128119
0.000429335
0.202438
0.0420721
0.389599
0.663764
0.663764
1.08594
1.08594
0.812419
0.795024
0.795024
1.21074
1.27612
1.39423
1.39423
0.397478
-0.317879
0.129541
0.688214
0.688214
0.777094
0.272504
1.05399
0.898679
0.898679
1.41788
0.888529
-0.0542834
-0.0945069
-1.06855
-0.322842
0.30331
0.911427
0.225278
0.736591
0.736591
0.886934
1.34306
0.496689
-0.299622
0.227732
-0.19026
0.164465
-0.489668
-0.903328
-1.03665
-0.534046
-1.13916
-1.45288
-1.12681
-1.36235
-1.00232
-0.522863
-0.20189
-0.596456
-1.05393
-1.05393
-1.05393
-0.678869
-0.740624
-1.20419
-0.367076
0.181429
0.556357
0.297801
-0.135629
0.163787
-0.733424
-1.04784
-1.04784
-0.751721
-0.751721
-0.751721
-0.101383
-0.148644
-0.170468
-0.709297
-0.709297
-0.877613
-0.579726
-0.579726
-0.579726
-0.0960594
0.646593
0.833041
0.141381
0.86783
0.848377
0.636192
0.636192
0.839395
0.770381
0.866281
0.866281
0.892569
0.892569
0.892569
1.50993
0.912001
0.766215
0.766215
1.2627
0.60997
0.60997
0.960181
-0.0104018
0.936714
0.838667
1.23283
1.23283
0.303391
0.623432
0.623432
0.623432
-0.329164
-0.836262
-0.966762
-0.457414
-0.930054
-1.06686
-1.06686
-1.06686
-1.48626
-1.48626
-1.71529
-0.75565
-0.69124
-0.69124
-0.91531
-0.739416
-0.369124
-0.879103
-1.44049
-1.45666
-1.45666
-0.504243
-0.58332
-0.58332
0.221536
1.04229
0.497727
0.0610395
-0.412572
0.505648
1.28682
1.26712
0.45563
-0.312197
-0.030582
0.148608
1.10196
1.76883
1.76883
1.80901
1.02416
0.850641
0.850641
0.741547
0.741547
-0.0510281
-0.0640628
0.194155
0.149802
1.07486
1.05855
0.500506
0.76946
0.76946
0.753464
1.39299
1.39299
1.38676
1.00285
0.911192
0.990632
0.705445
0.705445
0.642563
0.0317475
-0.626639
-1.07232
-0.667002
-0.93236
-1.22601
-1.00288
-1.35909
-0.364314
-0.00631475
-0.679959
-0.311738
0.332896
0.788226
0.823812
1.26448
1.22238
1.27699
0.68974
0.612531
0.018101
0.275191
-0.390213
-0.271887
0.0852424
0.762515
0.762515
0.762515
1.41825
1.41825
1.41825
1.41825
0.646928
0.800453
0.283281
0.019629
-0.37127
-0.170108
-0.997708
-1.2146
-1.12947
-0.987947
-1.083
-1.083
-1.92604
-1.48677
-0.792099
-0.678314
-1.60564
-2.15979
-2.15979
-2.15979
-2.15979
-1.21495
-1.21495
-0.80371
-0.80371
-0.80371
0.0321172
0.970876
0.970876
1.08968
1.08968
0.546215
1.27712
1.41989
1.41989
1.41989
0.964838
0.964838
0.964838
0.964838
0.992012
0.0610338
0.127052
0.759056
-0.125583
0.516614
-0.260819
-0.524628
-0.785513
-0.785513
-0.960374
-0.668115
-0.668115
-0.370123
0.351853
1.29952
0.527084
-0.23846
-1.08002
-0.26406
0.382871
0.382871
-0.229662
0.770216
0.770216
0.888413
0.405845
0.405845
1.36923
0.726479
0.166885
0.703063
0.703063
0.461118
0.0470878
0.782593
1.22325
1.22325
1.49647
0.584997
0.572524
0.572524
1.15837
1.15837
1.15837
1.15837
1.131
1.01722
1.01722
0.595804
-0.226365
-1.02594
-0.629347
0.21546
0.21546
0.55559
0.684233
1.09823
1.197
1.16657
1.12782
1.12782
1.23277
0.450912
0.543879
1.03702
0.712423
0.712423
1.09112
1.03399
0.840345
0.840345
0.840345
0.840345
1.19594
1.19594
1.22231
1.32303
0.581849
-0.299484
0.521552
0.778448
0.175815
-0.110639
0.673701
0.673701
0.673701
0.703213
0.703213
-0.215604
-0.358935
0.0825192
0.616213
0.616213
0.916731
0.916731
-0.0289298
-0.86174
-0.86174
-1.26033
-0.787268
-1.02547
-1.02784
-1.02784
-1.02784
-1.82317
-1.44072
-1.44072
-1.44072
-1.61847
-1.65826
-1.38444
-0.759805
-0.759805
-0.327456
0.441452
0.49631
0.600128
1.55253
1.75455
1.75455
0.833467
1.01558
0.706124
1.50294
1.50294
1.36338
0.421698
0.421698
0.644593
1.43157
0.842295
1.37999
1.25489
0.40367
0.897292
0.0933657
0.418611
-0.309841
-0.39739
-0.608312
0.277615
0.431459
0.152891
0.607173
0.607173
0.607173
1.05841
0.39293
0.45749
1.31349
0.640812
0.640812
1.1068
1.1068
1.34628
1.55662
1.55662
1.3271
1.28413
0.310559
0.904709
1.62237
1.62237
1.25192
0.670788
0.670788
0.569689
1.13658
1.07484
1.07484
1.07484
1.07484
0.773298
0.047561
0.623689
-0.277816
0.314253
0.494647
0.889944
-0.00600536
-0.875984
-0.812473
-0.847799
-1.2063
-1.2063
-1.2063
-1.73185
-1.73185
-1.73185
-1.40283
-0.450582
-0.686996
-0.0395457
0.0656727
0.913584
0.934895
0.44522
1.0742
1.0742
1.28098
1.28098
1.28098
1.28098
0.356351
0.550711
0.550711
0.252
0.732906
0.628242
1.12832
1.12832
1.12832
1.12832
0.614628
0.131454
-0.0542329
-0.764626
0.0388638
0.312867
-0.305707
-0.241348
0.0658662
0.661552
0.661552
0.784848
0.643393
0.716287
0.890229
-0.0474685
-0.66413
-0.860172
-0.366328
-1.0034
-0.995997
-0.995997
-0.0940621
-0.691705
-0.691705
-0.978737
-0.978737
-1.26383
-0.34508
-0.713848
-0.0704855
0.235308
0.207713
0.19163
-0.239625
-0.175285
-0.0968902
0.541154
0.321543
1.01614
0.125265
-0.0560343
0.295829
-0.626565
-1.09492
-1.09492
-0.385477
-0.784886
-0.016421
-0.523921
-0.192933
-0.458517
-0.458517
0.289462
-0.638035
-0.626218
0.141857
0.125649
-0.457973
-0.903042
-0.903042
-0.0500936
0.350188
0.771982
0.488574
1.20597
1.20597
1.20597
0.404008
0.720706
0.778563
0.125842
0.0577357
0.493912
0.493912
0.493912
-0.14727
-1.14494
-1.14494
-1.14494
-1.14494
-1.14494
-0.151425
-0.0505843
-0.298092
0.352465
0.263386
0.202527
0.399823
1.0467
0.917892
0.689976
-0.125048
0.828838
0.828838
0.115544
0.78615
0.960066
0.386332
-0.226549
-1.14812
-0.708888
-0.977438
-0.40021
-0.47432
0.176111
0.366559
0.237352
-0.472859
0.201569
-0.740522
-0.740522
-0.740522
-0.740522
0.236274
0.2889
-0.264515
-0.950103
-0.0158496
0.878319
0.0728238
-0.327458
-0.327458
-0.310485
0.630294
0.630294
1.11515
0.582699
0.535982
0.535982
0.518021
0.556894
0.278044
0.420979
0.41932
0.0602275
-0.584897
-1.02977
-0.719605
-0.848373
-0.848373
-0.289421
0.384317
0.384317
0.783022
0.836158
0.68012
0.829056
1.0181
1.0723
0.647748
0.594339
-0.202947
0.30517
0.861122
0.861122
0.861122
0.752091
1.4396
0.566123
0.826839
0.959029
0.959029
0.959029
0.457501
0.659569
0.617478
0.180313
-0.0635346
0.575632
0.173235
0.729306
-0.220497
-0.868771
-1.64531
-1.64531
-1.64531
-1.64531
-1.64531
-1.03623
-1.3293
-1.06829
-0.162324
-0.0699706
-0.426412
-0.616343
-0.981275
-0.981275
-0.866809
-0.653334
-0.283139
-0.283139
-1.00673
-0.148275
-1.06623
-1.06623
-1.06623
-1.4095
-1.4095
-1.4095
-1.4095
-1.11888
-1.11888
-0.439487
0.233212
0.748605
0.748605
0.999709
1.27178
1.27606
1.18307
0.186961
-0.662253
-1.13108
-0.772579
-0.952521
-0.375068
0.344613
1.24882
1.3514
0.756509
-0.0977607
-0.233644
0.168564
0.249987
-0.485403
0.335889
1.14193
1.65249
1.09428
0.293838
0.612025
0.612025
-0.0873656
-0.440158
-0.481025
-1.42558
-1.42558
-1.23679
-1.23679
-1.23679
-1.23679
-1.04009
-1.04009
-1.16037
-0.365068
-0.915522
-0.915522
-0.551777
-0.320705
0.562844
0.855125
0.576225
0.399801
0.508529
0.675524
1.24009
1.24009
1.24009
1.32523
1.23509
0.250872
0.446198
0.446198
1.07943
0.446657
-0.20417
-1.18569
-1.18569
-0.272098
0.329357
-0.655639
-0.787655
-0.123007
0.130207
-0.0826517
-0.836052
-0.388954
-0.388954
-0.551497
-0.23062
-1.10834
-1.10834
-1.10834
-0.345345
0.376607
-0.498994
-0.498994
-0.666493
0.2439
0.334746
0.334746
0.677884
0.66768
0.66768
0.591556
-0.0353619
0.564073
-0.142169
0.185132
-0.569745
-0.252028
0.635454
-0.0447977
-0.714203
-1.15437
-1.15437
-1.15437
-1.15437
-1.15437
-0.785941
-0.120622
0.265911
0.265911
-0.512682
0.259507
-0.440182
0.0936151
-0.421308
0.380939
0.000886332
-0.62665
0.189671
0.0703501
0.38394
1.14036
1.14036
1.17537
0.65575
0.676731
1.02105
1.16456
1.13945
1.3292
1.3292
0.954181
1.2245
0.879998
0.166858
-0.463259
0.522247
0.0997633
-0.747797
-0.463524
-0.685718
-0.58636
-0.58636
0.227245
0.933927
0.982885
0.982885
0.917849
1.61766
1.61766
0.62243
-0.0254079
-0.619359
-0.500732
0.113337
0.112647
-0.390376
-1.31608
-0.818718
-1.36419
-0.983337
-0.473239
-1.14416
-0.657549
-0.657549
-0.657549
-0.851618
-0.14816
-0.14816
0.171144
0.103768
-0.753912
-0.102564
0.593497
0.593497
0.593497
0.0884999
-0.8784
-0.8784
0.0466425
0.339972
0.863618
0.0474874
-0.271819
0.30034
0.219009
0.219009
-0.703963
-0.703963
-0.703963
-0.703963
-0.785332
-0.785332
-1.48593
-0.684989
-0.631187
-0.738413
0.0117797
-0.117234
0.38083
0.282503
-0.48461
-1.00003
-1.00003
-0.236507
0.465565
-0.443971
-1.03985
-0.187259
-0.0806522
-0.474664
-0.387743
0.0925349
-0.391794
-1.11271
-0.725004
-0.725004
-0.725004
-0.156973
0.67074
0.229565
0.192379
-0.45887
0.34753
-0.481201
-0.483696
-0.75965
-0.75965
-0.672092
-0.787207
0.0120744
-0.843169
-0.843169
-0.843169
-0.839488
-0.449895
-1.31932
-0.445694
0.430603
0.430603
-0.393048
-0.769559
-1.06897
-0.89108
-0.89108
-1.07612
-1.07612
-1.07612
-0.599248
-0.428058
-0.115455
-0.93883
-0.637236
-0.637236
-1.05239
-0.11028
0.623023
0.465344
-0.209612
-0.443424
-0.839543
-0.840349
-0.387984
-0.470594
-0.791178
-0.791178
-0.963426
-0.567489
-0.567489
0.206824
1.08189
0.463184
0.0710919
-0.378615
-0.52212
-0.807612
-0.807612
-0.86226
0.132493
-0.842695
-0.323487
-1.15869
-1.15869
-1.15869
-1.48967
-1.48967
-1.48967
-1.48967
-2.09264
-2.09264
-2.09264
-1.56905
-1.56905
-1.28081
-1.19708
-1.19708
-1.44581
-0.700762
-0.700762
-1.69234
-1.73778
-1.73778
-1.28426
-1.06798
-0.499186
-0.499186
0.395691
-0.315314
0.574792
-0.0884997
-0.504369
-0.504369
0.30858
0.2449
0.642165
1.23929
1.01698
1.11963
0.423794
1.09514
1.09514
1.28274
1.28274
1.12653
0.97854
0.833604
1.02011
1.02011
0.298313
0.298313
1.08853
0.883127
0.567873
-0.354435
-1.08076
-1.08076
-1.08076
-0.244813
0.254258
1.13991
0.913812
0.992579
0.715352
-0.162496
0.258623
0.216681
0.966041
0.911472
0.851109
1.02732
0.788162
-0.0572727
-1.02145
-1.45702
-0.486458
-0.398181
-0.231139
0.733445
0.733445
1.22442
1.22442
1.22442
1.04478
1.04478
1.04478
1.04478
0.935261
1.15404
1.15404
0.254763
0.941998
1.13925
1.13925
0.814324
0.35438
1.27002
1.27002
1.27002
0.765442
0.765442
0.587907
0.617785
-0.15488
-0.606986
-0.606986
-1.0084
-1.30529
-1.30529
-1.51493
-1.51493
-1.45225
-1.45225
-1.39462
-1.29268
-0.908388
-0.908388
-1.18028
-1.18028
-1.8308
-1.8308
-1.8308
-1.48575
-1.20074
-1.25927
-1.19791
-0.40103
-0.751919
-0.432501
-0.925815
-0.591836
-0.847203
-0.847203
-1.2377
-0.641498
-0.360417
0.204766
-0.407893
-1.20595
-1.20595
-1.20595
-1.20595
-1.20595
-1.55671
-1.55671
-1.55671
-1.06692
-1.06692
-0.950725
-0.25274
-0.304974
-0.520519
-1.08413
-0.182994
-0.401243
-0.00307276
0.174179
1.05693
1.094
0.588469
0.597587
0.237049
0.449097
0.449097
0.909865
0.0698281
-0.168601
-0.656996
-1.53459
-1.55034
-1.19239
-0.727579
-0.471569
-0.0695846
-0.11144
-0.0825787
-0.0819545
0.8205
0.855426
0.00674853
-0.76189
-0.99592
-0.23298
-0.217912
-0.0910316
-1.00231
-0.492716
0.392568
0.0138352
-0.925584
-0.925584
-0.925584
-0.763283
-0.795548
-0.149624
-0.527534
-0.958326
-0.78921
-0.919099
-0.300948
-1.02186
-0.823545
-1.3231
-1.3231
-1.43082
-1.26116
-1.26116
-0.653625
-0.653625
-0.833858
0.0482342
-0.659807
-0.659807
-0.866902
-0.866902
-0.722349
-0.701187
-0.701187
-0.308937
-0.478571
-0.514293
-0.656121
-0.656121
-1.24092
-0.591046
0.203753
0.664377
0.233938
0.0460904
-0.625485
-0.397873
0.109474
0.289162
-0.458553
-0.565932
-0.663433
-0.699777
-1.07504
-0.829067
-0.712271
-0.300574
-0.952989
-0.952989
-1.66625
-1.24256
-0.401648
-1.01999
-1.01999
-1.01999
-1.01999
-1.08285
-1.06731
-1.06731
-0.568377
-0.568377
-0.902802
-0.675303
-0.675303
-0.236881
-1.13294
-0.738437
-0.738437
-0.133013
0.257845
1.25287
1.25287
0.258768
0.439213
0.467036
1.27897
0.509437
-0.0291595
-0.480275
0.483649
0.0129967
0.287979
0.715242
0.548795
-0.097332
-0.580568
-0.627553
-0.524546
-1.35014
-0.956455
-0.956455
-0.956455
-0.956455
-0.956455
-0.229467
-0.268186
-0.320425
-0.549214
0.00172892
-0.19297
-0.448608
-0.565564
0.298102
0.298102
1.19694
1.19694
0.229531
-0.29415
-0.822234
-1.25528
-1.25528
-0.552212
-0.0786633
-0.313655
0.442084
-0.341944
0.613264
0.613264
0.616349
0.497412
0.0331702
0.594279
0.594279
0.0591359
0.32848
-0.343927
-0.343927
-0.778386
-0.778386
-0.778386
-0.166068
-0.237862
0.620755
0.719373
0.552728
-0.276652
-0.680592
-0.963348
-0.831066
0.142328
-0.187018
0.0405616
0.0643785
0.00507627
0.270889
-0.372314
-0.496856
0.118213
1.00621
1.11515
0.279914
-0.18794
0.545495
0.775671
0.729679
0.729679
0.729679
0.729679
0.729679
0.498274
0.498274
0.185972
0.258035
-0.609713
-0.470056
-0.719759
-0.719759
-0.719759
-1.25264
-1.23363
-0.729451
-1.55017
-1.57615
-1.57615
-1.57615
-1.57615
-1.57615
-1.57615
-1.57615
-1.57615
-0.867323
-0.82577
-0.82577
0.0511364
0.690205
0.392197
0.787797
0.320678
-0.00140012
-0.419685
-0.183014
0.0599129
-0.591104
-0.894933
-0.894933
-0.894933
-0.634795
-0.388331
0.0727534
-0.741738
-0.136281
0.670333
0.835213
1.23608
0.466347
0.466347
0.605187
0.605187
0.605187
-0.354985
-0.354985
0.485565
0.317966
1.23376
0.900852
0.338614
0.501223
-0.159729
-0.159729
-1.10586
-0.514486
-0.698519
-0.698519
-0.698519
-0.294557
-0.493191
-0.121442
-0.0812926
0.796514
0.585334
0.585334
0.585334
-0.207403
0.505588
0.505588
0.791576
0.0340263
0.343587
0.68627
0.68627
0.836079
1.12931
0.485026
0.485026
0.0205042
0.574662
1.16509
1.13915
0.270374
0.308248
0.611574
0.500193
1.32647
1.32647
1.32647
0.953518
0.953518
0.506007
0.506007
0.506007
0.645416
0.645416
0.862259
0.479217
0.479217
0.245655
-0.240064
-0.506531
-0.484155
-0.314229
-0.442029
-0.442029
-0.611558
-0.193508
-0.977883
-0.977883
-1.01711
-0.173193
-0.499624
-0.499624
-1.3314
-0.6297
-0.617123
-0.151727
-0.495236
0.209852
-0.295334
-0.626374
-0.486077
0.481284
0.653844
1.22791
0.41251
0.783952
0.783952
-0.196093
-0.822737
-0.822737
-0.0421845
-0.238535
-0.194072
0.0575825
0.214836
-0.200888
-0.565132
-0.565132
-0.565132
0.138945
0.259789
-0.405381
-0.0505991
0.355261
-0.0728091
0.640303
0.640303
1.09407
1.09407
0.869019
0.869019
0.685727
0.680837
0.680837
1.04533
0.896412
0.54624
1.20686
0.442748
-0.235449
-0.981415
-1.74089
-1.74089
-1.74089
-1.74089
-1.74089
-1.74089
-0.989521
-1.80028
-1.49829
-1.3871
-1.6615
-0.759471
-0.922718
-0.922718
-1.10164
-0.907021
-1.50031
-1.50031
-1.32554
-1.30036
-0.988329
-0.535096
-0.294226
0.605519
0.144146
-0.807482
-1.58918
-1.41689
-1.72779
-1.72779
-1.72779
-0.739008
-0.739008
-0.736204
-1.4169
-0.867483
-0.867483
-1.27915
-0.719594
-0.0482158
0.814594
0.954943
0.954943
0.0232768
0.0406022
0.0130811
0.334537
-0.344059
0.197687
0.0752695
-0.913627
-1.7137
-1.7137
-0.720594
-1.25349
-0.454563
-0.376929
-0.661834
0.23387
0.127636
0.2177
0.792824
1.14672
1.11793
0.441552
0.441552
0.324288
0.90373
0.90373
1.44694
0.828436
0.776821
1.12055
0.938452
0.938452
1.20378
1.20339
1.20339
1.20339
1.75255
1.52737
0.884585
0.884585
1.63497
1.63497
0.70595
1.36728
0.879877
1.3708
0.920174
0.920174
0.920174
1.79605
1.79605
1.79605
1.79605
1.25686
1.25686
1.38169
1.38169
0.411294
0.665467
0.665467
0.665467
0.354675
-0.257458
0.723899
-0.25202
-0.292257
0.668913
0.579653
1.24507
0.377562
0.701812
1.03131
1.03131
1.49384
1.49384
1.49384
1.49384
1.49384
1.49384
1.49384
1.54141
1.54141
1.87947
0.968578
0.482223
0.482223
-0.101178
0.463098
0.231659
-0.703293
-0.454648
-1.07324
-1.07324
-0.911331
-0.911331
-0.911331
-1.14629
-0.421621
-0.421621
-0.600633
-0.0733669
0.4106
-0.259803
0.316664
0.822609
1.3106
1.3106
0.840125
0.840125
1.38791
0.715004
0.435905
1.25767
0.391609
0.330273
1.00177
1.25932
1.28993
0.326107
0.668041
-0.225889
-0.0833299
-0.935525
-0.451116
-0.246597
-0.181219
0.158604
0.935155
0.935155
0.304786
0.783669
0.783669
0.783669
0.79741
0.79741
0.086295
0.275304
0.275304
-0.112022
-0.8091
-0.733565
-0.504433
0.202344
-0.19494
-0.708379
-1.30222
-1.30222
-1.30222
-0.927428
-0.927428
-0.927428
-0.927428
-0.927428
-0.331801
-0.973832
-0.973832
-0.423365
0.0433377
-0.888944
-1.34591
-1.34591
-1.52993
-1.52993
-1.52032
-1.98294
-1.98294
-1.4067
-1.09678
-1.09678
-0.566757
-1.01335
-0.199856
-0.436877
-1.13129
-1.13129
-0.262401
-0.996944
-0.138386
0.318135
-0.417736
-0.48865
-0.43675
-0.345331
-0.298176
-0.666189
-0.666189
-0.666189
-0.410214
0.410538
0.329694
0.842355
0.842355
0.350863
0.779639
0.779639
0.60347
0.60347
0.60347
0.60347
0.608782
0.608782
0.310352
-0.501386
-0.795667
-1.29085
-1.25882
-0.624057
-0.973866
-1.06383
-0.199185
-0.666866
-1.13438
-1.13438
-1.57117
-1.14354
-1.14354
-1.94316
-1.69288
-1.69288
-0.908111
-0.204828
-0.0199695
0.154989
-0.0519208
-0.744634
-0.130192
-0.435319
-0.777461
-0.551471
-0.378496
0.225157
0.898677
1.55628
1.55628
1.1551
1.1551
0.73451
1.09299
0.668276
0.668276
0.872105
0.872105
0.553321
0.844542
0.180874
-0.0121101
0.101251
0.498124
-0.442605
0.507092
-0.278619
0.0449244
-0.480987
0.476447
-0.218162
-0.218162
0.449916
0.868335
0.868335
0.868335
0.498754
-0.391532
-0.391532
0.564355
0.564355
-0.33996
-1.14324
-0.889213
-0.346534
-0.193703
0.788117
1.62466
1.09092
1.09092
0.619753
0.347271
-0.4667
-0.4667
0.171937
-0.362405
-0.832562
-0.116914
0.516752
1.00865
0.134869
-0.280466
-0.808845
-0.47719
-0.0474949
-0.924664
-0.602095
0.355612
0.958229
1.37781
1.00688
0.25367
0.25367
-0.522942
-0.607889
-0.512306
-0.655272
-0.231842
-0.251464
-0.712618
-0.656104
-0.656104
-1.04225
-0.927146
-0.703049
-1.6113
-1.03238
-1.03238
-0.589597
0.20882
0.58078
1.17926
1.17926
0.970415
1.09501
1.59471
1.59471
1.59471
0.611861
0.611861
-0.292136
-0.187524
0.504279
0.608092
0.448096
-0.162898
0.236904
-0.503065
-0.982801
-1.44102
-0.452571
-0.781477
0.0960014
0.825184
0.154642
1.00402
0.661024
0.16593
0.577444
0.577444
0.969625
0.544238
0.610102
1.0363
1.0363
0.437264
-0.397792
-0.772292
-0.674049
-0.674049
-0.543977
-1.33957
-1.17476
-1.17476
-0.469374
-0.811511
-0.811511
-0.811511
-0.610284
0.389024
1.08348
1.54867
1.33008
0.690781
0.570402
0.876902
0.876902
1.35951
1.35951
1.69983
2.0318
1.83627
1.83627
1.83627
1.81333
1.83063
1.59417
0.654479
0.654479
-0.126691
-0.844597
-0.283716
-0.869865
-0.656873
-0.813856
-0.813856
-0.813856
-0.790483
-0.914216
-0.914216
0.0510585
0.393369
-0.271751
0.687672
1.24664
1.24664
0.811554
0.177308
0.32318
0.0822327
0.820675
1.05415
0.124623
-0.723978
-0.606702
-0.175405
-0.4918
-0.4918
0.231951
0.192115
0.849349
0.0237019
0.452127
-0.208056
-0.754056
-0.832588
-0.809399
-1.18419
-1.33799
-0.629558
-1.0977
-1.07119
-0.446202
-0.0661433
0.752788
0.752788
0.764285
0.245009
-0.264258
-1.17663
-0.398574
-0.748454
-0.606581
-0.856209
-0.856209
-0.156934
0.026452
0.552001
0.323377
-0.00995593
0.787707
0.787707
1.04427
1.04427
1.04427
1.04427
0.154697
0.0202067
0.355659
0.754415
0.754415
-0.22065
-0.763178
-0.763178
-0.763178
-1.21233
-1.63734
-1.53574
-1.14923
-0.943666
-0.943666
-0.943666
-0.943666
-0.554125
-0.554125
-1.19393
-0.699762
-0.196539
-0.821932
-0.785866
-0.260427
-1.08763
-1.10012
-0.794915
-0.12405
0.511854
0.902815
0.902815
0.861664
0.847351
0.847351
1.21639
1.36723
0.865998
1.00315
1.00315
0.950627
0.876014
0.587411
0.914654
0.469703
0.866591
0.866591
0.866591
0.42408
-0.0674035
-0.309459
0.0985129
0.759188
0.921607
0.832302
0.832302
0.453776
0.362153
1.27707
1.27707
0.822397
0.822397
0.765344
0.765344
0.497537
0.660154
0.660154
0.660154
0.0318316
0.311783
1.15162
1.15162
1.15162
1.64362
1.64362
1.64362
1.72167
1.72167
1.72167
1.0751
1.0751
1.0751
1.0751
1.0751
0.315794
1.04604
0.344294
-0.245187
0.571988
0.571988
0.521735
-0.157674
-0.784395
0.166407
0.103199
0.579631
0.579631
0.579631
0.465649
0.465649
0.394912
0.947679
1.32094
1.002
0.650363
0.650363
0.381802
-0.177128
-0.904318
-0.904318
-0.99965
-1.02653
-0.635932
0.0722796
0.348935
-0.238442
0.645348
0.269799
0.854446
0.854446
0.498107
0.498107
0.498107
0.439271
-0.498163
-0.498163
-0.895632
-1.02344
-1.02344
-0.90305
-1.36282
-1.36282
-0.962674
-0.962674
-0.124769
0.771308
1.00006
0.453612
0.345056
0.114469
0.393819
1.00609
1.00609
0.849834
0.849834
0.849834
0.553367
0.553367
1.22597
1.22597
0.837866
0.837866
0.934743
0.22875
0.564814
1.42219
1.42219
0.889846
1.01194
0.503287
1.062
0.241105
-0.457042
0.197561
1.02473
1.02473
1.40555
0.835213
0.885995
0.865452
1.10776
0.47656
0.6034
1.15891
0.43394
-0.0624916
-0.488339
-0.704204
-0.704204
-1.70195
-1.76267
-1.41692
-1.41692
-1.41692
-1.08792
-0.346128
-1.01727
-1.01727
-0.889585
-0.918555
-0.285369
-0.620565
0.333882
0.333882
1.01712
0.439851
0.475733
-0.232692
0.716912
0.9148
1.33133
1.33133
1.05685
1.54511
1.54511
1.54511
1.54511
1.27067
0.580729
0.221983
0.165736
0.321224
-0.596904
-0.596904
-0.596904
-0.935806
-0.935806
-0.935806
0.0336894
0.89187
0.381441
-0.55054
-0.55054
-0.55054
-0.803417
-0.803417
-0.716802
0.032417
-0.0166498
-0.601551
-0.601551
-0.832998
-0.832998
0.124783
-0.139298
-0.950091
-0.950091
-0.835156
-0.835156
-1.22009
-0.581051
-0.300308
-0.769028
-1.09082
-1.71009
-1.16856
-1.35756
-0.802779
-0.134456
0.423383
0.726232
0.847459
0.847459
0.671618
0.671618
0.671618
0.554085
0.554085
0.554085
-0.127873
0.784614
0.784614
0.265798
0.265798
0.536403
0.536403
0.536403
0.104448
0.842874
1.12011
1.68635
1.39385
1.39385
0.694313
0.943647
0.943647
0.758577
1.55613
1.55801
1.61964
0.703345
1.16497
1.06045
1.06045
0.649127
-0.059444
0.852427
0.852427
0.852427
0.466839
0.466839
-0.424222
-0.431598
-0.917503
-0.79057
0.142327
-0.637246
-1.3474
-1.38955
-0.410679
-0.0621402
-0.707716
-0.707716
-0.641779
-0.166494
-0.289488
-1.28194
-1.28194
-0.403274
0.103571
1.05397
0.391189
0.668388
0.333308
0.297896
1.11778
1.11778
0.286173
0.305122
-0.325012
0.315725
-0.329323
-0.0731417
-0.203077
0.108675
0.510215
0.182475
-0.767862
-0.767862
-0.767862
0.118118
0.374232
0.981079
0.784504
0.784504
0.784504
0.784504
0.585332
0.585332
1.40944
0.80709
-0.0708226
-0.472247
-0.941584
-1.38834
-1.38834
-1.88146
-1.88146
-1.88444
-1.88444
-1.60462
-1.10888
-1.10888
-1.42812
-1.09904
-0.50839
-1.15338
-0.445327
-0.445327
0.265023
0.241518
0.749208
0.781534
0.781534
0.781534
0.781534
0.717392
-0.224982
-0.767941
-1.25652
-1.25652
-0.89484
-0.549293
-0.807724
-0.34727
-0.715048
-1.19408
-1.51851
-1.09101
-1.09101
-1.17288
-1.17288
-0.523889
-0.864929
-0.183453
0.123061
0.668066
0.641714
0.930377
0.930377
0.751162
0.751162
0.924995
1.03299
0.525079
0.0102106
0.466525
1.08035
1.10847
1.44291
1.44291
0.575387
-0.165882
-1.04832
-1.38797
-1.38797
-0.511995
-1.19099
-0.405436
-0.655665
-0.655665
-0.586646
-0.604256
-0.798988
-0.734844
-0.734844
-0.922662
-1.14897
-1.14897
-1.24056
-0.964025
-1.45025
-1.45025
-1.45025
-1.45025
-1.56302
-0.975759
-0.464439
0.228549
-0.432625
-0.432625
-0.0729317
-0.50534
0.00167161
0.780226
0.780226
0.841021
0.916442
0.181363
0.993944
0.633654
0.861135
1.20108
1.47736
0.872734
1.21671
0.666681
0.322479
0.919761
0.919761
0.161978
0.105297
-0.0983055
0.632181
0.632181
1.03634
0.684943
0.771894
0.267428
1.26549
1.26718
0.750322
-0.0335405
-0.733737
-1.4486
-1.21604
-0.385447
-0.691683
-0.828902
-0.42305
-0.42305
-0.716361
-0.716361
-1.02695
-0.182576
0.375424
-0.616943
-0.0274009
0.694745
1.0414
1.0414
0.78431
0.910437
0.910437
0.910437
0.910437
0.0314313
-0.200911
0.491121
0.0644303
-0.0563617
-0.535086
-0.579686
0.334689
-0.521126
-0.0863163
0.438038
0.438038
0.992406
0.484829
1.28059
1.28059
0.845236
0.845236
1.71852
1.82699
0.83716
0.770067
0.770067
0.75344
1.54461
1.54461
1.54461
1.54461
1.54461
1.54461
1.54461
0.686008
-0.0902139
-0.355876
-0.464984
-1.34274
-0.828649
-0.355487
0.391191
-0.546054
0.00414816
-0.739813
-1.27656
-1.1663
-0.712399
-1.30102
-0.481871
-1.26644
-1.26722
-1.26722
-1.26722
-1.26722
-1.04899
-1.07666
-0.220988
-0.986442
-0.420103
-1.15432
-1.70305
-1.70305
-1.05006
-1.05006
-1.05006
-1.02952
-1.02952
-0.519245
-0.519245
-0.814611
-0.896215
-0.896215
-0.896215
-0.814954
-0.658138
-1.09437
-1.09437
-0.547995
-0.547995
-0.547995
-0.609251
-0.850703
0.111882
-0.52384
0.0624393
0.443974
0.975317
0.49815
0.613399
0.613399
0.613399
0.482411
1.3588
1.34413
1.47962
1.47962
1.47962
0.656018
0.146928
-0.0756058
-0.072079
-0.30065
-0.318973
0.330035
0.438798
-0.555409
-1.23913
-0.674267
-0.460625
0.51114
1.40328
1.40328
0.426386
0.950654
0.950654
0.950654
0.189531
-0.601735
-0.778695
-0.349777
-0.595275
-0.595275
-0.705814
-1.65221
-1.19004
-1.19004
-0.391006
-0.889716
0.051276
0.174368
0.148011
-0.810469
-0.810469
-1.27164
-0.677931
-0.935325
-1.17488
-0.259551
0.25482
1.22528
0.49211
0.775909
0.447381
-0.23794
-0.617955
-0.0765307
0.512255
0.512255
-0.0946823
-0.584902
-0.678346
-0.422713
-0.0776069
-0.976134
-0.691178
-0.434229
-1.18243
-1.23288
-1.23288
-1.23288
-1.23288
-0.851178
-0.860354
0.118928
-0.0107385
0.262699
-0.463904
-0.0144373
-0.470164
-0.470164
0.404146
0.497759
-0.116329
-0.771031
-0.771031
-0.685946
0.0867814
-0.237349
0.332855
0.452751
0.96604
0.961948
0.625652
0.636908
1.13908
1.47107
0.560544
1.2527
1.08511
0.539361
0.207615
0.0300489
-0.397395
0.492999
0.492999
0.279505
0.941258
0.941258
0.738952
1.32193
1.0689
1.0689
1.0689
1.01583
1.29885
0.318526
-0.196909
-0.186089
0.650581
0.650581
-0.124018
-0.224506
-0.941763
-0.460278
-1.28648
-0.416542
0.034133
0.120111
-0.615168
0.330589
0.107059
-0.714139
-0.714139
-1.25203
-0.616099
-0.201501
-0.0132715
0.51224
0.793385
0.466997
0.297495
0.406209
1.07956
1.43267
1.43267
1.43267
1.43399
0.640084
-0.183583
0.329544
0.625098
0.0311783
-0.850529
-1.4233
-1.12855
-0.459377
0.383172
0.277542
0.869363
0.411294
0.411294
-0.0133858
0.0698006
-0.564263
-1.08657
-0.303964
0.561991
0.561991
0.561991
0.0348203
1.00851
0.699291
0.699291
1.06643
1.06643
1.52583
0.826762
0.826762
0.826762
0.826762
0.826762
1.11429
0.692218
-0.19772
-0.766041
-0.861472
-1.11728
-1.18222
-1.18222
-0.423787
-0.423787
0.343303
1.03236
1.03236
1.65228
1.65228
1.65228
1.57111
1.57111
1.73957
1.09575
0.562624
-0.380573
0.568113
-0.146488
0.149735
-0.445312
-0.445312
0.480551
1.03887
1.03887
1.03887
1.03887
0.315339
0.188898
1.15698
0.378122
-0.228136
-0.109247
0.0046316
-0.311053
-0.841209
-0.504577
-0.504577
-0.516396
0.117449
0.681017
0.882446
0.564878
0.428813
0.428813
1.18548
1.18548
1.18548
0.297054
0.540316
0.670504
0.324612
-0.167714
-0.900588
-0.900588
-0.900588
-0.900588
-0.900588
-1.20659
-1.20659
-0.256763
0.426667
0.0956389
0.760966
0.651998
-0.0639223
-0.603008
-0.603008
-0.603008
-0.404148
-0.638268
-1.22614
-1.38412
-1.34083
-1.34083
-0.398813
-1.35831
-0.460543
0.240543
0.0846114
-0.741239
-0.609447
-1.02277
-1.02277
-0.960911
-0.960911
-1.32677
-1.44476
-1.19009
-1.19009
-1.19009
-1.45168
-1.45168
-1.45168
-1.45168
-1.40576
-1.19719
-0.644136
-0.782983
-0.782983
0.211889
1.13716
1.13716
0.597508
0.173009
0.978055
0.0786402
0.359369
0.359369
0.00517554
0.443985
1.28631
1.28631
0.504355
0.691456
0.81714
1.27579
1.46327
1.46327
1.32508
1.53618
0.758081
0.560934
-0.354175
-1.05378
-1.15449
-0.728761
-0.728761
-0.142115
-0.299871
0.556469
0.505428
0.440281
1.22108
1.22108
0.377262
-0.104702
-0.456286
-0.456286
-0.172331
-0.521066
-1.17803
-1.17803
-1.17803
-0.286994
-0.849538
-0.849538
-0.989091
-0.989091
-1.08831
-1.27444
-0.823296
0.0949643
0.88977
0.894405
1.23258
0.577804
0.514625
0.532467
0.838941
0.437888
1.11023
1.11023
0.207193
1.10207
0.280996
-0.418344
-0.984026
-0.485209
-1.36083
-1.32252
-1.21805
-1.21805
-1.21805
-1.21805
-1.59992
-0.984308
-0.642064
-0.642064
-0.93059
-0.93059
-0.938227
-1.15253
-0.377712
-1.28175
-1.15368
-0.648711
-0.383474
-0.0388975
-0.312861
-0.312861
-1.06425
-0.495082
-0.54667
-0.54667
-1.11504
-1.74574
-1.74574
-1.19856
-1.19856
-1.19856
-0.490214
-1.16114
-1.04455
-0.291316
0.564591
-0.271283
0.497474
0.497474
0.884078
0.884078
0.884078
0.145856
0.731218
-0.198898
0.337209
-0.336499
0.335993
0.0318448
-0.252251
-1.0522
-0.490613
-0.46658
-0.46658
-0.204187
0.540872
0.936573
0.936573
0.936573
1.10227
1.38976
1.38976
1.30598
0.641273
1.05606
0.444875
0.0655212
-0.446079
-1.34225
-1.57168
-0.730955
-0.730955
-0.737706
-1.02382
-0.757585
-0.989737
-0.989737
-0.875322
-0.880261
-1.64923
-1.63189
-1.03636
-1.03636
-1.03636
-0.699433
-0.959115
-0.382619
-0.291033
-0.876894
-0.876894
-0.934054
-0.463547
-0.582462
-0.567494
-0.567494
0.367448
0.956577
0.956577
-0.0350738
0.489018
-0.0241594
0.448454
-0.241675
0.68988
1.11187
1.06588
0.710315
0.463311
0.294263
-0.0427993
0.190363
1.18432
0.520794
0.358468
-0.359148
-0.654946
-0.654946
-0.654946
-0.654946
-0.897795
-0.938023
-1.83169
-1.99786
-1.99786
-1.24914
-1.22224
-1.22224
-0.255333
-0.368089
-1.07347
-0.597123
-0.698596
-0.847231
-0.432545
0.427176
0.843923
0.911784
0.844929
1.12749
1.16674
1.16674
0.373048
0.23105
-0.194927
-0.868725
-0.492025
0.466322
0.951212
0.679978
0.679978
0.151251
0.187168
0.723703
0.314924
0.314924
-0.455481
-0.079159
0.488217
1.36619
1.32205
1.32205
1.32205
0.548758
0.845143
0.845143
1.02018
1.07773
1.07773
1.37054
1.37054
1.25223
0.822687
0.297531
0.297531
0.612433
0.654017
0.654017
-0.225491
-0.204065
-0.124564
0.767908
-0.197748
0.536597
1.06881
0.590449
0.590449
0.595232
0.956862
0.275752
0.739559
0.0681295
0.0947765
0.0707308
-0.714385
-0.294398
0.267232
0.248682
-0.0333089
0.615036
0.615036
1.13656
0.928812
-0.0469332
-0.150863
-0.692843
-1.37351
-0.755005
-0.755005
-0.755005
-0.831931
-0.831931
-0.703983
-0.339119
-0.914243
-0.548338
-0.602639
-0.602639
0.145454
0.361655
1.05314
0.257549
-0.458264
-0.653327
-0.213822
0.240349
0.438639
0.93026
1.03793
0.426518
0.168207
0.914436
0.439569
0.309891
0.663493
0.903904
0.235149
0.688444
0.862832
1.15701
0.576758
-0.329404
-0.772117
-0.772117
-1.10245
-1.10245
-0.846927
-0.548017
0.30848
-0.326016
-1.1495
-1.21799
-0.303254
-0.565492
-0.630734
-1.0024
-0.877227
-0.688012
-0.788201
-0.788201
-0.460696
0.107587
0.133159
-0.840991
-0.929482
-1.15341
-1.15341
-1.07894
-0.961899
-0.961899
-0.171478
-0.852056
-0.852056
-0.977089
-0.28966
0.310019
0.363798
1.10796
1.10796
1.10796
0.618339
1.12356
0.864961
1.02945
1.02945
1.02945
1.28711
1.45496
0.675033
-0.217958
-0.736228
-0.45164
-1.44774
-1.44774
-0.669521
-0.755727
-0.995343
-0.995343
-1.19563
-1.04435
-0.463798
-0.0467805
-1.03264
-1.03264
-1.03264
-0.991119
-0.991119
-0.991119
-0.991119
-0.991119
-0.473799
0.424868
1.02875
0.90175
0.905
0.905
0.0438419
1.01916
0.647727
-0.0704345
-0.468992
-0.32063
0.261142
-0.639969
-0.920436
-0.920436
0.064459
-0.155546
0.320093
-0.297878
0.68824
0.68824
0.68824
0.815424
0.965055
0.965055
0.965055
1.02389
1.02389
0.453241
1.20818
1.35091
1.10684
1.10684
0.176375
-0.677617
-0.981374
-0.9826
-1.15628
-0.647401
-0.647401
-0.647401
-0.647401
-0.647401
-0.86163
-0.251331
0.0158063
0.177439
-0.0673038
0.0618277
0.276512
-0.504667
-0.703879
-0.370069
-0.129773
0.210924
0.266946
0.0860877
1.03146
1.03146
1.03146
0.318817
-0.171168
-0.726807
-0.981899
-0.981899
-0.120981
-0.472831
-0.0219211
-0.934885
-0.834086
-0.834086
-0.834086
-0.834086
-0.834086
-0.834086
-0.733768
-0.358982
-0.358982
-1.09572
-0.42474
-0.632697
-0.459088
-0.315534
-0.909617
-0.909617
-0.947267
-0.977996
-1.73286
-1.73286
-1.31369
-1.13653
-1.01324
-0.0650329
0.738796
0.738796
0.608595
1.15291
1.15291
1.15291
1.15291
0.952612
0.952612
0.619537
-0.0400775
-0.777947
-0.777947
-0.777947
-0.777947
-0.656304
-0.656304
-1.05157
-1.05157
-0.934439
-1.0621
-1.43271
-1.43271
-0.511386
-0.777297
-0.129303
-0.150162
0.0181541
-0.945126
-0.929497
-0.929497
-0.0204912
0.165735
-0.624858
0.0098353
-0.964478
-1.9127
-1.9127
-1.42765
-1.42765
-0.77721
-0.77721
-0.527901
-0.0364754
0.397869
-0.497271
-0.470094
-0.470094
0.123398
-0.127546
0.583794
0.583794
0.583794
0.827274
0.712936
-0.234541
-0.519363
-0.519363
-0.151144
0.60404
1.17309
1.17309
0.69058
0.630381
0.608046
0.345327
-0.144832
-0.212302
-0.681921
-0.505878
-0.494658
0.160834
-0.054193
0.716977
-0.277045
0.0976885
-0.105581
-0.18539
-1.175
-0.930307
-0.930307
-1.22213
-0.733743
-0.733743
-0.733743
-0.733743
-0.731785
-1.14583
-1.03357
-1.03357
-1.03357
-0.761577
-0.761577
-0.761577
0.0987863
-0.0012421
-0.821867
-0.667919
-0.888595
-0.0815394
-0.0182445
-0.738604
-1.20083
-0.880218
-0.334664
0.0436855
0.781875
0.781875
1.01711
0.0521795
-0.156567
0.637193
0.637193
0.334107
-0.254942
-0.922504
-0.470034
-1.10173
-0.264349
-0.694641
-0.355514
-0.586942
-0.586942
-0.383011
-0.839718
-0.272484
-0.447455
-0.892808
-0.509297
-1.01342
-0.624717
-0.624717
-0.624717
-0.180457
-1.16363
-0.3767
-0.804605
-0.722844
-0.43196
-0.496185
0.301088
-0.595084
-0.0250621
-0.721327
-0.475746
-0.588886
-0.95318
-1.11246
-1.34556
-1.20219
-0.394829
-0.731155
-0.731155
-0.628196
-0.289617
0.671368
0.671368
0.671368
0.671368
0.671368
0.354682
-0.387065
0.405624
0.787451
0.157397
0.738504
0.371259
0.978914
0.555797
0.125809
0.949621
0.949621
1.50198
1.50198
1.30562
0.42225
0.0144844
-0.825231
-0.825231
-0.825231
-0.566428
0.266744
-0.687342
-0.481389
-0.547425
-0.547425
0.280432
0.0997639
-0.573439
0.363827
-0.570358
-1.13517
-1.13517
-1.48626
-0.683489
0.311055
0.108939
0.259384
0.784288
0.45667
0.461398
0.112968
-0.477852
-1.42852
-1.30128
-0.47151
0.206872
0.853095
0.747068
0.747068
0.747068
0.747068
1.12647
1.03481
0.663155
0.942413
0.942413
0.942413
0.942413
0.805162
1.35582
0.555283
0.637974
0.705677
0.705677
0.705677
0.140591
-0.0767139
0.0821384
0.372635
0.882837
0.656371
1.3495
0.608167
0.23748
-0.407125
-0.166078
0.375784
0.958361
0.652808
0.943987
0.507456
0.652806
0.652806
0.552668
0.552668
0.552668
0.329988
-0.631347
0.232386
-0.680055
-0.75603
-0.217067
-0.528786
-1.3806
-1.53978
-1.82113
-1.82113
-1.06396
-0.798983
-0.870573
-0.870573
-0.0647416
0.108019
0.640449
0.640449
-0.185242
0.0246035
-0.734941
-0.659501
-1.08031
-0.312491
-1.07663
-0.280312
0.239535
0.993344
0.189776
0.253039
-0.578621
-0.578621
-0.578621
-0.677931
-0.790339
-1.26398
-0.798637
-1.04913
-1.04913
-0.754624
-0.754624
-0.754624
-0.017252
-0.787647
-0.787647
-0.788745
-0.788745
-0.621412
-0.621412
-0.200773
0.23892
0.0105352
-0.354608
-1.25009
-1.25009
-1.25009
-1.25009
-1.42347
-1.1209
-1.2604
-1.2604
-0.323404
0.663341
0.739535
0.495948
0.895873
0.367015
1.1918
0.750513
1.10565
1.10565
0.878527
1.51475
1.51475
0.605508
1.03122
1.03122
0.4249
0.958924
1.61549
1.06571
0.559662
0.683741
0.683741
0.315239
1.05903
1.05903
0.496404
1.09121
0.489846
-0.297314
0.391397
0.750674
0.792513
0.792513
0.109738
-0.480143
-0.535042
-0.560055
-1.01252
-0.874069
-0.874069
-0.874069
-0.633381
-1.42498
-1.24852
-1.12085
-1.12085
-0.875691
-0.605859
-0.605859
0.102343
-0.382656
-0.245162
-0.418344
-0.186461
-0.515818
-0.0883408
-0.289251
-0.872129
-0.709485
-0.218751
-0.604851
-0.604851
-1.03496
-1.03496
-0.757232
-0.76096
0.118641
-0.495132
-1.13466
-0.197156
-0.547654
-0.055695
-0.392516
-1.29287
-1.29287
-0.692293
-0.692293
-0.230337
0.405008
-0.505997
-0.593043
-1.46819
-1.46819
-1.50729
-1.50729
-1.15579
-1.15579
-1.15579
-1.32435
-1.50241
-1.09697
-1.02767
-1.16712
-1.16712
-0.351504
-1.00759
-1.00759
-0.949332
-0.949332
-0.605772
-0.0946082
0.599004
0.599004
0.10732
0.317792
0.322674
0.322674
0.712202
0.712202
0.712202
0.712202
0.712202
0.712202
-0.277436
-1.24461
-1.5236
-0.749179
-1.2457
-1.2457
-1.2457
-1.2457
-1.81837
-1.81837
-1.81837
-1.17159
-0.661472
-0.88599
-0.486551
-0.293681
-0.636107
-0.636107
-0.924596
-1.59408
-0.68185
-0.597557
-0.800372
-0.800372
-0.119037
-0.640668
-0.0478593
-0.878181
-0.019511
-0.376381
0.412426
0.212574
-0.451174
-0.451174
-1.12538
-1.12538
-0.726934
-1.54765
-1.54765
-1.40393
-0.792168
-0.453701
-0.43873
-0.0852078
-1.01534
-1.01534
-1.01534
-0.349373
-0.124913
0.112044
-0.725404
-0.725404
-1.69684
-1.69684
-1.69684
-0.819433
-1.07928
-0.216219
-0.216219
-0.6028
-1.12288
-0.300755
0.0646012
-0.207069
-0.698968
-0.188991
0.649217
0.649217
-0.169216
-0.987325
-0.987325
-0.506886
-0.833732
-0.752149
-0.712035
-1.31587
-0.534264
-0.534264
-0.534264
-0.534264
-0.00282798
-0.294909
-0.643787
-0.369399
-0.611293
-1.34072
-1.10219
-1.10219
-0.607072
-0.861837
-0.178636
0.707797
0.433371
1.01666
1.01666
1.01666
1.01666
0.817829
0.817829
0.817829
0.817829
0.47188
1.29439
0.714531
0.859781
1.28549
1.28549
0.857813
0.857813
1.03932
1.03932
1.03932
0.799017
0.799017
1.71655
1.71655
1.75455
1.75455
1.79659
1.79659
1.57561
0.798941
0.798941
0.798941
0.798941
0.320726
-0.375248
-0.924549
-0.924549
-0.924549
-1.28824
-1.19295
-1.19295
-1.19295
-1.19295
-1.19295
-1.19295
-1.19295
-1.19295
-0.783504
-0.708358
-1.3223
-1.3223
-2.20845
-2.20845
-1.63957
-1.64769
-1.11941
-0.150967
-0.2756
-0.0976236
0.817967
0.57807
0.306954
1.10075
0.275988
1.19813
1.37
1.14748
1.69717
1.25793
0.771593
0.771593
0.650101
0.650101
0.942817
0.0396807
-0.832526
-0.832526
-0.647477
-0.647477
-0.134989
-0.650917
-0.650917
-0.843904
-0.600013
-1.45336
-0.624752
0.0731859
0.847756
0.847756
0.847756
1.1527
0.530423
1.28886
1.28886
1.90934
1.89718
1.60809
1.4001
0.683476
0.127912
-0.194275
-0.49006
0.377707
0.99806
0.0253276
-0.889667
-0.889667
-0.889667
-0.889667
-1.21224
-1.50563
-1.59408
-1.59408
-1.59408
-0.743309
-1.08253
-1.08253
-0.685589
-0.52851
0.468011
1.11367
1.06387
1.5607
1.18521
0.247554
0.9226
0.9226
0.841258
1.02386
1.17394
0.677849
0.677849
-0.318194
-1.16997
-0.608194
-0.68681
-0.68681
-1.01809
-0.451362
-1.29788
-1.29788
-1.55243
-1.55243
-1.55243
-0.788368
-1.03488
-1.03488
-1.0384
-1.0384
-1.32548
-1.03331
-0.0621715
-0.181305
0.810358
0.810358
0.810358
0.555155
0.555155
-0.150236
-0.300356
-0.0110317
0.297426
-0.0986124
0.867018
0.310721
0.310721
0.325992
-0.414543
-0.764934
-0.517041
-0.216818
-0.926563
-1.20465
-0.988087
-1.01778
-0.0879102
0.874246
1.55156
0.62266
0.786736
0.823264
1.12881
1.12881
1.12881
0.755127
0.811243
1.5319
1.44126
1.44126
1.44126
1.09053
1.09053
0.331482
0.740737
0.740737
0.214644
-0.484882
-0.787273
-0.301588
-0.714169
0.198447
-0.655271
-1.342
-0.413328
-0.473291
0.498696
1.47155
1.47155
1.30846
1.17489
1.17489
0.755311
1.60591
1.60591
1.91853
1.30822
1.22688
0.517253
0.904114
1.49414
1.49414
1.49414
1.49414
1.1806
1.37718
1.37718
0.665961
0.652877
0.495888
0.147107
-0.436167
-0.505482
-0.667585
-0.667585
-1.23799
-0.267543
-0.781315
-1.42437
-0.505559
-0.0862512
-0.61746
0.374651
-0.242686
-0.853887
-0.978519
-0.13118
-0.544828
-0.760905
-1.15481
-0.766105
-1.62179
-1.62179
-1.91428
-1.91428
-1.91428
-1.91428
-1.95836
-1.84246
-1.06578
-0.658633
0.213144
1.0882
1.0882
1.0882
1.0882
1.09359
0.311814
0.866319
0.0377646
0.628547
0.0640502
1.03049
0.0800733
0.973349
0.973349
0.973349
0.925406
0.671054
0.671054
-0.302226
-1.01255
-1.38451
-1.38451
-1.38451
-0.483342
0.249042
-0.314268
-1.1154
-1.1154
-1.1154
-1.1154
-0.79292
-1.50755
-1.34588
-0.95562
-1.24168
-1.24168
-1.24168
-0.369203
0.160357
0.0504828
-0.772387
-0.833308
-0.446072
-1.37227
-1.51071
-1.24846
-1.24846
-0.320235
-1.18106
-1.17667
-0.299361
-1.03455
-1.13148
-0.174519
-0.891226
-0.708966
-1.39053
-1.56297
-1.3546
-0.91859
-0.0819447
-0.986881
-0.986881
-0.339975
-0.100714
-0.814071
-0.814071
-0.814071
-0.247278
-0.158452
-0.231634
-0.295036
-0.980972
-1.59258
-1.17031
-0.640249
0.286253
-0.56618
-0.395154
0.329024
0.738036
1.68957
1.68957
2.15221
1.91362
2.03843
2.05383
2.05383
2.0356
1.53237
1.017
1.19887
0.730153
0.935211
0.935211
0.685678
0.11751
-0.523254
-0.547252
0.381208
-0.0493787
0.89641
0.329032
-0.34949
-0.0452321
-1.00633
-1.00633
-1.00633
-0.865628
-0.865628
-0.563869
-1.16452
-1.17739
-0.3726
-0.38911
0.00231067
-0.558881
-0.558881
-0.558881
-1.35097
-0.807328
-0.239015
-0.0933118
-0.928834
-1.26555
-1.57457
-1.19949
-1.01202
-0.692657
-0.692657
-0.537711
-0.987406
-0.987406
-1.20454
-1.20454
-1.20454
-0.239398
-0.0427814
-0.365743
-0.0534468
-0.188492
0.0330916
-0.736653
-0.517905
-1.00137
-0.961728
-0.961728
-0.883772
-0.883772
-0.883772
-0.883772
-0.883772
-0.713569
-0.994923
-0.832397
-0.832397
-0.832397
-0.832397
-0.681402
0.231678
-0.370369
-0.393144
-0.897605
-0.897605
-0.941665
-0.862221
-1.23536
-1.23536
-1.23536
-0.263426
-0.462871
-0.654053
-0.654053
-0.654053
-0.519929
-0.800617
-0.800617
-0.332391
-0.61002
-0.601022
0.244057
0.971298
1.04588
1.1261
1.40864
1.83926
2.04584
1.17017
1.50792
0.608161
0.608161
0.4208
0.160775
-0.816353
-0.550441
0.0848862
0.118295
0.451972
-0.330473
-0.328773
-0.725371
-0.691743
-0.650536
-0.189253
0.349631
0.0696537
0.545648
0.545648
-0.436884
0.306351
0.854116
0.854116
0.656407
0.656407
1.02617
0.941968
0.941968
1.18933
1.18933
1.09715
0.21404
-0.371658
0.233425
0.501466
1.15571
0.408747
-0.00318872
0.856869
-0.110275
0.831142
0.831142
1.07764
1.07764
0.440313
1.08847
1.08847
0.406112
1.28795
0.514122
1.18411
0.955764
0.955764
0.98773
1.48748
1.59302
1.59302
1.59302
1.59302
0.977872
0.977872
0.977872
0.901205
1.27831
1.27831
1.27831
1.27831
1.27831
1.24189
0.277406
-0.0721256
0.836869
0.911983
0.938001
0.938001
0.938001
0.944223
0.944223
0.944223
0.779159
1.45851
0.543797
0.695241
0.0580169
-0.272418
-0.261543
0.543808
0.502182
1.47723
1.47723
0.614282
0.614282
0.806884
0.806884
0.656233
0.613689
0.913053
1.45879
0.714049
0.291927
-0.0323718
-0.801412
-0.34722
0.275774
0.83849
0.83849
1.15786
0.810322
0.810322
-0.160991
-0.0989349
0.171053
0.920575
0.627541
0.137121
1.02853
0.392772
-0.313825
-0.583794
-0.120422
0.0599896
-0.404726
-1.14709
-1.24194
-0.247985
-0.175239
-0.25623
-0.0576387
-0.00610855
-0.826262
-0.826262
-0.497814
-0.358005
-0.914067
-0.373932
-0.696297
-0.929717
-0.318685
-0.334276
-0.324806
-0.0452608
0.369383
-0.606165
-0.785008
-1.2078
-1.28733
-1.28733
-0.657199
0.342661
1.10179
0.283148
0.940452
0.987792
0.571648
0.926102
0.926102
0.679722
0.86004
1.47158
1.47158
1.32876
1.19869
0.583378
0.583378
-0.0771521
0.111322
-0.448793
0.203668
0.66605
0.952457
0.952457
1.5779
0.697394
-0.215633
-0.0814012
0.90971
0.0337489
0.987134
1.08475
0.268375
1.2589
0.714832
-0.109868
-0.563586
0.261669
1.05647
1.05647
1.05647
1.18123
1.70549
2.04913
2.04913
2.04913
2.04913
2.04913
1.39695
0.892237
0.892237
1.28135
1.28135
1.28135
1.28135
0.827392
0.0288718
0.230964
-0.274207
0.574416
0.574416
0.574416
1.22863
1.22863
0.877541
0.877541
0.575235
0.575235
-0.283842
0.336407
0.175886
0.745843
0.82934
1.17362
1.17362
1.33453
0.639509
1.30714
0.373284
0.734678
0.335333
0.404155
0.540877
0.540877
0.816514
1.58901
1.58901
1.58901
1.23384
0.447657
1.218
1.218
0.648517
1.02766
1.02766
1.02766
1.02766
1.54492
0.706831
0.751994
0.751994
0.751994
-0.11572
0.553823
0.745975
0.232669
0.874453
0.303697
0.411278
0.594817
-0.392966
-0.392966
-0.732245
-0.965758
-0.995908
-0.995908
-0.71259
0.202295
0.834542
0.939423
1.4185
1.4185
1.49475
1.60428
1.60428
0.659083
0.659083
1.21701
0.342219
0.559358
0.546733
1.5143
1.5143
1.75697
1.75697
1.75697
1.75697
1.75697
1.75697
1.75697
1.0352
1.06818
1.40763
1.40763
1.40763
0.951091
0.739773
0.460999
-0.538835
-0.538835
-0.918242
-0.918242
-0.66397
-1.19165
-0.238048
-0.903971
-1.37234
-0.730103
-0.490498
-0.776834
-0.543741
-0.543741
0.328077
-0.263566
-1.1928
-1.21699
-1.21699
-0.537246
-0.320077
-0.770201
-0.770201
-0.237575
-0.58231
-0.538934
-0.538934
-0.538934
-1.29488
-0.687285
-0.687285
-0.93124
-1.51433
-1.51433
-1.19842
-1.19842
-1.24134
-1.24134
-0.571992
0.330163
0.277359
1.19799
0.507448
-0.0941346
0.672681
0.134135
0.303713
0.350199
0.264896
0.560171
0.560171
0.460438
0.919868
0.0128712
0.304981
0.228585
-0.696691
-0.593771
0.142693
-0.455213
0.437618
-0.139065
-0.119868
-0.0906463
-0.278674
0.688903
-0.10575
0.830696
1.25168
1.00045
1.00045
1.18346
1.18346
1.10287
0.500037
1.09235
0.77954
0.715259
0.704504
1.02225
1.02225
1.29637
1.29637
0.438414
0.865207
0.865207
0.953684
1.21401
1.36945
1.65894
1.10715
1.27509
1.27509
0.990623
0.990623
1.2611
0.547749
-0.337719
0.183323
1.13769
1.13769
0.862979
0.262516
0.365057
0.742501
0.289626
1.0424
0.453131
0.861379
0.935776
0.227102
-0.416758
-0.868118
-0.752586
-0.364059
-1.07288
-0.393429
-1.11664
-1.11664
-0.235372
-1.15113
-1.15158
-1.15158
-0.175065
0.789244
0.262784
0.262784
0.266249
0.566495
-0.126615
-0.413851
-0.329852
-0.669058
-0.669058
-0.962553
-0.962553
-0.962553
-0.742171
-0.9363
-0.9363
-0.978867
-1.66592
-1.68002
-1.74471
-1.60365
-1.60365
-1.56713
-0.771326
-0.996564
-1.57551
-1.57551
-0.981864
-0.981864
-0.904799
-0.904799
-1.69675
-1.69675
-0.741813
-0.911141
-0.923968
-0.718725
-1.12778
-1.20721
-0.284108
-0.25514
-0.483452
-0.483452
-0.990753
-0.990753
-0.498027
-1.10976
-1.10976
-1.10976
-1.12769
-1.09743
-1.09743
-1.19258
-1.19258
-1.19258
-0.710168
-0.532735
0.258937
1.22316
1.58796
1.58796
1.53035
1.57617
1.57617
0.984466
0.673972
-0.0514295
0.605902
0.388353
-0.396301
-0.948821
-0.467772
-0.304685
-0.305014
0.483216
-0.195899
0.576775
0.260334
0.216944
0.406793
0.0845718
-0.103795
-0.577197
-0.919988
-0.919988
-0.164491
-0.48751
-1.11517
-1.11517
-0.810336
-0.882889
-0.882889
-0.0476359
-0.326443
-0.358306
-1.19966
-0.382118
0.101045
1.07155
0.639369
1.41553
1.41553
1.41553
0.910749
0.910749
1.24578
1.84364
1.72929
1.72929
1.23633
1.05143
1.05143
1.05143
0.485982
0.305615
0.323646
0.158922
1.10171
1.01655
0.514675
1.27592
1.27592
1.27592
1.17793
1.04252
0.415878
-0.199977
-1.16491
-0.582233
-0.160413
0.823084
0.65516
1.08448
0.849692
0.171006
0.918406
0.834253
1.12013
0.764132
1.53125
1.53125
1.53125
1.53125
1.27352
1.27352
1.27352
0.867807
0.867807
1.23938
0.461256
0.461256
0.181181
0.781047
0.781047
-0.11961
0.506507
0.506507
0.506507
0.605792
0.605792
-0.358406
0.516907
-0.0903736
-0.52588
-1.50722
-1.50722
-1.50722
-1.12699
-0.819691
-0.330767
-0.813989
-0.813989
-0.813989
-0.158155
0.0345748
0.705607
0.705607
-0.163499
-0.190183
0.221852
0.110737
-0.355615
-0.453375
0.0885507
-0.0303533
-0.803563
-0.803563
-1.09561
-1.09561
-2.01382
-1.06566
-1.49063
-1.49063
-0.989323
-0.100341
0.221495
0.611361
0.0031445
-0.0185973
0.194954
0.194954
-0.341563
0.319535
0.836806
0.836806
0.88023
0.88023
0.276915
0.102516
0.623134
0.623134
0.623134
0.623134
1.22455
1.22455
1.15331
1.15331
1.15331
0.166463
0.453117
-0.504449
-0.504449
0.0127204
0.860724
0.451615
-0.29919
0.0732449
0.617886
0.11063
0.165217
0.600172
-0.338966
0.0584668
-0.576233
-0.851837
-0.851837
-0.851837
-0.405804
-1.03986
-1.03986
-1.03986
-0.695742
0.115053
-0.514644
-1.07797
-1.07797
-0.905604
-0.783742
-1.02923
-0.139685
0.465359
1.27532
1.27532
0.604767
0.604767
0.604767
0.198704
-0.437281
-0.887061
-0.888433
0.0279276
0.0463362
0.965821
0.0115145
0.879125
1.61962
1.52388
1.28263
1.28263
1.28263
1.76956
1.76956
1.76956
1.07778
0.660718
0.207714
-0.263219
-1.17922
-1.71223
-1.71223
-1.71223
-1.71223
-1.71223
-0.986663
-1.90929
-0.941757
-0.685439
-0.426381
-0.0189169
-0.62857
-0.62857
-0.62857
-0.204363
-0.646432
-1.53656
-0.618529
-0.618529
-0.339075
-0.0429912
-0.741307
-0.0932753
-0.142546
-0.152746
-0.187862
-0.747739
-0.747739
0.0344304
-0.622773
-0.826127
-0.826127
-1.03106
-1.03106
-0.539711
-0.921254
-1.31215
-1.31215
-1.31215
-1.33666
-0.474394
0.179546
0.74093
-0.0828478
0.355402
0.292753
-0.217893
-1.03643
-1.40809
-1.03738
-1.03738
-1.03738
-0.79664
-0.649156
-0.167606
-0.738179
-0.738179
-1.32009
-1.08369
-0.461809
-1.27645
-0.571426
-0.571426
-1.06763
-1.32695
-1.32695
-0.51789
-1.20803
-1.20803
-0.535078
-0.46033
0.301736
-0.192951
-0.0177837
-1.01215
-1.13511
-1.13511
-0.583036
0.246573
-0.243582
0.270393
-0.373767
-0.373767
0.481263
0.481263
0.481263
0.0417861
0.975961
0.63064
0.23135
0.682196
0.715398
0.308553
0.884659
0.243501
-0.645621
-0.645621
-1.45106
-1.45106
-1.45106
-2.09389
-2.27117
-2.03651
-1.43503
-1.43503
-1.39091
-0.620559
0.33887
-0.60016
-0.0593771
0.883292
1.03865
1.03865
1.03865
0.180258
-0.0408035
0.42446
0.357356
0.713908
0.746666
0.746666
0.746666
0.746666
0.746666
1.67433
1.67433
1.20698
0.671223
0.855604
0.734473
-0.0291898
-0.619151
-0.145245
0.838377
0.838377
0.600685
1.33247
1.47137
1.09735
1.09735
1.49553
1.41171
1.05299
0.653624
1.11688
1.04347
0.97419
0.123207
-0.0936759
-0.824886
-1.19106
-1.21428
-1.20302
-0.318173
0.0326212
-0.917394
-0.917394
-0.917394
-0.917394
-0.917394
-0.917394
-0.566762
-0.566762
0.0535995
0.944003
0.944003
0.704866
0.704866
1.37667
0.937401
0.68091
1.39627
1.48442
1.149
1.149
1.22655
1.22655
1.22655
1.22655
0.912161
0.912161
0.912161
0.912161
1.24274
1.24274
0.323174
0.366433
1.22466
1.48303
0.845753
0.963846
0.426953
-0.0309383
-0.382375
-1.16888
-1.00668
-1.00668
-1.00668
-1.00668
-1.13886
-1.33144
-1.13106
-0.776517
-0.776517
-0.555194
-0.555194
0.277133
-0.276718
0.291659
0.747436
1.08016
0.856921
0.856921
1.09536
1.09536
1.09536
0.990873
0.990873
0.990873
0.990873
0.57577
0.120454
-0.119397
-0.570995
-0.455164
-0.83569
-0.83569
-0.48301
0.163144
0.317117
0.590546
0.590546
0.601457
0.601457
0.0129599
-0.436076
0.0403353
0.782633
0.124534
0.198062
0.749927
0.357202
0.497902
0.730045
0.874909
1.28392
0.656015
0.656015
0.717804
-0.084996
0.22335
-0.326648
-0.632542
-0.632542
-0.178788
-1.16139
-1.16139
-0.426718
0.406212
0.406212
0.957445
0.445425
0.445425
-0.541476
-1.40852
-1.40852
-1.16073
-1.45194
-1.45194
-0.566939
-0.0253192
0.687447
0.0471397
-0.785777
-0.84291
-0.805962
-0.675279
-0.675279
-0.675279
-1.28332
-0.82959
-1.23149
-0.768696
-1.12104
-0.54088
-0.659591
0.204842
0.4131
-0.34619
0.56016
0.0622469
0.382035
-0.0349197
0.29014
0.741078
0.741078
0.741078
-0.187448
-0.949519
-1.1461
-0.551844
-0.551844
0.294973
-0.323213
-0.323213
-0.561699
-0.920464
-0.920464
-0.920464
-1.22938
-0.833084
-0.833084
-1.02603
-0.194883
-0.78826
-0.632218
-0.687603
0.298407
-0.160478
0.627971
1.42088
0.724919
-0.13318
-0.269049
0.124005
-0.735877
-0.735877
-0.735877
0.0273023
0.132289
0.58999
0.179716
-0.68575
-0.391923
-0.391923
-1.14952
-1.14952
-0.342124
-0.744244
-0.707621
0.0953798
0.020643
0.944229
1.07539
1.34289
1.00467
0.256002
0.844315
1.13837
1.13837
1.08966
0.223354
-0.320393
-0.320393
-1.1346
-1.1346
-0.828669
-0.815159
-0.630545
-0.809653
-0.809653
-0.809653
-0.809653
-0.809653
-0.809653
-0.809653
-0.209602
-0.730629
-0.623855
0.2046
0.249703
1.11434
1.11434
0.916965
0.916965
0.916965
1.53042
0.91567
1.84059
1.86767
0.905425
0.905425
0.905425
0.905425
0.905425
0.545918
0.545918
0.548384
0.548384
0.870837
0.870837
-0.0437767
-0.511835
-0.800618
-0.800618
0.172764
0.989339
0.578294
0.2276
-0.594871
-0.594871
0.176903
-0.327513
0.488663
0.488663
0.409257
-0.313638
-0.400829
0.0778631
0.970783
1.30285
1.30285
0.888209
0.687903
0.33377
-0.229399
0.433461
0.985949
0.117101
0.354716
0.545624
-0.0219437
-0.318613
-1.21392
-0.378008
-1.29468
-1.65942
-0.850748
-1.54872
-1.2212
-1.2212
-1.0166
-1.0166
-0.692458
-0.539918
-1.47729
-1.07857
-1.243
-0.539654
0.387751
-0.037329
0.701464
0.701464
0.326788
0.326788
-0.258427
-0.483949
-0.386451
-0.386451
-0.116679
-0.575089
-1.15516
-1.3479
-0.959294
-0.959294
-0.959294
-0.782157
-0.782157
-0.782157
-0.962792
-0.628626
-0.667741
-0.388436
-0.388436
0.18598
-0.585522
-0.265639
0.208706
1.17999
0.434306
0.51371
-0.213168
-0.298652
-0.298652
0.511356
0.343878
-0.337626
-0.20001
0.195312
-0.118109
0.718755
1.21325
1.21325
1.21325
1.21325
1.21325
1.21325
0.241791
-0.268912
0.251425
1.17457
0.686525
0.499782
0.499782
0.499782
0.386125
1.07883
0.679141
0.49151
0.866057
1.19651
1.19651
1.40474
1.63617
0.669323
0.0417252
0.056637
-0.7939
-0.7939
-0.278999
-0.278999
-0.474431
0.297742
0.382312
1.00828
0.349331
1.0549
0.621842
0.577187
1.48043
1.48043
0.488994
0.0527188
-0.192271
-0.585567
-0.845069
-0.704305
-0.617579
-0.617579
-1.37356
-1.00779
-0.71457
-0.71457
-0.384051
-0.776785
-0.462297
-0.249839
-0.071169
0.470721
1.03541
0.523891
0.792038
0.385878
0.419513
-0.424964
-0.554923
-0.430946
-1.10263
-1.54492
-1.54492
-1.54492
-0.81402
-0.53203
0.0825229
0.135961
-0.0810106
0.0657025
-0.11919
-0.376383
-0.911515
-0.857001
-0.887596
-0.887596
-0.166558
0.0165477
0.892594
0.892594
0.786665
0.489341
0.982348
1.56366
1.56366
0.611959
0.847013
0.617501
0.934028
0.67469
1.14421
1.14421
1.41168
1.41168
0.497264
0.989905
1.22631
1.22631
1.22631
1.07024
1.07024
1.09819
1.09819
0.174611
0.14801
0.446714
1.35472
1.35472
1.35472
1.35472
1.43902
1.00789
1.00789
1.00789
0.186294
-0.552564
0.0600468
0.405991
0.405991
1.11362
1.11362
0.23564
-0.65776
-0.65776
-0.341501
-0.568564
-0.431552
-0.483433
-0.410792
-0.526891
-1.01471
-1.01471
-1.02953
-0.424313
0.407655
0.407655
1.02654
0.383645
1.21318
0.390575
-0.215837
0.455507
-0.259468
-0.954454
-0.954454
-1.15864
-0.999781
-1.19266
-1.19266
-1.66479
-1.27472
-1.55285
-1.55285
-1.55285
-1.55285
-1.28115
-1.17825
-0.288294
-0.990865
-0.973688
-1.02434
-1.02434
-1.10591
-1.10591
-0.612661
-1.02161
-1.02161
-1.17685
-1.17685
-1.58045
-1.58045
-1.47282
-1.26461
-1.26461
-1.15784
-0.929045
-0.498307
0.247882
-0.266308
-0.563403
-0.750379
-1.22823
-1.22823
-0.828317
-0.546928
-0.856455
-0.545355
-0.545355
-0.565408
0.301626
1.0307
0.0543291
-0.183622
-0.377138
-0.572651
-0.434871
-0.434871
-0.781423
-0.263234
0.698511
0.588664
0.369254
0.158781
0.106934
-0.713529
-0.151217
0.517085
0.224393
1.14229
1.28999
0.694509
0.544731
0.544731
0.680829
0.680829
0.680829
0.680829
0.704577
0.402742
0.333467
0.611668
0.991055
0.796161
-0.00473029
-0.283789
-0.361776
0.363166
0.767087
0.781225
0.794708
0.794708
0.794708
0.503629
0.047306
-0.546782
0.0272418
-0.0625216
-0.286822
0.483202
0.0162219
0.682428
0.682428
0.102929
0.831961
0.908614
0.908614
0.25354
-0.0905149
-0.573099
-0.18218
-0.787266
-0.787266
-0.226632
0.720668
0.52168
-0.0100911
-0.530274
-1.00253
-0.349709
-1.27722
-1.61516
-1.61516
-1.61516
-1.61516
-0.806711
0.0555715
0.849463
0.849463
1.33653
1.13718
1.13718
1.34615
1.75823
1.09947
1.46537
1.02305
1.02305
1.45759
0.767251
0.841665
0.841665
1.02134
1.02134
1.02134
0.89763
0.89763
0.483641
-0.282621
-0.0176626
0.391997
0.391997
-0.254425
0.0568501
-0.0810347
0.385661
-0.371916
-0.723326
-0.195004
0.465109
0.51789
0.51789
0.0948072
-0.553005
-0.319103
-1.16521
-1.02932
-1.56342
-1.11034
-1.59715
-1.59715
-1.91357
-1.00558
-1.00558
-0.551248
-0.352396
-0.643535
-0.629358
-0.987084
-0.672614
-0.672614
-0.668562
-1.05131
-1.13773
-1.07681
-0.812302
0.124889
0.952834
0.952834
0.969426
0.591088
0.83892
0.83892
0.309152
0.942633
0.942633
0.942633
0.942633
0.942633
1.3478
0.938612
0.938612
0.116453
0.241004
-0.137613
0.594977
1.52344
1.14509
1.34658
1.10378
1.10378
0.221076
0.221076
-0.323835
-0.137609
0.244767
0.516787
-0.257595
-0.579422
0.331824
0.424419
0.424419
0.407192
1.06051
0.829824
0.829824
0.829824
0.992201
0.00741417
-0.290578
0.126847
0.521079
0.521079
1.0774
0.687342
0.566673
0.566673
0.566673
0.504273
1.12244
1.30268
1.30268
0.529409
0.322763
0.51911
-0.145616
0.715502
0.978742
0.978742
0.282211
-0.681385
0.116911
-0.109287
-0.713836
-0.713836
-0.713836
-1.1868
-1.0329
-0.297468
-1.07115
-0.757093
-0.757093
-0.683027
-0.447149
-0.89706
-0.89706
-1.45826
-1.45826
-1.47138
-0.575367
-0.575367
-0.980413
-0.715513
-0.715513
0.0748714
0.575737
0.593761
1.04369
1.04369
0.16119
-0.04348
-1.02763
-1.02763
-1.33088
-1.86368
-1.33585
-1.8267
-1.36056
-1.36056
-0.380151
0.533609
1.19933
0.816444
0.816444
0.218845
-0.389583
-0.931845
-0.843172
-0.843172
0.0668093
-0.818861
-0.818861
0.0296931
0.757267
0.505519
1.19178
0.938466
1.38729
1.38959
1.38959
0.776597
0.0999502
0.622798
0.916169
0.618921
1.00057
0.788069
0.976987
0.976987
0.155722
0.307337
0.866163
1.19976
0.611481
0.290533
0.614116
0.25733
0.305194
-0.594576
-0.751911
-1.01859
-1.01859
-0.875994
-0.550856
-0.265873
-0.488833
-0.982665
-0.982665
-0.982665
-1.39428
-1.39428
-1.39428
-0.619055
-0.976753
-1.0717
-0.588326
-0.589031
0.0477359
-0.373688
0.612753
0.617022
0.617022
0.364788
-0.1611
-0.476248
-0.867899
-0.906733
-0.988645
-1.08822
-0.905426
-1.55642
-1.55642
-1.55642
-1.55642
-1.26315
-1.49174
-1.22079
-0.314593
-0.406798
-0.892294
-0.747885
-0.747885
-0.275656
-0.992841
-1.2037
-1.41818
-1.41818
-1.41818
-1.41818
-1.41818
-0.969654
-0.969654
-0.951247
-0.0566732
-0.188506
0.638077
0.638077
1.44199
1.44199
1.10178
1.10178
0.734065
-0.170784
-0.617216
-0.617216
-0.784052
-0.784052
-0.784052
-0.784052
-0.287901
-0.562191
0.416475
1.06934
1.17561
0.360987
0.0237067
0.58106
0.561374
-0.385451
-1.28811
-1.28811
-1.28811
-0.983237
-0.678596
0.105997
0.970109
0.970109
0.955937
0.955937
0.955937
0.231259
-0.485478
0.0459427
-0.797472
-0.797472
-0.797472
-0.716936
-1.47165
-1.30413
-1.30413
-1.30413
-1.34149
-1.29542
-0.610391
-1.22701
-0.906581
-0.906581
-0.906581
-0.653298
-0.653298
-0.653298
-1.3185
-1.07372
-1.01107
-1.12131
-0.560858
-0.560858
-0.773113
-0.185342
-0.840728
-0.401238
-0.846329
-0.516705
-0.0715115
0.361164
0.867791
0.867791
0.11268
0.564842
0.829238
0.588354
0.588354
0.726678
0.299148
-0.52207
-0.0139003
-0.91649
-1.1358
-0.592659
-0.845233
-1.02746
-0.614835
-1.32766
-1.32766
-1.32766
-1.32766
-1.01266
-0.831873
-0.120586
0.855876
0.640187
0.712978
0.846449
0.846449
0.846449
0.846449
0.846449
0.336916
1.22333
1.0305
0.415162
0.415162
-0.305379
-0.0449048
-0.930218
-0.930218
-0.362586
0.239105
-0.187543
0.332618
0.370592
0.895428
0.577199
0.360057
1.18062
1.1219
1.40099
1.53117
1.12853
1.69503
1.46321
1.46321
1.46321
1.46321
1.75209
1.75209
0.967238
0.967238
0.967238
1.00692
1.53796
1.53796
0.786822
0.786822
0.786822
0.786822
0.786822
1.22995
0.930416
0.582563
0.0367828
0.49936
0.452851
0.0732186
0.562189
0.165077
-0.459973
-0.730284
-0.730284
-0.730284
-0.536664
-0.422868
-1.10768
-0.894835
-0.894835
-1.16925
-1.16925
-0.795886
-0.795886
-1.02877
-0.55529
-1.27952
-1.27952
-1.27952
-0.51983
-0.825391
-0.456898
-1.21984
-1.01166
-0.171143
-0.151793
-0.0188528
-0.923561
-0.809885
-0.809885
-0.809885
0.00859439
-0.814827
-0.31511
-0.456472
-1.0087
-1.00827
-1.47249
-1.47249
-0.71774
-0.0662755
-0.767919
-0.107434
0.460398
1.29432
1.29432
1.39779
0.415113
0.415113
0.166007
-0.500012
-0.500012
-0.554561
-0.369601
-1.28709
-0.538743
-0.251558
-0.420865
0.137364
0.549132
0.801754
0.589501
0.589501
0.49697
0.49697
0.426865
-0.423166
0.0459581
-0.202939
-0.636754
-1.10866
-1.18687
-1.417
-0.485774
-0.992624
-0.75894
-0.229366
0.309556
-0.585475
-0.585475
-0.942837
-0.73161
-1.57195
-0.684529
-0.611015
-0.611015
-0.494448
-1.08705
-1.08705
-0.871612
-0.13478
-0.408357
0.215053
0.253079
0.0754057
-0.550758
-0.611262
-0.611262
0.26614
0.563453
0.563453
-0.163832
-0.0894446
0.466923
0.01336
-0.882231
-0.294782
-1.15388
-1.15388
-0.843088
-1.67515
-0.759195
-0.195484
-0.972204
-0.972204
-0.438609
0.209806
-0.0896503
-0.0116186
-0.893927
-0.743263
-0.804053
-0.777912
-0.777912
-1.15165
-1.20926
-0.610749
-0.671897
-1.09714
-0.561301
0.209152
-0.482684
-0.527532
-0.527532
-0.628875
0.147438
-0.610282
0.0943779
0.702145
0.0776248
0.523448
0.523448
-0.463389
-1.31943
-0.434378
-0.434378
-0.434378
-0.434378
-0.425897
-0.425897
-0.644769
-0.594045
-0.594045
-1.23159
-0.645573
-0.880369
-0.880369
-0.880369
-1.13076
-1.13076
-1.14219
-1.09084
-1.0725
-0.286444
-0.715907
-0.715907
-0.715907
-0.165981
-0.448391
-0.654733
-1.38181
-1.38181
-0.796799
-0.587556
-0.272772
-1.09404
-0.42016
0.203004
0.70809
1.13578
1.33776
0.624263
0.118676
0.708432
-0.22005
-0.869442
-0.869442
-0.0677665
-0.509068
0.454959
0.454959
0.557714
1.27924
1.27924
0.553132
1.07472
1.07472
0.323507
1.19951
1.19951
1.19951
1.21766
0.32773
0.604696
-0.21603
0.357839
-0.312966
-0.463852
0.121933
-0.293608
0.396774
0.802989
0.731534
0.203992
0.523669
-0.173846
0.349722
-0.466013
0.226744
-0.616923
-0.824359
-1.80519
-1.80519
-1.80519
-1.80519
-1.24152
-1.58407
-1.58407
-1.58407
-1.58407
-1.75668
-1.75668
-1.75668
-1.73658
-1.52798
-1.2629
-1.2629
-1.2629
-1.2629
-1.52128
-1.59015
-1.59015
-1.59015
-0.716312
-0.235761
-1.00459
-0.433734
-0.520036
-0.315389
-0.846078
-0.989202
-0.989202
-1.33932
-1.33932
-1.33932
-0.641458
-1.03489
-1.19653
-0.435762
-1.39086
-0.530069
-0.391488
-0.391488
-0.833275
-0.833275
-0.986419
-1.01237
-1.01237
-1.06927
-0.665347
-0.665347
-1.24226
-1.50081
-1.21628
-1.21628
-0.402351
0.282196
-0.538523
-0.538523
-0.538523
-0.912502
-0.865407
-0.865407
-0.249659
-1.06652
-0.822037
-0.822037
-0.0426358
0.79568
1.01082
0.66177
0.985601
0.380211
1.006
0.538474
0.319847
0.624761
0.624761
0.50677
0.0645384
-0.294956
0.149996
0.304076
0.967431
1.80329
1.80329
1.14024
1.14024
1.14024
0.222682
0.163517
0.515618
1.46251
1.46251
1.66717
0.86689
1.11641
0.911936
0.911936
0.838857
0.838857
0.838857
0.838857
-0.123153
-0.702967
-0.771148
0.10963
0.808996
0.506666
0.506666
-0.261303
0.133335
0.36482
0.36482
-0.394629
-0.394629
0.492845
-0.212678
0.436304
0.693961
0.367915
0.367915
-0.473705
-0.305488
-0.514681
-0.430191
0.245701
1.00133
0.203582
1.13413
0.554776
0.554776
-0.371975
-1.02638
-1.56611
-1.09224
-1.68661
-1.01231
-1.20339
-0.894435
-0.56338
-0.56338
-0.661847
0.215867
-0.0200303
0.788891
-0.14369
-0.893176
-0.403393
0.572159
1.132
0.365679
0.621616
0.621616
0.378747
1.18473
0.246774
0.842269
0.842269
1.26124
1.26124
1.33561
0.847428
-0.130855
-0.600822
-0.488435
0.436946
-0.552961
-0.779826
-0.779826
-1.56791
-0.801945
-0.801945
-0.801945
-0.702242
-0.661126
-0.716517
-0.538683
-0.947008
-0.947008
-0.723915
-1.22554
-1.22554
-1.22554
-0.259676
-0.10699
0.688339
0.0538021
-0.18414
0.138195
0.0379881
-0.752614
-0.944005
-1.18513
-0.787275
-0.787275
-1.07444
-0.746632
-0.469547
0.245565
-0.414041
-0.630087
-0.224117
-0.366237
-0.366237
-0.299954
-1.17855
-1.32662
-0.997769
-0.944831
-0.189918
-1.00746
-0.286548
0.207674
0.799564
0.897919
0.320123
0.063969
-0.119233
0.82054
0.82054
0.82054
0.00120704
-0.120447
0.751326
0.751326
0.187322
-0.444579
0.54959
0.54959
0.567284
0.567284
0.567284
0.567284
-0.42545
-0.948871
-0.948871
-0.731676
-0.731676
-0.173811
-0.660146
-0.748801
-0.636566
-0.181813
-0.445443
-0.788452
-0.788452
0.0597668
-0.514218
0.0701287
0.299978
0.887672
0.726022
0.529868
0.856122
0.612833
-0.363978
-1.24036
-1.24036
-1.67298
-1.67298
-0.980477
-0.980477
-0.040239
0.930585
0.930585
0.741537
0.741537
0.741537
1.06966
0.836379
0.836379
0.836379
0.761475
0.222636
-0.141017
0.0675867
-0.0290807
0.434244
0.10129
1.00366
1.07599
0.762177
1.06853
0.119463
1.01929
0.100746
0.703242
0.703242
0.703242
0.703242
0.334208
-0.367802
-0.652672
-0.652672
-1.22752
-0.60803
-0.753923
-0.0839069
0.135569
-0.584066
-0.12897
0.0646266
0.199635
0.225485
0.471806
0.942339
0.0947019
-0.576115
-1.0433
-0.273443
-0.216811
0.624951
-0.373982
-0.914176
-0.914176
-0.91647
-0.201896
-1.16137
-1.16137
-1.16137
-0.904795
-0.301553
-0.915783
-0.915783
-0.662393
-0.662393
-0.662393
-0.140671
-0.226417
-0.852216
-0.949137
-0.775355
-0.0244527
-0.466067
-1.4324
-0.957837
-1.66544
-1.66544
-1.25329
-0.644773
-0.644773
-0.644773
-1.12174
-1.12174
-1.52763
-0.701713
-1.2297
-1.2297
-1.2297
-1.32874
-0.878916
-0.91066
-0.91066
-0.0956731
0.783594
0.956864
0.956864
0.411091
0.411091
-0.495154
-0.658269
-1.12936
-1.12936
-0.616648
-0.741356
0.151577
0.729234
0.0785989
-0.890321
-0.614284
-0.582294
0.359936
-0.625012
-0.625012
-0.625012
-0.577913
-0.0374715
0.402378
0.761241
0.783827
0.783827
1.50128
1.2331
1.2331
1.5853
0.922883
1.02504
0.107849
0.339959
-0.392514
0.454601
1.25037
1.25037
0.684465
1.23094
1.23094
1.23094
1.06914
0.701804
0.701804
-0.0324824
0.394141
-0.548199
0.129425
-0.0476302
-0.0199971
-0.702291
-0.702291
-0.702291
0.0136384
-0.844891
-0.474421
-1.2327
-1.07698
-1.07698
-1.07698
-0.488553
-0.708922
-0.997914
-0.0135625
0.517583
0.611961
0.713281
0.713281
1.11563
1.07884
1.07884
0.832509
0.0769592
0.475148
0.90606
0.90606
0.90606
0.110436
-0.702381
-0.0223547
-0.777762
-0.0263774
-0.468096
-0.468096
-0.681013
-0.681013
-0.582515
-0.957615
-0.930056
-1.18356
-1.18356
-1.09872
-1.09872
-0.522569
0.228368
-0.681978
-0.298698
-1.28823
-1.28823
-1.28823
-1.28359
-1.28359
-0.528146
0.420231
-0.544941
-0.851138
0.0677312
-0.533993
-0.209145
-1.1408
-1.14737
-0.748135
-0.85163
-0.513293
-0.617712
-0.617712
-0.617712
0.362702
-0.354411
-0.954439
-0.362981
-0.223619
-0.357349
-0.279498
-0.787517
-0.787517
-0.787517
0.0656282
-0.0649354
0.552676
1.13761
0.349538
-0.191813
-0.664077
-0.664077
-0.857314
-0.291993
-0.575198
-0.470333
-0.470333
0.0298576
-0.8478
-0.8478
0.0881059
-0.17284
-0.830533
-0.508746
-0.508746
-0.611119
-0.608378
-0.113865
0.457131
1.09472
1.09472
1.09472
0.656884
0.656884
0.656884
0.656884
1.1952
1.31467
1.36228
1.36228
1.36228
0.407687
0.49522
1.36671
1.44511
1.62784
1.7115
1.7115
2.02892
1.47239
1.21623
0.854072
-0.0379613
-0.80134
-0.827257
-0.407978
-0.407978
-0.711399
-1.19853
-0.945688
-0.945688
-1.18777
-1.14018
-1.14018
-1.14018
-1.14018
-1.14018
-0.228092
0.556038
0.52837
0.52837
0.968073
0.968073
0.968073
0.0459048
0.763606
0.763606
0.965347
0.754881
0.754881
-0.035105
-0.621946
-0.409057
-0.409086
0.107934
-0.374306
-0.768982
-0.310696
-0.310696
-0.584966
-1.18114
-1.18114
-0.374469
-1.03209
-0.290374
-0.119004
-1.05759
-1.05759
-0.907752
-0.71667
-0.71667
-1.08046
-0.503499
-0.105572
-0.828754
-0.133358
-0.710341
0.257949
0.488217
0.803285
0.765394
0.92867
0.845367
0.845367
0.186381
-0.281546
-0.666792
-0.666792
-0.666792
-0.666792
-0.666792
0.249729
0.850811
0.772144
0.0478175
-0.463167
-0.359914
0.0597452
-0.204723
0.0219773
-0.786742
-0.539049
-0.749696
-0.749696
-1.12454
-1.00412
-0.845077
0.0352151
0.929597
0.564158
0.49354
0.497166
0.112702
0.742885
1.19888
0.682025
-0.217846
0.303332
1.07267
1.07267
0.253326
0.720274
0.720274
1.66735
1.66735
0.889629
1.47178
1.47178
0.65658
1.24885
0.850956
0.793888
0.564302
1.19832
1.00003
0.0370299
-0.561222
-0.474453
-0.0715656
-0.559995
0.429041
0.40575
0.718097
0.664773
1.0691
1.00197
1.00197
1.00197
0.253408
-0.281478
0.0503734
-0.275689
-1.06811
-0.772882
-1.23551
-0.958151
-0.958151
-0.161348
-1.00775
-1.14523
-0.463968
-0.774285
-0.541392
0.387786
0.10421
-0.546507
-0.546507
0.431426
0.178627
-0.390133
-0.66296
-0.0221487
0.786659
0.786659
1.13358
1.13358
1.13358
0.885264
0.82968
0.670115
1.64446
0.939627
0.642284
-0.0939836
0.313496
0.313496
-0.564966
-1.38061
-0.651333
-0.29918
0.277956
0.295417
0.479199
0.638249
-0.220746
-0.00952891
0.706619
1.26912
1.26912
0.727391
0.782839
1.32322
0.631944
0.911112
0.850266
0.850266
0.850266
0.850266
0.850266
1.11273
1.45537
1.38198
0.877333
0.877333
0.877333
0.877333
0.877333
0.565629
-0.0967427
-0.299555
0.0177679
-0.83112
-0.83112
-0.83112
-0.83112
-1.08932
-1.08932
-1.08932
-0.646337
-1.31121
-1.31121
-1.31121
-1.31121
-0.660507
-0.660507
-0.727972
-0.399905
-1.08047
-0.557868
-0.873973
-0.873973
-1.38982
-0.535315
-0.488578
-0.771608
-0.929599
-0.814024
-0.814024
-0.365056
-0.48952
0.450067
-0.417634
-0.417634
-0.43299
-0.407255
-0.0730563
0.503071
0.824378
0.824378
0.824378
0.510176
-0.146125
0.258801
0.453241
1.37999
1.37999
1.37999
0.516682
-0.318342
-0.830619
-0.00148385
0.758481
0.758481
0.38497
-0.556011
-0.283025
0.563615
1.15617
1.15617
0.847983
0.847983
0.206826
0.0746941
-0.796701
-0.796701
-0.652149
-0.281166
-0.281166
-0.281166
-0.51059
-0.209598
0.411662
0.889474
0.492006
0.601455
0.615991
-0.30394
-0.647228
-0.142652
0.849831
0.849831
0.758954
0.758954
0.758954
-0.13638
0.301255
0.32276
-0.457101
-0.43149
-0.689428
-0.968907
-0.968907
-0.968907
-0.968907
-0.778068
-1.09542
-1.09542
-1.09542
-0.253905
-0.565317
-0.901438
-0.10158
0.375158
0.590688
-0.183777
0.00255775
0.481173
0.481173
0.481173
0.135301
-0.372249
0.328685
-0.250176
0.0127485
0.396818
-0.263944
0.0392251
-0.408919
0.0760815
0.406795
1.36466
1.36466
1.36466
0.769323
0.769323
1.70439
1.75058
1.75058
0.817708
0.817708
0.886535
0.0741558
0.279254
1.08359
0.899124
0.899124
0.899124
0.899124
0.957588
0.815493
0.815493
-0.13299
-0.192196
-1.09375
-1.09375
-1.09375
-1.49419
-0.617036
-0.617036
-0.779875
-0.718205
-1.55808
-2.01905
-2.01905
-2.01905
-1.79822
-1.29976
-1.29976
-0.717432
-1.66827
-1.08701
-1.08701
-1.08701
-1.08701
-1.08701
-0.375246
-0.376861
-0.596712
-0.742764
-0.742764
-1.74179
-1.74179
-1.74179
-1.44175
-1.44175
-1.44175
-1.99143
-1.24647
-0.886806
-0.423841
0.120432
-0.136601
-0.71239
-1.05053
-0.565273
-1.52719
-0.932597
-0.0580914
0.0152619
-0.871453
-0.971635
-0.21238
-0.411507
-0.529391
-0.102791
0.777272
0.816001
0.816001
0.303532
1.28227
1.28227
1.28227
1.28227
0.358342
0.649449
-0.0638035
0.480151
0.174136
-0.483371
0.426426
0.460807
0.478905
0.478905
1.12666
0.623914
0.0965068
1.05866
1.05866
1.05866
1.05866
1.13631
1.34315
1.33589
1.22852
1.24479
0.911049
1.28717
1.28717
1.49396
1.1893
1.1893
0.190844
0.377876
0.377876
0.387933
-0.381278
-0.19482
-0.26256
-1.09026
-1.53224
-1.42401
-1.42401
-1.42401
-1.42401
-0.511217
-1.3045
-1.65572
-1.45833
-1.45833
-1.45833
-1.45833
-1.65468
-0.824864
-0.0419372
0.648181
1.30949
1.40658
0.920538
0.273891
0.273891
1.19971
1.11849
0.406765
-0.360977
0.537995
0.416167
-0.0758805
-0.200203
-1.06038
-1.27198
-1.181
-1.181
-0.944581
-1.65906
-1.65906
-1.02727
-0.833845
-0.134416
0.747104
0.747104
0.938175
0.832859
-0.0230815
0.636352
0.50025
0.495827
1.09318
1.09318
0.964359
0.421646
-0.134059
-0.154164
-0.440113
-0.440113
-0.786929
-0.211289
-1.14809
-0.729721
-0.729721
-0.729721
-0.729721
-0.0938754
-0.759782
-0.159002
0.329622
1.1333
0.139244
-0.187371
-0.353356
-0.975866
-0.951512
-0.951512
-0.769813
-0.769813
-1.36647
-1.36647
-0.933053
-0.781513
-0.781513
-0.950913
-0.447352
-0.636977
0.2381
-0.75399
0.0249112
-0.625301
-0.811485
-1.56875
-1.56875
-1.36764
-1.36764
-1.36764
-1.36764
-1.28582
-1.28582
-1.28582
-1.50779
-1.42032
-1.15326
-0.682543
-0.682543
-0.870353
0.0533793
-0.526157
-0.0881271
-0.495838
-1.2031
-0.340344
-0.340344
-0.532435
-0.532435
-0.893746
-1.01846
-1.01846
-1.01846
-1.06966
-0.79876
-0.0119118
0.497767
0.0337495
-0.297983
-0.497958
0.367958
1.07809
0.845048
1.00276
1.00276
1.10284
1.15113
1.15113
1.15113
1.15113
1.15113
0.393289
1.02836
0.228239
0.228239
0.374336
0.270833
-0.0590254
-0.245472
-0.375686
-1.32886
-0.361516
0.600859
0.600859
-0.139427
-0.127745
0.409841
1.14629
1.14629
0.780708
0.489926
-0.157049
-0.710106
-0.437059
-0.0680191
0.848719
0.848719
0.848719
1.00121
1.00121
0.113841
-0.112661
-0.620606
0.300425
0.91459
0.339213
0.695657
0.695657
-0.0264869
0.699628
0.963322
0.963322
1.2869
1.50986
0.724554
-0.148704
-0.434619
-0.848149
-1.47075
-0.568148
-0.568148
-0.189369
-0.528893
-0.243876
0.145254
-0.740808
-0.991955
-1.96033
-1.96033
-1.96033
-1.22829
-0.794273
-0.553235
-0.766955
-0.627052
-0.627052
0.281534
-0.220218
-0.211251
-0.431954
0.113502
0.321631
-0.142262
0.0141794
0.445792
-0.397935
0.536958
0.482004
-0.375855
-0.375855
-0.0822565
-0.931468
-0.931468
-0.931468
-0.389076
-0.358545
0.427671
0.427671
-0.501477
-1.10924
-0.839009
-0.193859
-0.0983109
0.167666
0.0574835
0.447274
0.00826176
-0.790802
-0.790802
-0.00204052
0.163846
-0.677741
0.241997
0.402931
0.443164
0.443164
0.847114
0.744652
0.744652
-0.23722
0.479492
-0.32436
-0.576182
-0.220551
0.273088
0.460971
-0.24356
-0.487178
-0.485236
-0.66889
-0.66889
-0.965641
-0.337594
-1.10844
-1.10844
-1.10844
-0.771919
0.198371
0.0527478
0.565884
0.306938
1.22073
1.22073
1.549
1.34835
1.00508
0.9335
0.856901
0.856901
0.856901
0.383667
1.16211
0.811297
-0.0826046
-0.666846
-0.666846
-0.970839
-0.970839
-0.0615747
-0.977249
-0.977249
-1.61494
-1.33205
-1.25027
-1.25027
-1.35627
-1.35627
-1.39157
-1.39157
-0.48621
-0.402491
-1.21061
-1.21061
-1.21061
-1.43351
-1.33692
-1.50938
-0.554046
-0.554046
0.0514809
-0.102475
0.330852
1.00858
1.00858
1.01449
0.112873
-0.449633
-0.184202
-0.591219
-0.831428
-1.28012
-1.46641
-1.37367
-1.49824
-1.49824
-1.49824
-1.07724
-1.07724
-0.635919
-0.635919
0.273224
1.24727
0.278427
0.0590692
-0.318793
-0.221839
-0.123182
-0.188151
0.770455
0.770455
-0.025232
-0.124562
0.8539
0.8539
0.466837
0.983533
0.983533
0.102647
0.777634
0.17188
0.12319
0.589675
1.28565
1.28565
1.42863
0.688369
0.688369
0.846541
0.349689
1.1247
0.25766
1.24164
0.956252
0.723294
0.723294
0.647123
0.964727
1.16957
1.16957
1.37137
0.895615
0.79475
0.941142
0.825499
1.00882
1.80706
1.38953
1.09312
0.523905
1.27999
1.24418
0.266927
0.574175
0.574175
0.827626
0.827626
0.322612
0.954851
0.954851
1.48635
0.809372
0.809372
0.809372
0.681015
0.990929
0.0877407
0.412507
1.12695
1.12695
1.12695
1.12695
0.49134
0.791329
0.791329
0.380414
0.141786
0.880474
1.15685
1.11948
1.11948
1.11948
1.26846
1.26846
1.26846
0.926437
0.929939
0.929939
0.173738
0.532366
0.532366
-0.367381
0.15122
0.791343
0.791343
0.791343
0.0129368
0.0084155
0.416185
0.0290168
0.0707534
0.56952
0.646223
-0.100207
0.12193
-0.306444
-0.39756
0.560294
0.560294
0.556156
0.838366
0.838366
0.67955
1.32445
1.22392
1.66063
1.07519
0.228209
0.919454
1.11925
0.536646
0.536646
1.3724
1.3724
0.636152
1.01904
1.01904
0.704842
0.769011
-0.00545937
0.180968
0.191553
1.13042
0.336753
-0.575878
-0.575878
-0.575878
-1.3743
-0.478521
-1.03401
-1.03401
-1.03401
-0.447159
-1.0828
-1.11207
-0.921678
-0.94023
-0.94023
-0.359119
-0.573521
-0.653312
-0.653312
0.29281
0.661664
1.56886
1.56886
1.56886
0.658959
0.658959
1.19571
1.69071
1.69071
1.69071
0.89192
0.89192
0.761522
0.761522
1.28264
1.49862
1.19392
0.346748
-0.142159
-0.352294
-1.31691
-1.69471
-1.69471
-0.87211
-0.87211
-1.221
-1.54292
-1.54292
-1.54292
-1.2109
-1.2109
-0.340205
0.202781
-0.0292699
-0.537417
-1.34249
-1.34249
-1.34249
-0.348797
-0.348797
0.454589
0.218911
0.328747
0.709471
0.709471
0.999456
0.922376
0.922376
0.922376
0.659818
0.659818
-0.0490373
0.310086
0.82611
0.82611
0.82611
1.50411
1.50411
1.50411
1.52409
1.52409
1.39083
1.22605
1.69407
1.69407
1.69407
1.41767
0.469796
-0.277149
-1.07274
-1.07274
-1.40642
-0.730165
-0.730165
-0.0727653
-0.232564
-0.501145
-0.442778
0.20222
0.879242
0.788949
0.964869
0.964869
0.964869
0.964869
1.09205
1.09205
1.09205
1.09205
0.742941
1.09392
1.09392
0.710567
1.25862
1.25862
1.25862
0.464619
0.833345
0.0520416
-0.742945
0.0677393
0.141954
0.485362
0.663805
1.44037
0.590879
0.590879
0.985202
1.1838
1.1838
1.06845
0.271672
-0.274091
-0.650534
-0.650534
-0.650534
-0.803254
-0.803254
-0.803254
0.164151
-0.657357
-0.560866
-0.560866
-0.560866
0.244923
0.513305
0.749229
1.05467
1.05467
0.514055
1.30489
1.0713
0.490638
1.42699
1.42699
1.19437
0.267959
0.0177022
0.873463
0.873463
0.873463
1.07493
0.941693
0.600961
0.600961
-0.374211
-0.87891
-1.50219
-1.09178
-0.288612
-1.00231
-1.78818
-1.78818
-1.78818
-1.78818
-1.78818
-0.834228
-0.834228
-0.140219
0.643992
0.108969
0.469932
0.469932
1.30577
1.30577
1.24939
1.24939
1.19446
0.78331
0.78331
0.78331
0.78331
-0.0262865
0.588888
1.06155
0.46371
0.656767
0.930292
1.05479
0.564792
0.827702
0.385121
1.06633
0.656883
1.05224
1.27701
1.18334
1.18334
0.819648
0.819648
0.455494
0.313887
-0.551254
-0.551254
-0.812264
-0.715139
-0.820462
-0.820462
-0.0401011
-0.91544
-1.20294
-0.270352
0.458671
1.25539
1.29365
0.6476
0.6476
0.549618
0.549618
0.922545
0.922456
0.922456
0.922456
0.400627
0.472658
1.04786
1.04786
1.33901
1.33901
1.27395
1.38558
1.49304
0.912248
0.73794
0.991657
0.36715
0.439289
-0.144604
0.257588
0.193171
0.293849
0.387069
0.906786
1.2775
1.19068
0.632108
1.26454
0.736024
0.873147
0.83794
0.83794
1.43389
1.43389
1.07764
1.07764
1.07764
1.07764
1.07764
1.47665
0.573743
1.01862
1.01862
0.0322744
0.796119
0.051715
0.607653
0.811759
0.886075
0.290468
0.728732
-0.146074
0.616011
0.616011
1.10034
1.10034
0.325722
-0.281017
0.512392
-0.121679
0.426769
0.426769
0.381642
0.580443
1.22574
1.22574
0.810325
1.31508
1.24232
0.290664
1.22266
0.712278
0.712278
0.516443
0.516443
-0.441019
-0.00776678
0.331422
-0.454829
-0.753741
-0.677633
0.224996
-0.588621
0.370141
-0.142183
0.67733
0.92812
0.737445
0.700124
0.700124
1.14611
0.814981
0.814981
0.771828
-0.210408
-0.0229903
-0.209349
0.537212
0.537212
0.537212
0.537212
1.38883
1.38883
1.38883
0.912223
0.912223
0.871631
1.52784
1.2368
1.2125
1.2125
1.57113
1.9122
1.32828
0.986488
0.808867
0.821157
0.821157
0.958396
0.673369
0.2759
0.548797
1.50938
0.709251
-0.0417428
-0.139512
-0.836772
-0.836772
-0.836772
-0.0637197
0.113388
-0.174575
0.822864
1.66708
0.99187
0.99187
0.99187
0.988405
0.575778
1.33758
0.886674
0.886674
0.886674
0.142702
-0.572738
-0.572738
-0.148638
-1.04731
-1.04731
-0.59458
-0.59458
0.188955
-0.682224
-0.682224
-0.467808
-0.430365
-0.19523
-0.430899
-1.2454
-0.431788
0.156838
0.572485
0.441426
0.17973
0.920511
0.874945
0.178834
0.81198
0.705419
0.591992
0.591992
0.999061
0.060843
0.522438
0.518734
1.02302
0.460338
0.781172
1.00587
0.0939762
-0.538078
-0.997905
-0.997905
-0.736388
-0.836822
-0.836822
-0.836822
-0.9654
-0.489341
0.139887
-0.369287
0.445523
-0.382729
0.301342
-0.255683
0.0051715
-0.261974
0.658421
-0.0967534
0.727595
0.727595
1.63023
1.63023
1.102
1.39232
1.03268
1.23188
1.04442
0.149983
1.00753
1.57608
0.999919
0.999919
0.999919
0.766506
0.745409
-0.197521
-0.144411
-0.0309416
0.163417
0.628007
0.898734
0.898734
0.882177
1.02931
1.02931
0.48267
1.18081
1.37533
1.37533
1.57374
1.57374
0.875592
1.16786
1.16786
1.16786
1.16617
0.4548
0.322291
0.376766
-0.592084
-0.883951
-0.883951
-0.883951
-1.12476
-1.25111
-1.29159
-1.29159
-1.35351
-0.685701
-0.464776
-0.971848
-0.971848
-0.192575
-0.942931
-1.14258
-1.14258
-1.14258
-0.898915
-1.29458
-0.794981
-1.10055
-1.34131
-1.34131
-1.34131
-0.493614
-0.905105
-0.218
0.236876
0.440372
0.550648
0.38535
0.437123
-0.370664
-1.02475
-0.926652
0.00298358
0.70626
1.12272
0.390394
-0.125662
0.41641
0.41641
-0.144252
-0.0138779
-0.823031
-0.221019
0.164519
-0.430879
0.249519
0.294025
0.904786
0.904786
0.904786
-0.0567918
0.476387
1.14945
0.309158
-0.0146752
0.965311
0.185037
-0.747904
-1.35787
-1.35787
-1.35787
-1.02266
-1.00758
-0.572965
-0.291046
-1.24482
-0.685846
-0.421758
0.229002
-0.0723168
-0.888481
-0.805744
-0.805744
-0.805744
-0.805744
-1.24121
-1.24121
-0.712679
-0.641424
-0.641424
-0.530634
-0.530634
0.105497
1.10465
1.10465
1.10465
1.10465
0.464307
0.464307
0.464307
-0.290396
-0.808744
-0.639913
-0.767697
-0.873502
0.125328
-0.836173
-0.836173
-0.927121
-0.944337
-1.1248
-1.1248
-1.34187
-1.30126
-1.23547
-1.23547
-1.23547
-0.300631
-0.209949
0.234723
0.856373
0.339993
0.585618
0.434041
0.0483903
0.168639
0.0550046
0.987913
1.21859
0.455649
0.532967
1.10003
0.113289
0.423264
0.784348
0.784348
1.08064
0.876686
0.876686
1.20229
1.20229
1.20229
0.408654
0.634797
0.941518
0.63172
1.12321
0.716957
0.716957
0.716957
-0.16421
0.759101
0.93257
0.40357
0.40357
0.943727
0.413212
-0.182932
-1.09267
-0.238991
-0.310436
-0.306863
-0.497766
-0.497766
-0.945282
-0.21268
-0.0523592
0.588376
0.476676
0.305283
0.999753
0.964381
0.964381
0.964381
1.23692
1.41726
1.09156
0.451464
1.0495
1.0495
0.965335
0.965335
0.839567
1.14298
0.625162
0.625162
0.519698
1.27663
0.381663
1.00415
1.00415
1.00415
0.992997
0.992997
0.690544
0.690544
0.656075
0.161029
0.946643
0.946643
1.2353
1.2353
0.919637
0.199645
1.05692
0.190312
0.325067
-0.583568
-0.334141
0.186546
0.718358
0.718358
1.37849
1.52099
1.2303
1.2303
1.2303
1.2303
1.33447
0.690342
0.690342
1.32053
0.674363
0.674363
0.364898
0.364898
-0.102187
0.578241
-0.100142
-0.588312
-0.588312
-0.588312
-0.588312
-0.345417
-0.345417
-1.09143
-1.09143
-1.09143
-0.116207
-1.07298
-0.884757
-0.907288
-0.234083
-0.972458
-0.972458
-0.956063
-0.956063
-0.58646
-1.21984
-1.21984
-1.21059
-0.796514
-0.796514
-0.796514
0.0839703
-0.307852
0.595928
0.374041
0.481055
-0.156912
-0.777634
-0.777634
-0.777634
-0.777634
-0.777634
-0.777634
-1.06794
-1.16472
-0.535444
-1.34137
-0.889514
-0.695643
0.0911499
-0.848293
-0.848293
-0.848293
-1.76025
-0.787567
-1.04007
-1.04007
-1.04007
-0.420369
-0.420369
0.187109
-0.551624
-0.816591
-0.598707
-1.44029
-0.502725
-0.679395
-0.681007
-0.30604
0.00298212
-0.183333
0.437401
0.437401
0.785272
0.760313
0.760313
0.760313
1.127
1.127
0.235425
-0.235466
0.593442
0.410481
0.410481
-0.156495
0.636835
1.27196
1.12718
1.12718
1.71075
0.785876
0.785876
0.375684
-0.386114
-1.09056
-1.77153
-1.36276
-0.975415
-1.35476
-1.35476
-1.23285
-1.81687
-1.81687
-2.03857
-1.7827
-1.7827
-1.7827
-1.37482
-0.635258
-0.153866
0.125169
0.909861
0.909861
0.843507
1.04569
0.690821
0.604896
0.498676
1.36298
1.36298
0.557299
0.557299
0.6729
0.581374
-0.0471725
0.615172
0.615172
-0.121835
0.441087
0.42383
1.38756
1.38756
0.438234
1.30082
1.1284
1.04002
0.902583
1.87503
1.87503
1.87503
0.917206
1.23181
1.12152
1.14811
1.14811
1.14811
1.41898
0.500163
0.522311
0.836262
0.660269
0.660269
0.543965
0.678731
0.678731
0.77271
0.77271
0.07822
1.04849
0.213586
0.375777
0.810928
1.27742
1.27742
1.06058
1.06058
0.516356
0.998986
1.0594
1.0594
1.0594
1.63805
0.646926
0.208825
0.800036
1.2964
1.2964
0.366203
0.366203
0.483356
1.18535
1.18535
0.232971
0.0317096
-0.147823
0.581373
-0.314411
0.0202342
0.451298
-0.393508
-0.393508
-0.306447
0.0329856
-0.681589
-0.426993
0.384732
0.628943
-0.324325
-0.261326
0.709565
0.709565
0.320637
-0.213672
-0.480966
-1.46902
-1.72316
-1.72316
-1.34043
-1.34043
-0.695577
-0.370867
-0.370867
-0.980085
-0.114391
-0.609824
-0.377218
-0.137266
0.702806
0.702806
0.894508
0.817846
0.205079
1.02302
0.970162
0.0431113
0.794642
0.451436
-0.0845269
-0.29399
-0.39454
-1.09545
-1.56161
-1.56161
-1.41016
-1.41016
-1.47261
-0.741076
-0.0523378
-0.570611
0.240443
0.660984
0.726064
0.726064
1.03549
0.682498
0.682498
1.34919
1.34919
1.10628
0.222934
1.08803
1.08803
1.08803
1.42649
0.507532
0.507532
0.947923
1.52412
1.42048
1.42048
1.76011
1.52756
1.00206
1.00206
0.440155
-0.061886
0.143405
0.691198
0.72573
0.71084
1.12946
0.382926
0.382926
0.7239
0.7239
0.710313
0.489691
0.667903
0.667903
0.667903
0.667903
0.667903
0.971602
0.232288
-0.425229
0.0541272
0.249494
1.14794
1.14794
1.02251
0.804991
0.804991
0.804991
0.74443
-0.128852
-0.265187
-0.24852
0.406853
0.394104
0.634992
0.634992
0.109522
-0.315571
-0.376534
-0.376534
0.0277329
0.904164
0.779133
0.779133
0.456879
0.456879
0.509985
0.509985
0.509985
0.234402
1.19573
1.04991
1.04991
1.78247
1.78247
2.19031
2.17219
2.17219
1.61262
1.61262
1.50992
1.09661
0.372619
1.35969
0.51388
0.988819
0.541136
0.606636
0.606636
0.606636
-0.129403
-0.685739
-1.23014
-1.33715
-0.958135
-1.52609
-1.79713
-1.79713
-0.878344
-0.878344
-0.878344
-0.854407
-0.52831
-0.52831
-0.812021
-0.812021
-0.729901
0.215138
0.516233
1.32546
1.00963
0.30675
0.345582
0.890777
1.26508
0.463757
1.11208
1.11208
1.11208
0.483252
-0.0651712
0.828092
1.02976
0.61312
0.925277
0.769211
0.0423771
1.02345
1.02345
0.130886
-0.0487517
-0.44198
-0.627047
-0.627047
-1.13363
-1.69048
-1.69048
-2.20184
-2.20184
-2.20184
-2.20184
-1.48134
-1.48134
-1.48134
-1.48134
-0.862072
-0.862072
-0.862072
-0.862072
-0.589687
0.0834312
0.256882
-0.645999
-0.612437
-0.899434
-0.741648
-0.986277
-0.514792
-0.526863
0.194687
0.0629082
0.169331
0.42553
-0.1778
0.798059
0.990819
0.990819
0.286893
-0.217235
-0.790796
-1.27468
-0.823788
-1.21212
-1.00967
-1.00967
-0.274302
0.105075
1.02369
0.0870868
-0.304882
-0.304882
-0.487035
-0.827096
-0.827096
-0.827096
0.155411
-0.688207
-0.688207
-0.809678
-0.469531
0.425288
-0.427782
-0.74584
0.165501
-0.516001
-0.516001
0.439402
0.465668
0.394768
0.423451
-0.170432
0.687361
0.687361
0.687361
1.06388
1.06388
1.54204
0.756079
1.21334
0.825335
0.953991
0.33517
-0.621456
-0.198197
0.492109
1.15714
1.15714
1.61458
1.31252
1.19868
1.19868
0.226755
-0.181707
0.0926291
1.03667
1.40706
1.40706
0.699748
0.93315
0.482948
0.482948
1.06554
1.06554
1.06554
1.36375
1.36375
0.959332
0.0117015
0.0988145
0.746589
1.66846
1.1621
1.31118
1.31118
0.754886
0.754886
1.37201
0.954301
0.954301
-0.00916183
0.712543
0.831082
1.01424
1.33271
1.33271
0.606178
0.660299
0.660299
0.660299
0.233354
0.460902
0.940209
0.366927
0.366927
0.0979767
0.625992
0.407836
-0.193719
-0.468392
-0.933785
-0.526905
-0.446012
0.144209
0.693898
0.783571
0.783571
0.783571
1.48964
1.48964
0.699554
0.699554
0.174748
-0.585532
-1.13522
-1.13522
-0.744177
-0.744177
-1.64868
-1.22139
-1.22139
-0.764045
-1.05086
-1.05086
-1.05086
-0.405491
-0.588027
-1.24655
-1.24655
-1.24655
-1.20475
-1.20475
-1.00584
-1.00584
-0.727194
-0.196038
-0.671514
-0.671514
-0.782191
-0.782191
-0.155321
0.296363
-0.0573057
0.216092
0.238542
0.540782
0.294811
0.715601
-0.271065
0.507603
0.60959
0.60959
0.667508
1.09766
1.09766
1.40789
1.40789
1.37452
0.789553
0.668092
0.668092
0.224464
0.643668
0.80243
0.0434649
-0.0356161
0.82052
0.608505
1.09575
1.09575
1.02524
0.959826
0.937046
0.487682
0.487682
0.15445
0.891836
0.891836
0.684441
0.279025
0.0112166
-0.872988
-0.179196
-0.142559
0.142559
0.146323
0.145742
-0.0519564
-0.719252
-0.719252
-0.719252
-0.0739299
-0.870832
-0.423837
0.0351313
0.569515
0.926275
0.0707303
0.477922
0.579067
0.579067
0.813969
0.947335
0.947335
0.609808
0.608586
-0.294088
-0.18708
0.618453
0.532133
1.50536
0.531546
-0.403311
-0.798871
0.141087
0.325448
-0.43383
-1.23702
-1.23702
-1.2241
-0.29596
-0.819712
-0.724107
-0.946313
-0.946313
-0.946313
-1.71068
-1.05083
-1.05083
-1.34318
-1.70988
-2.07902
-2.07902
-2.08204
-2.08204
-2.03793
-1.74195
-1.3966
-0.693116
-0.693116
0.162162
0.607627
0.708885
0.435269
1.12708
0.314749
-0.47861
0.384952
0.384952
1.12783
1.38196
1.38196
1.54046
0.687321
0.687321
-0.0952317
-0.544426
-1.011
-1.011
-0.774426
-0.534035
-0.534035
-1.06151
-1.06151
-1.06151
-1.06151
-0.462562
-0.534771
-0.894311
-0.00996616
-0.950546
0.0129889
0.287257
-0.404945
-0.404945
0.394141
1.03947
1.07029
0.856293
0.762913
0.71757
0.968219
0.562093
0.562093
0.151324
1.10628
0.888547
1.5725
1.11405
0.304985
-0.142646
-0.784768
-1.66237
-1.66237
-1.43402
-1.01833
-1.01833
-0.534826
-1.36854
-1.36854
-1.36854
-1.17892
-0.247203
-0.247203
-0.721381
0.17285
0.17285
0.17285
-0.323436
-0.51676
-0.991632
-0.494294
-1.32585
-1.32585
-1.32585
-1.32585
-1.32585
-1.32585
-0.524713
0.12312
0.323437
0.323437
0.581234
0.93796
0.93796
0.668095
0.366765
-0.0391438
-0.406046
-0.870168
-0.870168
-0.870168
-0.870168
-0.22008
0.237217
-0.244438
-0.779107
-0.779107
-0.750945
-0.721726
-1.14041
-0.159817
-0.704901
-0.704901
-0.704901
-0.782401
-0.782401
-0.782401
-0.782401
-0.782401
-0.538039
-0.234949
-0.97524
-1.30877
-1.30877
-0.655437
-0.148432
-0.61159
-0.306957
-0.0260536
-0.501992
-0.761642
-0.919559
-0.867182
-0.867182
-0.867182
-0.844843
-1.28028
-1.62361
-0.904179
-1.55442
-0.565418
-0.565418
-0.565418
-1.14642
-0.996376
-0.910781
-0.910781
-1.27347
-1.03342
-0.098904
-0.801528
-0.801528
-0.801528
0.142457
0.333419
0.342597
0.945447
0.945447
0.945447
0.165023
-0.259858
0.296212
0.638418
0.79733
0.79733
0.79733
0.675818
0.816994
1.05848
0.747065
0.628649
0.633634
0.254938
-0.263511
-0.205583
-0.502937
-1.16227
-0.329073
-0.659153
-0.941385
-0.421358
-0.748616
-0.821201
-0.61317
-0.695979
-0.695979
-0.342612
-0.389307
-0.0463246
-0.948554
-0.948554
-1.45063
-1.11918
-1.3328
-1.52526
-1.52526
-1.229
-0.430188
-0.114289
0.220922
1.09063
0.581785
0.0167099
-0.962994
-0.252486
-0.915397
-0.493983
-0.832321
-1.05076
-1.05076
-0.0946188
-0.190991
-0.252407
0.562043
1.1948
1.4358
1.07124
0.512343
0.848146
0.426663
0.0683496
0.0801811
-0.799389
-0.595292
-0.712311
-1.01772
-0.534294
0.432897
0.287401
-0.302266
-0.984473
-0.984473
-0.461807
-0.461807
-1.09158
-0.993903
-0.773849
-0.913379
-0.239975
-0.88867
-0.135193
0.0132831
-0.784543
-0.561925
0.222889
-0.111863
0.793228
0.274421
-0.216399
-0.707847
-0.707847
-0.43807
-0.43807
-0.595401
-0.699057
-1.15765
-1.3938
-0.644749
-0.386697
0.253373
0.786564
1.1199
1.1199
1.1199
0.619104
0.619104
0.84726
1.21582
0.855913
0.855913
0.375453
0.530637
-0.244796
-0.700323
-0.0735072
0.590612
0.145802
-0.238507
0.381016
0.38139
1.32114
0.664049
0.912622
1.75605
1.97977
1.97977
1.97977
1.97977
1.97977
1.97977
1.20065
0.875453
0.282058
0.698424
-0.294553
-0.149043
-0.352745
0.234387
-0.256138
-0.108467
-0.773299
-0.509773
-0.509773
-0.0956022
-0.0226195
-0.476367
-0.871133
-0.188057
-0.136839
-1.05415
-1.05415
-1.97559
-1.08768
-1.21472
-1.18178
-0.380683
-0.557651
-1.30572
-1.6311
-1.24041
-0.249252
0.26314
-0.414055
-0.414055
-0.386156
-0.756114
-0.756114
0.00124009
0.582906
1.25577
0.340923
0.340923
1.23276
0.955616
0.575208
0.630507
-0.0599356
-0.550353
-0.721246
-1.01735
-1.01735
-1.56643
-1.56643
-1.56643
-0.71992
-0.302336
-0.136605
0.447005
0.755188
1.03922
1.03922
1.20317
1.1181
0.317508
-0.646161
-1.21314
-1.1864
-0.677959
-1.27699
-0.357897
0.308557
0.681677
0.288216
1.21793
1.21793
1.21793
1.16097
1.38165
1.38165
1.38165
1.84843
1.84843
1.38584
1.40004
1.05585
0.402475
0.402475
0.402475
1.18226
1.18226
1.49539
1.01845
1.2088
1.2088
1.2088
0.330567
-0.653739
-0.575696
-0.868709
-0.278214
-0.133331
0.518206
0.496084
0.806327
0.72185
0.985822
0.118104
0.944005
0.944005
0.840406
0.840406
0.131667
-0.544904
-0.225358
0.309321
0.226259
1.01452
0.562402
0.82524
0.82524
0.353803
0.959684
1.14772
0.40992
1.07833
1.07833
1.07833
1.26602
1.26602
1.26602
0.910346
0.771773
1.26698
0.401902
0.433791
0.0965019
-0.448809
-0.171879
0.0563723
0.285238
0.860569
0.402003
0.524453
0.0921057
-0.906688
-0.906688
-0.439533
-0.439533
-0.719624
-0.630943
-0.510323
-1.18597
-1.68966
-0.981244
-0.134413
0.531352
0.531352
0.722431
0.0379915
0.730606
0.989174
0.593832
-0.122243
-0.928113
-0.801411
-0.801411
-0.801411
-0.801411
-1.12395
-0.61534
-0.909845
-0.262183
-0.29905
-0.582506
-0.116064
-0.261567
-0.202164
-0.758037
-1.63166
-1.41197
-1.41197
-1.43814
-1.70386
-1.21088
-1.10269
-1.23354
-1.23354
-1.23354
-1.23354
-0.856218
-0.856218
0.0293091
0.710011
0.710011
1.24813
1.03872
1.03872
1.03872
1.24975
0.256491
0.71478
0.71478
0.190353
0.35243
0.35243
1.06562
0.101469
0.753974
0.753974
-0.200819
-1.00595
-1.37193
-1.37193
-0.682138
-0.682138
-0.985394
-0.985394
-0.951917
-0.951917
-0.324844
-1.09941
-1.09941
-1.09941
-1.09941
-1.09318
-1.0103
-0.626253
-1.00299
-1.00299
-1.00299
-1.00299
-1.01938
-1.51663
-1.4407
-1.4407
-1.4407
-1.18051
-1.18051
-0.867187
-0.867187
-0.566332
-0.794159
-0.450379
-1.15113
-1.15113
-0.567519
0.00227363
0.742065
0.742065
0.742065
1.66653
1.75796
1.64605
0.830699
1.04319
0.540995
0.241478
0.656211
1.11749
1.11749
0.338124
0.31864
0.38564
0.364874
1.12266
1.16374
1.16374
0.275021
0.665666
0.429547
0.902358
0.902358
0.902358
0.902358
0.902358
0.63609
1.00447
1.24629
0.600967
1.13222
1.41966
1.14119
1.14119
0.557419
-0.208086
-0.465978
-0.775715
-0.494869
-0.494869
0.115519
-0.214942
0.173167
-0.336587
-0.311804
-1.04719
-1.04719
-1.22542
-1.23363
-1.86976
-1.86976
-1.86976
-1.86976
-1.2676
-0.325405
0.425421
0.310117
-0.593304
-0.638482
-1.51772
-0.648384
-0.681593
0.220032
0.62153
0.62153
0.782208
0.274452
0.274452
0.476317
-0.202987
-0.590958
-0.590958
-0.590958
-0.824656
-0.824656
-0.152843
-0.685146
-0.55257
-0.55257
-0.197863
0.343138
0.138226
0.79017
0.79017
0.79017
0.79017
0.79017
1.60145
1.01787
0.882715
0.882715
0.882715
0.551117
0.00843538
-0.572381
-0.572381
-0.413795
-1.31865
-1.31865
-1.31865
-0.829919
-0.829919
-0.825467
-1.0755
-0.810431
-0.845955
-0.39422
-0.505242
-0.29052
0.251788
0.972406
0.460833
1.23877
1.23877
0.640008
0.640008
0.640008
0.667464
0.667464
0.344025
0.718203
-0.0442077
0.925524
0.0526287
0.270063
0.406162
-0.387452
-0.955861
-0.355365
-0.153821
-0.903864
-0.903864
-0.903864
-1.01385
-0.690608
-0.690608
-1.42268
-0.892625
-0.974286
-0.261039
0.100939
-0.163836
0.807866
1.04454
1.06658
0.968157
0.10872
-0.260327
0.559228
0.559228
1.09546
1.09546
0.199785
0.493762
0.25973
0.9176
0.76758
0.311859
0.0681403
0.295808
-0.383898
-0.963804
-0.387407
-0.832576
-1.38718
-1.38718
-1.0352
-1.0352
-0.805151
-0.805151
-0.805151
-1.10601
-1.10601
-1.10601
-0.628348
0.276937
0.853835
0.853835
0.39522
0.39522
-0.427953
-0.427953
-0.427953
-0.393438
-0.42386
0.263874
-0.499677
-0.672223
-0.638625
-1.21166
-0.462741
0.0985704
-0.0676107
-0.183879
0.14246
0.477847
0.0316963
0.944661
0.944661
0.944661
0.944661
0.623446
0.623446
0.542801
1.01122
1.13331
1.13331
0.63568
0.63568
0.63568
0.475302
-0.174975
0.286223
1.1876
0.699714
0.699714
0.699714
0.444529
-0.540801
-0.059982
-0.311211
-0.605307
-0.605307
-0.605307
0.291574
1.05736
1.05736
0.814071
0.438636
0.202379
-0.133406
-0.838873
-0.920198
-0.920198
-1.57812
-1.57812
-1.09483
-0.192165
0.667444
-0.184107
-0.907004
-1.12786
-1.12786
-1.12786
-0.286671
0.642756
0.653707
1.24906
0.910391
0.910391
0.791958
0.200798
0.0686139
-0.479298
-0.863303
-0.777353
-0.0181787
-0.890532
-0.890532
-0.906085
0.0387446
0.0748919
0.279615
0.724711
0.724711
0.837794
0.527293
-0.317375
0.450221
0.0352186
0.481428
0.968023
0.703341
1.15952
0.202135
0.416761
-0.0781505
0.757231
0.293741
0.293741
0.293741
-0.606429
0.100503
-0.516044
-0.516044
0.34242
0.475592
-0.10876
0.309418
1.0758
1.29122
0.809084
0.070229
-0.472628
-1.37062
-1.37062
-1.37062
-1.37062
-1.37062
-0.646866
-0.646866
-0.296634
0.0450962
-0.862286
-0.862286
-0.598809
0.365238
0.385568
-0.324594
-1.29047
-0.33834
-1.26939
-0.443047
-0.443047
-0.0522354
-0.85942
-1.32006
-1.10749
-1.10749
-1.10749
-1.10749
-1.04506
-1.13909
-0.164106
0.744025
1.42922
1.42922
1.36319
1.36319
1.19611
1.19611
1.19611
0.736758
1.3222
1.05543
0.940632
0.457955
0.211483
0.410532
-0.0142688
0.295691
1.15405
1.43389
1.43389
1.08693
0.209036
1.01396
1.01396
0.719763
0.588922
-0.299405
-0.637063
-1.25845
-0.431186
-0.219581
-0.341852
-0.404413
-0.404413
0.366859
0.581782
0.603144
0.98832
0.794881
0.794881
1.56149
1.56149
1.67149
1.67149
1.67149
1.63015
1.63015
1.46521
1.46521
1.2465
1.2465
0.475894
-0.171112
0.577851
1.31189
2.07235
1.33415
0.557085
-0.0622427
-0.0369194
-0.337815
-0.186831
0.144704
0.581814
0.828458
0.828458
0.828458
0.828458
0.828458
0.828458
-0.0327176
-0.651201
-0.651201
0.228398
0.808344
0.688494
0.3185
0.0572194
0.0966462
1.05902
0.734733
0.734733
0.686083
-0.27293
0.239745
-0.179897
0.637536
1.13009
0.352513
1.03363
0.700383
0.92778
0.290006
-0.459934
-1.06139
-0.723031
-0.723031
0.221696
0.0696988
-0.680998
-1.14276
-0.639213
-1.22804
-1.04123
-0.954846
-0.958665
-0.772608
-1.44692
-0.964877
-0.836197
-0.836197
-0.224758
-0.926359
-1.07188
-1.07188
-1.03192
-1.26578
-1.26578
-1.26578
-1.26578
-1.49779
-0.861623
-0.325068
0.604744
0.604744
-0.0803332
0.090073
0.616164
0.616164
0.524896
0.965855
0.965855
0.964429
0.340319
-0.537467
-0.856498
-0.856498
-0.213175
-0.990431
-0.990431
-0.990431
-0.990431
-0.290168
-1.07668
-0.108283
-0.450821
-1.0267
-0.465846
-1.16687
-0.792975
-0.868078
-0.868078
-1.24507
-1.24507
-1.1537
-1.1537
-0.986059
-0.628408
-0.907125
-0.91766
-0.692206
-1.45455
-0.7513
-0.137838
-0.903448
0.071454
0.675011
0.357296
-0.549686
-0.222159
-0.669881
-0.18797
0.775362
0.775362
1.34503
1.34503
1.34503
0.654997
0.499522
1.27769
0.629814
-0.0442422
-0.0717118
-0.453085
-0.453085
-0.0844363
-0.300873
-0.842143
-0.374611
-1.31499
-1.31499
-1.76766
-1.70725
-1.35249
-1.44837
-1.44845
-1.55763
-0.73684
-1.27564
-0.39686
-0.749456
-0.749456
-0.828261
-0.260988
-0.260988
-1.025
-1.17592
-1.17592
-0.930677
-0.603203
-0.603203
-0.603203
-0.877315
-0.219658
-1.11529
-1.11529
-0.961578
-0.961578
-0.961578
-0.961578
-1.0285
-1.0285
-0.841377
-0.841377
0.0224726
0.69589
-0.275963
-0.0921262
-0.542843
-0.542843
-0.542843
-0.542843
-0.542843
-1.02779
-0.751088
-0.751088
-0.400413
-0.313877
-0.697844
-0.697844
-0.697844
0.00405169
0.966835
0.966835
1.25058
1.25058
1.25058
0.744498
0.153923
-0.620865
-0.577666
-0.0211283
-0.303496
-0.704319
-0.704319
-0.704319
-0.704319
-0.384574
-0.0429808
0.159808
0.891138
-0.064126
-0.314268
-0.145281
-0.632299
-0.501016
-1.41795
-1.41795
-1.41795
-1.41795
-0.608553
0.330264
0.709895
-0.165884
-0.831076
-0.831076
-0.374746
-0.407555
-1.15301
-0.791261
0.101208
-0.779041
-0.160738
-1.15048
-1.15048
-0.375572
0.615046
0.525231
1.37054
1.22581
1.18469
0.304513
0.207125
0.174047
-0.0884304
-0.284596
-0.98517
-1.02948
-1.02948
-0.435582
-0.803005
-0.803005
-0.382276
-0.453228
-0.673588
-0.466405
0.448087
-0.0833952
-0.338111
0.568363
0.356871
0.929251
0.661058
0.685158
0.664064
0.536597
1.08189
1.08189
1.10302
0.211996
-0.0305486
0.969045
0.377999
1.06165
0.53841
0.957943
1.05556
0.841988
-0.0168788
0.413736
-0.196932
0.278311
0.706305
0.98093
0.98093
0.98093
0.98093
0.98093
0.943885
0.943885
0.943885
0.943885
0.264628
-0.32267
0.551349
0.551349
1.1301
0.743064
0.0880439
1.04956
0.688142
1.11059
1.11059
1.11059
1.3123
1.3123
1.3123
1.32472
0.753965
-0.0652329
0.782846
0.782846
1.03365
0.617141
0.617141
0.617141
-0.107196
-0.867137
-0.592483
0.15807
-0.211469
-0.539755
-0.482261
-1.07541
-0.531327
0.0763739
-0.461424
-0.461424
-0.340349
0.545496
0.545496
0.758519
1.24979
0.385716
0.497965
0.617227
0.617227
-0.247066
0.00446068
-0.829206
-1.57489
-1.44321
-1.44321
-1.44321
-1.52407
-0.580009
-0.580009
0.412724
0.901385
1.22914
0.774515
0.823531
-0.153645
0.684852
0.684852
0.684852
1.10476
0.460376
0.675252
0.675252
1.05027
1.05027
1.05027
0.887078
-0.0378273
0.822678
0.534957
0.36299
0.520956
1.41198
1.46646
1.17703
1.17703
1.17703
0.208378
0.303238
0.493293
-0.249381
-1.18603
-1.18603
-1.18603
-0.922315
0.029373
-0.841094
-0.841094
-0.286457
0.51615
-0.288977
-0.288977
0.0741054
-0.121001
-0.582012
0.410025
0.440463
0.287289
0.671516
0.0965385
-0.585221
-1.31749
-1.31749
-1.31749
-1.31749
-0.844733
-0.364072
0.371078
0.371078
1.06917
1.85698
1.85698
1.16567
1.16567
1.18677
0.44646
0.378835
0.378835
-0.0677975
0.51378
1.275
1.23264
1.23264
1.19827
1.19827
1.43662
0.698002
0.698002
1.02352
1.02352
1.02352
0.829994
-0.0427198
-0.638952
-0.638952
-0.589904
-0.00507184
0.713445
0.629414
-0.348982
-0.130091
-0.761335
-0.888203
-0.888203
-0.888203
-0.0947036
0.671722
0.671722
-0.19639
-0.171321
-1.03187
-0.696857
-0.856027
0.0933012
0.840927
0.214559
0.950807
0.184263
0.26789
-0.501044
-0.680934
-0.835734
-1.0416
-0.634892
-1.04783
-1.04783
-1.07469
-1.07469
-0.74614
0.229168
-0.113429
0.832281
1.01917
1.01917
1.01917
1.01917
0.672816
1.54661
1.24587
1.24587
1.1051
1.63103
1.63103
1.63103
1.63103
1.51691
1.51691
1.31004
0.683716
0.283227
0.000896185
-0.0839239
0.6603
0.181089
-0.177927
-0.151634
-0.688249
-0.387992
-0.824981
-0.783558
-0.783558
-0.783558
-0.783558
-0.783558
-0.408022
-0.665141
-1.35116
-0.949125
-1.3143
-1.3143
-0.503629
-0.165058
0.430316
-0.481902
0.216551
0.0333494
0.351398
0.351398
1.3367
1.3367
1.22115
0.836892
0.836892
0.556272
0.529767
0.529767
-0.394693
-0.624269
0.149399
-0.770841
-0.770841
-0.916547
-0.916547
-0.779791
-0.779791
-0.779791
-1.12791
-0.27837
0.513011
0.752254
0.752254
1.43294
0.914677
1.69197
1.28241
0.646845
0.646845
1.30532
0.435135
0.477007
0.51576
0.799986
0.844561
1.25482
0.508451
0.508451
1.44778
1.44778
1.44778
1.18818
0.760215
0.495978
0.224441
0.596065
1.01608
1.31687
1.31687
0.730611
1.44033
1.44033
1.44033
0.693814
0.693814
0.693814
0.693814
0.693814
0.693814
-0.0697067
0.902754
0.202023
1.16528
0.170065
0.566274
0.464776
0.814216
0.814216
1.29631
1.00145
1.54051
1.54051
1.86052
1.86052
1.59502
1.03061
0.0427232
-0.537217
-1.05104
-1.04863
-1.02412
-0.643865
-1.03909
-1.03909
-0.78536
0.0082724
0.186432
-0.54537
-1.48232
-0.595348
0.319146
0.759339
1.01778
1.01778
1.01778
0.425142
0.425142
0.917557
-0.0335304
0.330719
0.451466
1.11499
0.161089
0.0103849
0.6353
0.6353
0.6353
0.277012
1.20914
0.680396
0.680396
0.0212659
-0.179377
-0.282136
0.00773121
0.704465
0.601304
0.601304
0.267679
0.71109
0.52543
-0.158445
-0.00256127
-0.806091
-0.806091
-0.806091
-0.738464
-0.738464
-0.576696
0.230782
0.413304
0.847692
1.46781
1.46781
0.487911
0.434801
0.637624
0.11665
0.5928
0.833466
0.305547
-0.486184
-0.577742
-0.167455
0.259022
0.251348
0.40138
0.40138
-0.319787
-1.00455
-1.00455
-0.109813
-0.607117
0.333883
-0.614818
-0.775107
-0.220267
-0.962958
-0.271885
0.516222
1.03715
1.30495
1.30495
1.30495
1.30495
1.1354
0.352512
0.625732
0.625732
0.625732
0.608912
0.608912
0.777047
0.869032
0.869032
1.17257
1.17257
0.644017
0.644017
0.625802
0.601808
1.01364
1.01364
1.01364
0.687665
0.276565
1.25052
0.697251
0.0155174
0.382698
0.744237
0.744237
0.744237
0.744237
0.813739
0.813739
0.813739
0.560115
0.0598654
-0.900152
-0.900152
-0.900152
-0.900152
-0.843237
-0.0115216
-0.0840182
-0.24321
-1.12706
-1.12706
-1.12706
-0.819188
-0.819188
-0.704867
-0.807485
-0.807485
-0.807485
-0.457303
-0.446366
-0.669216
-1.20355
-1.2555
-1.07895
-0.436681
0.502134
0.742395
1.1245
1.29113
0.426691
0.03568
0.951587
0.951587
0.951587
0.517501
0.233133
-0.636491
-0.636491
-1.36434
-1.93378
-1.93378
-0.983516
-1.19114
-1.84558
-1.49237
-0.528172
-0.686107
-0.686107
-0.616817
-1.27319
-0.896584
-0.823145
-0.743716
-0.39882
-0.39882
-1.14244
-1.00286
-1.00286
-1.00286
-1.00286
-0.547144
-0.707707
-0.747715
-1.48983
-1.48983
-0.747571
-0.494216
0.474401
0.303319
0.659485
0.67883
0.472741
-0.257559
-0.339082
-0.835098
-1.61851
-1.61851
-1.61851
-1.61851
-1.71194
-1.71194
-1.71194
-0.941946
-0.992582
-0.442846
-1.28093
-1.28093
-1.21809
-0.555057
0.13312
-0.308884
0.344833
-0.203247
0.170896
1.0336
0.220352
-0.580694
-0.717151
-0.717151
-0.631788
-0.642254
-0.642254
-0.595842
-1.34207
-2.10543
-2.10543
-1.30359
-1.30359
-1.30359
-1.30359
-0.697049
-0.983876
-0.605898
-0.756161
-0.756161
-0.446463
-0.253892
-0.00162746
-0.791212
-0.791212
-0.405648
-0.698965
-0.698965
0.292544
0.963551
1.52186
1.52186
0.950789
0.950789
0.255406
1.07076
1.31591
1.31591
0.961073
0.453423
1.10963
1.26163
1.26163
1.26163
1.19579
1.19579
1.02623
0.331597
0.439095
-0.519659
-0.519659
0.146941
-0.338193
-0.705047
0.133396
0.0390286
-0.455914
-0.452261
-0.452261
-0.761423
-0.688803
-1.02432
-1.17582
-0.213054
-0.373802
-0.847175
-1.28418
-1.28418
-1.74678
-1.29466
-0.786733
-0.786733
-0.763213
-0.541609
0.451414
0.284243
0.128787
0.557307
-0.0175387
0.845594
0.347825
0.686062
0.686062
0.686062
0.492199
-0.105259
-0.446463
0.525149
0.602187
0.499672
0.00192981
-0.340012
0.118737
0.173496
-0.108401
0.598156
-0.184472
-0.100238
0.654823
-0.290922
0.36216
0.999709
0.590279
0.952438
0.952438
0.492485
0.462532
-0.10796
-0.456743
-0.436084
-0.123831
0.505749
1.29382
1.49052
1.24206
1.05153
1.05153
0.274399
0.870826
0.870826
0.251743
0.542847
0.542847
1.15395
1.15395
1.15395
0.19019
-0.769533
-0.64539
-1.44313
-1.57312
-1.43637
-1.86025
-1.23799
-1.23799
-0.840669
-0.840669
-1.08981
-0.151663
0.383184
0.660367
0.665012
0.178333
-0.00894618
-0.358809
0.2433
-0.547698
-0.929978
-0.765253
-0.472852
-0.472852
-0.825559
-0.53039
-0.53039
-1.16823
-1.24095
-0.837423
-0.837423
-0.390747
0.450064
1.14811
1.14811
0.1718
-0.389142
-1.11435
-1.11435
-1.11435
-1.11435
-1.11435
-0.407708
-0.252839
-0.957475
-0.561066
-0.0395954
0.599443
0.550924
0.435298
0.443117
0.443117
0.443117
0.284573
0.855347
0.855347
0.601152
0.601152
1.25524
0.804954
0.976682
0.976682
0.609155
0.355891
0.533178
0.00476849
-0.655109
0.0574869
0.185089
0.57823
0.519936
0.410534
-0.0532705
0.42216
0.551449
0.467007
-0.313733
0.561493
0.592578
0.592578
0.980939
0.694893
0.694893
0.13861
-0.0810502
-0.875117
-0.875117
-0.552619
-0.552619
0.400856
0.133087
0.491464
-0.313422
-0.771631
-0.771631
-0.505441
-0.505441
-1.31773
-1.31773
-1.25002
-1.47753
-0.535135
-0.535135
-0.535135
-0.535135
-0.535135
-0.265079
0.29223
1.06629
1.06629
1.06629
1.39235
1.39235
0.498044
-0.0680571
-0.77165
0.215188
-0.0100718
-0.899921
-0.432688
-1.08932
-0.950831
-0.102816
-0.26773
-1.03647
-1.03647
-1.03647
-0.790302
-0.258536
-0.64233
-0.820528
-0.71213
-0.71213
0.280225
0.595092
0.197335
-0.08292
-0.401229
-0.831454
-1.3686
-1.3843
-0.397045
-0.722866
-0.758507
-0.758507
-0.672072
-0.280287
0.140659
0.920695
0.014437
0.677932
1.00583
0.597964
0.597964
0.597964
0.797314
0.797314
-0.00405996
0.374281
-0.407632
-1.00447
-1.00447
-1.00447
-1.00807
-0.692046
-0.329248
-0.965419
-0.909955
-1.00743
-1.00743
-1.68843
-1.68843
-1.65928
-1.65928
-1.65928
-1.22017
-0.328064
-0.26857
-0.26857
-0.68565
-0.675436
-0.745945
-1.16528
-0.302077
-0.254075
-0.909371
-0.529376
-0.529376
0.249474
-0.722297
-1.40935
-1.40935
-0.946739
-0.224694
0.196538
0.486171
-0.511684
-1.19678
-1.19678
-1.4542
-1.4542
-1.4542
-2.13606
-2.28819
-2.44811
-2.44811
-2.11957
-2.11957
-2.11957
-1.99854
-1.65895
-1.65895
-1.13583
-0.675193
-0.769865
-1.19094
-1.19094
-0.287481
-1.22541
-1.22541
-0.672745
-0.672745
-0.672745
-0.684648
-0.354336
-0.93352
-0.93352
-0.93352
-0.93352
-0.690887
-0.834463
-0.834463
-0.904534
-0.904534
-0.366892
-0.0107223
-0.312202
-0.244389
0.0812737
-0.199197
-0.36229
-0.36229
-1.21376
-1.21376
-0.706131
-1.23681
-1.23681
-1.07991
-1.07991
-1.19632
-1.19632
-1.21278
-1.21278
-0.422116
-0.954675
-0.24418
-0.589529
-1.08192
-1.15225
-1.32412
-0.966609
-0.602437
0.300765
-0.45447
-0.477075
0.163497
0.941646
1.13534
0.968876
0.968876
0.968876
0.440083
1.2499
1.2499
0.934933
0.934933
0.934933
1.46754
2.06578
1.14963
1.12264
0.414981
-0.463883
-1.28214
-1.28214
-1.28214
-1.48711
-1.45587
-1.37101
-1.37101
-1.37101
-0.915483
-0.7925
-1.3792
-1.3792
-0.938691
-0.841605
-1.36613
-1.36613
-1.33617
-1.31672
-1.31672
-1.31672
-0.607534
-0.925991
-1.09055
-0.179455
-0.744322
-0.295832
-1.08198
-0.52617
-0.52617
-0.52617
-0.574246
-0.574246
0.0164335
0.714403
0.714403
-0.185007
0.431659
0.675297
0.675297
-0.0439693
-0.283675
0.0577863
0.388607
-0.245969
0.643361
0.989497
0.452193
1.08876
1.08876
1.26227
1.26227
1.40315
1.29992
0.538708
0.682511
1.63056
1.97157
1.97157
1.22572
1.22572
1.22572
1.2862
1.2862
1.2862
1.33365
0.397601
0.690927
1.29054
0.987358
0.987358
1.02702
1.02702
0.117086
0.445136
0.445136
0.334674
0.363891
-0.571364
-0.112536
0.835527
0.835527
0.789104
1.41226
1.22534
1.10081
1.10081
1.10081
0.587451
0.587451
0.587451
0.351155
-0.452082
-0.345481
-0.320316
0.465028
0.44107
-0.469854
-0.643959
-0.643959
-0.643959
-0.643959
-0.702704
-0.188595
0.48674
0.198907
-0.370666
0.347088
-0.0274528
-0.598212
0.000623067
0.427018
0.427018
0.713088
0.713088
0.985692
0.985692
0.985692
0.302444
1.06979
0.266997
-0.557165
0.380947
-0.205788
-0.9144
-1.50762
-1.50762
-1.50762
-1.50762
-1.50762
-1.50762
-1.50762
-0.792743
-0.43932
-1.09241
-1.54861
-1.54861
-1.54861
-0.672103
-0.345598
-0.624301
0.294167
0.316874
-0.682853
-1.07236
-0.819701
-0.5078
-0.758036
-0.704369
-0.968011
-0.379084
0.406796
0.54666
0.846698
0.846698
0.472209
0.763728
0.338762
-0.480787
0.302494
0.643061
1.24126
0.44595
-0.389602
0.152833
0.771477
-0.0684124
0.000851302
0.707598
0.731961
0.731961
0.731961
0.731961
0.44683
1.30853
1.36262
0.822954
0.502833
-0.209489
0.44958
0.389981
0.49244
0.487281
1.06101
0.235635
1.22434
1.22434
1.22434
1.22772
0.362351
0.964743
1.16532
0.18204
0.356628
-0.491344
-0.462988
-0.406607
0.107328
-0.431775
-0.431775
-1.18224
-1.18224
-1.18224
-1.18224
-0.55798
-0.55798
-0.743154
-1.47652
-1.84259
-1.84259
-0.962806
-0.962806
-0.962806
0.0225054
-0.642325
-0.941294
-0.569715
-1.15474
-0.553895
-0.553895
-0.567161
-0.751074
-0.558059
-0.924068
-0.924068
-0.924068
-1.57247
-0.919442
-0.455969
0.31549
0.454233
0.676802
0.162371
0.0394783
0.599839
0.675223
-0.202601
0.616399
0.616399
0.616399
0.955378
0.955378
0.955378
1.24187
0.551652
0.852439
0.68379
0.278645
0.699674
0.638926
-0.326672
-0.162907
-0.322904
-1.13682
-1.55746
-1.08788
-1.0359
-0.681744
-0.776666
-0.292021
0.382161
0.342682
0.207895
0.241532
1.12311
1.12311
1.05612
1.05612
0.988026
1.65535
1.65535
1.65535
1.65535
1.2728
0.814773
0.814773
0.186927
0.80328
0.80328
0.80328
-0.153057
0.710005
0.710005
0.30154
0.787001
1.06339
1.05719
1.49674
1.78152
1.65284
1.31731
0.445888
0.783742
0.650217
0.716834
1.05658
0.821311
0.821311
1.48171
1.21989
0.526967
0.688798
0.688798
1.3053
0.997878
1.25542
1.25542
0.804051
0.655846
0.685823
0.802587
0.802587
1.20329
0.386289
0.346002
0.0196835
0.474056
0.686779
0.183487
-0.127803
-0.513048
-0.854121
-0.524308
-0.23357
-0.355697
-0.486066
-0.589401
-0.307385
-0.074526
-0.934087
-0.881458
-0.670478
-0.792599
-0.792599
-0.495387
-0.31608
-0.0609135
-0.025586
-0.618044
0.0890231
-0.401194
-0.352156
0.354425
0.998798
0.502879
0.847474
0.847474
0.211517
-0.616332
-0.772615
-0.772615
-0.931767
-0.15586
0.838262
0.385044
1.10408
0.630888
0.955051
1.16418
0.255114
0.319629
0.192749
0.426363
0.426363
-0.137403
-0.501431
-0.529877
-0.333461
-0.835805
-0.835805
-0.835805
0.0812847
0.140249
0.609478
0.608211
0.695694
0.695694
0.695694
0.637984
1.34623
0.58974
0.959523
0.959523
1.02467
1.02467
0.413819
-0.581796
-0.437033
-1.07547
-0.138459
0.392023
0.294752
-0.0760449
-0.492722
-0.503957
-1.18162
-0.460671
-0.460671
-1.39022
-1.31811
-1.23081
-0.537993
-0.603023
-0.0358237
-0.336715
-1.08325
-1.08325
-0.722836
-0.0109524
0.732277
0.664669
0.699753
0.437401
0.437401
-0.327215
-0.184619
0.538916
0.634156
0.634156
0.858142
1.19671
1.34349
0.376083
0.951845
0.749353
0.449185
0.061816
-0.771825
-0.568956
-0.837512
-0.837512
-0.856814
-1.09309
-1.09309
-1.09309
-2.0267
-2.0267
-2.0267
-2.4196
-1.74333
-0.958309
-0.057
-0.248637
-0.100661
0.372689
-0.186138
-1.13768
-0.605291
-0.950985
-0.344443
-1.14438
-0.665402
-0.665402
-1.16272
-1.16272
-1.16272
-0.311472
-0.947408
-0.947408
-0.947408
-1.07737
-0.999192
-0.999192
-0.566332
-0.567247
-0.567247
-0.510168
-0.510168
-0.813241
0.0620139
1.05824
1.37817
1.37817
1.62914
1.62914
1.14546
0.449652
0.449652
0.449652
-0.112024
-0.0868692
0.0771379
0.488791
-0.271595
-1.11817
-1.11817
-1.11817
-0.669915
-0.276264
0.407711
-0.315956
0.556427
0.569284
0.229962
1.13414
1.13414
0.792366
0.792366
0.331579
1.3305
1.3305
0.715408
-0.105736
0.858675
0.71984
0.510977
0.510977
0.977902
0.977902
0.977902
0.165735
1.04097
0.248296
0.507602
0.513829
0.098603
0.716612
0.392568
0.840849
1.16374
1.42322
1.42322
0.503092
-0.311052
-1.30183
-1.30183
-0.945491
-0.945491
-0.945491
-0.21466
-0.908597
-0.583219
-0.407418
-0.0468346
-0.614031
-0.626704
-0.615446
-0.12229
0.844402
0.844402
0.394835
0.703045
1.01189
0.747273
0.327246
0.465979
0.820211
1.10397
0.65261
0.65261
-0.00508988
0.0368286
0.462044
0.540812
1.51565
1.51565
1.62537
1.10889
1.10889
1.10889
1.74047
0.798606
0.798606
0.968562
0.968562
0.753472
0.936682
0.936682
0.200308
0.254969
0.513334
0.370964
0.784218
1.14009
0.667614
0.52245
0.212792
-0.480097
-1.02472
-1.02472
-1.02472
-1.02472
-1.02486
-0.704286
-0.785084
-0.297681
0.218647
0.0653102
-0.711968
-0.0444913
-0.793221
-0.793221
-0.793221
-0.793221
-0.793221
-0.128007
-0.278937
-0.197784
-0.722587
-0.622381
-0.42103
0.232471
-0.521686
-0.560647
-0.724254
-0.344468
-0.344468
-1.26454
-0.850637
-0.850637
-0.81436
0.106508
-0.469939
-0.291317
-0.400489
0.0941831
0.825987
0.825987
0.825987
0.162771
-0.137616
0.0946184
0.657893
0.295672
-0.162164
0.14255
0.424248
1.03688
1.04078
1.04078
1.04078
1.04078
1.04078
0.742418
0.374622
0.730763
0.855408
-0.109283
0.330229
-0.336141
-0.221634
0.624471
0.272595
-0.405084
0.0317497
0.910778
0.910778
1.24782
1.24782
0.794706
0.794706
1.26857
1.38846
1.08649
0.787301
1.06959
1.31734
0.98451
0.0447613
0.9688
1.56464
1.02385
0.824084
0.824084
0.409951
0.00900194
0.121092
0.648964
0.977476
0.967239
0.549941
0.231898
1.03646
1.03646
0.800793
0.68784
0.812322
0.306617
-0.198512
0.675383
0.220737
-0.593078
-0.0101407
-0.475816
-0.475816
-0.439334
-0.752308
-0.709418
-0.928119
-0.86752
-1.30973
-1.30973
-1.02072
-0.519716
-1.24238
-1.06025
-1.06025
-0.572591
0.146769
0.113782
0.643151
1.19447
0.36307
0.763458
0.0686286
0.302534
0.180733
1.13824
1.13824
1.23713
0.545237
0.746506
0.275048
-0.09694
-0.219121
-0.697961
0.262292
0.0618307
0.34307
0.855267
0.0960939
0.67263
0.424297
0.9105
0.9105
0.9105
0.9105
0.639294
0.693568
0.698775
0.873521
0.235116
-0.640269
-0.640269
-0.640269
-0.600005
-1.19371
-0.45234
0.148219
-0.636767
-1.06698
-0.778982
-1.2786
-0.977188
-0.977188
-1.12394
-0.649972
0.205324
0.951741
1.20009
0.901719
0.901719
1.3
0.761544
0.672159
0.672159
1.03521
0.0791081
0.670486
0.670486
0.670486
0.709668
0.94318
0.94318
0.0560093
0.762122
0.762122
0.257319
-0.715787
-0.715787
-0.958344
-0.958344
0.00535812
-0.438159
-0.900218
-0.0410415
0.216912
0.311378
-0.476839
-0.476839
-0.698384
-1.21621
-1.21621
-0.53211
-0.172417
-0.051306
0.141074
0.767505
0.767505
0.767505
1.12147
1.12147
0.978597
0.978597
0.0117074
0.915606
0.294534
1.07465
1.07465
0.142128
0.517253
-0.405228
-0.917495
-0.558371
-1.18354
-0.505816
-0.505816
-0.427346
-1.09458
-1.09458
-0.481905
-0.994486
-0.440599
-0.873274
-1.34946
-1.34159
-1.34159
-1.21805
-1.21805
-1.21805
-0.276626
0.439666
0.47621
0.98399
1.11872
1.09723
0.538061
-0.325348
0.653974
0.334549
0.505814
1.04028
0.148724
0.192512
0.533329
1.3086
1.70093
1.70093
1.27367
1.27367
0.322111
0.659155
1.3859
1.3859
1.3859
1.3859
1.3859
0.801402
1.55135
0.755219
0.541629
1.17646
0.356309
0.500034
0.159737
-0.519881
0.211184
-0.096131
0.305343
1.18282
1.60989
0.963401
0.963401
1.17842
1.67224
1.29303
1.29303
1.61339
1.59042
0.828639
0.828639
0.63943
0.496594
0.496594
0.476987
0.907658
0.907658
0.907658
1.44453
0.778538
0.781267
1.04905
0.287241
0.287241
0.130068
-0.768251
-0.650338
-0.991117
-0.117396
-0.0686216
-0.783639
-1.1117
-1.13466
-0.975414
-0.975414
-0.975414
-0.975414
-0.975414
-0.975414
-0.484349
0.0122736
-0.960556
-0.965404
-0.965404
-0.965404
-1.06677
-1.06677
-0.224627
-0.11188
0.694167
0.700527
0.700527
0.728186
0.728186
0.0153264
-0.0427779
-0.340623
-0.580759
-0.928571
-0.892083
-0.892083
-0.400527
-1.16641
-0.755377
-0.755377
-0.254067
-1.22426
-1.22426
-0.927439
-1.2991
-1.2991
-1.2991
-1.2991
-1.2991
-1.2991
-1.2991
-1.05948
-1.05948
-1.47981
-1.47981
-1.47981
-1.47981
-1.7642
-1.7642
-1.7642
-0.918488
-0.417527
-0.417527
-0.417527
-1.02093
-1.02093
-1.02093
-0.734835
-0.495843
-0.98373
-1.46081
-1.46081
-1.46081
-0.7609
-0.7609
-0.7609
-1.18368
-1.37832
-1.37832
-1.37832
-0.993694
-0.993694
-0.560427
-0.560427
0.0388156
0.327479
0.804574
0.503458
-0.479379
-1.15025
-1.33552
-1.33552
-1.33552
-1.4132
-1.1697
-1.61462
-1.33687
-1.33687
-1.33687
-0.517711
-0.481582
0.368735
0.533003
0.437323
0.835256
0.835256
0.956251
0.956251
0.137552
-0.145515
-0.964209
-0.781647
-0.577067
-0.577067
-0.740825
-0.192087
-0.265135
-0.705834
-0.644082
0.287447
0.285501
1.03696
0.901799
0.901799
0.565772
0.232276
0.374988
0.530776
1.06639
0.311855
0.998894
0.998894
0.998894
0.79476
0.79476
0.0231907
-0.341128
0.143359
-0.603816
-0.215894
0.259087
0.396117
0.084132
-0.42992
0.488618
0.764203
1.20311
1.0335
1.0335
0.447973
0.120029
-0.227014
-0.0278366
0.822105
0.702545
1.51453
0.99133
0.99133
0.6172
0.6172
0.665047
0.665047
1.10818
0.170198
0.0887522
0.148082
0.60098
0.637632
0.67158
0.67158
0.272967
0.875114
0.184894
-0.59214
0.348999
0.348999
-0.482093
-0.258514
-0.270512
0.724947
0.724947
1.06428
1.0001
0.857737
0.921398
0.0987196
0.479936
0.163075
-0.327466
0.206027
-0.586848
0.259228
-0.42443
-0.711744
-1.31717
-1.2677
-0.353188
0.509185
0.509185
-0.467847
-0.82201
-0.82201
-0.82201
0.0336651
-0.10809
0.215723
-0.302103
-0.342949
-0.0561406
0.559909
-0.343138
-0.659774
-0.659774
-0.659774
-0.659774
0.100582
-0.737604
-0.0432031
-0.491807
-0.463786
0.507691
1.13655
1.13655
1.13655
0.482705
0.482705
1.18949
1.18949
1.18949
1.4749
0.848542
1.4678
0.808893
0.775184
1.67125
0.72818
0.84604
0.84604
0.334386
1.21037
0.881338
0.881338
0.943613
0.00167096
-0.254009
-0.517953
0.225525
-0.193093
-0.873061
-1.38035
-1.38035
-1.38035
-1.10608
-1.10608
-1.10608
-0.439244
-0.439244
-0.531043
-0.269573
-0.72591
-0.993849
-1.37859
-1.37859
-1.37859
-1.37859
-0.626389
-1.56229
-1.56229
-1.14733
-1.14733
-0.433324
0.101049
-0.732329
-0.732329
-0.732329
-0.732329
-0.215797
-1.09734
-1.6716
-1.6716
-0.921887
-1.40474
-1.40474
-1.40474
-1.40474
-1.40474
-0.724859
-0.311034
0.188187
0.477336
0.45038
0.17558
0.157878
0.850675
0.850675
0.850675
0.167923
-0.0104639
0.0150848
-0.633953
-0.633953
-1.50028
-1.50028
-1.50028
-1.05583
-1.05583
-1.05583
-0.448686
-0.689045
-0.602066
-1.18107
-1.18107
-1.18107
-0.892411
-0.10928
-0.75072
-0.75072
-0.75072
-0.534011
-0.705896
-0.705896
-0.705896
-0.600869
-0.600869
-1.01682
-0.756191
-0.70364
-0.260006
-0.179037
0.637934
1.07638
0.23203
0.326546
-0.63547
-0.260116
-0.260116
-0.880664
-0.126364
-0.673855
-0.750407
-0.860316
-0.860316
-0.860316
-0.532898
-0.565491
-0.938614
-0.938614
-0.938614
-0.938614
-0.973302
-1.37238
-0.763053
-0.753942
-1.51673
-0.930281
-0.930281
-0.290619
-0.979893
-0.979893
-0.44275
-0.291265
0.374486
0.673684
0.325916
0.634927
0.634927
0.312996
0.212256
-0.357883
-1.28907
-1.28907
-1.28907
-0.904465
-0.904465
-0.437585
0.176782
-0.559876
-1.1871
-1.41133
-0.433502
-0.433502
-0.433502
-0.725584
-0.332363
-0.276963
-0.52181
-1.19355
-1.19355
-1.19355
-1.76146
-1.20334
-0.754322
-0.839014
-0.839014
-0.839014
-0.233882
-0.00104774
-0.440259
0.376904
0.773842
0.789899
0.0299965
-0.174002
0.193695
0.227811
0.438972
0.40722
0.890814
0.995185
1.10653
0.518733
0.518733
0.518733
0.560499
0.912055
1.19891
1.19891
1.51742
1.05714
1.6013
1.6013
1.75972
1.75972
1.78653
1.13555
0.530045
0.970224
0.970224
1.36534
0.520761
0.0745165
-0.297065
-0.397594
0.0112322
-0.742151
-0.383255
-0.185618
0.172104
0.239004
-0.0844806
-0.52403
0.370181
-0.437101
-0.437101
-0.228011
0.426628
1.15219
0.555932
-0.429291
0.255764
0.300626
0.781373
0.541552
-0.142708
-0.153272
-0.301188
0.346987
0.905399
-0.0919027
0.264225
-0.0585046
0.121036
-0.00443236
-0.655805
-1.09432
-0.526256
-0.192393
0.13184
-0.811962
-1.20633
-1.20633
-1.20633
-0.346362
-0.384019
-1.37558
-1.2596
-1.2596
-1.2596
-0.414663
-0.0156616
-0.280301
-0.703987
-0.105183
-0.0193852
0.188722
0.558811
1.20613
1.20613
1.06236
1.06236
1.06236
1.06236
1.06236
1.16492
1.16492
1.16492
1.16492
1.16492
1.37453
1.37453
1.37453
1.05831
1.27739
0.569509
1.08817
1.08817
0.600862
0.48493
0.536684
0.96091
0.948277
0.952805
0.877263
1.02744
1.23168
0.773429
0.156793
0.931948
1.18655
1.18655
0.679958
0.679958
0.679958
0.120246
1.03191
0.59415
0.59415
0.575173
0.595242
0.595242
0.651686
1.04789
1.04789
1.04789
0.208624
1.05473
1.05473
0.25547
-0.0571312
0.319517
1.00011
1.00011
1.13472
1.13472
1.13472
1.13472
1.13472
1.13472
0.705046
0.705046
0.705046
0.3316
0.517256
0.157768
-0.806336
-0.251172
0.672114
0.134376
0.496312
0.710938
0.500279
0.631574
0.535722
0.347989
-0.377473
-0.377473
0.481232
1.03797
0.224561
0.527957
-0.0625592
0.149205
-0.623153
-0.623153
-0.209224
0.359489
0.359489
1.3547
1.07117
1.07117
1.07117
1.54758
1.54758
1.54758
0.841085
0.972965
0.972965
1.17644
1.35778
0.427768
-0.225272
0.424828
-0.534741
-1.26051
-0.814472
-0.17286
-0.122468
-1.05048
-1.05048
-1.05048
-1.22635
-1.22492
-1.22492
-0.35993
-0.777007
-0.777007
-0.237525
-0.0461323
0.756124
0.756124
0.756124
0.756124
-0.194643
-0.44748
-0.95204
-0.597629
-0.0566186
-0.180737
-1.04968
-1.04968
-1.16245
-1.16245
-1.16245
-1.09757
-1.09757
-0.895566
-1.04017
-1.04017
-1.04017
-0.835467
-0.852162
-0.573558
-1.2383
-0.916084
-1.03913
-0.709544
-0.709544
-0.709544
-0.709544
-0.886851
-0.150759
0.0212354
0.598577
0.598577
0.702528
0.715598
0.715598
0.715598
1.36023
1.36023
0.922298
0.353053
-0.0288672
-0.146846
-0.168989
0.177369
0.217847
0.665715
0.665715
0.363982
0.862162
0.424736
1.28516
1.28516
1.28516
1.10354
1.05241
0.829066
0.354999
0.308625
0.0774787
-0.316837
0.204379
1.09123
1.38418
1.0435
1.0435
1.0435
0.447075
0.737177
0.737177
0.419243
1.04365
0.310617
1.14125
1.14125
0.799676
0.326743
0.00477456
-0.789146
-0.789146
-0.789146
-1.12949
-0.82124
-1.04356
-0.939995
-0.939995
-0.939995
-0.585972
-0.585972
-0.432848
0.544815
0.752954
0.724094
0.90291
0.76748
0.76748
0.106493
0.456987
-0.511824
-0.59981
-1.38775
-1.36614
-1.36614
-1.36614
-1.36614
-1.36614
-1.24546
-1.33948
-1.51967
-1.18726
-0.882717
-0.517574
-0.608748
-0.608748
-1.13195
-0.339657
0.0946664
-0.502235
0.00737945
0.947852
1.10061
0.775895
0.970767
0.018171
-0.809137
-0.5134
0.0387305
-0.687947
-0.687947
-0.536744
-0.971288
-1.1375
-0.441492
-1.09137
-1.45999
-1.45999
-1.47453
-0.525168
0.314979
-0.584396
-0.584396
-0.569028
-0.391559
-1.2408
-0.897009
-0.296796
0.52657
0.52657
0.166718
-0.312278
-0.372165
0.477528
-0.267863
-0.267863
0.412818
0.412818
0.412818
1.31621
1.31621
0.822803
0.710587
1.28263
1.28263
1.12155
1.46857
1.37148
1.37148
0.725706
0.0896269
-0.208077
-0.231663
0.030426
0.735437
-0.0168643
0.821174
0.821174
0.821174
0.821174
0.821174
0.821174
0.984517
0.8239
0.286085
0.369102
-0.626028
-1.26167
-1.12775
-1.12775
-0.703883
-1.34723
-0.941708
-0.941708
-1.0379
-1.34569
-1.34569
-0.808847
-1.16795
-1.16795
-1.16795
-0.529428
0.405659
0.0439271
0.12055
0.111705
1.0526
1.0526
0.903651
0.903651
0.360471
-0.183617
0.573889
0.375059
-0.0404461
-0.203255
-0.108679
-0.0406522
-0.674457
-0.674457
-0.674457
-0.393835
-0.482366
-1.26958
-0.825465
-0.825465
-0.825465
-0.825465
-0.825465
-0.157607
0.0517062
0.947413
0.947413
0.947413
0.908402
0.0791289
0.911931
1.32298
1.32298
1.5851
0.890673
1.42907
1.42907
1.42907
1.51373
1.51373
1.51373
1.51373
1.51373
0.738701
1.17872
1.398
1.398
1.398
0.579435
0.689775
0.573149
0.573149
0.400046
-0.164181
-0.375859
-0.0813487
-0.956395
-0.469935
-0.544836
-0.544836
-0.747334
-0.131146
0.0483716
0.157209
0.619125
0.619125
0.406744
0.542413
0.714264
-0.228367
-0.464017
-0.00285882
0.842553
0.842553
0.636444
0.636444
0.763135
0.763135
0.951311
1.14214
0.771191
1.41923
1.40426
0.826373
0.826373
0.39418
0.241361
1.23436
0.421049
0.281842
-0.57993
-0.932006
-0.932006
-0.233873
0.157657
0.23452
0.655918
-0.223344
-0.870559
-0.405109
-0.317109
-1.04226
-0.175322
-0.984423
-0.380212
-0.330438
-0.330438
-0.233066
0.552615
0.836506
0.836506
0.836506
0.836506
0.836506
0.836506
0.269338
0.470047
0.394283
-0.390742
-1.34616
-1.14142
-1.17373
-0.708081
-0.708081
-0.951987
-0.901068
-0.901068
-0.246949
0.736672
0.987388
0.486301
-0.110682
0.0471555
0.246952
-0.484227
0.418416
0.0877655
0.68234
1.10197
0.816252
0.816252
1.02601
1.33891
1.38881
1.38881
1.38881
0.988458
0.988458
0.988458
0.446408
0.122882
-0.250125
-0.964331
-0.926689
-0.926689
-1.32131
-0.82069
-1.09701
-1.09701
-1.09701
-1.09701
-1.13413
-0.99538
-1.71129
-1.89888
-1.89888
-1.89888
-1.89888
-1.80867
-1.80867
-1.48927
-1.05043
-1.33561
-1.19087
-1.72989
-1.72989
-1.02138
-0.0721904
-0.640926
-0.640926
-1.1017
-1.34341
-1.12445
-1.11861
-1.00039
-1.00039
-1.20881
-1.43214
-0.811185
-0.126949
-0.00628993
0.367791
-0.536456
0.414073
-0.0133391
-0.292128
-0.441065
-0.67306
-0.67306
-0.551364
0.214037
-0.761605
-0.941682
-0.791012
0.149731
0.667207
-0.206254
-0.507648
0.0151805
0.0154862
0.523376
0.648495
0.687572
0.49255
-0.127603
-0.40159
-1.14443
-1.14443
-1.14443
-1.14443
-1.14443
-0.821427
-0.0580967
-0.657338
-0.657338
-1.21014
-1.21014
-1.21014
-1.85861
-1.04945
-0.124211
-0.607578
-0.607578
-0.930714
-0.786657
-0.666125
-0.666125
-0.666125
-0.666125
0.202117
0.903424
0.903424
0.625819
0.500247
1.46776
1.18975
1.18975
0.992837
0.402588
0.162276
0.438992
1.21922
1.17312
1.13001
1.296
0.983429
0.318506
0.924122
0.924122
0.924122
0.504266
0.504266
-0.419192
-0.36755
0.0627605
0.122374
-0.443181
-0.866519
-0.304157
-0.511825
0.307064
0.487655
0.487655
0.802204
0.714053
0.470641
1.05963
0.591108
0.591108
0.591108
0.311333
-0.0608333
-0.0697309
-0.109144
0.836904
0.170119
0.865473
0.865473
0.0480151
0.924606
0.924606
0.924606
0.924606
0.790798
0.790798
0.790798
0.790798
0.430743
-0.0930818
-0.821867
-0.821867
-0.821867
-0.821867
-0.821867
0.0752476
0.399266
0.729441
1.32423
0.670963
0.670963
0.670963
0.670963
-0.273937
-0.428648
-1.19847
-0.530491
-0.337068
-0.203462
-0.461547
0.347958
-0.341666
-0.953752
-0.953752
-0.953752
-0.953752
-0.0347335
-0.823895
-1.13583
-1.13583
-1.38516
-1.38516
-1.3385
-1.11948
-0.594908
-0.978313
-1.11093
-1.67629
-0.877218
-0.756412
-0.756412
-1.48343
-1.55252
-0.872219
-1.4609
-1.17258
-0.63415
-0.63415
-0.694221
-0.590575
-0.590575
-0.772957
-0.814507
-0.66776
-0.344487
0.501748
0.501748
0.742046
1.26538
1.26538
1.00487
0.788284
0.507235
1.00938
1.41157
1.41157
0.547858
1.45277
1.68
1.12701
0.657941
0.657941
0.284811
0.683908
0.683908
0.269984
0.454718
0.0411364
0.558594
0.579994
0.579994
0.359748
0.787833
0.787833
0.665113
1.49257
1.49257
1.10097
1.10097
1.10097
0.945414
0.700273
0.700273
0.700273
0.695524
0.468182
-0.471675
-0.81954
-0.634857
0.273319
0.856719
0.856719
-0.0832038
-0.40699
-0.79589
-0.63017
0.162369
0.519221
0.671689
0.671689
0.576989
0.427885
1.14657
1.14657
1.14657
1.14657
1.14657
0.377653
1.13139
0.952827
0.0743096
-0.0779088
0.885481
0.756045
0.330319
-0.493172
-0.210972
0.601418
1.13378
1.13378
0.41103
0.217724
-0.698936
-1.1561
-0.600964
-0.171642
-0.406738
-0.573802
-0.967244
-0.851716
-0.67796
-0.460703
-0.694182
-0.694182
-0.80337
-0.80337
-0.80337
-0.591901
-0.591901
-0.591901
-0.591901
-0.690158
0.00379282
0.282505
0.413398
0.278124
0.402085
-0.352616
0.310901
-0.230629
-0.54398
-0.54398
-1.19563
-0.826617
-1.09569
-0.147564
0.544237
1.02094
0.974825
0.865257
0.865257
1.18166
1.18166
1.09406
1.09406
1.09406
1.18502
1.41338
0.660824
0.660824
0.660824
0.660824
0.814575
0.221736
0.722054
0.757654
0.778891
1.20411
0.901289
1.32325
1.05617
1.05617
0.369331
-0.0327946
0.630357
0.179919
0.00779073
0.550024
0.550024
0.550024
0.751355
1.219
1.19022
1.19022
1.24822
1.21578
1.21578
0.862113
0.207444
-0.280295
-0.560293
-0.203185
0.55278
-0.00193317
-0.557683
-0.557683
-0.7338
-0.7338
0.252379
-0.529813
-1.17894
-1.17894
-1.45591
-1.45591
-0.765121
-0.786847
-0.965338
-0.965338
-0.550204
0.342629
-0.255851
0.647243
-0.348098
0.39584
0.684692
1.2896
1.2896
0.579143
-0.253206
0.693892
0.771024
0.885027
0.761871
1.22594
1.41967
1.03218
0.685579
0.153607
0.358866
0.428616
-0.262523
0.471277
0.527329
0.410128
1.04438
0.462122
-0.384268
-0.384268
-0.622371
-0.622371
-0.622371
-0.622371
0.149076
0.441841
1.09362
0.452342
-0.0366856
0.350391
-0.282321
0.506359
-0.0811944
-0.43579
-0.43579
0.236633
-0.748654
-0.748654
-0.748654
-0.748654
0.216847
-0.182738
0.0760305
0.554421
1.01213
0.149839
-0.461002
0.0979348
-0.538318
-0.270368
0.386878
1.28083
1.28083
1.28083
0.849902
0.149199
-0.716253
-0.716253
-0.716253
-0.894614
-0.78825
-1.09243
-0.479731
-0.815734
-0.226049
0.758452
0.758452
0.758452
0.758452
1.08454
1.48893
0.97352
0.625539
0.625539
0.1144
-0.589539
-0.589539
-0.589539
-0.589539
-0.892347
-0.892347
-0.853373
-1.50807
-1.50807
-1.04895
-1.04895
-0.16241
0.0986556
0.984094
0.984094
0.464172
1.38689
1.38689
1.24421
1.03166
1.72001
1.34078
1.40375
1.40375
0.861116
0.861116
-0.0591404
0.542728
0.868175
0.318628
-0.388247
-0.388247
-1.34396
-1.34396
-1.34396
-0.923291
-0.396518
-0.273451
0.00460655
0.12037
0.00176109
0.822859
1.27169
1.35038
1.21182
1.41106
0.728741
0.766045
0.908567
-0.0896829
-0.474605
-0.474605
0.0189814
-0.209925
-1.15253
-1.15253
-1.15253
-0.805213
-0.6594
-0.225543
0.651245
0.594505
0.594505
0.594505
0.8597
0.516583
0.73745
0.73745
0.73745
1.32834
1.32834
1.51574
1.42379
1.42379
0.520814
1.0246
1.0246
1.93506
1.13447
0.957712
1.02001
0.230688
0.708303
0.708303
0.708303
0.987222
0.432196
1.29526
0.486104
0.810733
0.810733
0.270515
0.554784
0.491547
0.274429
1.05388
0.485589
0.872736
0.872736
1.31227
1.40704
0.417816
0.417816
0.417816
0.389644
0.625146
1.07795
1.07795
1.07795
0.469913
0.469913
1.29437
1.06852
0.187074
-0.746825
-0.390879
0.589141
0.589141
-0.184622
-0.241589
-0.942966
-1.05617
-0.37508
-0.37508
-0.587189
-0.747139
-0.0228438
-0.88585
-1.0282
-0.0764521
0.0863246
0.234699
0.799769
0.799769
0.799769
-0.0886207
0.158181
0.188364
0.661775
0.661775
0.661775
1.09558
1.34401
1.06048
0.351681
0.0406367
0.502653
0.736397
0.736397
0.694421
-0.157928
-0.00229331
-0.0539516
-0.347996
0.366215
0.805684
0.56284
-0.39328
-0.427585
-0.427585
-0.819637
-0.556768
-0.703803
-0.703803
0.0570147
-0.308886
-0.308886
-0.205572
0.0238689
1.0092
1.0092
1.0092
0.879084
1.00125
1.36127
1.36127
1.36127
1.20742
1.20742
1.20742
0.401326
0.531752
0.456056
0.456056
1.31377
1.31377
0.69664
1.14126
0.867487
0.867487
0.843157
0.55951
0.968269
0.163594
-0.200955
-0.90117
-0.0055369
0.599942
-0.281216
0.526027
-0.0752355
0.813677
0.573481
0.573481
0.53699
0.255271
-0.601727
-0.601727
-0.742491
-0.513501
-1.12394
-1.12394
-1.12394
-0.203557
0.258993
0.190207
-0.127752
0.64448
0.383927
1.01324
0.442307
-0.459656
-1.39616
-1.39616
-1.39616
-1.39616
-1.39616
-1.39616
-1.66066
-1.33802
-0.49194
0.0502448
0.926616
0.926616
1.08134
1.08134
0.801721
0.801721
0.801721
0.801721
0.0346014
-0.0205991
-0.505987
-1.00014
-1.00014
-0.135943
-1.05327
-1.05327
-1.05327
-0.209503
-0.689268
-0.555321
0.279305
0.327718
0.679507
1.23354
1.23354
0.993639
1.03609
1.03609
1.42
0.973923
0.115614
-0.538232
-0.451372
-0.88546
-1.21738
-1.21738
-1.21738
-1.39013
-1.39013
-1.39013
-0.512814
-0.189497
-0.86023
-0.86023
-0.658995
-0.658995
-0.917473
-0.917473
-0.917473
-0.0885169
0.154632
0.193971
-0.624055
-0.366802
-0.617647
-1.55303
-1.14531
-1.14531
-0.592842
-0.422601
-1.35559
-1.10215
-0.800317
-0.800317
-0.382597
-0.582902
-0.525206
0.218103
1.00309
0.650959
0.650959
0.926443
0.926443
0.59702
0.0284253
-0.576778
-0.395846
0.323193
-0.4216
-0.376134
0.249229
1.15274
0.458097
-0.233772
-0.233772
-0.526492
0.396363
-0.241331
-0.4889
-0.943249
-1.32217
-0.608445
0.310354
0.310354
1.02856
1.33633
1.21595
1.21595
1.21595
0.362324
-0.197453
0.552138
0.552138
-0.301244
0.141192
-0.835983
-0.870821
-0.645001
-0.311351
0.638538
0.638538
0.606895
0.627211
-0.117192
-1.03626
-1.31007
-1.31007
-0.67373
-1.40227
-0.776572
-1.22407
-1.05153
-1.4431
-0.743295
0.0229215
-0.401135
-0.401135
-0.401135
0.365412
-0.0405973
0.819521
1.24061
1.24061
0.69301
1.10125
1.10125
1.10125
1.10125
1.10125
1.10125
0.666021
-0.101945
0.641649
0.802902
1.07929
1.07929
0.0978251
-0.0581602
-1.00254
-1.08627
-0.188769
0.531622
1.14645
0.250111
0.817489
0.311275
1.22563
1.42182
1.42182
1.42182
1.73776
1.67725
1.62188
1.62188
1.30707
0.831811
0.751863
0.682977
0.682977
-0.255268
-0.534018
-0.534018
-0.758632
-0.636194
-0.985605
-0.0151581
0.022647
-0.346751
0.392289
0.310435
-0.495755
-0.0638732
0.516251
-0.468378
-0.689773
-0.628148
-0.628148
-0.88201
-0.950406
-1.4134
-1.38223
-0.937597
-0.568727
-0.568727
-0.568727
0.211914
0.337882
-0.599652
0.0626292
0.599198
-0.291363
-1.03423
-1.03423
-1.03423
-0.886781
-0.817861
-0.0955476
0.106142
-0.88634
-1.25917
-1.12597
-1.2734
-1.5219
-1.5219
-0.774126
-0.574682
0.250859
1.01378
1.01378
0.0976352
0.532419
0.532419
1.12634
1.23104
1.26123
1.22397
1.22397
1.13276
1.2698
1.63748
1.32772
1.32772
0.609866
1.59256
1.59256
1.54654
1.9755
1.01456
1.42545
1.61205
1.71937
1.57576
1.57576
1.57576
0.902556
0.949827
0.949827
0.0474587
0.43744
0.609257
0.603486
0.603486
0.603486
0.603486
-0.29858
0.517676
-0.153655
0.666765
0.895622
0.773678
0.4064
1.23408
0.52659
0.853687
1.34895
1.34895
1.544
1.544
0.76307
-0.0878252
0.275822
0.124872
0.762884
0.890069
1.33094
1.13483
0.168864
-0.439742
-1.10557
-0.618001
0.251074
1.00537
0.896215
0.450813
0.770234
0.770234
0.454334
0.454334
0.331526
1.03919
0.774614
0.774614
0.460751
0.460751
-0.0756754
0.195877
0.00201717
-0.736411
0.00358014
-0.0747149
-0.821434
-0.528566
-0.882865
-0.882865
-0.443286
-0.443286
-1.07907
-1.74042
-1.74042
-1.52275
-1.52275
-1.60682
-1.27389
-1.27389
-1.27389
-1.22687
-1.22687
-0.627574
-0.980107
-1.03973
-0.506849
-0.768181
-0.473074
0.249244
-0.686393
-0.225698
-0.849192
-0.301353
-0.776175
-1.45467
-1.45467
-1.61932
-1.61932
-0.84867
-0.885988
-0.624061
-0.624061
0.0884409
-0.735366
-0.0831464
-0.989477
-0.989477
-0.989477
-0.989477
-0.989477
-1.6537
-1.0749
-0.348482
-1.04072
-1.13113
-0.971225
-1.23639
-1.17914
-0.734751
-1.57563
-0.927309
-1.16372
-1.4193
-1.5637
-1.5637
-1.5637
-1.13102
-0.455407
-0.637373
-1.24871
-0.33058
-0.447218
-0.0280936
-0.156063
-0.316183
-0.734361
-0.72745
-0.155216
-0.0201712
-0.159753
0.658417
0.658417
0.718764
0.735328
0.735328
0.735328
0.735328
0.728068
0.205436
0.981831
0.981831
0.981831
0.382118
-0.0736199
-0.911433
-0.0623906
0.642442
0.642442
0.771452
0.771452
0.185629
-0.605445
-0.870159
-0.807852
-0.60762
-1.2875
-0.645142
-0.503208
-0.542296
-1.03692
-0.306798
0.542603
0.542603
1.08438
1.08438
0.590378
0.884858
0.0492945
0.844166
1.08361
1.09996
0.34107
0.451874
-0.485485
-0.635622
-1.16935
-1.45851
-1.45851
-1.16449
-0.520463
-0.520463
-0.520463
-0.756606
-0.756606
-0.241321
-0.778775
-1.2922
-0.298382
-0.151091
-0.780255
-0.470551
-1.35468
-1.35468
-1.35468
-1.35468
-0.394298
0.295799
0.7749
0.786073
1.07872
1.19213
1.23041
1.23041
1.11748
1.36968
1.36968
0.571389
0.571389
0.317267
-0.0556724
-0.790868
-1.27502
-0.762002
-0.409007
-0.614747
-1.31291
-1.31291
-0.734699
-0.584506
0.246776
0.184228
1.0182
1.04566
1.39931
1.39931
0.965658
1.43223
1.43223
1.43223
0.969406
0.923121
0.727358
0.588958
-0.116134
0.739946
0.434928
0.434928
0.288365
0.723231
1.40507
1.40507
1.40507
1.20434
1.20434
1.20434
0.898529
0.309596
0.120412
-0.503665
-0.846443
-0.846443
-1.57565
-1.57565
-1.33009
-1.12163
-0.190668
-1.17821
-1.20418
-0.665946
-0.791807
-0.791807
-1.49335
-1.49335
-1.40926
-1.40926
-1.00412
-0.472387
-0.621661
-1.2817
-0.736565
0.00763187
0.416308
1.17984
1.17984
0.960015
-0.00514741
0.695418
-0.0715497
-0.381682
0.10131
0.270359
0.194259
0.643618
1.0545
0.55948
0.55948
0.567976
-0.0745199
0.422877
0.422877
0.00877252
-0.1356
0.0965478
0.342357
-0.133842
0.283249
-0.589969
0.387543
0.387543
0.793075
-0.134053
-0.595744
0.386025
-0.400259
-1.23986
-1.29532
-1.18798
-1.18798
-1.04545
-0.780394
-0.712831
-1.30264
-0.694837
-0.893176
-0.513004
-0.513004
-0.752956
-0.652032
-1.06578
-1.09014
-1.09014
-0.143204
0.555865
0.555865
1.36445
0.938807
0.511807
0.285102
0.596156
0.152128
-0.00269259
-0.0665662
0.127147
-0.71396
-0.615695
0.0655976
0.695531
0.695531
-0.290401
-0.726007
-0.726007
-0.879118
-0.345342
-0.958366
-0.958366
-0.822708
-0.822708
-0.822708
-0.822708
-0.822708
-0.777941
0.21753
0.567075
0.931957
1.01591
1.01591
1.01591
1.01591
0.0900843
0.683161
1.20049
1.54303
0.790453
0.995341
0.995341
0.995341
1.57973
1.48584
1.48584
1.48584
0.869392
0.869392
0.636828
0.780729
0.780729
-0.0234499
0.236401
0.651837
0.651837
0.939114
0.939114
1.27658
1.27658
0.806654
0.907543
0.907543
0.787385
0.642259
0.203598
0.00636482
-0.726229
-1.15394
-1.06729
-0.147343
-0.733719
-0.913713
-0.840944
-1.07927
-0.16698
-0.138611
-0.390686
-0.0695891
-1.00431
-1.00431
-1.00563
-0.227754
0.374517
0.266768
-0.0457742
-0.0481831
-0.596093
-0.596093
-0.596093
-1.34776
-1.34776
-1.34776
-1.34776
-0.407617
-0.4321
-0.121444
-0.350398
-0.0672889
-1.01827
-1.01827
-1.02321
-1.02321
-1.02321
-0.12757
-0.926162
-0.56185
0.415088
0.184059
1.01995
1.01995
1.21139
0.346185
0.552435
0.727085
1.39713
1.48713
0.934277
0.934277
0.272607
0.739649
1.58652
1.58652
1.58652
0.907998
0.277992
0.277992
1.10366
0.483769
-0.122801
-1.1219
-1.1219
-1.34116
-0.358662
-0.340859
-0.218087
0.493969
0.493969
-0.475463
0.0620825
0.026715
0.660088
1.16911
0.662437
0.662437
0.662437
0.574226
-0.285635
-0.285635
-0.514001
-0.3474
-1.13506
-1.13506
-0.299034
-1.25742
-0.740725
-0.740725
-0.153004
-0.502096
-1.23481
-1.23481
-0.656479
-0.656479
-0.264183
0.481295
0.481295
0.592534
0.592534
0.968356
0.968356
0.60923
1.26821
0.371268
0.645541
0.946195
0.563929
1.38205
1.38205
1.38205
1.38205
1.32848
1.32848
1.13428
1.13428
1.13428
1.62731
1.46162
1.46162
1.46162
1.46162
0.74401
0.0801052
-0.573573
0.212294
0.0445013
-0.705073
-0.794109
-1.04694
-1.04694
-0.368542
0.111383
0.331453
0.510986
0.664158
0.522242
0.562427
0.562427
0.562427
0.562427
0.569056
0.569056
0.569056
0.75909
0.34526
0.642654
0.642654
-0.04958
0.619972
1.43227
0.711793
0.229021
-0.65062
0.314451
0.397371
1.08161
0.121982
-0.747455
-0.0747579
-0.0469769
-0.0630383
-0.292302
0.660016
0.660016
1.44757
1.44757
0.468066
1.09293
0.332229
-0.405849
-1.00851
-0.0615882
0.434913
-0.0475535
-0.142932
0.532233
0.532233
0.205291
0.0733644
0.481435
0.797051
0.797051
0.603166
0.112187
0.38356
-0.348099
0.0420267
0.380501
-0.435247
-0.703875
-0.703875
-0.890944
-0.890944
-0.185104
-0.453761
0.320462
-0.0215137
0.0628764
0.954074
1.00907
0.0943741
0.407849
0.179217
-0.167173
0.179988
-0.225958
-0.0302683
0.0536909
1.01212
1.01212
1.35184
1.35184
1.35184
1.1918
0.193717
-0.763852
-0.49694
-0.632968
-0.632968
-0.559645
-0.427699
-0.0430274
0.165658
-0.0993547
-0.381064
-0.506765
-0.944889
-0.944889
-0.383502
-1.06607
-0.599262
-0.00757335
0.568728
-0.0565771
-0.0181964
-0.817032
-0.525277
-1.1828
-1.24654
-1.24654
-1.25779
-0.816824
-0.92251
-1.67767
-1.34587
-0.543148
-0.543148
-0.823489
-1.68412
-1.68412
-1.41293
-0.704059
-0.704059
-0.674732
-0.674732
0.124518
-0.136195
-0.215941
-0.213426
-0.0599106
0.650786
0.650786
0.612316
-0.382769
-1.00906
-0.351866
-1.18303
-1.18303
-0.541735
0.00972279
-0.819798
-0.787784
-0.787784
0.0143773
-0.739175
-0.312235
0.316752
1.28903
1.28903
1.28903
1.28903
1.28903
1.40411
0.435216
0.415152
0.0558384
0.249314
0.58222
0.818463
0.818463
0.0089169
-0.400745
0.405306
0.405306
0.94896
0.875536
0.556695
0.0883211
1.03547
1.03547
1.03547
1.03547
1.03547
0.457406
0.623493
0.054122
0.151639
0.697285
0.954987
0.354769
0.344556
0.390795
0.0531487
-0.862237
-0.170045
-0.467912
-0.467912
-1.38967
-1.25986
-0.489676
0.211254
0.57826
0.986153
0.986153
1.02465
1.74904
1.74904
1.74904
0.872462
0.872801
0.872801
0.872801
0.0848067
0.864697
0.643558
-0.349294
-1.02041
-1.02041
-1.02041
-0.260825
-0.0423972
-0.292347
0.512826
0.650165
1.1823
0.84077
0.129396
0.299666
0.287984
1.22126
1.22126
0.658748
0.658748
0.0285986
-0.322961
0.169942
0.263895
0.818479
0.880611
0.223965
0.84925
0.84925
0.84925
0.835679
0.835679
0.835679
1.13358
0.800687
0.622204
0.520627
-0.0448793
-0.754879
-1.12142
-1.12142
-1.00781
-1.00781
-0.53265
-1.07009
-0.149647
0.430592
0.395709
-0.22777
-1.21591
-1.21591
-1.21591
-0.316317
-0.132793
-0.441641
-0.284562
-0.639066
-0.639066
-0.639066
-0.639066
-0.639066
-0.772007
-0.934706
-1.18157
-1.18157
-1.19842
-1.22221
-1.2221
-1.2221
-1.2221
-0.641221
-0.390391
-0.858196
-0.771948
-1.10906
-1.10906
-1.10906
-0.958992
-0.275673
0.687494
0.693327
0.693327
0.693327
1.14672
1.3968
1.52559
1.52559
1.52559
1.52559
0.749321
1.22094
1.22094
0.617892
1.05196
1.48482
1.48482
1.03281
1.1166
0.605515
-0.302395
-0.302395
0.473478
-0.067377
-0.119211
0.121539
1.08122
0.674668
0.719069
0.239424
0.239424
-0.013088
0.497226
1.19105
0.539155
1.49428
0.61574
0.61574
-0.373739
-0.742312
-1.18002
-1.23559
-1.23559
-1.19339
-1.19339
-0.750139
-0.750139
-1.54688
-1.54688
-1.35154
-1.35154
-1.35154
-1.35154
-1.35154
-1.5225
-1.22771
-1.22771
-0.606972
0.370342
0.363956
1.20097
1.1046
0.387368
-0.145035
-0.907375
-1.47186
-0.952715
-0.821488
-0.166395
0.634475
0.634475
0.287949
0.090656
-0.290683
-0.545372
0.436372
0.881038
0.995072
0.435869
-0.478556
-0.270735
0.410552
0.205883
0.160288
0.216313
0.936805
-0.0320937
-0.871069
-0.106196
-0.236225
-0.90546
-0.90546
-0.111981
0.609641
0.609641
0.485155
0.618622
0.618622
0.246425
0.279321
-0.696672
0.272357
-0.587575
-0.117019
0.738223
0.419562
-0.0905104
-0.150515
-1.00939
-1.00939
-0.474813
-0.540808
-1.41459
-1.41459
-1.66831
-1.18533
-1.78572
-1.61948
-0.769055
0.22542
0.0482215
-0.565953
-0.464651
-1.39592
-1.39592
-1.2297
-1.09266
-0.84238
-0.84238
-1.08418
-0.982767
-0.982767
-0.0873663
-0.748401
-1.15716
-1.08362
-1.08362
-0.229871
0.754254
0.754254
0.719685
-0.137658
-0.315255
0.614734
0.261872
0.619448
0.794931
0.794931
1.65263
1.04169
0.315136
0.315136
0.160763
0.0236744
-0.775102
-0.811809
-0.811809
-0.58088
-1.51727
-1.51727
-0.824493
-0.254217
0.523215
0.595984
1.35886
1.35886
0.877278
1.05918
1.05918
0.387413
0.233661
-0.00375115
-0.451766
-0.22109
0.431427
0.423807
-0.251105
-0.8448
-0.522528
-0.473661
-1.02575
-0.599061
-0.728013
-1.14068
-0.222977
-0.832261
-0.516983
0.320017
1.26378
0.947319
0.102447
0.815836
0.219613
0.813137
0.408025
0.904791
-0.0198621
0.815314
0.815314
0.815314
0.815314
1.18115
1.24395
1.02684
1.02684
0.3757
-0.273137
-0.085536
-0.500123
-0.794423
-0.794423
-0.552714
-0.72006
-0.305704
0.559282
0.559282
0.559282
1.11055
0.952611
1.19712
1.2558
1.29457
1.29457
1.08167
0.96772
0.117653
0.403396
1.19163
0.557564
0.595151
0.507037
0.903828
0.903828
0.903828
0.903828
0.903828
0.988624
0.80126
0.340265
-0.519935
-0.0417357
-1.02827
-1.02827
-1.11324
-0.165237
0.642233
0.642233
0.562188
0.378409
0.895195
0.895195
1.27688
1.27688
1.27688
1.17313
0.791883
0.791883
0.561725
0.628055
0.00721347
0.388089
0.427451
-0.049721
-0.522918
-1.06605
-1.06605
-1.07171
-1.07171
-0.599799
-0.831443
-0.831443
-0.831443
-0.399264
0.445224
0.445224
1.17486
0.807456
0.411732
-0.00663904
0.0615187
-0.346181
-0.198837
-0.252921
-0.132136
0.198411
0.284962
0.372885
0.7485
0.7485
0.7485
1.07724
0.307674
-0.48388
0.147273
-0.820861
-1.29136
-1.01664
-1.01664
-0.520916
-0.583803
-0.583803
-0.917862
-0.682383
-0.621119
-0.621119
0.197392
1.11724
1.01005
0.266602
0.835107
0.835107
0.738247
0.738247
0.826769
0.826769
-0.127647
0.795528
1.09265
0.254168
0.187236
0.631309
0.631309
0.963551
0.580582
-0.0115742
0.593859
-0.25692
0.412896
-0.419854
-0.419854
-0.612717
-0.612717
-1.08136
-0.349818
-1.04463
-0.285781
0.369533
0.377299
0.377299
-0.179214
-0.828829
-0.828829
-1.09074
-1.09074
-1.18856
-1.18856
-1.43651
-0.949956
-0.949956
-0.949956
-0.377585
-0.592806
-0.592806
-1.35265
-1.45797
-0.544819
-0.406712
-0.927568
-0.927568
-1.0253
-1.0253
-0.773384
-0.396475
0.340731
-0.569993
-0.129791
0.489272
-0.0203653
-0.56004
-1.2754
-0.380768
0.156649
0.390536
-0.391936
-0.923294
-0.286396
0.599603
0.598134
0.802862
0.358869
-0.51324
-0.51324
-1.3942
-1.3942
-0.981284
-0.728649
-1.64476
-1.2674
-0.98038
-0.764023
-0.774377
-1.24332
-0.619342
-0.316539
0.353425
-0.319459
0.0255278
1.01402
1.02998
1.02998
1.02998
1.69933
1.65088
1.65088
1.65088
1.91201
1.91201
0.971155
0.985152
0.0501177
-0.778516
-0.595253
-0.814703
-0.814703
-1.05493
-0.157024
0.309562
1.08323
1.08323
1.08323
0.683247
0.683247
0.455492
1.32578
1.11556
0.986737
0.595949
0.595949
0.595949
1.36315
0.890737
0.224999
0.848049
0.525588
-0.154694
0.11829
0.487274
0.487274
0.487274
0.0227228
0.727106
0.559642
0.966548
0.116341
-0.729002
-0.729002
-0.729002
-0.299598
0.449943
0.834486
-0.153233
0.824052
0.824052
0.533202
0.948238
0.948238
0.189497
0.472906
0.489874
-0.270801
0.617713
1.45167
1.45167
1.49468
1.63865
1.63865
0.917981
0.917981
0.78477
0.78477
-0.141767
-1.07178
-0.512097
-0.172895
-0.261508
-1.13712
-1.30697
-1.33428
-1.48128
-1.48128
-1.1406
-1.33212
-0.972413
-0.972413
-0.210736
-0.0783163
0.587448
0.534172
1.20874
0.522201
-0.42145
0.486537
0.486537
0.872451
0.872451
0.671168
0.671168
-0.138458
-0.732978
-0.732978
0.171514
-0.629002
-0.752182
-1.29996
-1.29996
-1.30559
-1.43424
-0.735938
-1.04307
-1.72047
-1.72047
-1.72047
-1.74363
-0.985317
-0.0521187
-0.0430505
0.506573
0.706455
0.706455
1.00934
0.360353
1.14095
0.813631
0.681203
0.681203
0.681203
1.28645
0.98853
0.750526
0.083127
-0.157284
-0.444243
-0.262299
-0.483396
0.217505
-0.36547
-1.24535
-0.568808
-0.967538
-0.967538
-0.967538
-0.179529
-0.445155
-0.464217
-1.1575
-0.373346
0.0482476
-0.844855
-0.844855
-0.893761
-0.893761
-0.966068
-0.966068
-0.966068
-0.966068
-1.49461
-1.49461
-1.49461
-1.49461
-0.98154
-0.761568
-0.692756
-1.61197
-0.804012
-0.842294
0.0696026
-0.620629
-0.815778
-1.32876
-0.497776
-1.01286
-1.18045
-0.854258
-0.559058
-0.603986
0.178524
-0.676705
-1.55569
-1.64352
-1.17839
-0.184236
0.0244406
-0.433265
-0.433265
-0.105368
-0.989999
-1.01297
-1.30458
-1.1088
-0.165973
-0.882536
-1.82143
-2.11001
-1.50316
-1.52582
-0.765788
-1.06776
-0.796644
0.118582
-0.159537
0.190631
0.758001
0.674809
1.17868
1.17868
1.17868
0.269327
-0.42655
0.298559
-0.164935
0.417081
-0.0654922
0.15089
0.451864
0.784632
0.8019
-0.18613
0.0406518
-0.519949
-0.782309
-0.587561
-0.587561
-0.587561
-0.932332
-0.344354
0.39165
-0.490335
-0.565243
0.100391
0.621646
0.864867
0.565053
0.357295
0.357295
-0.399123
-0.331616
-0.673999
-0.467187
-0.390906
0.170003
0.125419
0.303874
-0.306652
0.556401
0.219481
1.00419
0.40306
0.40306
1.11734
1.11734
1.02762
0.451737
0.865344
0.509466
1.17355
1.17355
1.17355
1.34812
1.34812
0.690279
0.279007
-0.179262
0.420989
0.278871
0.382535
-0.484782
0.220639
0.474913
0.448549
0.448549
0.986585
0.986585
0.986585
0.986585
0.7521
-0.195817
0.385691
-0.446672
-1.02189
-1.02189
-1.02189
-0.202073
-0.334924
-0.461332
-0.205286
0.409307
0.201037
-0.722249
-0.937614
-0.0200194
-0.761971
-1.74333
-1.74333
-1.74333
-1.80356
-1.80356
-1.51705
-1.13511
-0.757659
-0.829128
-0.829128
-0.829128
-0.829128
0.0207116
0.908656
0.908656
0.213817
0.58435
0.821089
0.821089
0.220922
0.446978
0.792236
0.792236
0.0103678
0.978179
0.49772
-0.442572
-1.23756
-0.626039
-0.674758
-0.0902618
-0.469968
-1.25452
-1.03565
-1.03565
-1.10704
-1.10704
-1.10704
-1.10704
-0.995881
-0.872683
-0.872683
-0.872683
-1.12551
-1.12551
-1.06697
-1.06697
-0.608091
-0.982565
-0.982565
-0.982565
-0.982565
-0.854228
-0.854228
-1.12434
-1.12434
-1.22468
-1.22468
-0.916353
-0.649824
-0.649824
-0.945853
-0.179134
0.156143
0.888343
0.170062
1.08567
1.09901
0.841411
0.69791
0.32866
-0.195566
-0.120647
0.552382
-0.0348007
0.514081
0.0639
-0.612471
0.132003
0.356025
0.286463
0.966833
0.197287
-0.723756
-0.0714303
0.40223
1.24806
1.24806
1.24806
0.990034
0.990034
1.00226
0.38659
0.447628
0.823023
1.06856
1.06856
1.06856
0.967145
0.967145
0.967145
0.308368
0.982206
0.982206
0.982206
1.09639
1.09639
0.664557
0.664557
0.664557
0.664557
0.664557
0.664557
-0.0873386
-0.485953
-0.100792
0.621981
0.906303
0.906303
1.3526
1.3526
0.527537
0.498797
-0.0334452
-0.751856
-1.51599
-1.52699
-1.1244
-0.796117
-0.796117
-0.796117
-0.241957
0.432064
0.432064
0.432064
1.04398
1.46962
1.25401
1.25401
0.385714
0.15191
-0.17725
0.406121
0.406121
-0.208105
-0.83898
-0.870198
0.107388
0.963719
0.85875
0.462139
-0.0206504
0.534664
0.269488
0.170489
1.13542
0.405392
0.796188
0.796188
0.0545144
-0.678857
-0.816192
-0.565423
-1.16549
-1.16549
-1.51266
-1.51266
-1.51266
-0.879737
-0.879737
-0.879737
-0.724206
-0.985697
-1.21958
-0.322226
0.561461
0.922119
0.25325
-0.0243612
-0.156895
0.664814
0.706604
-0.142768
-0.710944
-0.991051
-0.619416
-1.009
-0.550906
-0.289994
0.101049
1.0686
1.0686
1.0686
1.0686
1.14874
1.40251
1.40251
0.85521
-0.097671
-0.629287
-1.34512
-0.646537
-0.646537
-0.68513
0.249027
-0.260925
-0.233289
-1.02905
-0.424357
-0.424357
-1.16278
-0.393144
-0.0933084
-1.02066
-1.02066
-0.0689706
-0.984822
-0.282249
-1.16023
-0.319698
0.0171614
-0.424254
0.530819
0.554499
0.293062
0.979862
1.14314
0.600382
0.590035
0.983015
0.613318
1.15941
1.32137
0.718078
0.754962
-0.151783
0.460614
-0.301174
-0.612485
-0.0874961
0.452407
0.466441
0.184452
0.853375
0.853375
0.80497
0.883199
1.24206
1.24206
1.13304
1.13304
1.13304
1.29446
1.29446
1.18244
1.18244
1.24491
1.51074
1.51074
1.51074
0.562427
-0.127948
-0.345106
-0.883294
-0.419769
0.57023
0.941682
0.941682
0.885404
0.504228
-0.0439943
0.599972
1.20547
0.987649
0.665933
0.0525132
-0.907421
-0.644923
-0.184844
0.71243
0.71243
1.23765
1.23765
0.677266
0.677266
0.677266
0.677266
1.1149
1.1149
1.1149
1.1149
0.351506
1.29258
0.577961
0.577961
0.74642
0.582362
1.00378
1.00378
0.523537
0.443559
1.15019
0.742815
0.48871
0.531759
0.531759
0.531759
0.678428
-0.15506
-0.942087
-0.535378
-0.535378
-1.35886
-1.35886
-0.477437
-0.492184
-0.414651
-0.44624
-0.582862
-0.606237
-0.661161
-0.231841
-0.554545
-0.902326
-1.1096
-0.955886
-0.426656
-0.558693
-0.147458
-0.14512
-0.14512
-0.784447
-0.519706
-0.222867
0.716179
0.809795
0.809795
0.809795
-0.122817
-0.980342
-0.125637
-0.487324
-0.744342
0.0571927
0.625023
0.50833
0.558989
0.269956
-0.636529
-1.08942
-0.315985
-1.26375
-0.905536
-0.905536
-0.291072
-1.06135
-1.06135
-1.05864
-0.636423
-0.683755
-0.842198
-0.842198
-1.77369
-1.52079
-1.52079
-1.52079
-1.52079
-0.801311
-1.07832
-1.07832
-1.63029
-1.52738
-1.27838
-1.27838
-0.779191
-0.341772
0.231075
0.0502955
-0.011481
0.939414
0.466682
-0.392014
-0.332682
-1.05431
-1.05431
-0.337484
0.263657
1.12939
0.751641
0.430645
0.108799
0.0555341
-0.610119
0.363453
-0.340851
-0.243633
-1.17173
-1.17173
-1.17173
-1.17173
-1.17173
-1.74636
-1.74636
-1.88742
-1.52053
-1.52053
-1.01181
-1.38438
-1.25705
-0.874132
-0.677471
-0.800909
-0.800909
-0.155266
-0.205107
-1.00458
-0.241231
-0.695743
-0.794215
-0.82708
-0.776909
-0.776909
-0.45833
-0.0107745
0.676708
0.676708
0.753499
0.668492
1.49889
0.671337
0.671337
0.602409
0.997673
0.997673
0.466436
0.466436
0.466436
1.07994
1.08561
1.08561
0.985673
0.985673
1.05682
1.05682
0.63404
0.322926
1.14184
1.14184
0.948567
0.948567
0.282947
0.800387
0.461159
0.17718
0.17718
-0.755666
-0.431231
-1.27026
-1.57723
-1.57723
-1.2075
-1.18774
-1.18774
-0.535995
-0.176593
-0.112626
-0.810597
0.179552
0.349793
0.331128
-0.4463
-0.467991
-0.639999
-0.639999
-0.639999
-1.08343
-1.08343
-1.08343
-0.553257
-0.553257
-1.22229
-1.22229
-0.726628
-0.583415
-0.853285
-0.75549
-1.19592
-1.19592
-0.866496
-0.866496
-0.866496
-1.80871
-2.08527
-2.08527
-1.90414
-1.60088
-1.63782
-1.63782
-1.45102
-1.45102
-1.25315
-1.25315
-0.265153
0.495496
0.146902
0.330202
-0.221672
-0.533119
-0.565565
-0.565565
0.222133
-0.185621
-0.566988
-0.566988
0.414197
0.594678
0.594678
0.951439
0.951439
0.951439
0.951439
0.917511
1.07921
0.455358
0.57293
0.252444
0.120634
-0.742727
-0.694062
0.112698
0.477511
0.22538
0.179178
0.188788
0.513008
0.735894
1.18496
1.18496
1.18496
1.07933
1.07933
1.26272
1.26272
1.34812
1.1164
0.860593
0.860593
1.60172
0.654793
0.654793
0.221506
-0.0306235
-0.7355
-0.908285
-0.908285
-0.620814
-0.740008
-0.740008
-0.740008
-1.41914
-0.876916
-0.876916
-1.84024
-1.67449
-1.67449
-1.67449
-1.67449
-1.54515
-1.54515
-0.623828
0.220417
0.498965
0.736009
0.736009
0.774741
0.774741
0.75441
0.388849
1.03237
1.81169
0.854621
0.934313
0.934313
0.139004
0.18344
-0.756835
-0.764969
-1.1028
-1.74817
-1.74817
-1.75792
-1.12363
-0.88512
-0.88512
-0.88512
-0.88512
-0.88512
-0.289141
-0.936454
-0.31619
-0.130597
-0.830874
-0.52598
-0.844489
-0.971624
-0.971624
-0.206829
0.311264
1.15015
1.01397
1.02918
0.187059
0.471466
0.260656
-0.0971715
-0.0880483
-0.278729
-0.278729
-0.801533
-0.411845
0.391626
1.21212
1.33903
0.495051
0.0812633
0.130239
0.924756
0.259197
-0.462679
-1.0803
-0.643354
0.00997082
-0.199208
-0.183763
0.583021
0.578816
0.578816
0.537596
-0.264841
-0.226135
-0.622629
0.249676
0.795851
0.795851
0.994496
0.869256
1.01497
1.01497
0.520071
1.02712
1.01426
1.20916
0.534061
0.744988
0.744988
1.70231
1.70231
1.70231
1.70231
1.70231
2.1474
1.52519
1.59655
1.04148
0.814839
0.126794
-0.0152878
-0.53258
0.172889
-0.461479
-0.00972821
0.116997
-0.395233
-1.01003
-1.01003
-1.01003
-0.693764
-0.693764
-0.600053
-0.457344
0.461444
0.389962
0.105018
0.559534
0.559534
-0.423097
-1.1739
-0.380849
-0.380849
-0.734122
-0.734122
-0.734122
-0.0231969
-0.443506
-1.23189
-0.32022
-0.388482
-0.104954
0.47524
-0.436244
-0.124796
0.113579
0.680808
1.00638
0.954096
-0.00375934
-0.84205
-0.853227
-0.853227
-0.853227
0.0912253
0.256633
1.00088
1.00088
0.590412
0.603918
1.20619
0.691218
0.691218
0.484273
-0.193943
0.0863174
0.0849345
0.971066
1.10432
1.10432
0.69733
0.69733
0.311262
1.06542
0.84747
0.608428
0.874174
0.874174
0.730854
0.755221
0.721556
0.747503
1.09379
0.948755
0.741232
0.112691
-0.527599
-0.72198
-1.10466
-0.124822
-0.87779
-0.87631
-0.966008
-1.08568
-0.139093
0.0144754
0.335338
0.481699
0.0779366
0.469076
0.469076
0.438583
0.766784
1.45309
1.70557
1.70557
1.33668
1.33668
1.33668
0.637717
0.637717
0.637717
0.976472
0.668006
1.00352
1.33352
1.53465
1.53465
0.837032
0.436073
0.587118
0.0317786
0.0363021
-0.314583
-0.0991646
0.645684
0.645684
1.4743
0.978321
0.587663
0.230393
0.024179
0.0366305
-0.422643
-0.917883
-0.616931
-0.616931
-1.20629
-1.11941
-1.11941
-1.11941
-0.731861
-0.731861
0.12324
1.08061
1.27545
1.27545
1.39882
1.39882
1.06118
0.195346
0.64682
0.61756
0.61756
0.61756
-0.277892
-0.844794
-0.695619
0.0316185
0.253062
-0.0152251
-0.741243
-0.741243
-0.946791
-0.0472025
-0.954344
-0.954344
-0.954344
-0.954344
-0.954344
-0.58101
-0.58101
0.251188
-0.507832
-0.507832
-0.507832
-0.507832
-1.38612
-0.975362
-0.975362
-1.60513
-1.71578
-1.71578
-1.71578
-1.71578
-1.55415
-1.55415
-1.55415
-0.781285
-0.83443
-0.850614
-0.974732
-0.974732
-0.860303
-0.767224
-0.767224
-0.643168
-0.608
-0.608
-0.524819
0.213835
1.08008
0.531749
0.373055
-0.423818
-0.784771
-0.759735
0.159278
0.859333
-0.0238414
-0.396886
0.039903
-0.798252
-0.798252
-1.30656
-1.30656
-1.06468
-0.367297
-0.686849
-0.169719
0.47874
-0.492974
-0.122392
-0.954598
-0.954598
-0.351491
0.0303588
-0.853249
-0.853249
-0.38225
0.351498
1.02807
0.978176
0.234002
-0.27314
-0.0109842
-0.731672
-0.0833854
-0.324438
0.627265
0.627265
1.13985
0.493285
1.00219
1.00219
1.4791
1.4791
1.22101
1.22101
1.15665
0.817872
0.817872
0.405848
0.405848
1.00839
1.00839
1.00839
1.00839
0.343019
-0.394313
-0.0394372
-0.837762
-0.868901
-0.824464
-1.54467
-0.913322
-0.562942
-1.37768
-0.70284
-0.324896
-0.584169
-0.28697
-0.171994
0.786021
0.231985
0.368279
-0.405508
-0.405508
-0.392994
-0.153336
-0.137744
0.0416731
0.619433
0.416513
0.56055
0.872209
-0.0755209
0.400474
0.436269
0.115937
0.14131
-0.0689071
-0.073437
0.656974
1.28264
0.87809
0.78411
1.31833
0.351171
0.779042
0.387454
1.12133
1.04845
1.04845
1.04845
1.09615
0.973491
0.533538
0.927591
1.06104
0.569754
0.569754
1.10678
1.10678
1.10678
0.880095
0.684035
0.684035
0.281623
0.908362
0.0323137
0.896246
0.77765
-0.00155585
-0.439369
-1.17315
-0.980862
-0.569755
0.267994
0.53484
0.711482
1.05144
0.364898
-0.462636
-1.13372
-0.156961
-0.227849
0.722828
0.722828
0.449623
-0.223017
-0.918193
-0.0107173
0.386667
-0.289569
-1.28244
-1.28244
-1.28244
-0.382625
0.125261
0.594459
-0.338861
-1.28876
-1.14176
-0.735673
-0.735673
-0.643533
-0.915735
-0.600307
-0.91316
-0.91316
-1.14167
-1.14167
-1.02109
-1.02109
-1.56657
-1.20792
-1.23828
-1.23828
-1.23828
-0.669229
-0.314096
-0.982729
-1.43997
-1.3436
-0.5344
-0.462703
-1.01737
-0.397938
-0.195936
-0.677152
-0.677152
-0.5788
-0.875951
-0.662907
-0.662907
-0.761436
-0.761436
-0.0627151
-0.315236
0.0827329
0.257694
-0.724374
-1.21517
-0.846412
-0.846412
-0.339918
-0.940733
-0.762512
-0.762512
-0.961673
-1.44343
-1.07928
-1.07928
-1.07928
-1.07928
-0.936241
-1.11739
-1.3471
-0.991709
-0.698974
0.263744
-0.323144
0.642012
0.606515
0.0292506
0.686952
0.557822
0.557822
0.0803742
0.312132
0.987223
1.1839
1.1839
0.438009
0.438009
-0.479254
-1.2516
-1.2516
-1.2516
-1.2516
-0.931907
-0.936332
-0.883051
-0.883051
-0.883051
-0.883051
-0.883051
-0.883051
-0.883051
-0.883051
-0.321065
-0.671892
-0.814444
0.0959259
0.475508
0.918471
0.704155
0.564398
0.6149
0.956857
0.956857
0.894527
0.476413
-0.103746
-0.885599
-1.04405
-0.64864
-1.11393
-1.06851
-1.06851
-1.06851
-1.06851
-0.600101
-1.15517
-0.754868
-0.754868
-0.754868
-1.50365
-1.34065
-0.774382
0.0414482
-0.302444
0.428403
1.11524
0.226571
1.05015
1.04641
0.698974
0.698974
0.212231
-0.723338
-0.334814
0.088106
-0.792273
-0.527828
-0.202905
-0.175707
0.794227
0.764308
1.35417
0.701351
-0.00460998
-0.897296
-1.36105
-1.1381
-0.206474
-1.1723
-0.256029
0.337462
0.957299
0.957299
0.957299
0.957299
0.56378
0.311431
1.06765
1.06765
0.429039
-0.107944
-0.804651
-0.804651
-0.804651
-0.134306
-0.0802669
0.199961
0.199961
-0.551461
-0.551461
-0.113267
0.757297
0.145286
0.722438
1.04604
1.08233
1.52959
1.52959
1.43932
1.19686
1.19686
0.745064
0.745064
1.00387
0.106069
-0.864078
-0.617347
-1.5132
-1.41625
-0.883399
-0.883399
-0.845188
-0.845188
-0.845188
-0.921398
-1.18733
-0.774068
-0.774068
-0.774068
-0.774068
-0.774068
-1.23153
-1.23153
-0.88003
0.00766942
0.769556
0.682477
-0.267108
0.540148
0.59086
0.59086
0.619734
0.619734
0.619734
0.680467
-0.255696
0.416676
-0.0663746
-1.01643
-0.882689
-0.641653
0.348364
-0.00495924
0.579419
0.250953
1.06091
0.149769
-0.0147151
-0.26025
0.657699
0.657699
0.925571
0.925571
1.42037
1.29339
1.62611
1.12611
0.944545
1.06187
1.06187
0.250365
1.02907
1.18996
1.13122
0.528329
-0.452259
0.378266
0.30121
0.22745
-0.255448
-0.613855
-0.613855
-0.614944
-1.24361
-0.45033
0.405988
1.01012
1.01012
0.980963
1.00603
0.206394
0.71998
-0.0479134
-0.421851
-0.421851
0.181909
-0.566131
-0.184824
-0.258029
-0.955174
-0.63583
-0.566965
0.360872
0.976278
0.703867
0.768828
1.08705
0.380938
-0.0491977
0.827392
0.362585
-0.544836
-1.09709
-1.09709
-0.171958
-0.00850613
-0.786655
-1.03996
-1.03996
-1.36266
-1.36266
-1.36266
-0.931228
0.0367415
-0.0958933
-0.16309
0.295911
1.13353
1.13353
1.13353
1.55357
1.55357
1.55357
1.38962
0.841344
0.0746684
0.688661
1.31869
1.31869
1.33177
1.33177
0.609618
0.609618
0.876551
0.876551
-0.0846596
-0.395899
-1.32717
-0.535964
-0.535964
0.218513
0.429133
0.26651
1.07037
0.501495
-0.207605
-0.430279
-0.735252
-0.100475
-0.800781
-0.800781
-0.405651
-0.74504
-0.721041
-0.674435
-0.674435
-0.674435
-0.491177
-0.846711
-1.03529
-0.506503
-0.584903
-0.573736
0.378803
1.24567
0.36834
-0.119364
0.540367
0.992599
0.970428
0.126993
0.722525
0.673092
1.00151
1.27003
1.33436
1.33436
0.851792
0.851792
0.851792
0.651432
1.47752
1.46804
1.01434
1.65159
1.68684
1.68684
1.31369
1.31369
1.31369
0.630883
0.630883
0.630883
1.40649
0.803065
1.16249
1.16249
1.16249
1.16249
0.168882
0.419176
0.419176
1.00507
0.716998
0.716998
1.33026
1.02282
0.348492
0.30686
0.737397
0.903072
0.566082
0.259488
-0.157203
0.00556281
-0.787424
-1.262
-1.29327
-0.507714
-0.70507
-0.534216
-0.774517
-0.778953
-0.778953
-0.00786031
0.557659
0.557659
0.307999
-0.146959
-0.0580285
-0.808429
-1.19069
-1.19069
-1.19069
-1.19069
-0.607765
0.286949
0.307093
-0.278123
0.282131
-0.590095
-0.306359
-0.572156
0.340309
1.15669
1.15669
0.732623
-0.0603152
-0.494019
0.384822
0.559437
0.814376
0.090121
0.0982272
-0.802157
-0.836601
-0.836601
-0.836601
-0.464437
-1.13411
-0.483755
-0.945664
-1.3359
-1.3359
-0.6118
0.273992
0.944738
0.879474
0.858405
0.858405
0.876216
0.876216
1.48353
2.00732
2.00732
2.03242
1.46566
1.46566
0.838489
1.07276
1.01832
1.01832
1.01832
1.01832
1.01832
0.545969
-0.156629
0.0844499
-0.15755
0.264308
0.52231
0.940162
0.940162
0.940162
1.71494
1.71494
1.95592
1.95592
1.95592
1.94666
1.94666
1.91471
0.967701
0.931288
0.760131
1.27344
1.21996
1.71859
1.29556
0.708002
0.139579
-0.490775
-0.818378
-0.910974
-1.05665
-0.796249
-0.573014
-1.09765
-1.40124
-1.40124
-1.40124
-0.757029
-0.757029
-1.15214
-0.950576
-1.01025
-1.0418
-1.6695
-1.43695
-0.943914
-0.943914
-0.562265
0.226951
1.13703
0.868839
0.426409
0.727017
-0.0194971
-0.879183
-1.06983
-1.01705
-0.732273
0.0747726
0.697274
0.697274
0.697274
0.562658
-0.134802
-0.134802
-0.162293
-0.127289
0.434539
0.765569
0.325195
-0.449112
-0.531964
-0.531964
-0.309538
0.12753
-0.604117
-0.825472
-0.594389
-0.594389
-0.594389
0.185189
0.656642
0.656642
1.2022
0.938367
1.04503
1.04503
1.11742
1.11742
1.2124
0.384657
0.850311
0.850311
0.266971
-0.0930898
-0.673653
-0.957567
-0.957567
-1.08382
-0.870063
-1.21943
-1.54986
-1.54986
-0.5757
-0.661822
-0.661822
-0.661822
-0.661822
-0.556999
-0.372654
-0.9159
-0.727245
-0.855587
-0.67146
-0.67146
-0.580104
-0.580104
-0.580104
0.343447
0.0452255
0.150961
-0.306134
-1.04635
-0.675791
-0.836562
-1.1504
-1.38397
-1.38397
-1.38397
-1.38397
-0.597075
-0.479022
-0.893656
-0.848014
-0.848014
-0.698507
-0.698507
-0.698507
0.246359
-0.151283
0.810022
0.810022
0.810022
-0.095725
0.785798
0.824199
-0.00909613
-0.656558
-0.656558
0.0867658
0.804947
0.875582
1.06502
1.06502
1.36819
1.36819
0.647475
0.519491
0.213606
0.082921
0.113937
-0.148824
-0.595061
-0.808962
-0.808962
-0.808962
-0.808962
-0.808962
-0.119479
-0.159451
-1.09798
-1.09798
-1.09613
-0.765296
-1.47337
-1.33929
-1.58344
-1.58344
-1.64639
-1.3808
-0.632963
-0.632963
-0.632963
-0.632963
-0.632963
-0.313726
-0.313726
-0.85816
-0.631576
-0.631576
-0.582084
-0.429026
-0.817628
-0.817628
-0.467506
0.0582628
1.05312
0.122641
0.825037
-0.0945458
0.582556
1.54166
1.03234
1.03234
0.195025
0.344506
0.930155
0.558008
0.3838
0.89449
0.404335
-0.26461
-0.472588
-0.472588
-0.756657
-0.480991
-0.340536
-0.332399
0.0125063
-0.599295
-0.511124
-1.47757
-1.52488
-1.52488
-1.52488
-1.28098
-1.34135
-0.614765
-0.715224
-0.999877
-0.211491
0.583091
0.587617
-0.0452901
-0.333206
-0.38419
-0.342808
0.0367116
-0.0279793
-0.264403
-1.20345
-1.17343
-1.5965
-1.19777
-1.23865
-1.15062
-1.17589
-1.17589
-1.17589
-0.924812
-0.924812
0.0331259
-0.71998
-0.71998
-0.71998
0.166285
1.0689
1.0689
0.934115
1.07901
1.07901
1.14769
1.14769
1.01226
1.41623
1.00725
0.883412
0.883412
0.883412
-0.0777061
0.154555
-0.337774
-0.014528
0.174326
0.504513
0.957288
0.957288
0.467342
0.467342
0.467342
0.750981
0.750981
0.750981
0.750981
1.69131
0.77234
1.02206
0.76817
1.41891
1.5446
1.18511
0.374079
0.908998
0.300862
1.00926
1.00926
1.0434
1.0434
0.789061
0.789061
0.789061
0.767438
0.767438
0.767438
1.38823
1.37239
0.525227
0.922128
0.922128
0.320162
0.805201
0.805201
0.805201
0.692776
0.692776
0.87912
1.01878
1.53638
0.736025
1.45208
1.4385
1.25497
1.25497
0.459197
1.2772
1.13055
1.13055
1.10145
1.08558
1.08558
1.08558
1.02307
1.02307
0.877409
-0.0244882
0.0152538
-0.622898
0.334267
0.645204
1.48472
0.874052
0.89353
0.89353
0.806223
0.806223
0.806223
0.876243
0.869162
0.297802
0.0366961
0.479108
-0.142893
0.15782
1.05895
1.85554
1.6139
0.850931
1.60129
1.46696
0.871128
0.648528
0.390308
0.752238
0.302336
0.355161
0.456454
0.220035
1.06414
0.672864
0.713924
0.358648
1.23752
0.53094
0.53094
-0.205557
-1.10366
-1.10366
-1.10366
-1.10366
-1.30093
-1.4185
-1.42273
-1.11029
-1.11029
-1.11029
-0.846076
-1.06536
-0.138877
-0.941215
-1.20966
-1.20966
-0.902179
-1.02661
-1.02661
-1.02661
-0.936298
-0.780656
-0.876067
-0.673733
-0.563799
-0.232142
-0.823501
-0.563447
-0.675214
-0.727062
-0.727062
-0.155868
-0.39424
-0.39424
0.142888
0.139351
-0.703609
0.242938
-0.355811
0.180397
1.14105
0.854192
0.432883
-0.363076
0.213228
-0.497366
-0.497366
-0.497366
-0.497366
-1.31496
-0.65726
-0.65726
-0.65726
-0.988112
-0.81503
-1.29699
-1.29699
-1.63424
-1.63424
-1.63424
-1.33321
-1.49994
-1.22787
-0.933896
-0.330034
-0.461872
-0.681331
-0.374918
0.572397
-0.111835
0.29135
0.840033
0.970745
1.10968
0.763307
0.068035
0.721303
0.635787
1.2699
0.374605
0.721278
0.721278
0.276647
0.125595
-0.830199
-0.400366
0.111411
0.417467
-0.273584
-1.12375
-1.15372
-1.15372
-1.15372
-1.97302
-1.32879
-1.07454
-0.173302
0.220392
0.990619
0.560453
1.51084
1.51084
1.51084
1.51084
0.822616
0.822616
0.604452
1.04451
1.04451
1.04451
1.65832
1.65832
1.10117
0.372373
0.156598
0.0311232
0.176454
1.14325
0.337733
-0.192435
-0.300241
-1.2898
-0.953411
-1.59587
-1.5134
-1.5134
-0.996422
-0.996422
-0.849234
-1.05669
-1.23704
-1.23704
-0.873452
-0.873452
-0.375599
-0.375599
0.256623
1.13245
1.21999
0.497829
1.4679
1.4679
1.70757
2.20584
1.45583
1.06229
0.175766
0.342887
0.962144
0.962144
1.09864
1.13595
0.193272
0.578915
0.60575
1.27477
1.27477
0.99934
1.18757
1.21061
1.21061
1.21061
1.13879
1.4014
0.741348
1.13891
0.553216
0.492979
0.853125
0.63568
0.63568
0.623505
0.679443
0.0893849
0.346669
-0.339664
0.178389
0.443196
0.865239
0.143681
-0.246298
-0.0238704
0.843314
0.820661
0.820661
1.41466
1.54171
1.54171
1.27158
0.577518
-0.265507
-1.24382
-1.24382
-1.77109
-1.77109
-1.77109
-1.77109
-1.08943
-1.56947
-0.868904
-0.555325
0.43635
0.43635
0.869464
0.869464
1.32637
1.32637
1.32637
1.32637
1.24559
1.04184
1.88698
1.53205
1.40457
0.907308
0.923399
0.65383
0.65383
0.65383
1.1474
0.875484
1.25278
1.25278
1.25278
1.25278
1.22877
0.564186
0.876862
0.460358
-0.294422
-0.267797
-1.14146
-0.870844
-0.619316
-1.53559
-1.53559
-0.627921
-0.627921
-0.518161
-0.851427
-0.851427
-1.1432
-1.1432
-0.612993
-0.612993
0.306522
1.02529
1.02529
0.672422
0.867617
0.242571
0.792755
0.755323
1.62038
1.62038
0.65734
0.65734
0.65734
0.65734
-0.267538
-0.516039
0.219515
0.536384
0.536384
-0.0840513
0.163647
0.301364
0.898497
0.898497
1.17631
1.17631
1.17631
0.667514
0.667514
1.37721
1.34164
0.427421
-0.533401
0.189567
1.16889
0.952363
1.35004
1.0624
0.328288
0.600562
0.821852
-0.149075
0.124837
-0.362605
-0.185916
0.229805
1.07805
0.432638
-0.365786
0.0508941
0.268542
0.837669
1.19458
1.19458
1.19458
1.19458
1.43267
1.43267
1.43267
1.86147
1.86147
1.19885
0.886556
0.886556
0.75986
-0.012366
-0.522038
-0.522038
0.0383813
-0.427317
-0.177019
-0.339437
0.213132
0.704213
0.894537
0.251881
-0.585275
0.0672791
0.984373
0.33585
1.30855
1.30855
0.938877
0.897413
0.298376
0.298376
1.11335
0.712427
0.712427
0.712427
0.712427
0.435637
0.269285
-0.327807
-1.23726
-1.23726
-1.23726
-0.81423
-0.908345
-0.908345
-0.210413
-1.17965
-0.88693
0.0785164
0.82742
-0.118681
-0.803175
-0.562558
-0.876081
-1.05881
-1.04585
-1.04585
-0.508105
-1.30613
-1.47105
-1.47105
-1.47105
-0.626669
-0.0779864
-0.0324497
-0.421872
-0.421872
-0.204806
0.299114
0.299114
-0.206537
-0.851119
-0.851119
-0.851119
0.0975302
1.08232
0.207873
-0.266471
-0.310912
-0.257397
-0.382851
-0.770205
-1.17173
-1.17173
-1.17173
-1.64224
-1.19735
-0.442506
0.287306
-0.288837
-0.878405
-0.878405
-0.878405
-0.549022
-1.01175
-1.01175
-0.627857
-0.468132
-0.0305979
-0.267587
0.589985
0.589985
0.589985
0.589985
0.589985
0.118209
0.985446
1.12704
1.12704
1.12704
0.601008
0.356562
0.837008
0.824394
1.08981
0.901616
0.288642
0.624466
1.16204
0.25286
-0.744753
-0.669365
-0.249664
-0.75144
-0.761949
-0.894206
-0.894206
-0.223687
0.0114073
0.18539
-0.141736
0.67132
0.659415
0.659415
0.659415
0.659415
0.853005
0.0739079
-0.289311
-0.289311
0.662165
0.803652
-0.185921
-0.310339
-1.12959
-1.24272
-1.06516
-0.622009
-0.773948
-0.158567
0.00374246
0.743197
0.264546
0.997374
0.560076
1.24418
1.24418
1.24418
0.942678
1.37768
1.37768
1.37768
1.0383
1.0383
0.415167
0.624755
-0.0846559
-0.288488
-1.10706
-1.51756
-1.51756
-1.51756
-1.51756
-1.36737
-1.27121
-0.435565
0.204695
0.828598
0.991333
0.991333
1.05503
0.802941
-0.14853
0.482681
0.912726
0.22442
0.876128
0.625983
0.625983
0.177945
1.11915
0.604309
0.347318
0.772289
0.811826
0.93194
0.93194
1.15101
0.848634
0.971305
0.971305
0.971305
0.344783
0.550282
0.171717
0.969812
0.186659
-0.118835
0.457294
0.396538
0.872884
0.872884
0.54216
0.54216
-0.27206
-0.922194
-1.20799
-0.926539
-0.926539
-0.926539
-0.39079
-1.01319
-0.764621
-0.764621
-0.484298
-0.484298
-0.121961
-0.0945598
0.108329
0.813086
0.736922
-0.210629
-0.222169
-0.668817
-0.681454
-0.681454
0.0118154
0.125622
-0.214102
-0.375088
-0.832067
-0.701538
-1.17749
-1.17749
-1.17749
-1.17749
-0.756096
-0.182198
0.554923
1.09932
1.24886
1.24886
1.24886
0.929008
0.118836
0.655679
0.655679
1.33206
1.33206
1.20421
1.20421
1.20421
0.986274
1.27564
1.44366
1.6166
1.30758
0.679978
0.679978
0.030241
0.394241
0.0697894
-0.211947
-1.03078
-1.03078
-1.48627
-1.48627
-1.48627
-1.48627
-1.48627
-0.711497
-0.396904
0.436681
1.01581
1.31277
1.29524
1.29524
1.29524
1.15381
0.518688
1.47463
0.555897
0.377526
0.526738
-0.00886561
-0.0897567
-0.665889
-0.665889
-1.15688
-0.865946
-0.847702
-0.847702
-1.08471
-0.7633
-0.0762912
0.812964
0.344558
1.14809
1.33085
0.397533
-0.15069
0.223339
0.774356
0.774356
0.733759
0.78942
1.10574
0.143319
-0.765224
-0.61443
0.15168
-0.666111
0.239578
0.0814676
-0.274445
0.381012
1.02084
0.371436
0.838415
0.839901
0.839901
0.968075
0.968075
0.210448
0.847756
1.14398
1.14398
1.14045
1.14045
1.14045
1.14045
1.01933
1.01933
1.77264
1.77264
1.83781
1.66369
0.667334
0.667334
0.249983
-0.676165
-0.676165
-0.676165
0.0265374
-0.370967
-1.20315
-1.20315
-0.462489
-0.462489
-0.462489
0.421418
1.05014
0.766397
0.766397
0.89729
0.70811
0.667839
0.667839
0.76349
1.08047
1.08047
0.386526
0.386526
0.694885
0.479562
-0.393306
-0.728404
0.21418
-0.738619
-1.30226
-0.343616
-0.250761
0.178713
-0.263034
0.372856
0.635472
0.635472
0.601354
-0.376484
-0.40511
-1.28858
-0.769572
-0.597609
-0.651871
-0.449879
0.316885
-0.162628
-0.52922
-0.785787
-0.785787
0.0255757
-0.108051
-0.563519
-0.183683
0.225249
0.158485
-0.761598
-1.49296
-1.49296
-1.49296
-1.46746
-1.46746
-1.20255
-1.20255
-1.20255
-0.3938
0.189732
0.778798
0.778798
-0.118816
-0.166515
0.771775
-0.208951
-0.208951
-0.434589
-0.801155
-0.860638
-1.36364
-1.36364
-1.47021
-0.580571
0.364554
-0.192926
0.797597
1.78214
1.78214
1.78214
1.0149
1.0149
0.709017
0.871737
0.702955
0.126456
0.435052
-0.283975
-1.16103
-0.308782
-0.308782
0.474428
0.903354
1.17232
1.17232
0.5565
1.31668
1.31668
1.31668
1.43206
1.07552
1.07552
0.712069
0.940303
0.46225
0.497525
0.175345
0.566069
0.566069
1.47456
1.00555
1.00555
1.00555
0.254898
0.359291
-0.0150097
-0.674555
-1.03734
-1.03734
-0.177373
-1.10892
-1.45376
-1.45376
-1.45376
-1.45376
-1.45376
-1.45376
-1.45376
-1.45376
-1.45376
-1.3646
-0.729065
-0.151966
-0.250303
-0.101706
-0.246482
-0.794741
-1.39412
-1.39412
-1.39412
-0.622517
0.317164
1.16099
1.16099
1.16099
1.09577
1.09577
0.639956
1.05249
0.321045
0.527157
0.725085
1.06324
1.06324
1.02193
0.798287
1.30691
1.30691
1.29881
0.349041
0.456674
-0.331088
0.305081
0.305081
-0.630726
-0.630726
-0.630726
0.254286
0.12546
-0.237563
-0.157508
-0.933876
-0.00188722
0.353702
1.30938
1.91109
1.48138
1.48138
0.735297
0.735297
0.131466
0.729465
1.34674
1.34674
0.752679
0.00605389
-0.981647
-0.616972
-1.61581
-1.61581
-0.957302
-1.26627
-1.22008
-1.08007
-0.104278
0.162965
0.304995
1.13797
1.13797
1.13797
1.13797
0.812287
0.812287
0.45825
1.39011
1.39011
1.39011
0.444216
0.963918
0.377698
-0.332034
-0.48225
0.379707
0.436986
0.872834
0.98304
0.990192
0.610714
-0.320113
0.0449091
-0.184739
-0.427089
-0.715976
0.251164
-0.0753468
0.725191
0.725191
0.725191
0.725191
0.725191
0.725191
1.03902
0.772884
0.341807
0.996356
0.996356
0.69858
0.756754
0.756754
0.756754
0.756754
0.988388
0.776835
0.776835
1.25816
0.960157
0.960157
0.960157
0.85265
0.85265
0.524407
0.358435
-0.546117
-0.433848
-0.433848
-0.433848
-0.126652
0.422923
-0.206899
0.646942
0.176771
0.782954
1.52897
1.21558
0.332595
0.683685
1.28717
1.28717
1.56501
1.56501
1.56501
1.40972
0.968746
0.737633
0.730793
1.51656
1.51656
1.20085
1.40379
1.43338
1.43338
1.43338
1.89157
1.89157
1.94049
1.01216
0.48111
0.48111
0.297576
0.49393
1.01864
0.924404
0.28621
0.201352
0.759902
0.759902
0.759902
0.759902
0.0749998
-0.804002
0.122114
-0.0977445
0.301904
-0.0013755
0.511865
0.922496
0.904598
0.144682
0.788716
0.514226
-0.435448
0.379135
0.497802
0.601321
0.601321
0.601321
-0.273331
-0.910911
-1.36228
-1.37495
-1.37495
-1.27371
-0.719519
-0.719519
-0.13314
0.723278
0.469787
0.389739
0.179732
-0.165196
0.202237
0.641089
0.641089
0.404308
-0.202214
-0.704837
-0.82017
-1.05326
-0.945881
-0.945881
-1.00143
-1.00143
-0.265735
0.43822
1.26112
1.26112
1.02311
1.02311
0.89342
0.858261
0.754307
-0.0213819
-0.302126
-1.02875
-0.852796
-0.910259
0.0514519
-0.619663
-0.619663
-1.25342
-1.25342
-1.51715
-1.51715
-1.51715
-1.51715
-1.51521
-1.09659
-0.150359
-0.712056
-0.712056
-1.27518
-1.41686
-1.74644
-1.19439
-1.19439
-0.416114
-0.370239
0.483133
1.23987
1.23987
0.749168
0.0848562
0.709265
1.11584
1.25958
0.727937
0.727937
0.727937
0.654794
0.762049
-0.0417354
0.681001
0.00169686
0.520813
0.514734
-0.399689
-0.221945
-0.634675
-0.272224
-1.16404
-0.284729
-0.510694
-1.31496
-0.862155
-0.862155
-0.982199
-0.982199
-1.23995
-1.31623
-1.31623
-1.04336
-1.04336
-0.466721
-0.835922
-0.29906
0.417683
-0.0687884
0.217104
1.03167
1.03167
1.01235
1.82709
1.03489
1.03489
1.03489
1.03489
1.02072
1.09245
1.0479
1.0479
1.0479
1.0479
1.0479
1.0479
0.255559
-0.451288
-0.451288
-0.154005
0.750465
0.0853082
0.216684
0.705858
0.00392212
0.491675
0.0360538
-0.0361992
-0.843321
-0.843321
-0.829458
-0.829458
0.00977419
0.589007
0.589007
0.589007
1.31634
1.27934
0.339225
0.0490461
-0.414193
-0.414193
-0.414193
-0.414193
-0.414193
-0.795584
0.172823
1.05362
0.390038
-0.559736
-0.816982
-0.355771
-0.478244
0.261254
-0.10227
0.864242
-0.0716522
-1.0543
-0.603091
-0.603091
-0.628421
-1.61405
-1.20913
-0.215297
-0.860682
0.112478
0.0346542
-0.377055
-0.797444
-0.731273
-0.731273
-0.731273
-1.0964
-0.483874
-0.483874
-0.284267
-0.584025
0.280977
1.0438
1.0438
0.970999
0.970999
0.970999
0.970999
1.08586
1.0801
0.533376
1.48699
0.725308
0.117678
-0.350973
-0.568902
-0.415304
-0.00472179
0.521015
0.521015
-0.179338
-0.285073
0.231651
1.12881
0.967799
0.306442
-0.683151
0.269374
-0.306108
-0.304258
0.0676898
-0.303285
0.348008
0.348008
0.0931052
0.120205
-0.631778
-0.370997
0.436711
0.592654
0.776861
1.1787
1.57527
1.6215
0.736472
0.736472
0.736472
-0.156339
-0.199772
-1.12723
-0.329164
-0.541451
0.340345
0.533471
-0.0950469
-0.528989
0.116705
-0.576409
0.0422242
0.424717
1.32243
0.368887
0.0541593
0.898294
0.906279
0.906279
1.28612
1.15715
1.08829
1.08829
1.08829
1.08829
0.840693
0.780685
0.616234
0.108089
-0.0852355
-0.803574
-0.803574
-0.803574
-0.171128
-0.983812
-0.253473
-1.16057
-1.16057
-1.16057
-1.19267
-1.14216
-1.11989
-1.11989
-1.16767
-1.11136
-0.525845
-0.155104
0.0616238
0.44982
-0.30761
-1.22596
-1.13069
-1.13069
-0.716211
0.278373
0.00790872
-0.159948
0.741851
0.741851
0.189613
-0.273047
-0.837269
-1.09625
-0.802187
-1.07076
-1.5523
-1.5523
-1.13076
-0.317069
0.461375
0.365013
0.485661
0.976145
0.66613
0.0377949
0.475894
0.139273
0.388706
0.883911
1.53398
1.10981
0.183666
-0.442387
-0.442387
-1.11749
-1.11749
-1.11749
-1.15081
-1.15081
-0.704148
-1.54992
-1.57693
-1.57693
-1.57693
-1.57693
-1.24466
-0.904232
-0.797613
-1.70709
-1.70709
-1.51424
-1.19101
-0.491892
-0.13533
-0.452302
0.432909
-0.380385
-0.813004
-0.774019
-0.201186
-0.57958
-1.25989
-2.04426
-2.04426
-2.04426
-1.72175
-1.52694
-1.52694
-0.94942
-0.787008
-1.25953
-1.25953
-0.407862
0.559301
1.05743
1.05743
1.03415
1.03415
0.0402132
-0.849698
-0.549188
-0.549188
-0.549188
0.299335
1.00964
1.00964
0.0645826
-0.759559
-0.804714
-0.655427
-0.643516
-0.791163
-0.373044
-1.03357
-1.03357
-1.0005
-0.171978
0.371996
0.63886
1.03805
1.03805
0.722788
0.627641
1.16556
0.708215
0.264478
-0.702599
-1.36574
-1.33003
-1.43901
-1.24358
-0.713948
-0.713948
-0.713948
-0.592124
-0.566548
-0.885146
-0.865816
-1.2304
-0.952626
-0.623564
-0.0585262
0.193593
-0.117106
-0.312618
0.419138
0.419138
0.34826
-0.57403
-0.57403
-0.57403
-0.57403
-0.697777
-0.511727
-0.937419
-0.937419
-0.937419
-0.747186
-0.747186
-0.913811
-0.913811
-0.913811
-1.61255
-0.892555
-0.892555
-1.24881
-1.57424
-1.57424
-1.57424
-1.57424
-1.54551
-0.674388
-0.156284
-0.134513
-0.0161186
-0.335054
-0.59787
-1.04165
-0.521555
-0.430634
-0.759534
0.0554663
0.774457
-0.0515577
0.63335
1.11541
1.11541
1.31751
1.37708
0.773958
-0.0624962
0.662056
0.662056
-0.196645
-0.332029
0.124288
0.61589
0.173337
0.260219
0.806511
0.742627
0.742627
0.742627
0.742627
0.742627
0.742627
0.248635
-0.638852
0.355714
0.394499
-0.37771
0.588506
0.138379
-0.400305
-0.866595
-0.478276
-0.055068
0.375629
0.100277
-0.195785
-0.483419
-0.947641
-1.18581
-1.18581
-0.360657
0.533702
0.331189
0.331733
0.159416
0.60394
1.30879
0.891768
1.16144
1.16144
0.543501
0.516551
0.516551
0.516551
0.210922
-0.141668
-0.179638
-0.479125
-0.345366
0.302384
0.904969
0.904969
1.52017
1.62473
0.821031
0.632057
0.632057
0.207947
0.04077
-0.407039
-0.533459
-0.691402
-0.959672
-1.68253
-1.07704
-1.07704
-1.07704
-0.429777
-0.441577
-0.901285
-0.16799
-0.16799
-0.988178
-0.976841
-0.976841
-0.976841
-0.976841
-0.976841
-0.559668
-1.07314
-0.886728
-0.447046
-0.121729
-0.928038
-0.473898
-1.37749
-1.37749
-1.17534
-0.900139
-0.285106
0.644758
0.644758
0.901026
0.61038
1.49416
1.49416
1.10466
1.10466
1.10466
0.234418
0.842369
-0.0691947
-0.225508
-1.03099
-1.03099
-1.03099
-1.03099
-1.50404
-0.906415
-1.18093
-0.865989
-0.865989
0.0207681
-0.555248
-1.07341
-0.239487
0.686809
0.602743
0.602743
0.464817
0.926081
1.80769
1.09658
0.54699
0.342642
0.978711
1.03557
0.281861
-0.544806
-0.544806
-0.858449
-0.876623
-1.33256
-0.810934
-0.833434
-1.27578
-1.27578
-0.888782
-0.888782
-0.888782
-0.467831
0.245472
-0.181742
-0.076078
-1.06501
-1.03816
-0.274407
0.420409
1.31064
1.6455
1.11586
0.722566
-0.0850729
-1.06964
-1.68771
-0.75143
-0.75143
-0.382024
0.124586
-0.40062
0.515753
0.515753
-0.375804
-0.452897
-1.2698
-0.570311
-0.163792
0.147542
0.0105007
-0.90639
-0.0662934
0.205491
0.162682
0.239332
1.09517
0.204639
0.538152
1.12326
1.57394
0.636016
0.636016
0.422074
0.528284
0.216953
1.04858
1.04858
0.326383
0.341978
-0.0431454
0.728643
0.728643
0.603765
0.603765
1.05528
1.05528
1.05528
0.471154
0.471154
-0.196034
-0.252368
0.175553
-0.212854
-0.81742
-1.30525
-1.30525
-0.560409
-0.560409
-0.723641
-0.374803
0.537819
-0.391824
-1.15991
-0.932464
-0.127555
0.361717
0.0379692
-0.724855
-0.724855
-0.724855
0.145745
-0.417714
-1.40545
-1.03536
-1.03536
-0.958889
-0.986874
-1.35286
-1.35286
-0.617727
-0.414483
0.509401
0.332259
-0.607138
-0.849158
-0.187071
-0.534843
-0.534843
-0.534843
-0.927553
-0.927553
-0.932548
-0.0658593
-1.00698
-0.492076
-0.492076
-1.02135
-1.02135
-1.02135
-1.7866
-1.7866
-1.58841
-1.58841
-1.58841
-1.58841
-1.58841
-1.59472
-1.59472
-1.25214
-0.477465
-0.477465
-0.144301
0.403826
0.403826
0.979962
0.979962
0.979962
0.787732
0.787732
0.787732
-0.17123
-0.960557
-1.30522
-0.929367
-1.01491
-1.01491
-0.774964
-0.0743498
0.773826
0.817665
0.817665
0.817665
0.817665
0.853341
0.853341
0.853341
0.853341
0.810386
0.19753
0.960002
1.07019
0.694703
-0.0836065
-0.884105
-0.325644
-0.517125
-1.04847
-1.04847
-1.04847
-1.39094
-1.39094
-1.39094
-1.461
-1.461
-1.461
-0.977239
-0.977239
-0.977239
-0.219138
-0.984406
-1.55577
-1.55577
-1.55577
-1.57269
-1.04846
-1.04846
-1.04846
-0.350759
-0.350759
-0.961937
-0.401246
-0.917584
-1.01132
-0.920266
-0.210599
0.00795624
-0.950002
-0.369307
0.413088
-0.248082
-0.909839
-0.909839
-0.69933
-1.09025
-1.09025
-0.895619
-1.19884
-1.27655
-1.27655
-1.27655
-1.82997
-1.31104
-0.739377
-0.86903
-0.86903
-0.391626
-0.770589
-0.770589
-0.770589
-0.770589
-0.583832
0.0978894
1.05391
0.135263
-0.351622
0.574059
-0.381813
-1.11454
-1.09402
-1.04884
-1.85376
-1.23878
-0.941221
-0.941221
-0.41139
0.346169
0.162214
0.557613
0.557613
1.18648
0.520252
-0.297467
-0.584898
-1.55934
-0.612994
0.155912
0.0828705
0.0791025
-0.0508887
0.869914
0.886167
0.605153
0.88893
0.325304
1.11382
1.35718
1.28749
1.28749
0.74874
0.0615413
0.732324
1.45636
1.61542
1.61542
1.61542
1.61542
0.883706
0.446945
0.204593
0.369568
-0.249022
-0.651628
-0.202572
-0.64477
0.352442
1.3434
1.31616
0.437013
1.13846
0.431783
0.369971
0.369971
0.606346
0.606346
0.606346
-0.378908
0.297183
0.997567
0.997567
0.997567
0.855658
0.365789
0.632204
0.94787
0.22813
0.850498
0.850498
0.424351
1.28029
1.31269
1.31269
1.31269
1.31269
1.31269
1.31269
1.31269
1.09214
0.105329
0.368644
0.368644
-0.605204
-0.679173
-0.759332
-0.759332
0.0225304
0.425321
-0.391238
0.434063
0.702245
1.15079
1.15079
0.323867
-0.37966
-1.07989
-0.960843
-0.960843
-0.263803
-0.177343
-0.855251
-0.855251
-0.855251
-0.855251
-0.825184
-0.825184
-0.825184
-0.825184
-0.825184
-0.825184
-1.2452
-1.2452
-1.2452
-1.2452
-0.609935
0.117985
0.770859
-0.125658
-0.308401
0.509564
0.683128
0.291276
0.165861
0.138016
-0.168816
-0.692304
-1.18539
-1.18539
-0.665585
-0.54182
-0.0826902
0.844187
0.419838
0.347919
0.0734705
-0.0742662
0.359822
0.359822
-0.13717
-1.09995
-0.238885
-1.07943
-1.11431
-1.09969
-0.402824
-0.577175
-0.0883884
-0.806934
-0.7717
-0.404291
-0.756824
-0.18514
-0.281741
-0.561537
-0.561537
-1.09523
-1.07822
-0.909937
-0.909937
-0.478504
-0.478504
0.456857
0.456857
-0.202874
0.322594
0.479256
0.535056
1.15957
1.15957
0.254352
0.790439
0.206211
-0.222046
0.517068
0.517068
-0.105726
-0.106525
0.22443
0.875861
0.875861
1.21718
1.10094
1.10094
1.10094
1.23653
1.65688
1.65688
0.716429
0.716429
0.716429
0.716429
0.716429
0.392379
1.31268
1.36108
0.967238
0.782556
0.782556
0.782556
0.782556
0.831101
0.831101
1.24453
1.41092
1.89159
1.13131
1.13747
0.896162
0.896162
1.13994
0.311487
-0.134848
0.403536
1.27851
0.415736
1.26646
0.311345
0.465926
0.456445
0.492996
0.0297552
-0.577232
-0.889138
-0.236242
0.147375
0.333619
0.275619
-0.664801
-1.09977
-1.22614
-1.22614
-1.22614
-1.31983
-1.31983
-0.923497
-1.12571
-1.81989
-1.81989
-1.76184
-1.76184
-1.76184
-1.96332
-2.0033
-2.0033
-2.0033
-2.0033
-1.10973
-1.10973
-0.70021
-0.859038
0.112592
-0.82666
-1.01645
-0.679853
-0.377471
0.462801
0.889561
0.117697
0.189263
0.253038
-0.560046
-0.0429718
0.195812
-0.00498255
0.803752
0.803752
0.803752
0.803752
0.803752
0.803752
0.803752
0.814882
1.13731
1.13731
0.806477
0.806477
0.806477
1.03251
1.03251
0.824963
0.627606
-0.216568
0.216997
-0.386002
0.295016
0.105082
-0.886597
-0.159233
-0.0442598
0.919151
0.646379
1.62919
0.831323
0.460176
-0.436401
0.365171
0.365171
-0.573296
0.356863
-0.607217
-0.607217
-0.55093
-0.55093
-0.55093
-1.08674
-1.1307
-1.55905
-1.55905
-1.55905
-1.24358
-1.03332
-0.818355
-1.03464
-1.21781
-0.362336
-1.22809
-1.13564
-1.13564
-1.13564
-0.648035
-0.648035
-0.880911
-0.880911
-0.726665
-0.669527
0.244675
0.672825
0.672825
0.672825
1.23778
1.23778
1.23778
0.699385
1.52065
0.522446
0.221944
0.885453
0.703158
1.14257
0.616544
0.166764
-0.673952
-0.608896
-0.608896
-0.518979
-0.648751
0.130469
0.538639
1.40776
1.40776
0.597595
-0.0412391
-0.295273
-0.788159
-1.70789
-0.846093
-0.906034
-0.906034
-0.411824
-0.103589
0.705583
0.315434
0.172892
-0.31743
-0.883569
-1.48399
-1.49373
-1.49373
-1.36633
-1.36633
-0.943831
-0.943831
-0.834452
-0.108877
-0.00149272
-0.470408
0.357144
1.33209
1.33209
0.955927
0.739313
1.32266
1.72939
1.72939
0.942518
0.942518
0.740042
0.0480377
-0.354843
-0.171294
0.33122
0.486221
0.486221
1.06727
1.06727
0.564369
0.564369
1.10586
1.31156
1.3498
1.3498
0.816393
0.744463
0.884758
0.884758
0.884758
1.79045
2.0521
2.0521
2.0521
2.0521
2.0521
1.67382
1.69223
0.897954
0.897954
1.1549
1.09703
0.93549
0.522312
0.671351
0.336823
1.16436
1.02535
1.02535
0.554355
0.554355
0.681963
0.633236
0.761488
0.562438
1.41282
0.56333
1.49367
0.992904
0.193285
-0.0127224
0.193387
1.14735
1.22919
1.2456
0.995124
0.995124
0.178739
0.42994
1.06334
1.06334
0.179156
0.919807
1.07296
1.27921
0.935596
0.843035
-0.0198346
0.251413
0.473249
0.71724
0.71724
0.71724
1.60863
1.85576
1.85576
1.86933
1.52302
1.52302
1.52302
1.52302
1.53284
1.02963
1.02963
0.455224
1.11187
0.360402
0.728551
0.472947
0.161691
0.847497
-0.096167
-0.805586
-0.805586
-0.943175
-0.943175
0.0402493
0.351824
0.543075
1.39522
1.39522
1.00397
1.00397
0.60005
0.671591
0.123906
0.156441
0.93352
0.103259
-0.76201
-0.76201
-1.18074
-1.21663
-1.21663
-1.03524
-0.558621
-0.631282
-0.85589
-0.999211
-0.999211
-0.999211
-1.09624
-0.943329
-0.943329
-0.963586
-0.150526
-1.05377
-0.503734
0.207004
-0.636291
-0.493172
-0.493172
-0.493172
0.322933
0.322933
-0.466377
-0.613506
-1.24291
-0.263959
-1.06609
-1.37796
-1.66898
-1.66898
-1.66898
-1.66898
-1.66898
-1.66898
-1.66898
-2.41581
-2.41581
-1.75192
-1.75192
-1.15833
-1.15833
-0.998683
-0.968785
-0.968785
-0.515228
-0.379263
-1.22145
-0.455362
-0.877178
-0.331366
-0.193719
-0.115585
0.793589
0.408315
0.771637
0.244281
1.06974
0.765532
-0.133186
-0.0493538
-0.93094
-0.843916
-0.00347691
-0.7236
-1.05766
-1.05766
-0.439933
-0.439933
0.0699186
-0.919334
-1.25326
-1.25326
-0.82164
-0.82164
-0.31273
-0.762777
-0.801778
-0.970284
-0.442515
0.300912
1.01808
1.6567
1.71343
1.71343
1.78515
1.71383
0.923772
-0.024143
0.313626
0.610503
0.610503
0.582791
-0.388026
-0.631336
-0.518232
-0.910077
-0.910077
-0.619438
-0.305451
-0.305451
0.149569
1.09638
1.04298
1.09773
1.06619
1.06619
1.03912
0.701954
1.32721
1.46257
1.1982
1.1982
1.1982
1.13199
0.868683
1.12247
0.576148
0.859995
0.859995
0.60585
0.0985858
0.0653649
-0.733095
-0.659943
-0.659943
-0.403272
-0.403272
-1.06842
-1.06842
-0.869112
-0.672949
-0.91729
-0.91729
-0.495275
0.337782
0.876067
0.876067
0.876067
0.559378
0.924198
0.924198
0.924198
1.59052
0.784055
0.105965
-0.86117
-1.12772
-1.12772
-1.1089
-1.1089
-0.831842
0.0391081
0.701628
0.228912
0.440007
-0.34577
-1.11958
-1.11958
-1.07271
-0.508456
-0.114392
-0.636522
-0.636522
-0.636522
0.0293528
-0.492575
-1.16006
-0.408191
-0.719133
-1.48278
-1.37427
-1.52252
-1.52252
-0.995048
-0.945963
-0.601354
-1.00374
-1.00374
-0.80989
-0.671118
-0.671118
-1.60317
-1.60317
-1.56756
-1.83864
-1.83864
-1.18964
-0.854297
-1.00975
-1.00975
-1.08448
-0.516607
-0.516607
-1.06144
-0.67172
-0.67172
-1.27774
-1.27774
-1.36123
-1.92604
-1.92604
-0.937348
-0.937348
-0.937348
-0.708895
-0.708895
-0.216206
0.31587
-0.528118
-0.133925
0.631887
1.12021
0.829011
0.829011
1.153
1.42123
1.22725
1.22725
0.50946
0.00177586
-0.17445
0.456002
0.692256
0.692256
0.692256
0.692256
0.916746
0.916746
0.793732
-0.0993166
0.70685
0.70685
0.00918434
-0.0734182
0.900458
1.06312
1.06312
0.776443
0.776443
0.890172
0.890172
0.890172
0.890172
1.19521
0.654432
-0.205106
0.435437
0.581711
0.544532
0.767153
0.377401
0.238187
0.653966
-0.341329
-0.430082
-0.336751
0.458137
1.37266
0.484938
0.413099
-0.172046
-0.227279
-0.969862
-0.969862
-0.969862
-0.969862
-0.141771
-0.0528336
0.0564177
0.813996
0.41989
0.41989
1.15036
0.495759
0.495759
0.126235
0.465529
0.80405
0.80405
0.80405
0.80405
0.935441
0.460728
1.2009
0.583472
-0.22477
-0.250699
0.653744
1.00735
1.10402
1.10402
0.791999
0.791999
1.06824
0.914342
0.914342
0.914342
0.328889
0.328889
-0.658581
-0.0639026
-0.110874
0.0960538
0.813136
1.31381
1.07677
1.07677
1.80339
1.90016
1.90016
1.90016
1.90016
1.80247
1.80247
1.77483
1.3324
1.3324
0.389014
-0.534889
-0.708756
-0.746208
-0.746208
-0.607398
-0.369319
-0.369319
-0.369319
-0.616146
-0.616146
-0.372492
-0.240237
-0.207566
-0.344234
-1.13092
-1.81586
-1.01389
-0.596469
-0.589267
-0.400534
0.233994
-0.436178
-0.0570168
0.247053
0.940518
0.310747
0.412385
0.412385
1.02186
1.02186
1.02186
1.27227
1.27227
0.421884
0.683568
0.683568
-0.303693
-0.594001
-0.594001
-0.594001
-0.594001
-0.915208
-0.915208
-1.45753
-1.0934
-0.26364
-0.708934
-0.708934
-0.784284
-0.784284
-0.830851
-1.12179
-0.389708
0.514974
1.09638
0.689661
0.730054
0.730054
0.730054
0.637234
1.10507
1.10507
1.10507
0.756853
0.10876
0.715495
0.715495
0.165039
0.395405
0.109664
-0.610652
-0.610652
-0.628088
0.247588
0.172415
0.530659
0.47335
1.33602
1.33602
1.33602
0.535019
0.535019
0.0590903
-0.910042
-0.910042
-1.01209
-0.318582
-1.2577
-1.3545
-1.3545
-1.3545
-1.3545
-1.3545
-1.44875
-1.44875
-1.64044
-1.64044
-1.39149
-1.32844
-0.485814
-1.29159
-1.19426
-1.57025
-1.57025
-1.57025
-1.56236
-0.623791
-0.623791
-0.623791
-0.444533
0.0516537
0.731921
0.106583
0.441757
-0.20046
0.0975914
0.136537
0.12899
-0.722778
-0.278533
-0.514802
-0.543942
0.330825
0.948266
0.747934
0.747934
0.747934
0.747934
0.584469
0.9106
0.9106
0.246708
0.50579
0.50579
0.50579
0.281464
-0.387767
-0.0863963
-0.0065512
-0.802475
-0.802475
-1.03551
-0.734946
-0.734946
-1.37291
-0.819649
-0.819649
-0.911717
-0.911717
-1.55072
-1.88202
-1.88202
-1.76489
-1.03842
-1.03842
-1.03842
-0.895749
-0.80393
-0.193378
0.376863
0.707096
0.872676
0.872676
0.320336
0.462483
0.537747
0.537747
0.519749
1.20253
0.825383
0.825383
0.558414
0.0343999
-0.0782116
-0.646614
-0.537883
-0.270452
0.207026
0.681876
1.00951
0.258741
1.17902
0.295118
0.0700599
0.327035
0.327035
0.170773
0.419446
0.18573
0.333549
0.333549
0.921654
0.840266
0.891115
0.891115
0.891115
1.22429
0.541253
0.541253
0.569073
-0.316559
-0.207678
0.572852
0.710156
0.951414
0.531606
-0.378433
-0.30462
0.123586
-0.364786
-1.30552
-0.395029
-0.822138
-0.822138
-0.484829
-1.34645
-1.34645
-1.28959
-1.1856
-1.1856
-1.1856
-1.15127
-1.41842
-1.34956
-1.34956
-1.24886
-1.18682
-0.259706
0.244951
0.983626
0.983626
0.969535
0.996003
0.996003
0.382639
-0.185761
0.610899
-0.222102
0.469431
1.19236
0.64031
0.599453
0.0536334
-0.233891
0.277611
0.79822
0.810801
0.443393
0.443393
-0.447351
0.192938
0.57251
0.959092
0.959092
0.959092
0.484929
0.88747
0.88747
0.88747
0.498513
1.42047
1.0856
0.416273
-0.0746121
-0.368276
-1.1254
-1.1254
-1.1254
-1.24772
-1.24772
-0.282686
-0.797273
-0.797273
-0.395265
-1.23733
-0.928765
-0.210587
0.189004
-0.307823
-0.223075
-0.427019
-0.163059
-0.441749
-0.872045
-1.22777
-0.409738
-0.862228
-0.862228
-1.24542
-0.626934
-0.626934
-0.449036
-0.595566
-0.595566
-1.31391
-1.29216
-1.29216
-1.11931
-1.11931
-0.260441
0.408678
0.408678
0.458379
0.41204
0.432767
0.512434
0.471185
0.080375
0.259525
-0.0874935
0.61152
0.61152
1.07848
1.07848
1.32103
1.32103
0.345945
0.731695
0.808682
1.25865
1.25865
1.25865
1.25865
1.25865
1.23945
1.11232
1.18487
1.09587
0.756916
-0.153886
-1.1212
-0.790948
0.174333
0.493592
0.493592
1.31814
0.746586
1.01451
0.921934
0.921934
1.04585
0.771315
1.63768
0.961433
0.810844
0.799263
0.248249
-0.243976
0.381104
0.513972
0.975336
1.27157
0.598885
0.370102
0.975165
0.975165
0.784058
1.39105
1.80421
1.80421
1.80421
1.80421
1.80421
1.80421
1.80421
1.77862
1.62655
1.4674
1.4674
1.4674
1.4674
1.4674
1.40281
0.731848
1.2273
1.21871
0.734661
0.537899
0.195609
0.813617
0.329707
-0.347089
0.133796
0.893532
0.515947
0.696227
0.695132
0.695132
0.771324
1.03069
0.816777
1.14771
1.14771
0.747549
-0.223136
-1.12897
-0.871689
-0.873751
-0.873751
-0.141156
0.480672
1.21534
0.815581
-0.165907
-1.10577
-1.40883
-1.26065
-0.49926
-0.165583
-0.697276
-0.71667
-0.71667
-0.71667
-0.317641
-0.52454
-0.52454
-0.497041
-1.27288
-0.971989
-1.08747
-1.08747
-0.605925
-0.605925
-0.605925
-0.605925
0.184545
-0.765887
-0.765887
-0.765887
-0.765887
-0.644738
-0.644738
-0.83602
-0.679288
-0.166632
0.35775
0.35775
1.19528
1.19528
1.03106
1.03106
0.9083
-0.0447005
0.37608
-0.333535
0.651434
0.181958
0.301719
-0.527259
-0.0499431
-0.972011
-0.207157
-0.696478
-1.24431
-0.734989
-1.33762
-1.80447
-1.80447
-1.09256
-1.09256
-1.09256
-0.751327
-0.751327
-1.10379
-1.10379
-0.969443
-1.11465
-0.222024
-0.407836
0.380366
0.596552
-0.0375764
-0.962928
-0.298825
0.427484
-0.402656
-1.27138
-0.379462
0.518817
0.578145
0.914471
0.914471
0.575921
1.38856
0.40226
1.03313
1.03313
1.03313
1.03313
1.03313
1.12245
0.256622
0.917166
0.917166
0.639587
0.639587
1.29515
1.10386
0.683936
-0.125267
-0.279407
-0.410112
-0.667777
-1.52423
-1.25305
-0.920702
-0.0699927
0.293703
0.792233
0.91317
0.91317
0.91317
0.91317
1.03354
0.65358
1.2346
0.682508
1.19469
0.964943
0.359711
-0.0490221
-0.0461603
-0.842342
-1.39633
-1.42048
-1.57249
-1.57249
-1.57249
-0.676404
-1.04558
-0.305144
0.231588
1.04736
0.985358
1.19452
0.487235
0.223
-0.393299
0.544484
0.687552
0.926932
0.794098
1.08842
1.04558
0.396629
0.903642
1.13574
1.13574
1.00736
0.386788
0.314981
1.15347
1.15347
1.15347
0.402677
0.631823
0.506349
0.896414
0.344329
-0.0533177
0.354611
0.354611
0.813534
0.728485
0.728485
0.728485
0.980088
0.940783
0.526324
0.973378
0.973378
0.28667
-0.576617
-0.0528894
0.421959
0.421959
0.279974
0.134182
1.09272
0.318704
-0.643707
-0.643707
-0.931826
-0.543228
-0.543228
-0.788174
0.0254902
-0.328455
0.463912
0.554968
0.727004
0.710279
-0.246315
-0.901526
-0.999094
-0.00603237
-0.244129
0.430581
1.09273
1.10239
1.10239
0.509791
1.34306
1.25369
0.822918
0.822918
0.822918
0.996079
0.76826
0.76826
0.76826
0.660137
1.46333
1.13585
0.883823
0.595274
0.157239
-0.688745
-0.688745
-0.690377
-0.474348
-0.513461
-1.35155
-1.35155
-1.00861
-1.00861
-1.00861
-1.07044
-1.07044
-1.04394
-0.805395
-0.805395
-1.08366
-1.08366
-1.08366
-0.314981
-0.143398
-0.989716
-0.230356
-0.477064
0.201627
0.675731
0.0221787
-0.487999
0.0525431
-0.553272
-0.336066
-0.336066
-0.609635
-0.468466
-0.308074
0.485198
0.485198
0.327424
0.845097
1.23331
1.23331
1.23331
0.920305
1.15359
1.15359
0.394888
1.0263
1.0263
0.436733
0.436733
0.436733
0.52154
0.52154
0.45993
1.04793
0.583081
0.583081
0.583081
-0.32091
-0.166478
0.380186
-0.418543
-1.21653
-1.29966
-1.29966
-0.931468
-0.836573
-0.0266682
-0.283843
0.630553
1.55237
1.55237
1.55237
1.72342
1.72342
1.72342
1.5208
1.18993
1.18993
1.18993
1.18993
0.258609
1.22065
1.22065
1.22065
1.48452
1.48452
1.12768
0.801315
0.801315
0.801315
0.801315
1.25497
1.25497
1.28918
0.571633
-0.0207877
-0.201771
-0.90353
-0.90353
-0.3884
-0.3884
0.348497
0.366839
0.0565357
-0.501725
-0.235466
-0.951942
-1.58934
-0.869018
-0.0495565
0.946585
0.0106846
-0.888912
-0.756878
-0.658937
-1.61182
-1.61182
-1.157
-0.45817
-0.45817
-0.518539
-0.752661
-0.752661
-0.752661
-0.224966
-0.582321
0.187292
0.550013
-0.0112381
-0.340818
-0.95768
-0.505779
-0.450547
-0.347401
-0.911573
-0.869615
-0.349901
-0.89264
0.0391922
-0.306933
-0.187541
-0.378288
-0.378288
0.574208
1.38132
1.1637
0.269796
1.17007
0.695149
0.243031
-0.494868
-1.02145
-0.46553
-0.834654
-0.059171
0.575732
0.575732
0.476591
-0.179961
-0.268792
0.493773
0.493773
0.949234
1.64582
1.34679
1.38295
1.55277
0.865011
0.84001
0.84001
1.18934
1.06223
1.06223
1.06223
0.949695
1.11784
0.435208
1.36476
0.692197
-0.266255
-1.25402
-0.453179
-0.180381
-0.0270378
0.217862
0.866923
0.866923
1.40702
0.616653
0.591378
1.39441
0.431235
0.975852
0.371412
1.28518
0.689629
0.389144
0.913668
0.913668
0.821487
-0.0809411
0.811269
0.811269
-0.0717701
0.881863
0.881863
0.881863
0.881863
1.80002
1.80002
1.0742
0.578882
0.729715
0.392623
0.884638
1.13402
1.13402
1.13402
1.13402
0.562365
-0.401322
-0.7312
0.241605
-0.0156521
0.371292
-0.537922
-0.644836
-0.742093
-0.270052
-0.64254
-0.64254
-0.472399
-1.19613
-0.819092
0.121621
0.410794
0.104754
-0.252076
-0.252076
0.197157
0.380939
0.830531
0.830531
0.0310175
-0.677371
0.150437
1.09396
1.09396
1.26637
0.593177
0.395197
1.15462
1.08041
0.860991
0.754989
0.0912635
-0.540358
-0.455669
-0.455669
-0.604806
-0.804972
-0.804972
-0.804972
-0.39496
-0.0172499
0.531179
0.722431
-0.269032
0.631258
0.25073
-0.219216
-0.768536
-0.663709
-0.971085
-0.971085
-0.394116
-0.394116
-0.562718
-0.562718
0.275931
0.764813
0.405708
0.405708
1.19483
0.790859
0.22581
-0.758166
-1.04393
-1.04393
-1.88845
-1.51525
-1.51525
-1.18707
-1.33342
-1.25385
-1.31112
-1.18596
-1.18596
-1.18884
-1.18884
-0.512141
-0.472088
-0.472088
-0.472088
-0.472088
0.146062
-0.433489
-1.15397
-1.15397
-1.15397
-1.15397
-1.15397
-0.362228
0.00031271
-0.176348
-0.196961
0.40373
0.848771
0.236661
-0.115262
-0.893977
0.0310053
0.79264
1.1484
1.21866
0.546195
-0.105357
-0.982094
-0.504594
-1.40642
-1.40642
-1.80108
-1.80108
-1.80108
-1.69529
-0.929834
-1.19975
-0.783951
-0.652934
-0.652934
0.160717
0.455491
-0.405217
-0.536111
-0.548893
-0.53931
-0.170284
-0.761811
-0.678787
-0.0254986
0.824108
0.893105
0.187637
0.268927
0.848097
0.848097
0.759164
0.0720151
-0.264686
0.116693
-0.875243
0.00511621
0.0175383
0.509383
0.307526
0.735698
0.67751
0.67751
1.33432
0.41211
0.301232
0.493437
-0.236416
-0.820489
-0.820489
-0.245474
-0.334968
-0.334968
-0.197274
-0.0161547
0.513598
0.794011
1.0176
1.0176
0.185847
0.787266
1.76413
1.68709
1.79841
1.48542
0.865279
1.1221
0.405701
-0.492183
-0.885183
-1.12124
-1.12124
-0.947181
-0.941103
-0.941103
-0.999317
-0.877715
-0.877715
-0.256332
-0.139959
-0.246139
0.27623
0.27623
-0.519141
-1.26022
-0.273285
-0.43459
-0.909586
-0.909586
-0.909586
-1.30284
-1.56402
-1.59005
-1.59005
-0.743239
-0.931878
-0.947844
-1.27856
-0.844093
-0.600947
0.0715911
-0.768437
-0.768437
-0.554586
-0.554586
-0.788578
-0.788578
-0.788578
-0.475955
-1.4415
-1.4415
-1.25756
-0.817664
-0.623494
-1.24308
-1.04371
-1.04371
-1.1234
-1.35405
-0.849839
-1.19834
-1.19834
-0.247054
-0.0942135
0.327567
0.523049
-0.356467
-0.821419
-0.821419
-0.361876
-0.582417
-0.00546493
0.12891
0.682962
0.728711
0.728711
1.35833
1.13327
1.13327
0.930968
0.930968
0.563879
-0.168345
-0.603396
-0.603396
-0.905545
-0.905545
-0.115386
-0.535722
-0.131937
-0.513747
-0.0057364
0.851479
0.851479
0.851479
0.851479
-0.0239396
0.57234
-0.214963
0.478724
0.830446
0.207279
-0.420324
-0.314949
-0.678266
-1.26073
-1.06254
-0.393552
0.415653
0.779182
0.849369
0.926721
0.926721
0.760906
0.760906
1.37679
1.37679
1.42604
1.3402
0.657209
0.657209
0.657209
1.35461
1.35461
1.45522
1.84868
1.03487
0.157165
-0.401183
-0.531397
-0.531397
-0.531397
-0.879056
-1.19207
-0.647603
-0.489812
-0.582329
0.358408
0.200409
-0.0962223
-0.778509
-1.44733
-1.23743
-1.23743
-0.920215
-0.659516
-0.678946
-0.717427
-1.10853
-1.10853
-0.735463
-0.292065
-1.20984
-1.20984
-0.813401
-0.813401
-1.10476
-1.10476
-0.142619
0.739631
-0.125887
-0.282633
0.672147
0.0937926
0.624845
0.624845
0.537444
0.537444
0.763862
0.763862
0.763862
0.387172
1.12044
1.12044
1.19969
0.474395
0.476478
0.437611
0.499605
-0.00155121
-0.932845
-0.956192
-1.02497
-0.989803
-0.259649
0.135043
-0.272797
-0.28925
-0.816743
-0.118822
0.0516513
-0.795831
-1.20641
-0.528022
-1.27834
-1.49244
-1.22271
-0.826882
-1.41223
-1.4416
-1.4416
-1.00572
-0.506953
-1.29476
-1.39774
-1.30438
-1.30438
-1.33158
-1.33158
-1.35475
-1.35475
-0.953807
-0.425479
0.101163
0.738757
0.738757
1.66047
0.720552
-0.220448
-0.237419
-0.242164
-1.0393
-1.0393
-0.274855
-0.234517
-0.296754
-0.323267
-1.14045
-1.14045
-0.143459
-0.798937
-0.798937
-1.07764
-0.131594
-0.218467
-0.842278
-0.842278
-0.789267
-0.789267
-0.789267
-1.03157
-1.12339
-1.14447
-1.02354
-0.790977
-1.03584
-0.996021
-0.632411
-0.632411
-1.01704
-1.01704
-1.34187
-2.3024
-1.76762
-1.76762
-1.76762
-0.976345
-0.325127
-1.06168
-1.06168
-1.29687
-1.01806
-0.630714
-0.401416
-0.432886
-0.607668
-0.165704
-0.767539
-0.53256
-0.53256
-1.07547
-0.993375
-1.00118
-1.00118
-1.00118
-0.605357
-0.165129
-0.896416
-0.896416
-0.142393
0.280517
0.2259
1.07842
1.07842
1.07842
1.04945
1.10565
1.19159
0.630704
1.01298
0.68393
0.297679
0.297679
0.124045
0.778679
0.960071
0.311867
0.631625
0.631625
0.82321
0.82321
0.82321
0.143799
0.809487
-0.0500293
-0.936753
-0.895137
-0.644667
-0.622836
-0.506505
0.319973
-0.0048955
0.896184
0.508333
0.415646
0.4513
1.07758
1.07758
1.07758
1.16973
1.16973
0.464258
-0.214001
0.484451
0.485592
0.485592
0.205009
-0.253127
0.245555
-0.61797
-0.315644
0.238777
-0.228474
-1.06994
-1.18673
-1.52093
-1.52093
-1.52093
-1.5185
-1.51704
-1.45984
-1.22912
-1.22912
-1.22912
-1.02386
-1.85251
-1.34276
-1.34276
-1.72216
-0.782465
-1.05368
-0.762536
-1.14946
-1.14946
-1.07344
-0.148466
-0.973939
-0.533107
-0.881682
-0.881682
-1.45735
-1.45735
-1.03844
-0.615377
-0.0178356
-0.286076
-0.340175
-0.554765
-0.83745
-0.75301
-0.75301
-0.492
-0.0588105
0.81095
0.791915
0.791915
0.791915
1.28062
1.35504
0.565556
0.300737
0.575539
0.575539
0.575539
1.37656
1.09244
1.09244
1.45975
0.870132
0.870132
0.870132
0.870132
1.37424
1.13853
1.17896
0.305157
0.305157
1.22758
1.17159
1.37784
0.70198
0.70198
0.770186
0.711078
0.711078
0.769046
0.759278
0.253208
-0.438868
-0.382471
-1.008
-1.12353
-0.378427
0.323993
0.391078
-0.21827
0.436533
-0.413221
0.556024
0.582004
0.321134
-0.451019
-0.360607
-0.360607
-0.360607
0.278228
-0.511225
0.127545
0.635256
0.635256
0.635256
0.635256
0.635256
0.635256
0.217746
-0.525928
-0.150756
-1.12294
-1.12294
-0.819114
-0.819114
-0.819114
-0.867449
-1.27637
-0.605458
0.290857
1.05553
1.05553
0.630831
1.37999
1.37999
1.37999
1.49731
1.40949
1.40949
1.40949
0.673966
0.673966
0.745652
0.581485
-0.187408
-1.12337
-1.75268
-0.906987
-0.472293
0.111751
-0.604384
-0.874495
-0.874495
-1.2133
-1.2133
-0.715013
-0.715013
-0.772885
-0.246281
-0.808123
-0.808123
-0.808123
-1.54252
-1.4563
-1.4563
-1.78357
-1.78357
-1.13332
-0.608013
-0.23651
0.562615
0.464612
0.715379
0.604011
0.604011
0.350494
0.350494
-0.532139
-0.623866
-0.623866
-0.820483
-1.36309
-1.10595
-1.10595
-0.312769
0.618021
0.618021
0.924805
0.924805
1.14922
1.14922
1.08877
0.754487
0.754487
0.754487
0.382314
-0.0312272
-0.951651
-0.951651
-1.16713
-1.16713
-0.190192
-0.231972
0.191277
1.13917
1.27207
1.66341
1.47117
1.47117
1.84688
1.01648
1.01648
1.01648
1.28157
1.28157
1.0835
0.33875
0.680245
0.680245
0.680245
1.15931
1.15931
1.06644
1.06644
0.198505
0.962742
0.0379927
-0.0662447
-0.552906
-1.35965
-0.508739
-1.0285
-1.0285
-1.05098
-0.248855
0.224507
-0.653367
-0.653367
0.166426
-0.715017
-0.241348
0.408638
-0.0521051
-0.108429
0.795706
0.146263
-0.133202
-1.11569
-1.32121
-0.949382
-0.226125
0.688287
0.688287
0.688287
0.427695
0.427695
0.432015
1.13399
1.23346
0.805008
0.429701
-0.20165
0.543171
1.47219
0.611188
0.0527853
-0.0854614
0.207661
-0.0564471
0.566259
0.265724
0.959241
0.985493
0.885027
0.885027
0.925091
1.12073
0.967479
0.690078
0.690078
1.37107
1.2864
0.512519
-0.447647
0.401564
0.401564
-0.155319
-0.725569
-0.980339
-0.574892
-0.646566
-1.36821
-0.676407
-0.676407
-0.392403
-0.120034
0.243259
0.44151
0.887488
0.203411
1.12384
0.361978
0.680791
1.39774
1.39774
1.39774
2.05154
2.05154
2.05154
2.05154
2.05154
2.05154
1.82473
1.82473
1.512
1.7017
1.7017
0.817602
1.60289
1.7961
0.945031
1.48553
1.48553
1.48553
0.713544
1.09276
0.238804
-0.655528
-0.361647
-0.582954
0.0938019
0.64048
0.64048
0.817566
1.34354
1.34354
0.915072
-0.0325716
-0.997454
-0.693408
-0.699951
-0.750737
0.212462
0.0802073
0.195562
1.03514
1.87106
1.60532
0.998289
0.990688
1.1634
0.820095
0.508734
0.28368
0.347209
0.106441
-0.182212
-0.00373005
-0.659179
-0.677146
-0.572527
-0.572527
-0.0482321
-0.107507
0.0992117
0.193152
0.832075
0.0503031
0.647854
1.48693
1.48693
1.48693
1.24844
1.11517
1.11517
0.833913
0.833913
-0.110924
-0.718843
-0.718843
-0.718843
-0.772813
-0.710732
-0.108707
-0.24444
0.725478
-0.00471011
0.143246
-0.0495345
-0.949089
-0.559727
0.356507
1.03325
0.728151
0.570363
1.3531
1.52199
1.52199
1.52199
0.720144
1.01232
0.763104
0.378253
0.713362
0.554566
0.504829
0.143566
0.585675
-0.172178
0.164269
-0.233977
-0.542148
-0.419272
-0.283467
-0.913311
-0.418973
-0.418973
-0.0476635
0.603288
0.658087
0.658087
0.810837
0.257488
1.14609
0.842624
0.919037
0.321727
-0.612669
-0.612669
-0.612669
0.0514922
0.190038
-0.150187
0.709821
0.709821
-0.270555
0.0134103
-0.210058
-0.89579
-0.393354
0.0303832
0.303564
0.0756513
-0.238976
-0.411796
0.415856
1.29978
1.29978
0.6423
0.443471
0.25178
-0.503535
-0.732602
0.140205
0.639316
0.639316
0.392263
0.648285
0.648285
0.517674
0.886765
-0.0992632
0.653704
0.534313
0.759863
1.29603
1.14024
0.590293
0.600518
0.710752
0.710752
0.710752
0.555287
1.07386
0.88039
0.872891
1.09402
1.09402
0.764779
0.685356
0.592837
0.441951
0.441951
0.639568
0.549868
0.944067
0.944067
0.944067
0.379383
0.379383
0.523189
1.26337
1.00547
1.00547
0.926371
0.885034
0.885034
0.0219602
-0.730256
-0.967977
-0.435903
-0.965457
-0.396903
-1.16862
-1.16862
-1.16862
-1.16862
-1.16862
-0.614431
-0.614431
-0.125863
-0.539254
-0.210887
-0.147165
-1.13569
-0.398122
-0.747556
-0.747556
-0.183731
0.719798
0.150763
0.162759
0.940792
1.00983
0.0440985
1.02513
1.02513
0.879161
0.621893
1.32152
1.30089
0.676488
1.35241
1.04944
1.04944
0.620118
0.620118
0.620118
0.620118
0.761888
-0.0735156
-0.250278
-0.0543407
0.917309
0.917309
1.06126
0.331073
0.331073
0.264864
0.0195199
0.084957
0.864813
0.864813
0.864813
0.49712
0.967988
0.967988
1.03336
0.736204
0.985143
0.985143
0.617842
-0.173357
-0.0516854
0.253449
0.770491
-0.197657
-0.586039
-0.200865
0.65947
0.97115
0.779615
0.779615
1.17487
0.337193
0.603295
0.847292
0.977826
0.277589
-0.354619
-1.12928
-1.12928
-1.26804
-1.26804
-1.26804
-1.26804
-0.669063
-0.669063
-0.669063
-1.03728
-0.378992
-1.09854
-0.424989
-0.0179489
0.284883
0.658259
-0.299009
-1.18788
-1.18788
-1.18788
-1.18788
-0.596908
-0.596908
-0.401243
-0.551393
-0.0744003
-0.396233
-0.529089
-1.40801
-1.81061
-1.38718
-1.90111
-1.90111
-1.15134
-0.732477
-0.664325
-0.972565
-0.103489
-0.403614
-1.05776
-0.072554
-0.820039
-0.624008
-0.829675
-1.15523
-0.907778
-1.29755
-1.12379
-1.12979
-0.449837
-0.462744
-0.462744
-0.509497
-0.212016
-0.480578
-0.782421
-0.483741
-0.86333
-0.86333
-0.86333
-0.86333
-1.02025
-1.05772
-1.55252
-0.905263
-1.10902
-0.125686
-0.441201
-1.24928
-1.24928
-1.24928
-0.67097
-0.67097
-0.382608
-0.563025
-0.964024
-0.964024
-0.964024
-0.71705
-1.35213
-0.882965
-0.872391
-0.0520389
-0.9353
-1.48285
-1.19947
-1.19947
-0.313712
-0.595593
-0.595593
-1.00957
-0.874569
-0.666672
-0.666672
-0.143071
0.259565
0.588333
0.272345
0.00966788
-0.579733
-1.24966
-0.910853
-0.660634
-0.500497
-1.09088
-0.385784
-0.781946
-0.0625449
0.788043
0.788043
0.788043
0.788043
0.49411
0.53699
0.53699
0.53699
0.424688
-0.569831
0.0269046
-0.590878
-0.611004
-0.385604
0.469764
0.884949
0.884949
1.52127
1.52127
0.794551
0.360715
0.939993
0.939993
0.53265
-0.034967
0.80036
0.507623
0.0167757
0.0152881
0.905131
0.905131
0.556052
0.695202
0.936172
0.455472
0.51215
0.10493
-0.459095
0.144316
0.579994
-0.26878
0.24654
0.471922
0.216068
0.0963848
-0.238269
-0.989109
-0.252599
0.249171
0.375736
0.648148
0.648148
0.429299
0.429299
-0.377247
-0.795802
-1.18921
-1.18921
-0.805148
-0.805148
-0.397351
-0.397351
-1.12538
-0.512079
-0.857329
-0.986659
-0.697441
-0.697441
-0.697441
-0.697441
-1.27751
-0.714056
-0.623342
0.2772
1.26054
1.60043
1.60043
1.35698
1.1722
1.0108
0.589483
0.253241
0.916691
0.916691
1.17136
1.17136
1.17136
1.40764
1.40764
1.40764
0.88496
-0.0696186
-1.05004
-0.932789
-1.57876
-1.57876
-1.57876
-1.38075
-1.38075
-1.38075
-1.38075
-1.44524
-1.08248
-1.08248
-0.975561
-0.975561
-0.975561
-0.975561
-0.733526
-0.909694
0.0736243
0.264931
0.670395
-0.289119
-0.235787
-0.594272
-0.244707
0.0371166
0.123726
-0.447364
-0.351697
0.412479
-0.0633596
0.00706715
0.954335
0.954335
0.954335
0.954335
0.586063
0.586063
0.586063
1.41803
1.41803
0.47197
1.22516
0.434902
0.186253
0.663003
0.233284
-0.728243
-0.728243
-0.632392
-0.65708
-0.65708
-0.65708
-0.734715
-0.984932
-1.2711
-0.537884
-0.537884
0.0173624
0.564795
0.977749
0.579242
1.01656
1.01656
0.0248082
-0.456635
-0.222123
-0.141834
-0.956048
-1.34601
-1.34601
-1.30478
-0.677761
-0.677761
-0.821716
-0.941298
-0.617398
-0.621122
0.362394
1.20932
1.20932
0.230762
-0.553918
0.148465
-0.7898
-0.7898
-0.7898
-0.7898
-0.7898
-0.7898
0.17805
0.178241
0.180531
1.12278
1.12278
1.12278
0.819287
0.819287
0.819287
0.556517
0.404076
0.404076
-0.0749422
0.662726
0.0915581
-0.313623
0.226096
0.769725
1.24025
1.24025
1.24025
0.298525
0.415839
0.415839
0.155714
0.39235
1.11168
1.48932
1.04631
1.04631
0.941331
0.941331
0.941331
0.66101
1.00529
1.00529
1.00529
1.00529
1.16061
0.794277
0.164389
0.44009
0.878277
0.878277
1.01093
0.807407
1.14043
1.14043
1.07683
0.347246
0.128132
-0.70139
-0.344018
-1.0608
-1.15102
-0.52293
-0.914856
-0.633782
-1.15545
-0.785369
-0.382988
-0.583304
-1.0487
-0.538507
0.226436
0.892893
0.179953
-0.496793
0.377419
-0.175235
-0.0253309
-0.150403
-0.0949996
0.498572
0.51309
0.51309
0.70515
0.75719
0.771001
0.142211
-0.755552
-0.218734
-0.832717
-0.544349
-0.716662
-0.716662
-0.716662
-1.56118
-1.56118
-1.56118
-1.56118
-1.4726
-0.878689
-1.37794
-0.746826
-0.061963
0.364762
-0.302188
-1.15822
-1.15822
-1.15822
-1.15822
-1.15822
-1.03879
-1.03879
-0.948382
-1.23162
-1.14919
-0.478461
-0.0515873
-0.474645
0.124631
-0.197945
-0.970122
-1.41415
-0.429562
-1.02828
-0.506678
-1.3813
-1.3813
-1.19574
-0.323667
-0.670669
-0.23567
0.0337665
-0.884012
-0.884012
-0.884012
-0.976644
-0.976644
-0.976644
-0.154165
-0.489393
-0.11903
-0.366241
-1.0813
-0.637706
-0.716335
-1.10021
-0.664488
0.279621
-0.659865
-0.659865
-0.717708
-0.717708
-1.07648
-0.779003
-0.779003
-0.781423
-1.08339
-1.08339
-0.640096
-0.82279
-0.82279
-0.82279
-0.82279
0.165498
-0.431498
0.523855
0.605299
0.878821
0.357873
0.357873
0.187626
-0.406198
-0.0706128
-0.315535
-0.440881
-1.01638
-1.01638
-0.453866
0.517502
1.09422
0.532656
0.799263
0.799263
0.297397
-0.211044
0.740568
-0.0697776
0.695332
0.667195
1.27682
1.27682
1.27682
1.27682
0.975281
0.893123
0.893123
0.893123
1.28028
1.23259
0.683907
0.822411
1.18391
1.08576
1.08576
1.08576
0.112173
0.905774
1.23643
1.23643
0.268563
0.334861
0.442179
0.442179
0.708209
0.644981
0.644981
0.644981
0.644981
1.34563
0.962302
1.13112
0.811148
0.735403
0.735403
0.63289
0.906962
0.906962
0.518707
0.0225909
-0.848049
-0.0916064
-0.705097
-0.705097
-0.974966
-1.13193
-0.884186
-0.592067
-0.592067
-0.592067
-1.10277
-1.46604
-0.490843
-1.26842
-0.434388
-0.562313
-0.22343
-1.21208
-0.924041
-0.455789
0.163842
-0.159058
0.605425
1.19976
0.316282
-0.609223
-0.0630548
-0.776592
0.190836
1.09908
1.40799
1.1023
0.712141
0.712141
0.916813
1.34831
1.32376
1.32376
1.32376
0.437806
1.13076
0.277752
-0.180951
-0.82638
-0.162831
-0.404775
-0.80525
-0.0166934
-0.428433
-1.2492
-1.2492
-1.1067
-1.1067
-1.1067
-1.1067
-1.19421
-1.44634
-1.44634
-1.44634
-1.54105
-1.54105
-1.54105
-1.54105
-1.54105
-0.753472
-0.588633
-1.21732
-2.17496
-1.92222
-1.92222
-0.97197
-0.800627
-0.800627
-1.05227
-0.70104
-1.29795
-0.75963
-0.75963
-0.183452
0.245188
1.12988
0.771203
0.771203
0.128462
-0.185324
0.418411
0.92422
0.92422
0.92422
0.92422
0.92422
0.715206
-0.107173
-1.08032
-0.836693
-0.983298
-0.607969
-0.607969
-0.755917
-0.71201
-0.71201
-1.58016
-1.58016
-1.45368
-0.653157
-1.00752
-1.00752
-1.20444
-1.14684
-0.675411
-0.624201
-0.683152
-0.0943314
0.719469
0.719469
0.688794
1.24595
0.465962
1.30325
1.2528
1.34496
1.34496
1.02405
1.53566
1.53566
1.53566
1.03757
1.03757
1.09984
0.712766
-0.0144652
0.310578
-0.323421
0.135752
0.587214
0.410019
0.545097
0.545097
0.827963
-0.0637617
-0.519664
-0.519664
-0.307811
-0.713936
-1.43992
-1.43992
-1.43992
-1.16426
-0.287342
0.229404
-0.759334
-0.759334
-0.759334
-1.64131
-1.18058
-0.26052
-0.723786
-1.17346
-0.699599
-0.288472
-0.551835
-0.62196
-0.542195
-0.700421
-1.05332
-1.05332
-0.48802
-0.824547
-0.976392
-0.706869
-1.26302
-1.26302
-1.26302
-0.908931
-0.978428
-1.07494
-1.07494
-1.07494
-0.417628
-0.40033
-0.339043
-1.14833
-0.38392
-1.22036
-1.53242
-1.53242
-1.53242
-1.53242
-1.5658
-0.727201
-0.370823
-0.487873
0.220576
0.603911
1.30383
1.30383
1.30383
1.60073
1.60073
1.59107
1.59107
1.6251
1.6251
1.4625
1.58102
1.11491
1.11491
0.878348
1.15924
1.15924
1.20905
1.20905
0.850696
0.850696
1.19449
1.19449
1.42747
1.42747
1.13721
1.29733
1.16479
0.701088
0.035361
-0.0794627
-0.147375
-0.231305
-0.530469
-0.765353
-0.765353
-0.374092
0.492863
0.955743
0.866552
0.669609
0.0414655
-0.639844
-0.639844
0.226134
0.894312
0.467683
-0.215319
-1.02876
-1.02876
-1.02876
-1.16614
-0.56718
-0.56718
-0.141094
0.726333
0.250876
0.426784
0.426784
0.627628
-0.0635542
0.801862
0.73319
0.73319
0.593175
1.54419
1.54419
1.54419
1.54419
1.54419
1.54419
1.26222
1.09871
0.193516
-0.478779
-0.478779
-0.736019
-0.811788
-1.44388
-1.44388
-1.1053
-0.709618
-0.702024
-0.702024
-0.509469
0.222639
-0.495705
-0.495705
-0.473279
-0.603075
-0.922137
-1.18966
-1.24121
-0.275321
-0.415944
-0.905636
-0.905636
-1.12564
-0.172711
-0.18473
-1.00248
-1.00248
-0.658136
-0.893757
-0.933655
-0.933655
-1.04216
-1.04216
-1.04216
-1.2595
-1.3139
-1.3139
-1.3753
-1.3753
-0.456222
-1.09925
-0.334459
0.0688882
0.790645
0.790645
-0.117067
-0.708078
-1.64077
-1.64077
-1.64077
-1.14562
-0.684975
-0.68543
-1.0323
-0.893775
-0.283225
-0.283225
-1.03337
-1.03337
-0.962948
-1.10015
-1.10015
-0.555695
-0.462187
-0.0663525
0.0633328
-0.617639
0.380131
-0.606239
0.163195
0.75332
1.52223
1.58694
1.71358
1.40929
0.598171
1.10544
1.10544
1.10544
1.10544
0.664893
0.446337
0.887491
-0.00378648
0.451441
1.161
1.161
1.02917
1.02917
0.833342
0.602439
0.936725
0.947408
0.456367
-0.0170816
-0.689633
-0.689633
0.238855
0.243866
0.481351
0.731568
0.0919947
0.483892
-0.471472
0.00559339
0.841689
0.27707
-0.449703
0.392642
0.644093
0.465078
1.28266
1.28266
1.19943
1.405
1.79336
1.79336
1.51771
1.51771
1.51771
1.532
1.532
0.9389
0.00596616
-0.631535
-0.868598
-0.416097
-0.864858
-0.864858
-0.632738
-0.632738
-1.10432
-1.10432
-1.5504
-1.5504
-1.5504
-1.1807
-1.54105
-1.54105
-1.54105
-1.30554
-0.916827
-0.42394
-0.42394
-0.657897
-0.471947
0.416952
0.141322
-0.5476
-0.576358
-0.996298
-0.573497
-0.30369
-1.25834
-1.15581
-0.364877
-0.162409
0.234969
0.953308
0.953308
0.560909
0.560909
0.964859
0.978621
0.978621
0.978621
0.978621
1.16348
1.16348
1.07713
0.780198
0.446388
-0.340497
0.486177
0.913152
0.496202
0.748476
0.635564
0.211177
0.221745
0.129046
0.640577
0.640577
1.22991
1.22991
1.07516
1.07516
1.07516
1.07516
1.38883
1.25454
1.39897
1.20185
1.20185
1.30902
1.55417
1.55417
0.635206
0.854441
0.854441
0.646489
0.646489
0.646489
0.450279
0.965499
0.874848
1.14137
1.64249
1.5274
1.5274
1.5274
0.766034
1.07343
0.333942
1.14791
1.25063
1.02993
1.02993
0.162827
-0.307899
-0.339493
-0.461946
-0.969905
-0.969905
-0.960964
-0.960964
-0.960964
-0.960964
-0.307986
0.453858
0.551626
0.551626
1.31124
0.48735
1.36204
1.33642
1.33642
1.33642
0.627045
0.536645
0.329092
0.674974
0.603039
-0.269903
-0.985078
-0.985078
-0.702835
-0.787673
0.0773566
-0.121128
0.074919
1.02842
1.02842
1.02842
1.02842
0.497119
-0.461908
-0.854799
-0.0103149
0.957901
0.660972
0.660972
1.15075
1.24395
1.24395
1.28321
1.50288
1.19306
1.15086
0.339849
0.339849
1.22471
0.913402
0.913402
1.16255
1.91256
1.91256
1.91256
1.69455
1.69455
1.54867
0.945658
0.945658
0.891769
0.891769
0.891769
0.202811
-0.266524
-0.668213
-1.09855
-0.653871
0.111589
-0.531026
-0.215198
0.582303
0.582303
1.17911
1.18413
1.03096
1.03096
1.03096
1.03096
1.03096
0.619922
0.840332
0.471045
-0.0743261
-0.908063
-0.908063
-0.908063
-0.908883
-0.589078
-0.587861
-1.45003
-1.45003
-1.78191
-1.47276
-1.47276
-1.30394
-0.907159
-0.795075
-0.591727
-0.591727
-0.414002
-1.36724
-1.36724
-0.836563
-1.00206
-1.75191
-1.75191
-1.88219
-1.88219
-1.88219
-1.88219
-1.88219
-1.88219
-1.56718
-1.56718
-1.74087
-1.74087
-0.924797
-0.667194
-0.667194
-0.667194
-1.39494
-1.39494
-1.39494
-1.39494
-1.52786
-0.63374
-0.977684
-0.977684
-0.977684
-1.22571
-1.18857
-1.18857
-1.18857
-1.25021
-0.283447
0.175623
-0.165167
-0.0553788
-0.186066
-0.364535
-0.0530886
-0.472605
-0.434129
-0.650399
-1.12223
-1.44958
-1.10868
-1.7984
-1.7984
-1.7984
-0.995431
-1.22445
-0.782318
-0.429689
-0.291364
-0.645664
-0.40697
0.175216
-0.523394
-0.523394
-1.04503
-1.04503
-0.740889
-0.740889
-0.501221
-0.754535
-0.943516
-0.363579
0.3639
1.18257
1.61166
1.0583
1.0583
0.824769
-0.0374462
-0.225399
-0.833904
-0.833904
-0.878661
-0.878661
-0.878661
-1.1483
-0.433135
0.554902
0.747212
0.473728
0.204579
0.265934
0.0277372
0.609847
-0.240014
-0.022377
0.458649
0.484906
0.442403
0.85916
0.61765
0.896975
0.896975
0.471591
-0.0895519
-0.436824
-0.766576
-0.766576
-0.634369
-0.634369
-1.21644
-1.21644
-1.45624
-1.33498
-1.44359
-0.823721
-0.44097
-1.19219
-1.19219
-0.944285
-0.944285
-1.01583
-1.01583
-1.01583
-0.357967
0.0114056
0.6859
0.376692
0.812413
0.583115
1.22944
1.25563
1.04388
1.04388
1.04388
1.04388
1.04388
1.04388
1.04388
1.04388
1.34081
0.771198
0.864527
0.864527
1.02528
0.750452
0.750452
1.11941
1.11941
0.12999
-0.663004
-0.780209
-0.780209
-0.780209
-1.04584
-1.04584
-1.04584
-1.63079
-0.947119
-0.947119
-0.947119
-0.0966304
-0.258913
-0.263583
-0.0142433
0.544394
0.670984
0.922764
0.922764
0.296779
0.877797
0.793077
0.845967
0.845967
1.1415
1.11553
1.11553
1.11553
0.769983
0.929447
0.929447
0.534689
1.38586
1.25211
0.64146
1.09844
1.09844
0.100021
-0.191083
-0.191083
0.0429731
-0.64436
-0.405582
-1.21654
-0.614646
-0.564673
-0.836657
-1.0858
-1.0858
-1.0858
-1.0858
-1.0858
-0.0878422
-0.54916
-0.275608
-0.440155
-0.956845
-0.956845
-0.351452
-0.142223
-0.324092
0.227686
-0.621451
-0.481167
0.255149
-0.427801
0.397807
0.667139
0.992297
0.992297
0.992297
0.992297
1.53167
0.923888
0.921793
0.0417035
0.439092
1.18141
0.380486
1.07179
1.07179
1.07179
1.07179
1.7885
1.44977
1.44977
0.695096
0.695096
0.695096
0.969081
1.15663
1.15663
1.15663
0.278767
-0.453704
-0.146015
0.387627
-0.609218
-0.609218
0.154824
0.565664
-0.075336
0.722095
0.613811
0.494647
-0.205096
-0.979181
-0.979181
-0.12303
-0.543168
0.205346
0.281936
-0.506601
-0.685935
-0.685935
-1.38312
-1.38312
-1.38312
-1.38312
-1.66042
-1.66042
-1.66042
-1.08743
-0.899745
-0.899745
-0.808209
-0.871056
-0.871056
-0.871056
-0.871056
-0.986932
-0.986932
-0.986932
-0.416513
-0.522596
-0.522596
-1.00529
-1.07894
-0.994302
-0.702281
-0.13353
0.0207991
-0.683041
-0.683041
-1.45072
-1.45072
-1.39617
-1.4444
-0.620477
-0.620477
-1.13197
-0.36382
-0.36382
-0.415657
0.443632
1.24915
1.23057
1.23057
0.310561
0.938798
1.36788
1.36788
0.808204
0.842773
0.0756895
-0.736669
-1.01912
-1.01912
-0.423687
0.3631
0.307347
0.78109
0.78109
1.05164
0.369998
0.949869
0.874511
0.874511
0.874511
0.874511
0.653006
0.653006
0.653006
0.13433
-0.177004
0.352149
1.25331
1.25331
1.25331
1.36199
1.52111
1.2064
1.2064
1.67848
1.06358
1.07053
0.412646
0.412646
1.32238
0.997209
1.05705
0.335452
0.566407
1.07798
1.07798
0.153374
0.723973
0.723973
0.275278
0.830029
1.06582
1.06582
1.026
1.21515
1.21515
1.21515
1.06617
1.06617
0.72435
0.846063
0.846063
0.328445
-0.268417
-0.953095
-0.286057
-0.887394
-0.933546
-0.995904
-0.995904
-0.995904
-0.995904
-1.20148
-1.20148
-0.268897
-0.268897
-0.108026
-0.10544
-0.918793
-0.108589
0.101657
0.506254
0.426761
0.548287
0.658287
1.06986
0.83266
0.688881
-0.0373699
-0.444575
0.462662
1.0051
0.508745
1.23788
1.23788
1.26662
1.26662
1.00036
1.00036
0.265537
0.00633371
-0.821043
-1.70365
-1.44115
-0.6901
-0.6901
-0.0209982
0.135473
0.871049
0.159791
0.159791
-0.321251
0.0892196
0.555585
1.21186
1.21186
1.28397
1.28397
1.57186
1.60091
1.60091
1.60091
0.708278
0.47444
0.71949
0.0563462
-0.90922
-1.44576
-0.727063
-0.160789
-0.316849
-0.89835
-0.146886
-0.505485
0.173509
1.09452
0.808881
0.108483
-0.841452
-0.284791
0.514821
1.15591
1.15591
1.78168
1.83151
1.89968
1.89968
1.89968
1.30002
0.575265
0.0587112
0.282238
-0.55719
-0.55719
-0.55719
-0.867788
-0.261169
-0.491374
-0.103605
-0.535346
0.192508
-0.201352
-1.17241
-1.58072
-0.913743
-0.913743
-0.602687
0.286552
-0.699766
-0.129804
-0.596004
-0.993981
-0.135687
0.754395
1.06223
1.29158
0.674521
0.225972
0.847967
0.847967
0.847967
1.2076
0.75971
-0.195
-0.91657
-0.829831
0.0337798
-0.798549
-1.03741
-0.362288
0.206244
0.0664766
0.980917
0.740677
1.17182
1.31056
0.79894
0.4284
0.903528
0.903528
0.857926
0.857926
0.857926
0.857926
0.857926
0.178821
-0.0681376
-0.747305
-0.747305
-0.819638
-0.819638
-0.255227
-0.524653
-1.3964
-1.3964
-0.629588
-0.629588
-0.629588
-1.17948
-0.279873
0.705027
0.377307
-0.0262668
-0.29103
-0.0721941
0.486476
0.486476
0.486476
0.948259
0.948259
0.508002
-0.439105
-0.804752
-1.04576
-1.39831
-1.94362
-2.10737
-1.64883
-1.47951
-1.47951
-0.894715
-0.356246
-0.578161
-0.578161
-0.578161
-0.578161
-0.767262
-0.767262
-0.527499
-0.435529
0.35097
0.125599
-0.0253068
-0.387159
-0.59109
-0.900538
-1.0706
-1.0706
-0.350809
-1.11363
-1.09378
-1.37842
-1.11909
-0.928626
-0.168361
0.369656
0.329949
-0.292298
-0.596538
-0.743501
-1.03639
-1.30619
-1.20825
-1.4924
-1.88584
-1.88775
-0.99375
-0.348638
0.385973
0.555224
0.255999
0.132273
1.03718
1.25777
0.669005
0.661189
0.661189
0.208731
0.460308
-0.23471
0.51233
-0.231525
0.491588
-0.242697
0.710416
0.177762
0.64189
-0.152585
-0.902995
-0.902995
-0.902995
-0.902995
-0.0129025
-0.0164256
0.710016
0.710016
1.14098
1.14098
0.837979
1.14258
1.14258
1.14258
0.589481
0.601188
0.60245
0.60245
1.00899
1.00899
0.316094
-0.00960021
-0.640694
-0.640694
-1.35981
-1.58031
-1.58031
-0.831563
-0.747536
-1.22286
-1.10323
-1.25844
-1.25844
-1.25844
-1.48648
-1.03779
-0.293652
-0.200904
0.0576271
-0.931442
-1.0932
-0.375054
-1.17578
-1.63466
-0.954011
-0.954011
-0.954011
-1.34898
-1.15977
-0.844879
-0.405514
0.560979
1.01345
1.01345
0.528276
0.213718
-0.402529
-0.895771
-0.895771
-0.509359
-0.971745
-0.549338
-0.390821
0.0477898
-0.78283
-0.371918
-0.126695
-0.185361
-0.259146
-0.946943
-0.858572
-0.172842
-0.18058
-0.265473
-0.178162
-0.511896
-0.443098
0.198944
0.537447
0.780067
1.03405
1.03405
1.20865
1.20865
1.90401
1.1832
0.719563
0.493096
0.315002
0.214518
1.21249
0.676249
-0.302814
0.309124
0.196202
-0.0243375
-0.215482
-1.16639
-0.478987
0.365167
1.21845
0.394853
1.17733
1.53893
1.17661
1.17661
0.772054
0.772054
-0.109695
0.273009
0.573616
0.974203
0.380578
-0.034386
0.494669
1.13326
1.13326
0.364367
0.2255
0.0176272
0.586992
0.866078
0.866078
0.230149
-0.328369
0.580437
0.882911
0.262555
0.262555
-0.592618
-0.567053
-0.957495
-0.126301
-0.968344
-0.322215
-0.0976345
-0.993786
-0.0795155
-0.132277
0.760121
0.760121
0.0656524
-0.12044
0.734527
0.771112
1.25589
1.25589
0.432807
1.11602
0.961721
0.961721
0.961721
0.273519
0.197685
0.805915
0.409976
-0.303959
-0.838643
-0.929461
-0.548
-1.00337
-0.0141502
0.336687
-0.237405
-0.0537841
-0.650635
-0.650635
-0.238644
0.0700869
0.618371
0.415296
0.700871
1.14488
1.17834
1.17834
0.270201
-0.261648
-0.96312
-0.792056
-0.80879
-0.951049
-1.38644
-0.954553
-0.954553
-0.954553
-0.954553
-0.954553
-0.0855567
-0.0858182
-0.342609
-0.807213
-0.807213
0.169271
-0.0341416
-0.424358
-1.42169
-1.42169
-0.967072
-0.771744
-0.0991598
-0.336355
-0.860224
-0.189447
-0.967358
-0.967358
-0.857157
-0.499
0.218585
0.930437
0.930437
0.930437
1.19003
0.436745
0.436745
-0.529776
-0.490309
-0.384324
-0.885828
-0.295607
-1.24775
-0.883048
-0.883048
-0.733619
-0.963562
-0.963562
-0.963562
-0.963562
-0.608004
-0.608004
-0.633995
-0.351146
-1.32444
-0.751474
-1.26676
-0.858231
0.0352386
-0.609689
-0.136822
0.393014
0.261866
0.481478
0.481478
0.493635
0.525323
0.525323
1.24324
1.02554
0.586557
1.20907
1.20907
1.20907
1.20907
1.08826
1.08826
0.764383
0.764383
0.764383
0.62386
-0.235461
-0.643743
-0.944968
-0.480347
-0.00369068
-0.577248
-1.1308
-0.345704
-0.740907
0.131796
-0.413562
0.511092
0.678076
1.30098
1.30098
1.30098
0.732309
1.16663
0.907198
0.246792
0.251569
0.888072
0.959437
0.959437
0.959437
0.959437
0.0958579
0.685717
0.685717
-0.0449301
-1.03065
-1.2421
-0.43641
-0.43641
0.217361
0.211432
-0.516682
-0.100887
0.593802
0.204018
-0.745534
-0.0961472
0.877975
0.877975
0.877975
0.285638
0.849818
1.05039
1.05039
1.05039
1.04597
1.04597
1.05233
1.05233
0.307422
-0.484503
-1.26588
-0.513892
-0.513892
-0.911581
-1.06364
-1.06364
-0.819707
-0.819707
-0.246402
0.0640157
0.444448
0.361396
-0.337738
0.453079
-0.309622
0.502838
0.676887
0.841767
0.841767
0.31644
-0.411747
0.00017295
-0.704095
-0.541836
0.156412
0.0826669
-0.894202
-0.457215
-1.31935
-1.31935
-0.608037
-0.608037
-1.161
-0.379689
-0.379595
-0.050285
0.422756
0.956037
0.610536
0.818593
-0.142946
-0.61223
-0.595932
-0.998461
-0.998461
-0.738682
-0.132766
-0.671379
-0.671379
-0.671379
0.302999
1.06656
1.39588
1.39135
1.39135
1.39135
1.39135
0.787826
0.130045
-0.79815
-0.79815
-0.79815
-0.581491
-0.581491
-0.581491
-0.125717
-0.447842
-0.932869
-0.932869
-0.932869
-0.932869
-0.134892
-0.334915
0.3452
0.964259
1.0964
1.77018
0.873504
0.821636
0.26299
0.269156
0.916683
0.769569
0.769569
0.434334
0.533568
0.533568
0.533568
0.442572
0.271999
0.271999
-0.641982
0.177388
0.72326
0.0139284
-0.619316
-1.26082
-1.26082
-0.261949
-1.2405
-1.04739
-0.376778
-0.829073
-0.925185
-0.925185
-0.925185
-1.62973
-1.62973
-1.62973
-0.795094
-0.763696
-0.763696
-0.030838
0.541809
0.246401
0.058427
0.928077
0.928077
0.616185
-0.172861
-0.0101525
-0.827966
-0.720031
-0.502991
-0.607345
0.203859
0.903541
1.15426
0.286236
-0.125489
0.589165
0.390731
0.440924
0.607004
0.607004
1.24836
1.24836
1.18317
1.18317
1.33045
1.33045
1.19
1.43693
1.02872
0.0853853
0.308209
0.0386087
0.759025
0.182677
1.1807
0.255538
0.784522
0.275286
-0.492932
-0.836723
-0.836723
-0.549501
-0.958803
0.00195811
-0.670468
-0.705499
-0.705499
-0.76031
-0.76031
-1.10558
-1.10558
-0.703259
-1.02522
-1.02522
-1.02522
-1.02522
-1.03912
-1.03912
-0.902335
-0.288732
0.695174
-0.0891974
0.736404
1.05046
1.05046
1.06148
1.06148
1.75255
0.931122
0.931122
0.931122
1.88825
1.88825
1.88825
0.942779
0.78837
0.64089
1.13682
0.69172
0.249461
-0.467151
-0.492736
-1.06803
-0.351718
-0.270325
-0.629351
-0.483204
-0.206341
-0.365313
0.449031
0.449031
1.23092
1.23092
0.964853
1.23608
1.13715
1.41574
1.41574
1.41574
1.30057
1.30057
0.889766
1.22992
0.596689
0.576533
0.332215
-0.626826
-0.626826
-0.416794
0.0783059
0.800805
1.34658
0.444657
-0.274228
-0.249504
-0.795641
-0.795641
-0.795641
-0.906798
-1.09864
-0.788788
-1.13464
-1.13464
-1.0969
-1.49665
-0.633389
0.0144084
0.892017
0.43519
1.37934
1.37934
1.36369
1.36369
0.874854
0.874854
0.874854
0.445381
0.823636
0.0401016
0.909897
-0.078604
-0.272631
-0.189534
-0.781652
-0.781652
-0.814357
-1.48798
-1.48798
-1.48798
-0.636779
-0.636779
-0.442385
-0.442385
-0.748404
-0.748404
-0.441944
-0.370273
-0.370273
0.406175
0.855561
0.402795
0.931743
0.931743
0.931743
0.931743
0.931743
0.53703
1.37317
1.75023
1.75023
1.75023
1.75023
0.943103
1.22977
1.22977
1.22977
0.288032
0.650446
0.650446
0.2404
0.2404
0.216768
-0.325351
-0.781648
-0.781648
-0.781648
-0.520617
-0.520617
-0.438349
-0.1905
-0.44403
-0.44403
0.372062
0.630037
0.59802
0.236139
-0.187918
0.427288
-0.119802
-0.725469
-1.26521
-0.275663
-0.372908
-1.18623
-1.18623
-0.434901
-0.0875885
-0.53998
-1.41741
-1.41741
-1.41741
-1.13969
-0.969059
-0.969059
-0.969059
-0.0534585
0.683188
0.279479
1.02018
0.824468
0.374924
0.991693
0.442186
1.01503
1.42804
1.01249
0.211214
-0.25374
0.359741
-0.378978
0.467822
0.783822
0.783822
-0.0331393
0.295934
0.295934
0.943877
0.943877
0.363848
0.363848
-0.263591
-1.08287
-1.03434
-1.03434
-0.287808
-0.726739
-0.0165535
0.433362
0.276376
0.415987
0.219271
-0.664566
-1.0762
-1.0762
-0.956577
-0.956577
-0.544716
-0.544716
-1.29843
-1.29843
-1.29843
-1.29843
-1.01055
-0.493594
-0.571779
-0.217992
-0.122136
0.412461
0.707767
1.02561
1.11964
0.585878
1.08804
1.08804
0.904436
0.968442
0.968442
0.968442
0.394584
0.890273
0.918845
0.296284
1.05804
1.05804
0.157519
-0.813949
0.0446736
0.751668
0.751668
0.425737
-0.15243
-0.15243
-0.10517
0.738629
1.11685
1.42855
1.74027
1.31731
0.730402
0.730402
-0.00438257
0.296475
0.595718
0.595718
-0.354399
-1.21931
-0.365721
-0.688961
-0.285187
-0.098275
0.410266
0.150346
-0.709389
-0.440825
-0.677661
-1.19818
-0.82186
-1.35371
-1.35371
-1.35371
-0.553919
-0.429586
-0.300191
-0.825603
-0.969856
-0.967892
-0.967892
-0.967892
-0.521206
0.315524
0.595456
-0.303657
0.277663
1.19066
1.19066
1.19066
0.562127
0.522235
0.724116
0.676253
0.542712
0.941316
0.941316
0.941316
0.370513
0.370513
-0.180677
0.374822
0.0728991
-0.197648
-0.653271
-0.00284821
0.640692
-0.180219
0.0958311
-0.141158
0.676939
-0.112338
0.019646
-0.273123
0.340274
-0.567864
-0.922996
-1.15126
-1.15126
-0.281563
-1.21735
-0.291938
0.320646
1.18714
1.18714
1.18714
0.342574
-0.0221774
-0.406304
-0.368906
-0.0956191
-0.348953
-0.734554
-0.381801
0.546479
0.546479
0.546479
0.546479
0.290349
0.261027
-0.0569075
-0.717522
-0.328652
-0.328652
-0.256759
0.333731
-0.454596
-1.11166
-1.11166
-1.11166
-0.114765
0.376122
1.00712
1.38854
1.38854
1.38854
0.463199
0.0596568
0.0165325
0.164329
0.609578
-0.0750246
-0.175096
0.676145
0.676145
0.728459
0.840908
0.10824
-0.737196
-1.04745
-1.04745
-1.73096
-1.23991
-1.23991
-1.23991
-0.264658
0.519738
0.410005
0.410005
1.10835
1.47887
1.03545
0.122263
-0.235357
0.577935
1.02623
0.247671
0.630536
1.11945
0.675127
0.356079
-0.081738
-0.261478
-0.7615
-0.65286
0.124265
-0.574557
-1.06476
-1.06476
-1.06476
-0.212155
-0.0489374
-0.621171
-0.621171
-1.04102
-1.04102
-0.893673
-1.43793
-0.783096
-0.783096
-0.579216
-1.13842
-0.322198
-0.689424
0.00973064
0.686999
0.586308
1.10187
0.685776
0.685776
0.685776
0.685776
0.995238
0.565975
0.565975
0.468467
0.462193
-0.0562418
0.070959
0.33023
0.350893
-0.256259
-0.691995
0.032642
0.489732
0.753641
0.723757
0.723757
-0.0156601
-0.796577
0.0841005
0.961234
0.928318
0.0219866
-0.727672
-0.914976
-0.914976
-0.53763
-0.53763
-0.53763
-0.736969
-0.736969
-1.37775
-1.37775
-1.13424
-1.13424
-1.13424
-1.1884
-0.521463
-0.700743
-0.700743
-1.18358
-1.18358
-1.18358
-1.18358
-1.58082
-1.58082
-0.807652
-0.807652
-0.807652
-0.279062
-0.362984
0.393673
0.585939
0.931652
0.419147
0.419147
-0.237941
-0.137088
0.757419
0.613678
0.613678
1.17038
0.495853
1.31286
1.2819
0.433042
0.0530796
0.138415
0.431832
1.41193
1.528
1.528
0.71415
0.71415
-0.101288
-0.0994582
0.293318
0.528128
0.528128
0.528128
-0.268186
0.240088
-0.142481
-0.182539
-0.744721
-0.0995646
0.726742
0.110613
-0.606178
-1.31645
-1.6243
-1.6243
-1.63952
-1.47665
-1.08972
-0.915347
-0.362082
-0.547053
-0.947003
-0.398778
0.579164
0.826994
0.547791
-0.3918
-0.532693
0.447406
-0.296134
-1.15932
-1.22409
-0.626031
-0.626031
0.295314
0.958282
0.958282
0.963446
0.798735
0.798735
0.798735
0.798735
0.967873
0.978369
0.973718
1.46032
1.44375
1.53799
1.53799
1.53799
1.53799
1.11696
1.11696
1.11696
1.41354
1.41354
1.38366
0.969904
1.43794
1.26091
1.60112
0.77503
0.948914
0.143817
-0.800767
0.0522453
1.00361
1.00361
1.00361
1.56762
1.24782
0.468795
0.164888
0.585954
1.02079
0.743499
0.695064
-0.116437
-0.774365
-0.948235
-0.814082
0.0361071
0.502601
0.66351
0.66351
0.185482
0.0841673
0.193276
0.748327
0.576595
0.0751281
-0.862238
-1.59042
-0.73017
-0.73017
-0.73017
-0.0549841
0.898975
1.79555
1.79555
1.11942
0.892261
0.922327
0.779529
0.779529
0.329871
1.21027
1.153
1.153
1.153
0.237432
-0.470491
-0.466444
-0.691222
-1.65457
-0.696093
-1.00539
-1.00539
-1.57705
-0.948814
-0.948814
-0.655138
-1.61088
-1.34595
-0.553952
-1.08372
-1.08372
-1.08372
-0.402902
0.375583
0.628589
0.628589
0.831425
0.831425
0.831425
0.831425
0.383856
0.887926
0.644095
0.666366
0.262205
-0.160594
-1.0835
-0.53329
0.145687
-0.554752
-0.957236
-0.527593
-0.361261
-0.566788
-0.316823
0.570285
0.391648
0.518267
1.27181
1.27181
1.27181
1.27181
0.333461
-0.420546
0.503023
0.0506665
0.582111
0.582111
1.06477
0.239724
-0.47356
-1.45983
-0.912271
-0.912271
-0.912271
-0.912271
-0.912271
-0.912271
-0.502379
0.481719
0.670548
0.670548
0.670548
0.755418
0.755418
0.366508
0.170262
0.869166
0.869166
1.20417
1.20417
1.04169
0.110241
-0.00405473
-0.314743
-0.0455089
-0.69039
-0.69039
-0.0227986
0.9265
0.842192
0.861449
-0.11835
0.0742627
0.593774
0.521531
0.0365605
0.370991
1.01031
1.01031
0.441391
0.123013
-0.851721
-0.399036
-0.514817
0.226167
0.784825
0.107263
-0.501868
-0.501868
-0.56828
-0.56828
-0.571367
-0.445348
-0.391154
-0.260631
-0.559199
-0.100045
0.400223
-0.233769
-0.801554
-0.345308
-0.341622
-0.143251
0.339113
-0.482079
0.110932
1.02639
0.121015
1.07087
0.974345
1.37589
1.37589
1.37589
1.49027
1.62219
1.62633
1.40143
0.467173
-0.220729
0.737832
-0.185225
-0.864227
-1.23729
-0.688379
-0.688379
-0.406117
-0.345689
0.616601
0.59969
0.59969
0.968162
0.968162
1.32644
1.32644
1.35932
1.35932
1.35932
1.2598
1.15569
0.973456
1.17166
1.17166
1.17166
0.606239
0.620482
0.409846
-0.446003
-0.722791
-0.722791
-0.722791
-1.08728
-0.201932
0.297279
-0.145119
-1.00239
-1.38179
-2.00331
-2.00331
-1.39489
-1.08743
-1.08743
-1.35541
-1.50051
-0.934268
-0.934268
-0.94996
-0.94996
-0.399427
0.161366
-0.0339804
0.389077
0.480641
-0.385339
0.304757
0.0454812
-0.232697
-0.475769
-0.712627
-0.712627
-0.712627
-0.901907
-0.276716
0.434659
1.20083
1.20083
0.843133
0.874392
0.416873
0.994346
0.201727
-0.210908
-0.131942
-0.167708
-0.180068
-0.724122
-1.3802
-1.18806
-1.43187
-1.43187
-1.43187
-1.43187
-1.43187
-1.34333
-1.50837
-0.844283
-0.537699
-0.537699
-0.537699
-0.801452
-0.700407
-0.24992
0.466021
0.466021
0.652089
-0.334832
-1.13732
-1.13732
-1.13732
-1.02202
-0.660037
-0.660037
-0.914152
-0.914152
-0.914152
-0.259432
-1.01921
-1.01921
-1.63225
-1.53197
-1.53197
-1.57044
-1.57044
-0.761253
-0.41954
-0.831639
-0.831639
-0.831639
-0.831639
-0.457403
0.112254
0.357586
-0.448947
-1.00169
-0.734358
-0.734358
-0.734358
-0.974285
-0.411663
-0.456453
-0.456453
-0.976642
-0.976642
-0.976642
-1.57161
-1.43425
-1.42193
-1.51834
-0.548403
-0.551868
-0.758084
0.105866
-0.80437
-0.80437
-0.804957
-0.804957
0.0506927
0.837798
0.837798
0.837798
0.837798
0.929445
0.864293
0.864293
1.5928
1.40797
1.40797
1.43527
1.0964
1.0964
1.0964
0.740981
0.740981
0.779341
0.779341
-0.0312222
-0.265605
-0.559469
-1.35257
-1.30235
-1.30235
-0.683672
0.275199
1.19312
1.19312
1.14814
1.14814
0.287796
-0.538489
-0.749575
-0.636769
-0.636769
-1.03987
-1.239
-1.239
-0.945903
-1.28125
-1.28125
-0.352498
-0.73525
-0.475478
-0.12888
0.142736
-0.495756
-0.753667
-0.654157
-0.654157
-0.653188
-0.304972
-0.720836
0.242771
0.347873
-0.352859
0.000593432
-0.0165758
0.0160616
-0.893624
-1.05747
-0.265462
-0.137758
0.0123979
1.0117
0.777687
0.689217
0.689217
-0.136707
-0.846402
-1.02388
-1.02388
-1.02388
-1.02388
-0.782663
-0.782663
-0.204574
-0.822562
-0.977486
-0.977486
-1.04425
-0.419465
0.352409
0.563289
0.563289
0.747365
0.376162
0.171216
0.322456
-0.594946
-1.5268
-1.5268
-1.19952
-1.40319
-0.944156
-0.944156
-0.75031
-0.983977
-0.865838
-0.865838
-0.549795
-0.549795
-0.928792
-0.166887
-0.522856
-0.522856
0.376385
0.358743
0.780352
0.309848
-0.55284
0.255042
0.592382
1.53851
1.53851
1.53851
1.53851
1.02585
0.63663
1.14224
1.14224
0.143826
0.871794
0.30133
0.550204
0.210966
0.898982
0.448129
1.03229
0.499298
-0.0242632
0.675784
0.381336
0.643969
1.30355
1.30355
0.381731
0.710229
0.147042
0.371544
0.569645
0.569645
1.28177
1.28177
1.28177
0.755058
0.755058
0.755058
0.244451
0.989457
1.33782
1.0207
0.140386
-0.439793
-1.12676
-1.12676
-1.12676
-1.12676
-1.12676
-0.724602
-0.84034
-0.986215
-1.01765
-0.319105
-1.1823
-0.246001
-0.464414
-0.943036
-0.943036
-0.329776
-0.531006
-1.08883
-0.965803
-0.965803
-0.361614
-0.361614
-1.27626
-0.51987
-0.770141
-0.0977134
0.32964
-0.054019
0.271614
-0.377254
-0.377254
-0.0131132
-0.53755
-0.705944
-0.705944
-0.991092
-0.699246
-0.699246
-0.699246
-0.699246
-0.699246
-1.24374
-1.58292
-1.58292
-1.50135
-1.11232
-0.289143
-0.866847
-0.583641
-0.153413
-0.155655
0.254441
-0.20769
-0.263876
0.497718
0.841413
0.887415
0.887415
0.425559
-0.490942
-0.398614
-0.619018
-0.533186
0.0851238
0.0581231
-0.704092
-0.704092
-0.353896
0.543753
1.45792
1.43846
1.43846
0.642829
1.04887
1.04887
1.69929
1.69929
1.25444
0.770573
1.02973
1.8251
1.8251
1.72612
1.72612
1.78223
1.59594
1.40161
1.40161
1.33984
1.33984
1.05049
1.03714
0.179886
1.13504
1.12475
0.257943
0.679835
0.679835
-0.0680821
0.239274
0.360082
-0.562905
-0.248331
0.603758
0.949346
0.949346
0.949346
0.949346
0.0724627
0.177642
0.747498
-0.127939
-1.02633
-1.1815
-1.30126
-1.27398
-0.624608
-0.625721
-1.47516
-0.899463
-0.899463
-0.899463
-0.899463
-0.34033
-0.545674
-0.545674
-1.53597
-1.53597
-1.53597
-1.53597
-1.62039
-1.45474
-1.45474
-1.2525
-1.2525
-1.14275
-1.14275
-0.168963
-0.247519
-0.560699
0.159246
0.335443
0.574034
1.00061
1.08381
0.435881
1.07889
1.07889
1.07889
0.544262
1.19974
0.44885
-0.402075
0.549155
0.4636
1.42622
1.49443
1.41364
1.41364
0.45865
0.45865
1.19211
1.19211
1.19211
0.677277
0.585887
0.145678
-0.770747
0.106285
0.205999
0.618316
0.828212
0.828212
0.757749
0.229147
0.119895
0.110219
-0.403403
-1.15493
-1.15493
-1.15493
-0.614583
-0.614583
-0.0101329
0.211223
1.07716
0.242976
1.06523
0.630078
0.153615
-0.471881
-0.601295
-0.239694
0.302703
0.709548
0.176919
0.129826
0.292246
1.1086
1.02907
1.02907
0.660996
0.713571
0.657883
1.54464
1.06811
1.06811
1.53838
1.23434
1.23434
1.03304
0.752353
0.455425
1.0903
1.70234
1.78546
1.1902
0.57234
0.374208
0.374208
0.720385
0.720385
-0.185661
-0.551204
-0.200327
-1.13128
-0.769655
-0.280255
-0.331382
0.168752
0.795734
0.317063
0.50238
-0.267654
-0.0639651
-0.162596
-1.11288
-1.02702
-1.22908
-1.22908
-0.2793
0.302368
-0.567487
-0.524612
0.4378
0.4378
0.94886
0.0344266
-0.937528
-0.937528
-1.13529
-0.196295
0.616633
-0.0139685
0.297669
0.573002
0.220826
-0.0260734
0.395287
0.53535
0.295301
0.546352
-0.33791
-0.636674
-0.636674
-0.636674
-0.636674
-1.61793
-0.703596
-1.01678
-0.405283
-1.01799
-1.38596
-1.38596
-1.38596
-1.4266
-0.953482
-0.671557
-1.07388
-0.44235
-1.23443
-0.688747
-0.688747
-1.10852
-0.524698
-0.524698
-0.999556
-0.999556
-0.143836
-0.754735
0.00318145
0.132759
-0.412733
-0.65278
-1.14601
-0.796419
-0.883687
-0.835171
-1.17606
-0.980407
-0.980407
-0.669058
-1.60749
-0.646658
-0.639185
-0.947938
-0.645235
0.226431
-0.655934
-1.07625
-1.07625
-1.05613
-1.05613
-0.322933
0.644777
1.161
1.161
1.161
1.161
1.161
1.161
0.63509
-0.233867
0.0159455
0.527235
1.13701
0.327722
-0.0820035
-0.511433
0.156529
0.841851
0.169835
-0.44101
-0.608987
-0.791636
0.150443
0.12975
0.549427
1.26059
1.26059
1.26059
1.09336
1.09336
1.09336
0.759912
1.5578
1.5578
1.5578
1.5578
1.5578
1.27237
1.27237
1.27237
1.27237
0.352136
1.01158
1.45992
1.45992
1.25101
1.25101
1.58905
0.93546
0.93546
0.93546
0.787436
0.787436
0.928727
1.00353
0.346556
0.180954
-0.400701
0.425929
0.141892
0.853199
0.892134
0.771771
0.924661
0.924661
0.924661
0.924661
0.924661
0.452729
-0.127802
0.84978
0.84978
0.427385
-0.458802
-1.2897
-0.837809
-0.837809
-0.607053
-0.607053
-0.549615
-1.14042
-0.881446
-0.881446
-1.40195
-1.40195
-0.696463
0.0948907
-0.864756
-1.09256
-1.09256
-0.530708
-0.530708
-0.225499
-0.404674
-0.11744
0.501341
-0.0919797
0.148451
-0.152235
0.779793
1.0619
1.27288
0.693703
0.693703
0.925323
0.925323
0.925323
0.930603
1.21257
1.21257
1.21257
1.21257
0.820363
0.820363
0.92553
0.860954
0.860954
0.269035
0.391858
-0.194995
-0.58085
-0.58085
-1.33251
-1.1985
-1.1985
-0.564252
-0.564252
-0.385654
0.342492
0.0124666
-0.0539018
-0.39595
-1.21338
-1.21338
-1.21338
-0.768332
-0.467436
0.01116
0.712988
0.712988
0.712988
0.92715
1.05672
1.05672
0.274205
0.274205
0.45666
-0.48291
0.377868
0.567573
0.17677
-0.365932
-1.23265
-1.00165
-1.11497
-0.174702
-0.7411
0.0122256
0.821985
1.57996
1.25679
0.683084
1.09122
1.28836
0.983542
0.983542
0.399529
0.602147
0.611961
1.01683
0.189205
0.143126
-0.756971
-1.05924
-1.45129
-1.12153
-0.986575
-0.986575
-0.111104
-0.86001
-1.75886
-0.909017
-0.699503
-0.699503
-0.35725
-0.35725
0.395242
-0.0714468
0.679296
0.28818
-0.349823
-1.25209
-1.06781
-1.06781
-1.06781
-1.06781
-1.06781
-1.06781
-0.704291
-0.570597
-0.570597
0.419726
0.627983
1.08951
1.08951
1.12255
1.43737
0.88396
0.859996
0.748165
0.546693
0.546693
0.127227
-0.00950336
0.202517
0.539394
0.880351
0.509712
0.691265
0.691265
0.691265
1.04615
1.04615
0.803905
0.878878
0.878878
0.0812296
0.0622384
0.265331
0.138633
0.255439
-0.701962
-0.701962
-0.232742
-0.0754856
-1.07398
-1.12634
-1.12634
-0.626538
0.134529
0.307811
-0.400989
0.407732
0.876336
1.49512
1.49512
1.63945
1.35888
0.523109
0.215211
0.57017
1.55548
1.55548
0.990316
1.39551
0.516404
1.18039
1.42523
0.920268
0.280848
-0.387894
-0.083034
-0.731087
-0.829719
-0.829719
-0.634787
-0.904718
-0.904718
-0.904718
-0.904718
-0.976431
-0.719928
-0.719928
-0.549397
-0.549397
-0.0711746
0.133384
0.25726
0.940829
0.316253
0.945715
0.945715
1.03
1.33639
1.33639
0.484572
1.20149
1.20149
0.556116
-0.412967
-0.368776
-0.787773
-0.505177
-0.439985
-0.965341
-0.361686
0.263888
1.09525
1.09525
1.09525
1.31779
1.17659
0.218096
0.0881651
0.124434
0.304856
1.24861
0.525468
1.49344
0.538082
0.104634
-0.515845
-0.331538
0.64065
0.64065
0.236997
-0.695924
-0.695924
-0.695924
-1.06955
-1.06955
-1.38581
-1.23064
-1.5638
-1.0036
-0.519358
-1.489
-1.489
-1.489
-1.489
-1.489
-1.489
-1.489
-1.42423
-1.42423
-0.427548
0.102289
-0.77904
-0.77904
-0.054896
0.0983783
0.397043
0.397043
1.38092
1.13521
0.204282
0.524607
-0.299713
0.171644
-0.477418
0.112125
0.796653
0.477802
0.341194
0.341194
0.748715
1.64134
1.64134
0.755785
0.000687981
0.4095
0.602618
0.332699
0.698494
0.698494
0.539595
0.539595
0.539595
0.770135
0.770135
0.0990657
0.608112
1.19959
1.19959
0.269893
1.14191
0.732394
0.685086
0.685086
0.685086
0.685086
0.685086
0.922554
0.922554
0.866323
0.776954
1.05031
1.28658
0.993106
0.798284
0.580631
0.945035
0.856284
1.37785
0.52138
0.470256
0.684527
0.684527
0.0882166
0.769081
0.888654
1.22623
0.815811
0.815811
0.815811
0.815811
0.815811
1.22858
0.345745
0.789378
0.789378
0.741823
0.0150064
-0.984029
-0.570584
-0.585726
-0.828939
-0.828939
-0.342877
-0.233874
0.365424
0.365424
-0.174848
0.0214621
0.456683
0.806492
0.964707
0.580008
-0.287571
-0.880287
-1.0887
-0.236526
0.344302
-0.251513
-0.104383
0.163266
-0.516257
-0.79845
-1.46891
-1.55478
-0.775296
-0.775296
-1.2373
-1.59175
-1.48432
-0.50505
-0.860396
-0.674187
-0.674187
-0.651669
0.0902254
-0.526559
0.285231
-0.630149
-1.27752
-1.27752
-0.460859
0.304642
0.955152
0.579522
0.824627
1.31386
1.31386
1.08565
1.08565
0.939516
0.482043
0.658131
0.619235
-0.284192
0.498823
0.498823
0.498823
-0.29562
-0.413244
-0.536046
-1.01001
-0.928879
-0.928879
-0.928879
-0.98324
-0.98324
-0.831312
-0.13439
0.56651
0.56651
1.42412
1.10781
1.10781
1.10781
0.963596
0.963596
0.963596
0.963596
0.295188
-0.0228482
-0.667864
-1.34465
-0.503894
-0.454463
-0.954866
-0.954866
-0.731811
-0.731811
-1.25005
-1.3824
-1.3824
-0.786417
-0.786417
-0.786417
0.16396
0.124761
-0.314852
-0.183083
-0.189239
-0.341703
-0.12944
-0.216731
-0.244767
-0.19589
0.234201
0.430321
0.430321
0.986738
0.336821
-0.0623413
-1.06195
-0.755808
-0.427761
-0.186967
0.479018
-0.114092
0.17661
0.322802
0.611388
1.29338
0.438589
-0.259322
-1.0368
-0.373937
0.514649
0.514649
1.14326
1.14326
0.541937
0.541937
0.789028
0.789028
1.14193
1.01509
1.01509
1.01509
1.01509
1.01509
1.01509
1.01509
1.01509
0.112379
-0.452965
-1.10012
-0.711151
-0.942597
-0.942597
-0.0721517
-0.960274
-0.960274
-1.00081
-0.224264
0.66227
0.890105
0.890105
0.870109
0.870109
0.00467457
0.894517
0.802732
0.355243
-0.153615
-1.02557
-0.105936
-0.442061
0.335718
-0.182056
-0.369897
-0.369897
-1.2305
-0.754212
-0.734934
-0.27136
-0.180581
0.185072
0.204672
-0.395363
0.347874
-0.251115
-0.707367
-0.707367
-0.494375
-0.494375
-1.14797
-0.177947
0.439782
-0.385957
0.233805
-0.155133
0.78359
0.555128
1.11339
0.292113
0.314243
0.314243
-0.542599
-0.849651
-0.849651
-0.282104
0.616776
0.616776
1.18714
1.23459
1.41657
1.42581
1.17822
1.17822
0.675061
0.886931
0.504707
1.17621
0.56724
1.47103
1.60484
1.80706
1.47383
2.24057
1.63048
1.63048
1.63048
0.793623
0.948093
1.7418
0.862191
0.958769
0.958769
-0.00713753
0.558328
0.0255627
-0.783079
-0.321721
-0.218613
0.0960348
0.548331
0.548331
1.52671
1.52671
1.52671
0.717069
1.18888
0.950696
0.353405
0.614094
0.614094
0.91102
0.0573512
0.687199
0.416586
0.0188009
-0.881967
-1.1057
-0.325048
-0.664807
-0.664807
-0.664807
-0.664807
-1.27933
-1.6684
-1.6684
-1.70379
-0.737929
-0.737929
-1.42119
-1.42119
-1.45504
-1.34986
-1.01694
-0.234284
-0.415133
-1.11113
-0.536637
-0.904168
-0.904168
-0.904168
-0.904168
-0.863351
-0.863351
-1.04011
-1.04011
-0.543663
0.0604107
-0.310949
-0.873206
-0.873206
-0.40033
-0.35866
-0.645554
-0.0385795
0.944012
0.367181
-0.115439
-0.563942
-0.971311
-1.15814
-1.15814
-1.15814
-0.768047
-1.12025
-1.12025
-0.904939
-0.904939
-0.630066
0.126461
-0.702142
0.139585
-0.678063
0.277057
0.761901
-0.213497
0.261515
-0.505116
-1.35064
-1.35064
-0.470034
-0.565158
-0.565158
-0.720703
-0.720703
-0.716309
-0.673727
-0.393215
-0.393215
0.142463
-0.00876221
-0.360111
-0.427376
-0.184565
-0.820578
-0.820578
-0.631415
-0.910869
-0.138801
0.137586
-0.653901
-1.19735
-1.19735
-0.641051
-0.182249
0.118567
-0.737717
-0.737717
0.22856
1.11335
0.481623
0.481623
0.950151
0.615312
0.957598
0.571555
0.400277
-0.0551166
-0.634754
-0.909832
-1.58159
-1.15754
-1.15754
-0.352518
0.223612
-0.207952
0.401056
-0.566766
-0.566766
-1.24645
-0.79364
0.184701
-0.402138
-0.402138
-0.701183
-0.701183
-0.609243
-1.09281
-0.124653
-0.978752
-0.978752
0.0208414
0.555641
0.555641
0.963765
0.963765
0.963765
0.963765
1.20318
1.20318
0.914726
0.326973
0.0434005
0.0851043
0.582411
0.157901
0.0654387
0.251239
0.774439
0.726461
0.530125
0.995867
1.3863
0.647043
0.670744
1.51298
1.51298
1.23955
0.240954
1.08181
0.124741
0.0232087
0.618455
0.669136
0.706208
0.0767576
0.885607
0.885607
0.379526
-0.604056
-0.423307
-0.268056
0.512603
1.19991
0.598164
1.36419
0.726972
0.51604
1.32738
1.32738
0.34272
1.08575
0.854323
1.01574
1.01574
1.01574
0.0838105
1.08368
0.925731
0.925731
0.23861
-0.33763
-0.371942
-0.183277
-0.602459
-0.559185
-0.0610922
0.467462
1.03277
1.03277
1.30866
2.11773
2.11773
2.00396
2.00396
2.00396
1.8969
0.924624
0.924624
0.987359
0.195895
0.855215
0.855215
0.139018
0.0375711
0.230401
0.237004
-0.23816
-0.704509
-0.764785
-0.668445
-1.43523
-1.13575
-1.13575
-0.909803
-0.392615
0.341823
-0.233087
-0.198344
-0.266576
-1.21795
-1.21795
-1.26012
-1.49577
-1.49577
-0.98823
-0.787532
-0.579687
-0.579687
-0.733691
0.114992
0.389066
-0.237818
-0.849371
-0.267286
-0.377501
-0.252687
0.158785
-0.564882
-1.23209
-0.798382
-1.42376
-1.42376
-1.42376
-1.42376
-0.695481
-0.695481
-0.188815
-0.251051
0.745441
0.745441
0.745441
0.745441
1.14878
1.14878
0.687675
1.14959
0.738563
0.738563
0.502425
1.05741
0.421092
1.0054
0.039324
0.287827
1.2634
1.2634
0.924369
0.441573
-0.538401
-0.295284
-0.476221
0.397539
1.29392
0.781987
0.727891
0.504158
0.123529
-0.426936
-0.552619
-0.0275398
0.793104
0.793104
0.757361
-0.0309946
-0.103397
-0.038895
0.681988
0.835049
0.619476
0.619476
0.34348
-0.414374
-0.0319434
-0.785865
-0.626821
-0.626821
0.267239
1.25555
1.0851
0.560734
0.418245
0.55691
-0.197042
-1.07903
-0.943036
-0.943036
-0.716978
-0.694399
-1.51622
-1.25503
-0.850428
-0.750737
-0.617069
-0.609555
-0.464755
-0.464755
-0.935153
-0.935153
-0.38254
-1.35771
-0.865681
-0.789205
-0.789205
-0.789205
-0.789205
-1.29792
-1.15315
-1.00225
-1.63192
-1.63192
-1.5244
-1.6029
-0.918466
-0.817301
-0.800662
-0.144915
-0.221131
-1.08504
-0.907632
-0.907632
-1.27216
-1.4074
-0.485503
-0.485503
-0.230701
-0.450876
-0.0824743
-1.01104
-1.01104
-1.01104
-1.01104
-0.619601
-0.105269
-0.620311
0.277302
0.748785
0.383347
-0.417517
0.220137
-0.520355
-0.726372
-0.754932
-0.720519
-0.231478
0.236493
1.04068
1.04068
0.308416
0.757967
0.757967
0.147686
1.00499
0.348659
1.24119
0.504297
0.371912
0.868466
1.37557
0.906774
0.906774
0.906774
1.29421
1.03551
0.0523216
-0.229254
-0.165804
-0.85075
-0.588851
-0.00722649
0.34242
0.250575
1.12548
1.25345
1.25345
0.578358
1.29517
0.962247
0.962247
1.20083
0.293475
0.716208
0.716208
1.52481
1.02931
1.02931
0.171297
-0.578321
-0.617981
-0.617981
-0.0164312
0.4869
0.763198
0.878474
0.581046
0.938651
0.938651
0.634778
0.634778
0.634778
-0.338535
0.188865
1.09142
0.414682
-0.55162
-1.23287
-1.23287
-2.01638
-2.01638
-2.01638
-2.01638
-1.81432
-1.81432
-1.81432
-1.69694
-1.69694
-0.751632
-1.00965
-1.00965
-0.345925
-0.873926
-0.873926
-1.12734
-0.150793
-0.685744
-0.685744
-0.860006
-0.860006
-0.113588
-0.689458
-0.689458
-0.0424547
0.547183
0.142046
-0.181718
0.637439
0.637439
0.637439
0.635303
0.635303
0.612352
0.930193
0.260119
0.238819
0.362635
0.470863
0.282796
0.696296
0.696296
-0.241886
-0.646045
-0.432366
-0.432366
-1.34942
-1.34942
-1.34942
-0.875147
-0.875147
-0.875147
-1.09081
-1.3662
-1.3662
-1.38591
-0.649565
-0.600623
0.176099
0.402682
-0.223426
0.0601603
0.495143
0.154908
0.607762
-0.0615809
0.651293
0.101481
0.115171
0.10971
0.388723
1.14259
1.14259
0.343733
0.306092
0.937851
0.451802
0.149552
-0.197316
0.604375
0.604375
0.681709
0.681709
0.681709
0.681709
0.523987
0.447074
-0.494905
-0.964511
-0.745913
-0.275335
-0.549396
-0.0693775
-0.516582
-0.516582
-0.293833
-0.278255
0.0913433
0.0718784
-0.206789
-0.978168
-1.43824
-1.30377
-1.12988
-0.745669
-0.745669
-0.813839
-0.503598
-0.449495
-0.449495
-0.788481
-1.06859
-0.62284
-0.62284
0.298079
-0.201746
-1.03898
-0.431079
0.0821091
-0.530986
-0.559039
-1.48923
-1.47515
-0.633159
-0.0158988
-0.661456
0.308922
-0.434539
-0.123957
-0.0990436
-0.782877
-0.546603
-1.30243
-0.618217
-0.618217
-0.618217
-0.618217
-0.618217
-0.82713
0.111608
-0.716207
-0.706994
-0.706994
-0.706994
-0.765255
-0.765255
-0.290654
-0.0104785
-0.11897
-0.740889
0.0713052
-0.128913
-0.107203
0.0652063
0.285285
0.901959
0.901959
0.901959
0.677561
1.54722
0.951478
0.231843
0.349696
0.375352
-0.0218843
-0.913917
-0.694022
-0.983616
-0.927639
-0.384865
-0.656094
-1.39269
-1.39269
-1.26364
-0.367764
-0.367764
-0.977561
-0.977561
-0.977561
-0.477879
-1.35159
-0.427635
0.195864
-0.726667
-0.470685
-0.470685
0.441107
0.786197
1.46195
1.46195
1.46195
0.925301
0.89704
0.89704
0.168621
0.855376
0.84658
0.161076
-0.367242
-1.22772
-1.22772
-1.22772
-0.891258
-1.04326
-0.470485
-0.470485
0.426443
-0.463873
-1.25034
-1.25034
-0.386104
-0.798474
-0.798474
-0.800885
-0.704577
0.248096
0.712397
0.712397
0.170346
0.624747
1.37094
0.790267
-0.0346211
0.450838
0.0954153
1.03417
0.470563
-0.517043
-1.05369
-1.05369
-1.28157
-1.28157
-1.28157
-0.440733
0.203092
-0.344085
0.183675
0.276692
0.980837
0.980837
0.980837
1.10958
1.10958
0.217534
1.05492
1.95334
1.95334
2.06724
1.31434
1.24989
1.24989
1.24989
1.34133
1.17243
1.83732
2.02168
2.02168
1.31715
1.31715
1.31715
1.31715
1.31715
1.03156
0.46802
1.18016
0.875878
0.0296698
0.443242
-0.205787
0.688103
0.688103
0.0251339
0.323295
0.131017
-0.754636
-0.866162
0.0403234
0.0799544
-0.606802
-0.606802
-0.606802
-0.606802
-0.606802
-0.606802
-0.389918
-0.75194
-0.288844
0.0740099
0.774478
1.31717
0.328802
0.908517
-0.0460633
0.353339
-0.633688
-0.0320288
0.277125
0.112978
-0.00932938
-0.989041
-0.776265
-0.776265
-0.818967
-0.818967
-0.247944
-1.09814
-0.382802
-0.232961
-1.12042
-1.12042
-1.09419
-0.243368
-0.665032
-0.74458
-0.41315
0.36417
-0.184782
-0.391377
-0.481544
-0.349467
-1.09192
-1.09192
-1.09192
-1.09192
-1.09192
-0.542837
0.120742
1.07867
1.07867
1.15478
0.525202
1.42145
1.42145
1.42145
1.42145
1.00037
0.937559
0.350152
-0.0844682
0.549934
1.28494
0.94804
0.94804
1.56569
1.56569
1.56569
1.18917
1.27401
1.27401
1.27401
1.11444
1.11444
1.11444
1.49803
0.910997
0.790436
0.372227
1.0356
1.0356
1.41792
0.819532
1.14362
1.14362
0.520489
-0.351028
0.49007
0.49007
-0.39299
-1.3212
-1.3212
-0.552633
-0.552633
-1.00531
-0.367147
0.624314
-0.315101
-0.333035
0.100993
-0.372149
-0.720389
-0.720389
0.219298
1.21488
1.21488
1.21488
0.223928
0.760626
1.04809
0.761191
0.761191
0.761191
1.11145
1.11145
1.63303
1.63303
1.63303
1.46895
1.64864
1.40259
1.40259
1.04604
1.07746
1.07746
0.701977
0.241615
1.21359
1.32523
2.03092
2.03092
1.59049
1.51216
0.666821
0.666821
0.666821
0.0983783
0.650899
1.02801
0.999375
0.828057
0.270114
0.698216
0.698216
0.967203
1.40664
0.873829
0.873829
0.776122
0.776122
0.776122
-0.203165
-0.394893
0.600221
0.76218
1.03978
0.807808
1.1913
0.832664
-0.02473
-0.951175
-0.892896
-0.477849
-0.477849
-0.498206
-0.943683
-1.62125
-1.39007
-0.459797
-1.11038
-0.29378
0.0482983
0.392025
0.506243
1.09061
0.731483
1.24955
1.08328
1.32518
0.676678
-0.202274
-0.762201
-0.319359
-0.903901
-0.148223
-0.357411
0.468555
0.0761102
-0.678679
-0.678679
-0.678679
-0.538398
-0.538398
0.068389
-0.276914
-0.184013
0.515258
0.490921
0.490921
0.613308
1.02284
1.02284
0.585994
0.745464
-0.0635872
-0.761869
-0.574082
-0.574082
0.349781
0.176914
0.608631
1.11959
1.38663
0.58474
1.11298
0.308923
-0.642886
-0.551179
-1.1806
-1.37834
-1.37834
-1.37834
-1.45502
-1.45502
-1.45502
-0.62832
-1.44492
-1.44492
-1.00396
-1.00396
-1.00396
-1.47664
-1.14354
-1.14354
-1.14354
-1.52351
-0.704587
-0.846556
-0.231348
0.131878
-0.334558
-1.00694
-1.03435
-1.47752
-0.582694
-1.40093
-0.92321
-0.131866
0.382047
0.834124
0.749182
0.770755
0.770755
0.791527
0.791527
0.32865
1.24773
0.432203
0.226398
0.829749
0.291975
0.76098
0.709064
0.876431
0.997392
0.444723
0.444723
-0.285447
-0.984602
-0.984602
-1.14752
-1.97311
-1.1763
-1.1763
-0.262195
-0.539396
-0.539396
0.41695
0.588443
-0.367161
-1.09997
-1.09997
-0.289528
-0.289528
0.642017
0.389777
-0.534328
-0.958951
-0.724954
-0.583566
-0.515965
-0.515965
-1.06319
-1.06319
-0.43579
-0.725079
-0.165714
-0.433265
0.56179
-0.242255
-0.622568
-0.0796543
0.560492
-0.285982
-0.560123
0.0150285
0.532128
0.532128
0.532128
0.983776
0.939234
0.967031
0.58578
1.34617
0.833421
0.0497512
-0.320046
-0.432863
-0.432863
-0.581192
-1.31027
-1.31027
-0.341029
-0.556312
-0.486566
-1.1927
-1.1927
-1.10402
-1.10402
-0.225931
-0.350783
-1.13289
-1.17955
-0.862471
-1.01243
-1.01243
-1.01243
-1.26912
-1.26912
-1.26912
-1.26912
-0.928264
-0.928264
-0.928264
0.0576288
-0.171711
0.131375
-0.240027
0.0188771
-0.303532
-1.24265
-1.24265
-0.493829
-0.493829
-1.04632
-0.246163
0.226636
0.226636
1.04817
1.04817
1.04817
0.591755
0.87895
0.957884
0.957884
0.957884
0.957884
1.29341
0.697725
-0.0337185
0.359661
0.525434
0.525434
-0.0551001
0.286788
0.811499
0.614113
1.08699
0.477311
-0.200759
-0.815647
-0.815647
-0.815647
-0.597482
-0.62286
-1.39796
-1.39796
-0.61428
-0.754966
-0.782514
-0.782514
-0.782514
-0.0338874
0.955664
0.711993
0.349596
0.411911
0.596296
0.596296
0.942142
0.942142
0.629604
0.629604
0.551867
0.466963
0.466963
0.18543
-0.133465
0.296313
0.194835
0.698601
0.420332
-0.470553
-1.12219
-0.878081
-0.176842
-0.673396
-0.673396
-1.24607
-2.22932
-1.2298
-0.917957
-0.499665
-0.363919
-1.03016
-0.198334
-0.219404
-0.160364
0.574125
0.611901
0.611901
0.883702
0.883702
0.057721
0.682743
-0.282761
0.478427
0.690169
0.368942
0.368942
-0.565791
0.370469
0.238756
1.01949
0.868667
0.868667
0.868667
0.868667
1.66737
1.66737
0.78582
0.78582
0.78582
-0.199152
0.507905
0.0110563
-0.637918
-0.842554
-0.842554
-0.836133
-0.836133
-0.814178
-0.814178
-0.050771
0.298184
0.341755
0.0211532
-0.0259733
0.024188
0.562225
0.0491825
-0.54153
0.112614
0.698423
0.724922
0.724922
0.851619
1.05593
1.05593
0.281363
1.17363
1.80778
1.80778
1.32631
1.02353
0.25047
0.0676288
0.451227
0.849116
0.31725
-0.270517
-0.438158
-0.792849
-0.316248
-0.637015
-0.637015
-0.421317
-0.421317
-0.555087
-0.096249
0.541961
-0.421249
-0.712451
-0.665734
-0.665734
-0.665734
-0.665734
-0.193376
-0.842011
-0.842011
-0.650431
-0.031136
0.0135157
-0.896671
-0.115643
-0.28017
0.195715
0.240598
-0.616975
0.314989
0.624207
-0.320755
-0.320755
-0.550446
0.0991765
-0.643576
0.259714
-0.539966
-0.499866
-0.576701
-0.916928
-1.31065
-1.31065
-0.512074
-1.32773
-0.387185
-0.387185
0.410836
0.979873
0.849615
0.849615
0.849615
1.28845
1.28845
1.28845
1.28845
1.28845
1.66971
1.19063
1.19063
1.19063
0.971763
0.539213
-0.328976
-0.534903
-0.534903
-0.209648
-0.845459
-0.738695
0.062852
-0.836257
-0.0305033
-0.503683
0.159247
0.685264
0.994974
0.994974
0.388792
0.388792
0.589423
0.845579
0.684251
0.684251
0.684251
-0.151279
0.121472
-0.20661
-0.895175
-0.895175
-1.32411
-1.32411
-1.40076
-1.40076
-1.04234
-0.329595
0.069334
-0.371294
-0.371294
-0.371294
-0.799908
-0.799908
-0.799908
-0.799908
0.0243343
0.0486926
-0.899513
-0.899513
-0.899513
-0.899513
-0.61231
-0.0476104
-0.644852
-0.606985
-0.26737
0.350419
-0.476281
-0.149033
-0.108762
-0.356437
-1.06353
-1.06353
-1.06353
-0.222091
0.628413
0.595967
0.797914
1.55107
0.986581
0.307987
1.13098
1.13098
1.18635
0.291859
-0.268885
-1.0421
-1.0421
-0.144879
-0.852348
-0.527209
-0.527209
-0.453549
0.441845
0.441845
1.20991
1.20991
0.218718
1.19294
1.06743
0.732518
0.198314
0.621221
0.621221
0.463358
1.20313
1.20313
1.20313
1.09686
0.373944
0.948686
0.401929
0.111605
-0.0287314
-0.527085
-1.50293
-0.945651
-0.311154
-0.801129
-0.0448473
-0.86908
-0.86908
-0.905336
-0.809931
-0.316886
0.386637
1.0223
0.31702
-0.00975586
0.839899
0.970971
1.44536
0.863086
0.0542781
0.0438966
0.357718
1.14057
0.210039
0.780384
-0.180675
-0.93923
-0.93923
-0.93923
-0.888979
-0.582799
-0.582799
-0.651352
-0.30522
0.441576
-0.388714
0.397556
0.226922
0.500414
0.0404473
0.798578
0.442086
0.965598
0.965598
0.221255
0.090556
-0.63166
-0.63166
-0.63166
-1.41174
-1.36237
-1.36237
-0.414386
-0.606929
-0.0816592
0.545988
1.12478
1.12478
0.93275
0.950947
0.907857
0.872894
0.865971
0.910555
1.42293
1.42293
1.42293
1.12163
1.12163
1.48686
1.48686
1.48686
1.48686
1.48686
0.563413
1.37413
1.37413
0.894835
0.0689116
0.11316
0.254432
0.254432
1.22579
0.774706
0.774706
0.780687
0.780687
0.780687
0.0656854
1.03172
0.643886
1.2426
0.613837
0.613837
0.914169
0.914169
0.819814
0.819814
0.819814
0.819814
0.543787
0.170869
0.253155
0.522612
1.01718
1.01718
1.16371
0.643576
0.658921
0.658921
1.56777
1.0311
0.419451
-0.172314
0.0925005
0.696549
0.696549
0.458859
0.0618215
-0.214507
-0.133515
0.325696
0.692778
0.565498
0.660046
0.58726
0.340645
-0.0658784
0.893727
1.12175
1.12175
0.287892
0.0485789
-0.892901
-0.892901
-1.04672
-0.442278
0.436763
0.436763
1.1587
1.1587
0.563309
0.386447
0.953986
0.953986
-0.0417924
-0.638498
0.298993
1.13382
1.12054
1.63106
1.37609
1.7296
1.7296
1.68221
1.37003
1.37003
1.30862
0.529411
-0.340124
-0.345253
-0.479076
-0.0602307
0.364099
1.22532
1.01278
1.01866
1.16012
0.436165
0.855847
0.855847
0.855847
0.855847
0.855847
0.755787
0.323034
0.156354
0.466422
0.466422
1.19505
1.19505
1.19505
0.754725
0.599406
0.618631
0.618631
0.506785
0.506785
1.02832
0.731851
0.993747
0.66358
-0.24693
-1.12992
-1.12992
-1.12992
-1.12992
-1.12992
-0.481107
-0.770142
-0.690979
-0.690979
-0.620409
-0.453141
-0.906688
-0.234245
-0.622386
-0.622386
-1.1138
-1.1138
-1.1138
-1.1138
-0.707242
0.0838261
0.788266
0.875376
-0.0648236
0.487216
0.487216
0.7637
0.273195
0.24415
0.718626
0.718626
0.0827208
0.10097
0.244754
-0.451968
-0.451968
-0.357446
-0.250272
-0.511959
-1.47077
-1.32475
-1.32475
-1.32475
-1.34484
-1.4488
-0.680043
-0.680043
-0.680043
-0.680043
0.00686015
-0.991616
-1.07587
-1.07587
-1.03412
-0.77372
-0.716577
-0.112725
0.807733
0.446971
0.642304
0.795894
0.638294
0.793944
0.793944
0.46432
0.299626
1.23374
1.23374
1.11892
0.3299
0.306322
0.988623
0.451101
-0.140061
0.4787
1.2174
0.794695
1.16013
1.16013
1.26676
1.04596
0.128846
0.270147
-0.683834
-0.687015
-1.27788
-1.27788
-1.27788
-1.27788
-0.770385
-0.416115
0.40837
0.49024
0.573531
1.5113
1.37098
1.23647
1.38609
1.38609
1.38609
0.792335
0.747008
0.43595
-0.513424
-0.360052
0.297458
0.297458
-0.508231
0.342476
-0.228282
0.0658833
0.789158
0.789158
1.66045
1.84806
1.42305
1.42305
1.42305
1.24147
0.703147
1.44508
0.815519
0.877114
0.877114
0.877114
0.877114
0.653544
-0.245186
-0.528957
-1.08026
-0.968129
-0.877549
-0.877549
-1.28278
-1.28278
-1.5254
-1.5254
-1.11824
-1.11824
-1.09037
-1.09037
-0.222577
-1.05022
-1.11672
-1.11672
-1.11672
-1.09923
-1.09923
-0.749766
0.12334
-0.506577
0.343505
-0.260849
-0.260849
0.0480771
0.250713
0.359804
0.359804
0.446299
-0.419317
-1.13462
-0.325425
-0.77038
-0.77038
-0.990784
-0.990784
-0.990784
-0.990784
-0.990784
-0.660037
-0.811898
-0.811898
0.0218934
0.338457
-0.426309
-0.285409
0.178832
-0.728832
0.0179544
0.272483
1.24889
0.975471
0.0447184
0.272732
1.19569
0.82241
0.82241
0.82241
0.565013
0.0920014
0.318182
0.888117
1.09944
0.344614
0.0429794
-0.543093
-0.06793
0.41856
1.15847
0.815912
0.815912
0.753906
0.642001
1.20478
1.20478
1.19138
1.01335
1.01335
1.01335
0.622061
-0.0814758
0.174317
0.0615492
0.380774
1.32396
1.52969
0.613937
0.146615
-0.801992
-1.21974
-0.521024
-0.521024
0.167423
-0.0602123
-0.716385
-0.785715
0.104842
-0.37828
0.217228
-0.342377
-0.192045
0.013025
-0.318662
0.229401
0.278407
0.644604
0.607616
0.119759
0.746941
0.746941
0.496706
0.626988
0.626988
0.626988
0.31121
0.467541
0.858771
1.0634
1.0634
0.748499
0.77661
0.0275903
0.232604
-0.101296
0.191121
-0.664087
-1.29801
-1.29801
-0.538161
0.357947
-0.538925
-0.648356
-0.648356
0.221709
-0.184431
0.0777766
-0.437493
-0.865443
-0.865443
-1.06716
-1.06716
-1.06716
-1.06716
-1.26604
-0.300929
-0.747335
-0.681268
-0.681268
-1.05511
-1.06269
-0.97013
-0.97013
-0.829322
-0.566619
-0.566619
-0.457147
-1.08238
-0.668202
-0.241187
-0.358705
-1.07806
-1.07806
-0.394163
-0.525449
-1.24837
-0.641913
-0.995426
-1.059
-0.253345
-0.191133
-0.87044
-1.0018
-0.404617
-0.644234
-1.33106
-1.33106
-1.33106
-1.33106
-0.499272
-0.683874
-0.568255
-0.568255
0.271138
0.544692
0.544692
-0.121978
0.116103
-0.686637
-0.70548
0.210987
0.980556
1.28146
1.28146
1.07118
1.32213
1.57668
0.865725
0.865725
0.865725
1.01983
0.914944
0.404116
0.481441
1.19443
0.345562
1.09161
1.09161
1.09161
0.109517
-0.266388
-0.381745
-0.710551
-0.687007
-0.739079
0.0385547
0.408108
0.317607
0.347073
0.347073
-0.620221
-0.620221
0.261544
0.621091
0.621091
-0.0751975
-0.240723
0.207913
0.0813383
0.320894
0.33582
-0.567348
-0.567348
-0.567348
-0.567348
-0.567348
-0.432402
-1.34773
-1.34773
-1.34773
-0.737054
-0.737054
-1.05118
-0.815163
-0.815163
-0.163624
-0.964687
-0.644527
-0.667281
-0.70236
-0.70236
-0.70236
-0.120655
0.521276
0.240756
-0.244697
-0.795778
-0.712453
-1.17588
-1.01951
-1.01951
-0.66744
-0.0615882
-0.271552
-0.245127
-1.06913
-1.06913
-0.906907
-0.906907
-0.906907
-0.906907
-0.906907
-0.914674
-0.332785
-0.0755986
-0.066242
-1.04664
-1.16634
-0.690586
-0.643514
0.297891
-0.114118
0.164968
-0.781697
-0.781697
-0.781697
-0.781697
-0.781697
-1.47925
-1.47925
-1.47925
-1.48665
-1.48665
-1.48665
-1.48665
-0.527547
-0.527547
-0.681151
-0.681151
-0.681151
-0.599944
-0.63361
0.0996845
-0.708822
-0.887431
-0.647021
-0.647021
-1.20298
-1.14701
-0.536005
-1.23108
-1.23108
-0.86758
-1.13358
-0.22293
-1.10548
-1.02232
-1.02232
-0.765063
-0.44265
0.364886
0.364886
1.25756
1.25756
1.25756
1.25756
1.25756
1.02798
0.0833011
-0.040619
0.514413
-0.0137622
-0.102986
0.700499
-0.190104
-0.835367
-0.703354
-0.661691
-0.823474
0.0758573
-0.438865
-0.232129
-0.461923
-0.977923
-0.977923
-0.977923
-0.977923
-0.977923
-1.56832
-1.56832
-1.56832
-1.53872
-1.10471
-1.10471
-1.0893
-1.0893
-0.335318
-0.918679
-0.0105935
-0.130742
-0.844415
-0.844415
-1.70865
-1.02695
-1.02695
-1.02695
-0.980569
-0.980569
-1.34501
-0.703657
-0.703657
-0.84543
-0.686049
0.247842
-0.704383
-0.603902
-0.603902
-0.512693
-0.560553
-0.306558
0.586307
0.33151
-0.441387
-0.773149
-0.957507
-0.562261
-0.562261
-0.438856
-0.585941
-0.557155
-0.557155
-0.745495
-0.440115
-0.440115
0.279777
-0.271304
0.536562
0.642742
0.369582
-0.130682
0.313066
-0.522532
-0.0495358
0.881878
0.919787
0.919787
0.919787
0.919787
1.08821
1.08821
1.08821
0.119293
0.146255
0.193056
0.997709
0.746205
0.71896
1.38089
0.820954
0.895443
0.360279
-0.0194494
-0.794111
-0.456705
-0.434641
-0.699694
0.13888
-0.417697
-0.467359
0.387836
-0.406132
0.252887
0.0440871
-0.184542
-0.124892
0.736258
0.736258
0.736258
0.736258
0.934876
0.0488237
0.858258
1.00742
0.799133
1.05364
1.05364
1.05364
0.95939
1.49432
1.37905
1.37905
1.34692
1.34692
0.431325
1.28422
1.28422
1.13884
1.13884
1.21368
0.277084
0.563076
0.563076
0.760114
0.443156
1.20126
0.426113
-0.461095
0.0640797
-0.564364
-1.17749
-1.17749
-1.17749
-0.759272
-0.273884
-0.592032
-0.592032
-0.592032
0.240275
0.0380609
0.567571
0.531202
0.68337
0.68337
0.68337
0.355486
0.243188
0.70797
0.70797
0.70797
0.70797
0.681725
1.37093
1.37093
0.797983
0.653896
0.540626
0.533508
0.533508
1.25776
1.19838
1.19838
1.19838
1.20505
0.402914
0.0516032
0.0488513
-0.0547013
0.623136
1.21243
1.23099
1.20276
0.595102
0.595102
0.224496
-0.26069
0.124997
1.02966
1.041
0.503986
0.364383
0.283861
0.266542
0.219076
1.15634
0.455353
0.455353
1.02221
1.02221
1.45702
0.587335
1.26667
1.53458
0.564219
0.277337
0.960137
0.349226
0.287315
0.734486
0.159566
0.509227
0.962863
0.728023
0.728023
0.00675815
-0.231333
-0.606715
-1.2069
-0.724964
-0.724964
0.167561
0.57781
0.263014
-0.451562
-0.34457
-1.13382
-1.21985
-0.407907
-0.635528
0.0918088
-0.0740296
-1.0373
-0.821981
-0.821981
-0.00730731
0.925403
-0.0493663
0.0878186
-0.38209
-0.92498
-0.701062
-0.438775
-0.833293
-0.212368
-0.657287
-0.657287
-0.0432272
-0.825428
-0.825428
-0.298148
-0.626189
0.36453
-0.269574
-1.20436
-1.2714
-1.29157
-1.23114
-1.23114
-1.23114
-1.34663
-0.726615
-0.193319
-0.85747
-1.36983
-1.36983
-1.36983
-1.36983
-0.839874
-1.13572
-0.958611
-1.74559
-1.74559
-1.42632
-1.25115
-0.300913
0.190673
0.259214
0.673013
0.673013
0.673013
0.188592
-0.0695478
0.609455
0.917199
0.917199
0.917199
0.733247
1.28729
1.28729
1.0236
1.0236
1.22705
0.556198
0.556198
0.556198
0.556198
-0.053543
0.670978
0.670978
0.940766
0.0741035
0.057606
0.92284
0.815272
1.45968
1.57325
0.711841
1.21241
0.586825
0.746766
1.0574
1.0574
0.398039
0.415255
0.923545
1.0002
1.06368
0.786994
1.2335
1.13747
1.19249
0.698368
0.698368
0.987197
0.987197
0.987197
0.987197
0.696617
-0.28499
0.596848
0.734963
1.22461
1.22461
0.870697
0.498857
0.092614
-0.561028
0.0591603
0.988036
0.453051
0.574691
0.738425
0.125442
-0.371301
0.303872
0.920047
0.870959
0.486987
0.903849
0.443543
0.658447
-0.0987404
-0.629428
-0.249848
-0.646719
-0.304948
-0.08236
0.165933
0.559861
-0.396962
-1.13067
-1.13067
-0.410885
-0.397237
-0.799708
-0.10117
0.135077
0.175135
-0.700497
-0.700497
-0.863533
0.0683693
-0.201006
0.0852717
-0.314301
0.241407
-0.219871
0.0310227
0.118768
0.7737
0.277319
0.0378792
-0.792838
-0.792838
-0.701022
-0.580027
-0.838417
-0.746375
-0.200816
-1.15597
-1.15597
-1.35894
-1.25548
-1.25548
-1.25548
-1.25548
-1.7106
-1.7106
-0.814756
-1.13315
-0.586828
-0.586828
-0.696638
-0.170924
-0.586273
-0.740955
-0.726874
0.1065
0.598839
0.598839
0.392188
0.822797
0.0895135
-0.259042
0.134996
-0.702939
-0.347055
0.389914
1.14526
0.79101
0.79101
0.714692
0.714692
-0.104517
-0.905417
-0.905417
-0.905417
-0.905417
-0.95544
-0.416963
-0.252835
-0.410272
-0.0451233
-0.562183
-0.18093
0.115154
-0.663561
-0.763151
-0.65766
-1.35336
-0.648397
0.0353936
0.275267
0.0613854
-0.243607
0.641115
1.02995
0.538909
0.202029
-0.410198
-0.410198
-1.07723
-0.446836
-1.08714
-1.08714
-0.610733
-1.12225
-0.508733
-1.16385
-0.66123
-0.671071
-0.241571
0.586405
-0.219966
0.615261
0.51787
0.139994
0.205457
-0.270766
0.267302
-0.33733
0.65766
-0.322505
0.271809
0.672778
0.940773
0.705411
1.28018
1.28018
1.28018
0.479957
0.777218
0.289443
0.84487
0.84487
0.84487
0.418788
1.17938
0.918802
1.11762
0.792854
0.928739
0.928739
0.916514
1.69942
0.924127
0.952918
0.805637
0.503591
0.280359
1.19283
0.34976
0.426285
0.639341
0.660247
-0.254157
-0.698466
-0.47456
-1.09411
-1.09411
-1.09411
-0.100575
-0.347397
-0.684369
-1.32023
-1.68608
-1.36907
-1.36907
-1.36907
-1.36907
-1.25046
-0.894732
-0.894732
-0.894732
-0.894732
0.0993666
1.01134
1.01134
0.163678
0.210221
0.431198
0.431198
0.967419
0.720318
1.3631
1.3631
0.462342
0.981106
0.981106
0.881412
1.19879
1.19879
0.374939
0.437836
0.965929
0.532492
0.349164
1.00628
0.115219
0.00399139
0.290915
1.20239
1.96046
2.02845
2.12901
2.12901
2.12901
2.12901
2.09368
1.31209
1.31209
0.973418
0.973418
1.45851
1.45851
0.662833
0.662833
0.662833
0.662833
0.662833
0.175527
-0.284376
-0.122505
0.775044
1.58987
1.78925
1.78925
1.78925
1.78925
1.11615
0.486541
0.486541
0.662743
0.0721874
-0.606267
0.328427
-0.296895
0.446187
0.668614
0.9523
0.9523
0.463048
1.04816
1.04816
1.26455
0.363748
0.363748
0.920869
0.605276
-0.394583
0.0913579
0.958092
0.958092
0.958092
0.958092
0.958092
0.958092
1.12784
0.675197
-0.131487
-0.0552798
-0.246931
0.474438
0.579649
0.747973
1.35184
0.922761
0.922761
0.922761
0.919177
0.919177
0.462801
0.462801
-0.449396
0.376895
0.0204705
0.35431
0.939005
1.19228
0.502255
-0.185124
-0.366035
-1.15637
-1.96064
-1.3608
-1.3608
-0.735446
-0.735446
-0.735446
-0.923533
-1.28728
-1.28728
-1.03175
-0.455509
-0.650218
-0.338019
-0.387234
-1.00199
-0.0693965
0.495939
1.43933
0.9241
0.9241
1.19937
1.19937
1.19937
1.19937
0.576177
1.27256
0.97425
0.97425
1.67369
1.06315
0.776302
0.750459
0.750459
0.621581
1.28785
1.28785
0.551517
0.6978
0.705405
0.973965
0.0672611
-0.644791
-1.38188
-0.401471
0.215008
-0.317821
-0.543046
-0.543046
-0.997491
-1.40418
-1.63404
-1.63404
-1.63404
-0.688489
-0.688489
-0.688489
-0.688489
-0.828219
-0.411526
-0.908944
-0.923782
-0.923782
-0.571394
-1.36924
-1.22977
-0.787167
-0.851677
-0.385597
-0.521102
-0.521102
-0.866093
-0.883613
-0.883613
-0.785389
-0.279439
-0.268231
-0.434591
-1.38853
-1.38853
-1.38853
-0.955472
-0.557934
-0.0825104
-0.311977
-1.20034
-0.492827
-0.459823
0.178598
0.589765
0.0220421
-0.72769
-1.15206
-1.15206
-1.15206
-1.15206
-1.15206
-0.158778
-0.318238
-0.570996
-0.624605
-0.656716
-0.00832788
-0.366896
-0.734782
-1.16017
-1.16017
-0.364343
0.395472
-0.249467
0.280466
0.733203
0.551312
1.35729
0.907463
0.907463
0.907463
1.46462
1.76864
1.1896
1.96666
1.96666
1.96666
1.59136
1.99315
2.10322
2.10322
2.10322
1.93691
1.70989
1.63775
1.63775
1.63775
0.886012
0.988052
0.80401
1.00789
1.00789
1.77562
1.77562
1.77562
1.77562
1.17969
1.1208
1.12883
0.947547
0.406477
-0.0657604
-0.303714
-0.0773863
0.0816197
-0.168142
-0.868298
-0.301124
-1.29734
-1.29734
-1.29734
-1.14715
-1.42453
-1.42453
-1.04846
-0.442295
-0.0342505
0.73353
-0.173006
0.00059267
0.597506
0.597506
0.597506
0.597506
0.852012
0.68036
1.17596
0.64205
0.567538
0.450391
0.684938
0.547063
0.29609
1.1001
1.93289
1.99247
1.58658
1.28541
1.14531
1.14531
0.399899
0.679719
0.914222
0.972983
1.42515
1.42515
1.42515
1.42515
0.75418
0.75418
0.109927
0.150527
-0.6789
-0.908421
-0.289015
-0.0456338
0.236411
0.681705
0.599602
1.38341
0.635201
1.42783
1.42783
0.651464
-0.0814265
0.472434
-0.145463
-0.676787
-0.676787
0.286341
-0.304973
-0.38342
0.540526
-0.416898
-0.896014
-0.896014
-0.976022
-0.54896
-0.54896
-0.54896
0.0381813
-0.308736
-0.655191
-0.645346
-0.443711
0.367724
-0.18708
0.0382887
0.114845
0.667828
0.978868
1.4112
1.4112
1.06298
1.06298
0.810398
0.810398
0.810398
0.906295
0.778098
0.778098
0.508702
1.0211
1.0211
1.20093
1.20657
0.709413
0.709413
0.148257
-0.633331
-0.390535
-0.390535
0.0404375
-0.631207
-0.165473
-1.02453
-1.23586
-1.23586
-1.23586
-1.23586
-1.5496
-1.5496
-1.5496
-1.5496
-1.5496
-0.918672
0.00990742
-0.495517
0.00882741
0.698984
1.18034
1.18034
1.69917
0.851627
0.851627
0.851627
0.615788
0.615788
0.615788
1.08853
1.25788
1.25788
1.25788
0.850071
1.81538
1.81538
1.25355
0.681242
0.681242
0.788398
0.336183
-0.566121
-0.566121
-1.50765
-1.366
-1.366
-1.51345
-0.700743
-0.700743
-0.2975
-0.238458
0.160764
-0.530875
-0.954706
-0.748474
-0.748474
-0.748474
-1.46999
-1.46999
-1.46999
-1.41757
-1.41757
-1.41757
-0.745704
0.204874
-0.379773
0.275254
0.76258
0.0876564
-0.0790969
0.819082
0.819082
1.46251
0.527329
-0.295115
-0.235176
0.216434
-0.72528
-0.226565
0.687789
0.687789
1.63657
1.1572
0.579657
0.63051
0.63051
0.939497
0.158193
-0.161294
-0.0735457
-0.794371
0.045494
-0.851631
-0.716591
-0.795845
-0.596726
-1.39405
-1.39405
-1.39405
-1.52221
-0.591716
-1.26647
-0.638751
0.329184
0.178036
0.385175
0.385175
0.839972
0.700186
0.700186
0.459064
-0.530533
-0.530533
-0.726602
0.174835
0.000207518
-0.671509
-0.688197
-0.696309
-1.45827
-1.42359
-1.42359
-1.42359
-1.42359
-1.42359
-0.801827
-0.801827
-0.707415
-0.299555
-0.0672807
-0.883269
0.0512896
-0.899083
0.0119034
-0.902889
-1.29879
-0.699225
-0.61589
-0.385659
0.168396
-0.609964
-0.609964
0.291443
-0.453236
-1.0542
-0.555254
-0.0965845
-0.385649
-0.385649
-0.0691925
-0.599419
0.00756155
0.0774852
0.0609209
0.593004
0.387632
-0.440349
0.496662
0.812035
1.32272
1.22498
1.22498
0.513631
0.0974119
-0.492278
0.180319
-0.167102
-0.32874
-0.517703
0.180776
0.363545
0.361725
-0.236507
-0.256628
0.741005
0.347182
-0.405837
-1.32405
-1.62577
-1.80853
-1.80853
-1.5514
-0.664984
-1.27976
-0.594424
0.213122
-0.0371503
0.718476
0.563799
0.563799
0.563799
0.563799
0.563799
1.2735
0.360717
-0.352502
0.261868
0.0640288
0.769199
1.40287
1.09798
0.512181
0.232853
-0.162403
0.807184
0.807184
-0.142059
0.403231
0.54393
1.32216
0.701072
-0.183802
-1.16721
-0.914119
-0.720674
-0.288545
0.321061
-0.183702
-0.164372
0.681348
-0.109046
0.788087
1.09869
0.28386
0.133638
0.639998
0.0436477
0.211072
-0.709878
-1.07298
-1.07298
-0.459027
0.117396
0.976224
0.731798
0.947882
0.947882
0.270597
-0.604647
-0.604647
-0.604647
-0.952589
-0.43682
-1.03092
-0.0436042
-1.00381
-0.974582
-0.0952026
0.622193
1.3342
0.544113
0.544113
0.544113
1.11851
0.431623
-0.48386
-0.562991
-0.928578
-0.928578
-0.928578
0.0498396
-0.25587
-0.24811
-1.21128
-0.50252
-0.664955
-0.612588
-0.0656273
0.142619
0.526626
0.999913
0.999913
0.999913
0.265136
0.649668
0.649668
0.649668
-0.174764
-0.576965
0.0266752
-0.627569
-0.247272
-0.451561
-0.176747
-0.178846
-0.46356
0.341402
0.573801
0.573801
-0.336263
-0.0288778
0.797172
-0.0180629
0.689224
0.0747758
-0.159054
-1.06752
-1.06752
-0.584416
-0.552204
0.203066
-0.422578
0.24602
1.01597
1.01597
1.01597
0.54126
0.54126
1.02329
0.600039
0.147796
-0.152991
0.45754
-0.452815
-0.842742
-0.897341
-0.899063
-0.899063
-0.0205329
0.432408
0.149774
0.632168
0.10799
0.121667
-0.668315
-0.668315
-0.668315
-0.668315
-0.668315
0.295111
-0.423985
0.250421
1.07559
1.07559
0.806018
1.48935
1.48935
0.898364
0.644769
0.644769
0.644769
0.644769
0.495941
1.44663
1.16939
1.16939
0.768764
-0.127663
-0.902487
-1.00474
-0.241597
0.730877
0.802287
0.99708
1.32929
1.32929
1.47643
1.29638
0.959265
0.426638
0.658983
0.45566
0.749527
0.641032
0.514602
-0.216941
-0.962017
-0.193677
-0.845313
-0.845313
-1.71685
-1.71685
-0.971425
-0.129726
0.552761
-0.141628
-0.836524
-0.0504196
0.526483
0.526483
0.937558
0.593712
0.593712
0.235905
0.230806
0.774648
0.774648
0.774648
1.38619
1.38619
1.38619
1.38619
1.45098
1.45098
0.689948
1.05446
1.05446
0.920671
1.4642
1.29879
1.29879
1.05292
1.08107
1.31388
0.528655
0.673296
0.97073
1.31786
1.31786
1.31786
1.31786
1.31786
0.928562
0.810743
0.15175
-0.687439
-0.515935
-0.575829
-0.44139
0.018033
-0.299473
-0.816379
-0.816379
-0.100509
0.828754
0.828754
0.828754
0.828754
0.506317
0.857638
0.589545
0.865113
0.865113
0.00447354
0.0866322
0.203283
-0.271727
0.389912
0.301844
0.0684855
0.395655
0.841272
0.449217
0.670111
1.06257
1.24195
1.24195
1.24195
0.994108
1.04227
1.04227
1.04227
1.04227
0.31169
-0.140751
0.102079
0.901308
0.901308
0.562665
0.766135
0.133914
0.368799
0.287639
1.07887
1.012
0.0775417
0.288649
-0.653826
-0.625066
-0.498609
-0.917612
-1.08113
-0.16325
-0.900505
-0.900505
-1.40381
-1.40381
-1.40381
-1.39325
-1.28012
-1.28012
-1.28012
-0.460734
0.0330601
0.961833
0.863758
1.18943
1.65033
1.65033
1.65033
1.65033
1.52589
1.52589
0.832787
0.832787
0.943497
0.943497
1.00957
0.633007
-0.351209
-0.830085
0.0117348
-0.910619
-0.0280705
-0.114595
-0.478599
-0.282004
0.228522
0.921104
0.921104
0.921104
0.106851
-0.429022
-0.429022
0.0159168
0.242145
0.296689
-0.0973199
0.241037
0.95352
1.43944
1.43944
1.43944
1.55063
0.617979
0.0394082
0.311941
0.0268999
1.00086
0.454585
0.273924
-0.564968
0.115934
-0.669509
-0.897701
-1.14073
-0.400003
-0.400003
-0.400003
0.529338
1.16801
0.582672
0.582672
0.413106
1.24443
1.24443
1.31076
1.31076
1.31076
1.41444
1.31052
1.31052
1.04581
1.50388
1.35859
1.35859
1.35859
0.640368
1.25298
0.812372
0.473145
0.473145
0.473145
0.943317
1.45541
1.74618
1.2554
0.56615
-0.297386
-0.323745
-0.366652
-0.396392
0.00872738
0.544994
-0.21297
-0.889634
-0.889634
-1.14055
-0.699408
-0.175312
0.82111
1.47005
1.47005
1.06648
0.554736
0.554736
-0.346534
-0.346534
-0.403587
-0.177952
-0.622264
-0.622264
-1.27688
-1.27688
-1.27688
-1.27688
-1.4916
-1.4916
-1.00125
-0.134789
0.329146
0.00959848
-0.223482
-0.475272
0.524418
0.14445
-0.0119271
0.112135
0.18707
-0.326767
-0.326767
0.174818
1.13887
0.201518
0.170263
-0.0876673
-0.985218
-0.602656
-0.652116
-0.652116
-0.0489791
-1.03876
-1.08902
-1.08902
-0.59079
-0.59079
-0.0225836
0.084515
-0.436447
-0.291155
-0.141874
-0.451022
-0.421753
-0.17322
0.576315
0.199905
-0.707855
-0.707855
-0.45547
-0.45547
-0.45547
-1.22994
-0.612039
-0.160775
-1.00173
-1.23383
-1.23383
-1.34072
-1.34072
-1.34072
-1.12193
-1.12193
-0.491036
-0.893596
-1.5143
-1.5143
-1.5143
-1.5143
-0.642792
0.15938
0.38073
-0.59073
-1.55809
-1.55809
-1.16024
-0.484419
-1.03805
-1.03805
-0.831915
-0.831915
-0.174943
-0.43431
-0.819345
-0.925114
-0.341967
0.601352
0.863451
0.863451
0.516575
-0.427099
0.3647
0.835913
0.835913
0.481201
-0.408182
-0.469096
-1.17474
-1.65209
-1.65209
-1.76735
-1.79539
-1.79539
-1.0644
-0.168943
-0.49045
-0.720823
-1.0101
-1.0101
-0.205244
0.216258
1.12588
0.155988
0.456935
-0.146183
-0.298068
0.656498
0.656498
0.32588
1.21631
1.18338
1.18338
0.672732
1.15089
1.15089
1.15089
0.228088
0.120377
-0.11769
-0.97842
-0.97842
-0.250843
-0.26068
-1.05849
-0.609288
-0.609288
-0.609288
-0.609288
-0.0768666
-1.07585
-1.62103
-1.68871
-1.68871
-1.68142
-1.68142
-1.68142
-1.68142
-0.85351
-0.289244
-1.08279
-0.542605
-0.00343491
-0.369118
0.521317
1.19463
1.0756
1.0756
0.518301
0.565135
0.848061
0.200991
-0.317324
-1.25109
-1.25109
-0.302377
-0.0885163
-0.341476
-0.311604
-0.802006
-0.161448
-0.635418
-0.125081
0.262828
1.11269
1.48016
1.48016
1.43181
1.43181
1.43181
1.46212
1.46212
0.630982
0.414194
-0.0630485
-1.05294
-1.05294
-0.767479
-1.61524
-1.61524
-1.26266
-0.753708
-0.0157452
-0.671399
-0.529981
-0.529981
-0.529981
-0.455955
0.525692
0.369905
1.05325
1.05325
0.953507
1.78155
0.786733
0.950002
1.19634
0.259608
0.193116
1.18907
1.3247
0.680309
0.809369
0.310066
-0.341328
-0.341328
-0.42496
-1.3693
-0.790616
-0.618732
-0.618732
-0.50727
-1.39641
-0.695538
-1.14288
-1.14288
-1.8235
-1.2921
-1.31984
-0.919267
-0.919267
-1.23032
-0.514855
0.0444838
-0.388301
-0.0921081
0.00122879
-0.173494
0.0586877
-0.29885
-0.0234308
0.769711
0.769711
1.11798
0.179981
0.241367
0.266031
-0.268335
-0.771027
-0.225774
-1.02959
-1.02959
-0.264621
-0.960567
-0.701575
0.28859
0.842105
1.33716
1.06364
1.06364
1.01413
0.357894
0.680462
1.09585
1.09585
1.09585
1.09585
1.13685
0.677133
0.735195
0.828569
0.746663
0.746663
0.746663
0.469417
0.118203
-0.784241
0.175422
-0.390834
0.431863
1.11829
0.219744
0.917426
0.749278
0.749278
1.19091
1.20685
1.20685
0.996514
0.996514
0.709017
1.12053
0.719833
0.719833
0.719833
0.66103
0.491461
-0.163977
-1.06074
-1.16231
-1.16231
-0.566647
-0.566647
-0.836713
-0.608996
-0.608996
-0.608996
-0.608996
0.292092
-0.47521
-0.200998
-0.618357
-0.618357
-0.618357
-0.618357
-0.722861
-0.333377
0.666121
0.666121
0.734318
-0.0413793
-0.0267815
-0.631704
-0.631704
-1.13675
-1.13675
-0.506392
0.0588856
-0.780889
-0.0575796
-1.05403
-1.15147
-0.892009
-0.259822
-0.273099
0.0190232
-0.0436501
-0.533251
-1.47503
-1.3706
-0.769269
-0.195257
-0.985262
-0.963676
-0.963676
-1.60759
-1.17359
-1.17359
-1.17359
-0.430481
-1.28763
-0.415494
-0.989436
-0.45009
-0.661567
-0.245025
0.59023
0.195531
-0.42795
-0.862562
-0.617226
-0.617226
-0.485781
-0.727558
-1.02875
-0.796782
-0.543194
-0.00236324
0.365685
1.22564
0.7403
0.713055
0.569853
1.0635
0.437984
0.756328
0.756328
0.613615
0.972574
1.6747
0.890528
1.52873
1.52873
1.52873
0.789163
1.2678
1.2678
1.2678
0.273808
0.167959
0.896125
0.896125
0.381198
-0.333114
-0.834395
-0.834395
-0.834395
-0.0946813
-0.721657
-0.721657
-0.721657
0.241651
0.884994
0.884994
0.884994
1.36329
1.23775
0.889829
0.0740264
0.17497
0.48099
-0.509225
0.0597773
0.820779
1.26189
1.26189
1.26189
1.26189
0.284218
0.882183
1.02956
1.02956
0.0597834
-0.655215
0.128395
-0.159255
-0.261574
-0.228332
0.626848
0.817524
0.634729
0.173319
-0.132059
-0.875056
-0.0482212
0.306221
1.0209
0.17241
0.466361
0.766326
-0.0844737
0.393739
-0.131433
0.812583
0.812583
0.0209115
-0.967725
-0.967725
-1.04595
-1.04595
-0.5109
0.153704
0.874028
0.451602
0.451602
0.451602
0.451602
0.451602
0.451602
-0.0784187
0.150076
-0.129129
0.628136
0.52718
0.52718
0.848905
0.848905
1.22987
1.11048
1.54427
1.74247
1.74247
1.22301
0.662442
0.951335
1.66832
1.02057
1.02835
1.02835
0.611223
-0.202092
-1.16137
-1.16137
-0.687537
-0.614549
-0.614549
0.0257587
0.636138
0.982705
0.643749
0.779584
1.51791
0.830639
0.830639
1.64784
1.64784
1.64784
1.64784
1.64784
1.67829
1.67829
1.67829
1.31583
1.03867
0.501868
0.0311695
0.80566
0.80566
1.3746
1.40248
0.729631
0.729631
0.0725683
0.241198
1.17347
1.17347
1.18059
0.683023
0.107989
0.861277
0.777609
0.80885
1.18116
1.18116
1.18116
1.18116
1.00894
1.20399
0.625482
0.144161
0.0427775
1.02183
1.02183
1.02183
1.02183
0.442952
0.999921
0.999921
0.939491
0.939491
0.939491
0.939491
0.939491
0.961647
0.0730633
1.0709
0.420781
0.574532
-0.0810038
0.245392
-0.633508
0.330221
0.368623
0.696099
0.696099
0.696099
-0.0137723
-0.744598
-1.16413
-0.703235
0.0386166
0.13806
-0.843567
0.027976
0.438701
0.396892
0.16855
-0.356012
-0.0181734
0.938201
1.09086
0.957523
0.143074
0.0127468
0.49124
-0.282145
0.376166
0.376166
0.376166
-0.254186
-0.761
-0.761
-0.877143
-0.77124
-1.00886
-1.00886
-0.533035
-0.533035
-1.18184
-0.337188
-0.755907
-0.369456
-0.648626
-0.73002
-0.73002
-1.18605
-1.18605
-0.75906
-1.23135
-1.11351
-1.11351
-0.942426
-0.420642
-1.26025
-1.26025
-1.26025
-1.3072
-0.710469
-0.423956
-0.0381795
0.217278
-0.318853
-1.30459
-1.30459
-1.30459
-0.500468
-0.500468
-0.97258
-0.818949
-1.28498
-1.28498
-1.28498
-1.28498
-1.28498
-1.28498
-1.28498
-1.28498
-1.03868
-0.712101
-0.54448
0.404715
0.66903
0.163241
-0.496987
-0.496987
-0.849447
-0.849447
-0.763059
0.0123128
0.192359
0.319383
0.742736
0.742736
0.742736
-0.0693745
-0.512293
-0.409746
-1.36926
-1.36926
-1.36926
-1.27781
-0.866335
-0.016916
0.206243
0.654026
0.633826
-0.140622
-0.698295
-0.698295
-0.833218
-0.338435
-0.338435
-1.26794
-0.655472
-0.580161
-0.580161
-0.580161
-0.580161
-1.06032
-0.679366
-0.679366
-0.679366
-0.679366
-0.989127
-0.796648
-0.796648
-0.216748
-0.0723244
-0.319108
0.433394
0.423282
0.980077
0.980077
0.0451825
-0.722115
-0.722115
-0.722115
-0.717975
-0.717975
-0.56311
-0.779679
-0.633589
-0.0836261
0.06158
-0.503912
-0.76475
-0.127232
-1.10787
-1.41305
-1.41305
-0.450043
-0.714524
-0.659654
-0.886654
-0.886654
-0.886654
-0.040606
-0.907674
-0.299516
0.5538
0.5538
-0.0154202
-0.710633
-0.710633
-0.565051
0.208329
0.645883
-0.157446
0.258236
0.35484
0.568864
0.568864
0.309948
0.226969
-0.412131
-0.484218
-0.887626
-0.887626
-0.887626
-0.887626
-0.0679387
0.350413
0.0343225
0.423803
-0.568805
-0.551613
-1.37801
-1.37801
-1.13012
-1.13012
-1.02115
-0.988724
-0.988724
-0.27206
0.325276
-0.362742
0.203929
0.361386
0.925089
0.925089
-0.0433859
0.931532
1.03531
0.799317
0.799317
0.799317
0.922342
0.316616
-0.0549528
-0.437174
-0.855073
-1.63555
-0.640869
-1.12895
-0.838606
-0.838606
-0.838606
-0.838606
0.0961722
0.599631
1.39969
0.589534
1.49302
1.49302
0.627107
0.627006
0.0850707
0.222497
0.837641
0.491426
1.42251
1.83327
0.989987
1.58836
1.45897
0.535414
0.535414
0.535414
0.535414
0.77863
0.400591
0.199197
-0.0449118
-0.0975079
0.624273
1.42774
1.42774
0.501921
0.542916
0.542916
0.727051
0.727051
1.33309
1.33309
1.33309
0.906558
0.502201
-0.481519
-0.202269
-0.782763
-0.782763
0.203997
0.600219
0.748469
0.157225
0.672698
0.672698
0.288747
-0.557258
-1.20696
-1.20696
-1.20696
-1.01369
-0.202606
0.173823
-0.652015
0.242765
0.393879
0.393879
0.393879
-0.310571
0.184813
-0.274323
-1.2142
-1.2142
-0.810672
0.170282
1.16097
1.30959
0.754905
0.451217
0.204809
0.857415
0.498801
1.16748
0.914571
1.06555
0.277149
0.687823
0.623305
1.60718
1.60718
1.60718
1.94538
1.9319
1.02509
1.45382
1.45382
1.45382
0.488727
0.438787
0.615286
1.01658
1.30418
0.596295
0.745843
1.41955
1.41955
1.41955
0.728566
0.728566
0.236449
-0.734321
-0.734321
-1.16893
-0.833004
-0.205596
0.770868
1.01732
1.01732
0.698374
0.136969
-0.333171
-0.456691
-0.713374
-0.797146
-0.619331
-0.071231
-0.643129
-1.39142
-1.39142
-1.39142
-1.39142
-1.39142
-1.70002
-1.70002
-1.70002
-1.62808
-1.62808
-1.62808
-1.62808
-1.43205
-1.43205
-1.43205
-1.70811
-1.70811
-0.99714
-1.50258
-1.50258
-1.50258
-0.690687
-0.690687
-0.690687
-1.02511
-1.22215
-0.613213
-0.339377
0.521727
0.500884
0.142737
0.504205
0.996116
0.996116
1.27284
1.10744
0.187679
0.442283
0.790282
0.790282
0.895395
0.895395
1.18691
1.51559
1.51559
0.516636
0.516636
0.310393
-0.102454
0.798476
0.798476
0.663579
0.691576
0.663164
0.663164
0.566901
1.14503
0.365672
-0.0131014
0.493312
0.260134
-0.59755
-0.59755
-0.968697
-0.88858
-0.0339996
-0.575574
-0.719032
-0.719032
-0.529845
-0.312863
-0.989626
-0.989626
-0.989626
-0.894285
-1.2459
-1.2459
-0.621006
-0.244222
-0.983469
-0.983469
-0.314694
-1.04834
-1.04834
-1.04834
-0.43708
-0.683687
0.224084
0.0686424
-0.695557
-0.283752
-0.501382
-1.41453
-1.41453
-1.41453
-1.42977
-1.23483
-0.33326
0.435671
0.268165
0.204694
0.204694
0.395819
-0.521891
-0.521891
-0.095176
-0.48617
-0.322432
0.246921
1.01359
1.01359
1.61079
1.27653
0.425351
-0.0632805
-0.510438
-0.510438
-0.510438
0.241494
-0.0042168
-0.879195
-0.913614
-0.913614
-0.612695
-0.318383
-1.03488
-0.124887
0.354658
0.0265083
0.230954
0.618753
0.618753
0.187032
0.323535
0.384013
0.274117
-0.531726
-0.637394
-0.781731
-0.816412
-0.816412
-0.816412
-0.816412
-0.649493
-1.44997
-1.44997
-1.44997
-1.24443
-1.24443
-1.24443
-0.659524
-1.08395
-1.08395
-1.26361
-1.2903
-1.10472
-1.06262
-0.0634855
0.830897
0.231793
-0.729909
-0.729909
0.222551
-0.118872
0.669953
0.348407
1.28513
1.28513
1.29223
1.45489
1.35814
0.58433
0.58433
0.590006
0.590006
0.590006
-0.0263724
0.0339089
0.0982635
0.193118
-0.257313
0.264097
0.294276
-0.414742
-1.37618
-1.24362
-1.18285
-1.18285
-1.18285
-1.18285
-1.18285
-0.967676
-0.418772
0.566102
1.09697
1.09697
0.337069
-0.504907
-0.504907
-0.504907
-0.645939
-0.197393
-0.610254
-0.841914
-0.0433899
-0.164605
-0.122313
0.445686
1.23261
0.907166
0.908569
0.908569
1.11944
1.11944
0.703211
1.5016
1.01896
1.01896
1.02388
0.5911
0.221295
0.195438
0.441686
0.950518
0.17112
0.773669
0.773669
0.3558
1.05372
1.05372
1.05372
1.03421
1.03421
0.993518
0.226332
-0.144615
-0.0901769
0.739215
0.0543394
0.611971
0.495164
-0.380262
0.460357
0.460357
-0.0867974
-0.782483
-0.975038
-0.975038
-1.70311
-0.85999
-0.900225
-0.369832
-0.253141
-0.437878
-0.78988
-0.860026
0.00776541
-0.47807
0.511258
0.194171
0.176354
-0.543115
-0.194031
0.468286
0.806061
0.827707
1.20621
1.20621
0.671755
1.00981
1.19394
1.19394
1.19394
1.19394
0.863089
1.108
1.108
0.166162
0.842599
0.664242
-0.136979
0.0401001
-0.681491
0.243384
-0.000409982
0.722148
1.12036
0.249481
-0.613016
-0.68155
-0.769718
-0.217841
0.649117
0.649117
1.11966
0.576594
0.576594
-0.212898
-0.715065
-0.715065
-0.715065
-0.385672
-1.23072
-0.952958
-0.167813
-0.47382
0.0601417
0.972222
0.972222
0.113333
0.113333
0.86171
0.86171
0.959205
0.694897
0.186673
0.689633
0.689633
1.11273
0.814584
0.359132
-0.635965
0.242339
-0.620253
-0.620253
-0.620253
0.0296459
0.661424
0.661424
0.139468
0.861988
0.861988
1.32666
0.502687
0.351485
0.785517
0.664752
0.62378
0.62378
0.231739
1.18319
0.854374
1.25873
0.930451
0.884727
0.884727
0.635575
0.930524
0.38243
1.03558
1.22389
0.352854
0.859528
1.06207
1.06207
1.06207
0.828457
0.828457
0.557913
0.977037
1.30274
0.585224
0.150209
0.408526
0.941145
0.941145
0.541279
-0.0456624
-0.732227
-0.732227
-0.732227
-0.80801
-0.691163
-0.691163
-0.691163
-0.43802
-0.207731
0.691818
0.301976
1.08937
1.08825
1.08825
1.08825
1.08825
0.467982
0.156945
0.608292
0.608292
-0.100048
-0.403932
-0.597173
0.110306
0.48314
0.200204
-0.158762
0.297057
0.333022
0.522029
-0.423651
0.178355
0.291674
0.527625
-0.333473
-0.598243
-0.687344
-0.655511
-0.655511
-0.655511
-0.655511
-0.655511
-0.965898
-0.0882372
-0.0874631
0.286199
-0.628609
-0.628609
-0.628609
-0.628609
-0.628609
-1.05655
-0.797541
-0.797541
-0.797541
-1.06455
-0.898024
-0.898024
-0.50552
-0.0694565
0.240216
-0.384142
0.381125
-0.366597
-0.946303
-0.123726
-0.765765
-0.765765
-0.538452
-0.691279
-0.112263
0.749907
0.706034
0.0878558
-0.234579
0.761675
0.761675
0.761675
0.485788
-0.112753
0.0706604
1.01317
1.01317
1.01317
1.01317
0.191416
-0.101715
-0.330846
-0.64617
-0.848229
-1.0383
-1.43537
-0.920382
-0.454399
0.338699
0.25963
0.28638
0.906219
0.694683
0.345629
-0.109505
0.477486
0.234122
-0.152854
-1.09479
-0.867203
-0.867203
-0.867203
-0.804199
-0.988386
-0.675247
-0.955996
-1.12338
-1.19185
-0.704467
-0.662307
-0.662307
-1.34481
-0.714973
-0.888223
-0.586911
-0.621087
-0.46591
-0.359017
-1.05944
-1.05944
-1.05944
-0.147365
0.763855
0.763855
-0.0740416
0.69151
1.02907
0.670524
0.855985
0.855985
1.10943
1.10943
0.139552
-0.811774
-1.22804
-1.22804
-1.22804
-1.22804
-1.32783
-1.32783
-1.22185
-0.977157
-1.20307
-0.81358
-0.81358
-0.81358
-0.81358
-0.81358
-0.129445
0.281915
-0.260353
0.253335
0.410231
0.1285
0.902038
0.902038
0.381024
-0.591451
-1.10669
-0.389792
-0.725962
-0.938875
-0.893754
-0.893754
-0.893754
-0.893754
-0.0932584
0.267035
0.244067
-0.353698
-0.393862
-0.682269
-0.682269
-0.682269
-0.49558
-0.391766
-1.14733
-0.331488
-1.31395
-1.01723
-1.01723
-1.01723
-1.01723
-0.785764
-0.785764
-0.785764
-0.215775
0.0593635
-0.460343
-0.460343
-0.778938
-0.189262
0.343163
0.0578657
-0.0222222
0.288271
0.288271
0.639566
-0.0827102
-0.928371
-0.147675
0.224978
-0.0408074
-0.9067
-0.394885
0.129007
-0.58925
-0.58925
-0.134899
-0.499621
-0.587547
-1.31578
-1.31578
-1.07694
-0.311269
-0.311269
-0.849429
-0.512566
-0.512566
-0.949319
-0.949319
-0.638743
-0.790653
0.0694766
-0.908593
-0.908593
-0.908593
-0.918371
-1.66119
-1.67512
-1.67512
-0.71335
-0.525979
0.373884
0.504108
0.504108
1.08114
0.691001
0.125015
1.03688
0.731355
0.731355
0.796659
-0.0658408
-0.0479527
0.303283
0.481642
1.02591
1.02591
1.07527
0.358915
0.969834
0.012054
-0.728545
-0.18727
0.519187
0.519187
0.809502
0.809502
0.59978
0.298283
0.298283
-0.160255
-0.741894
-0.82995
-0.82995
-0.82995
-0.82995
-0.82995
-0.906702
0.0774937
0.87796
0.497793
0.320765
0.929865
0.929865
0.929865
0.505569
0.31629
0.31629
-0.310286
-1.05035
-0.838256
-0.599278
-0.599278
-0.599278
-0.235853
0.402774
0.725102
0.394288
0.394288
0.73772
0.73772
0.73772
0.945125
1.21901
1.40428
1.40428
0.950843
0.950843
0.476765
1.05555
1.20461
1.20461
0.974221
0.974221
0.756594
0.348044
1.02331
1.02331
1.11563
0.783117
0.115488
0.140047
-0.692462
-0.00308521
-0.443338
-0.722304
-0.722304
-1.47002
-1.47002
-0.585611
-0.585611
-1.31855
-1.0058
-1.0058
-1.0058
-1.0058
-1.0058
-1.0058
-1.0058
-0.781061
-0.88923
-1.28449
-1.35286
-1.35286
-0.93808
-0.916379
-0.916379
-0.594742
-1.19592
-1.02609
-0.465827
-0.226482
-0.194974
-0.958879
-0.958879
-1.45478
-1.33035
-0.335849
-0.840415
0.142255
-0.436342
-0.915243
-1.52632
-0.73428
-0.526566
-1.32087
-1.4867
-0.712447
-1.24498
-1.2079
-1.2079
-1.2079
-0.406652
0.352724
0.384021
1.06603
0.471795
0.715341
0.715341
0.199628
-0.167909
-0.879013
-0.879013
-0.879013
-0.897631
-0.897631
-0.207504
0.196564
1.04848
1.04848
0.980135
0.980135
0.941731
0.338527
0.35771
0.749389
-0.191602
-0.595072
-1.02547
-1.00168
-1.00168
-0.30017
0.198462
-0.033404
0.362418
0.362418
0.116458
0.91893
0.939032
0.425725
0.987811
0.835057
0.835057
-0.013268
0.688874
-0.144369
0.0309442
0.435266
0.435266
-0.396677
0.508618
0.786188
0.356054
0.611946
0.611946
0.611946
0.611946
1.02255
0.708846
0.708846
1.00973
1.00973
1.00973
1.15199
1.15199
1.15199
1.15199
0.187901
0.187901
-0.649605
-0.839519
-0.75085
-0.487168
-0.998027
-0.97599
-0.44936
0.479964
0.61791
0.61791
-0.0781888
-0.279783
0.231803
0.201755
0.777813
0.777813
0.430087
1.15834
0.604146
0.604146
0.604146
0.604146
0.471862
-0.0754221
-0.825791
-0.539347
-1.44444
-1.44444
-1.44444
-0.70972
-1.03793
-1.03793
-0.77757
-0.327132
0.395796
0.271194
0.271194
1.11261
0.271874
1.04153
1.08094
1.34937
1.34937
1.34937
1.31521
1.31521
0.796693
0.695247
1.07552
1.09159
1.09159
1.09159
1.09159
0.782909
0.663581
0.816579
-0.0633354
-0.163586
-0.920319
-0.920319
-0.920319
-0.712359
-0.61526
-0.61526
0.33627
0.922228
0.0124761
0.779145
0.0306945
0.973783
0.973783
1.17399
1.17399
1.17399
0.622022
-0.33552
0.421037
0.743286
-0.179246
0.310433
-0.307922
-0.893745
-0.400469
-0.620331
-0.914172
-0.393993
-0.451917
-0.058886
-0.90092
-0.572627
-0.572627
0.150759
-0.538726
0.230777
0.19679
0.389824
1.09234
0.771515
0.381661
1.29173
1.53508
1.41324
1.41324
0.679787
1.17518
0.799001
1.37383
0.640456
0.323419
1.16962
1.16962
1.07404
1.07404
1.07404
0.433696
0.997274
0.283887
-0.243528
0.037018
-0.775322
-0.609667
-1.1633
-1.1633
-1.29062
-0.67677
-0.834224
-0.273125
-0.712302
-0.712302
-0.712302
-0.600026
-0.933574
-0.933574
-0.347303
-0.738986
-0.996135
-1.21548
-0.544653
0.365264
1.06595
1.0626
1.0626
0.780574
0.780574
0.321068
0.583669
0.553203
1.37367
0.464696
-0.0193588
0.6898
0.425227
0.0199232
0.543077
0.236825
1.06732
0.293441
0.293441
0.903175
0.903175
0.903175
0.903175
0.431016
0.00114951
-0.367857
-0.2496
-1.15799
-1.36593
-0.900425
-1.37164
-1.43966
-1.43966
-1.43966
-1.43966
-1.5183
-1.27185
-1.27185
-1.27185
-1.27185
-1.27185
-0.372862
0.342322
0.342322
-0.078944
-1.02926
-1.70889
-1.70889
-1.70889
-1.17094
-1.17094
-1.17094
-0.342776
-0.865132
-0.468005
0.112993
-0.772985
-0.529737
-1.17094
-1.1311
-1.50503
-1.2725
-1.2725
-1.34324
-1.43848
-1.11092
-0.211807
0.55402
0.55402
0.55402
0.55402
-0.0475566
0.595089
1.35884
0.81424
0.81424
0.578236
0.578236
0.768136
0.615593
0.615593
0.830172
0.830172
-0.0701847
-0.382256
-1.14106
-0.171957
-0.691694
-0.156906
0.0577499
-0.193182
0.762076
0.927926
0.927926
1.29796
0.73891
0.173588
-0.806382
-1.43957
-1.21451
-1.26977
-1.26977
-1.10017
-0.792851
-0.915291
-0.274139
0.390386
0.218374
-0.779832
-0.779832
-1.6083
-1.36015
-0.970421
-1.39561
-1.39561
-0.828234
-1.43319
-1.43319
-0.687782
-0.0778636
0.520152
1.27083
0.280246
0.562228
1.26387
1.26387
1.26387
0.962496
0.727113
-0.0648366
-0.213478
-1.01352
-1.01352
-0.412124
-0.729845
-0.207551
-0.712053
-0.712053
-0.712053
0.0492328
0.876271
0.3706
0.461122
-0.279128
-0.516113
-0.546208
-0.546208
-0.371824
-0.992225
-0.423444
0.472314
0.693732
1.0771
0.604787
0.466793
0.439221
0.439221
0.439221
1.19782
1.19782
0.287306
0.876009
0.884602
0.884602
0.390062
0.390062
-0.375742
-1.32559
-0.985505
-0.442027
-1.19071
-0.249534
-0.490414
0.306659
-0.0380371
0.00447616
0.00976167
0.172242
1.00714
1.00714
1.00714
0.45829
0.799491
-0.0757139
-0.00599714
-0.184065
-0.430607
-0.376912
-0.647607
-1.10395
-1.10395
-0.615471
-0.121988
-0.53711
-0.793871
0.0411192
0.960483
0.960483
0.960483
0.387483
0.759235
0.759235
-0.0378622
-0.955841
-0.493775
-0.493775
-0.938649
-0.761069
-0.761069
-0.761069
-0.761069
-0.821529
0.0812944
-0.325984
-0.724223
-0.724223
-0.724223
-0.724223
-1.14669
-0.952703
-1.36342
-1.36342
-0.708526
-0.708526
-1.22332
-1.22332
-1.22332
-0.442569
-0.396709
-0.523249
-0.711385
-0.711385
-0.758488
-0.758488
-0.541928
-0.594466
-0.689765
-0.689765
-1.13205
-0.523669
-0.941881
-1.62108
-1.11805
-1.11805
-1.08442
-0.699
-1.0549
-1.06625
-1.06625
-1.22663
-1.22663
-0.957626
-0.455861
-0.903765
-1.09405
-1.3219
-0.789058
-0.771195
-0.127156
0.319097
0.342502
0.795535
0.528397
1.1953
1.32833
0.422321
0.696538
1.1134
1.1134
0.808636
0.415568
-0.00239483
0.233791
-0.48747
0.468183
0.460819
-0.0927314
-0.721435
-0.992239
-0.40751
-1.10716
-0.832289
-1.66212
-1.66212
-1.66212
-1.66212
-1.1684
-1.80383
-1.20451
-1.20451
-1.08653
-1.08653
-0.667254
-0.667254
-1.48835
-0.517132
-0.583188
-0.677307
-0.677307
-0.125613
0.243624
0.243624
1.16405
0.754823
0.754823
0.754823
0.980063
1.34985
1.11413
0.610568
0.870518
0.997252
0.841854
0.841854
0.841854
0.00385839
0.973536
0.973536
0.973536
1.32439
1.00185
1.00185
0.732068
0.62683
1.26655
0.288786
0.668041
0.668041
0.668041
1.18941
0.255173
0.255173
0.549334
0.913424
1.0007
0.314037
-0.506159
-0.506159
-0.758032
-1.20989
-1.20989
-1.20989
-0.580998
-0.992321
-0.992321
-0.0420393
-0.848554
-0.981981
-0.981981
-0.135261
0.173934
-0.657544
-0.332442
-1.1835
-1.1835
-1.1835
-0.843366
-1.30997
-1.20836
-1.23192
-1.23192
-0.474421
-0.426446
-1.05389
-0.968759
-0.968759
-0.803071
-0.803071
-0.58453
-1.49688
-1.06274
-1.03195
-0.669607
-0.177111
-0.111305
-0.459712
0.0288738
1.01062
0.333106
0.744961
1.11162
1.11162
1.19309
1.19309
1.39343
1.39343
1.39343
1.64566
1.64566
1.64566
1.64543
1.10768
0.959313
0.953344
0.969512
0.65926
0.65926
-0.213022
0.567586
0.763418
1.19619
0.536815
0.536815
0.0992922
-0.526244
-0.965308
-0.965308
-0.570369
-0.86166
-0.86166
-0.86166
-0.86166
-0.231819
0.359182
1.21903
1.21903
0.815626
0.606878
1.2904
1.31362
0.822549
0.732935
0.694206
1.14198
1.14198
1.14198
0.714653
0.782181
-0.106307
0.492901
-0.2857
-1.16727
-1.16727
-1.39747
-1.39747
-1.45138
-1.45138
-1.45138
-1.11639
-1.12839
-1.07651
-1.09307
-1.09307
-1.09307
-0.758793
-0.914915
-0.549901
-0.562254
-0.584443
-0.511969
-1.06148
-1.13544
-1.13544
-0.593157
-0.593157
-0.9992
-0.9992
-0.9992
-0.687312
-1.21328
-1.11874
-1.95639
-1.4169
-1.2539
-1.3059
-0.415062
-0.317568
0.541425
0.541425
1.14047
1.14047
1.14047
1.06251
0.2073
1.099
0.880306
0.880306
0.941615
0.941615
0.941615
0.455224
0.911648
1.03719
0.981143
0.981143
0.16825
0.0474037
0.861135
0.861135
1.01278
0.0556775
-0.486385
-0.727191
-0.252443
0.393612
-0.544491
-0.544491
-1.12468
-1.12468
-0.455245
-0.910926
-0.864992
-0.00294722
-0.00494616
-0.330969
-0.394879
-0.575353
0.0987493
0.145825
-0.0979284
-0.882311
-0.469745
-0.855308
-0.855308
-0.756926
0.0273866
0.126045
0.794693
0.794693
0.794693
0.466904
0.920627
-0.067206
0.147688
0.172154
1.07783
1.07783
1.46027
1.46027
1.46027
1.46027
1.46027
1.46027
1.35616
1.08205
0.507359
-0.094259
-0.35464
-1.16064
-0.982956
-1.54947
-1.51923
-1.51923
-0.691864
-0.225137
-0.215318
-1.00853
-1.81353
-1.81353
-1.81353
-1.972
-1.972
-1.97375
-1.86607
-1.7399
-1.7399
-2.02418
-2.02418
-1.27041
-0.802101
-1.11884
-1.27738
-0.581112
-0.772162
-0.846325
-1.37842
-1.37842
-1.27253
-1.56547
-1.56547
-1.56547
-1.56547
-1.56547
-1.9881
-1.11351
-1.11351
-1.11351
-1.11351
-1.11351
-0.832689
-0.289377
-0.43172
0.518318
0.360649
1.30497
0.381654
0.555706
0.555706
0.555706
0.737579
0.737579
0.118501
-0.132076
0.446496
-0.52264
0.154078
0.822704
0.592919
0.592919
0.622169
0.140256
-0.0848844
-0.653102
-0.785517
-0.785517
-0.0973877
0.901062
0.765955
0.0282619
-0.354409
-0.0965211
0.723371
0.723371
0.723371
0.548006
-0.22841
-0.289875
-1.0009
-1.0009
-0.821511
-0.821511
-0.962408
-0.223139
-0.382277
0.284322
0.454631
0.454631
0.606861
-0.373129
0.380984
-0.394817
0.0283796
0.869318
0.889598
0.279328
0.41973
0.240867
0.494192
-0.260733
-0.846576
-0.846576
-0.959166
-0.588578
-1.00852
-1.00852
-1.07183
-1.07183
-0.350543
-0.350543
-1.08377
-1.10637
-1.10637
-0.548785
-0.222195
0.159683
-0.671023
-0.671023
-0.652558
-0.392611
-1.08825
-1.5671
-1.5671
-2.21511
-2.21511
-1.65344
-1.09029
-0.661396
-0.661396
-0.709955
-0.941943
-1.00473
-1.00473
-0.757254
0.113133
0.0173009
0.652619
0.652619
-0.335174
0.584558
1.36407
0.978117
0.733305
0.461746
0.558899
0.497864
0.568329
0.371229
0.600585
0.600585
1.59928
0.835414
0.626723
0.626723
0.43757
-0.182827
0.690921
0.690921
0.499302
0.367997
0.367997
0.389259
0.72464
-0.258236
0.441713
0.715749
0.849188
-0.124032
-0.441835
-1.20253
-1.20253
-1.20253
-1.20253
-1.36533
-1.01422
-1.01422
-0.816499
-0.742555
-0.430604
-0.764652
-0.764652
-0.764652
-0.925218
-1.11126
-1.11126
-0.159898
-0.372946
0.319106
0.119023
0.953795
0.905876
0.944082
0.944082
0.710298
1.38096
1.02516
0.890029
0.890029
0.80099
0.991611
0.34779
0.713385
0.36453
0.82258
0.326729
1.08924
0.221385
1.10539
1.23917
1.23917
1.23917
1.23917
0.594408
0.594408
1.09518
1.54758
1.54758
1.54758
1.30658
1.30658
0.625181
0.233702
0.344244
0.343012
-0.640478
-0.146187
-0.0411327
0.75149
1.32145
0.654884
0.638365
0.242949
-0.20895
-0.425209
-0.621629
-0.0712875
0.711951
-0.0733986
-0.787917
-1.19603
-1.19603
-1.19603
-0.324482
-0.649341
-1.31947
-1.31947
-0.766088
-1.03765
-1.03765
-0.750881
-0.548481
0.0564035
0.276417
0.0696216
0.518727
0.785395
0.0600593
-0.193937
0.395651
1.24473
0.796065
0.796065
0.352622
0.0595406
0.780107
0.483457
0.159163
-0.705026
-1.474
-0.920952
-0.184119
-1.00838
-0.203707
-0.637991
-0.795261
-0.795261
-1.05868
-0.368356
0.18908
0.49883
0.49883
1.33539
0.39447
0.806098
0.487168
0.922246
0.23332
0.769109
0.185699
1.14025
0.83933
1.04966
1.04966
0.623589
0.763275
0.763275
0.987614
1.72312
1.07357
1.07357
0.238123
0.238123
1.01745
1.51919
1.38281
0.441014
1.06648
0.362178
0.631657
0.631657
0.631657
0.559001
0.559001
-0.00626645
-0.0148406
0.596398
0.596398
-0.235694
-0.889074
-0.488805
0.388953
0.494939
0.494939
0.494939
0.240369
0.788692
0.213907
0.926319
0.541083
0.844017
0.844017
0.98325
1.43293
1.43293
1.13533
1.458
1.458
1.77228
1.77228
0.947537
0.947537
0.947537
1.82895
1.17718
0.772505
0.773629
0.4098
-0.479204
-0.407473
0.59065
1.23234
0.309498
0.938772
0.33811
-0.42748
-0.42748
-0.214924
-0.620217
-0.452977
-0.560228
0.407937
0.45806
0.45806
0.791718
0.791718
0.791718
0.212458
0.712958
0.682791
0.682791
0.888022
1.24503
0.628811
0.628811
0.628811
0.628811
0.628811
0.636249
0.49455
-0.439847
-0.928508
-0.838533
-0.838533
-0.709478
0.0347951
-0.0583988
-0.0945523
0.698664
0.698664
0.652192
0.712709
0.973839
1.17209
1.17209
1.17209
1.17209
1.17209
1.81588
0.919037
1.14817
0.953156
1.36093
1.05325
1.09542
0.166532
-0.364416
-1.22223
-0.538409
-0.736601
-0.736601
-0.736601
-1.01177
-0.0983547
0.45234
0.758879
0.758879
0.758879
-0.00722886
0.926007
0.926007
0.243321
0.841575
0.841575
0.333994
-0.293479
-1.06181
-1.06181
-0.0623011
-0.73734
-0.73734
-0.935839
-0.935839
-0.665619
-1.04437
-0.665495
0.0910538
0.070358
0.821444
0.821444
-0.112131
-0.828279
-0.381375
-0.221978
0.0592273
0.818702
0.818702
1.00594
1.00594
1.27184
1.45141
1.34621
1.83491
1.83491
1.60543
0.662011
-0.0112128
0.0174848
-0.227143
0.724986
0.724986
0.0755213
0.639735
0.71931
0.829097
0.829097
1.4998
1.27754
0.725708
0.725708
0.725708
-0.183247
-1.04982
-1.34391
-1.34391
-0.949139
-0.231522
-1.16533
-1.16533
-1.55818
-1.55818
-1.55818
-1.16176
-1.16176
-1.27944
-1.35882
-1.35882
-1.35882
-1.35882
-1.35882
-0.900982
-0.489413
0.368658
0.368658
1.34315
1.34315
0.656107
0.931531
0.127137
0.30304
-0.112035
-0.515328
-0.187167
-1.06014
-1.06014
-1.06014
-1.06014
-1.06014
-1.06014
-1.06014
-0.208829
-0.444143
-0.541522
0.0503623
-0.898812
-0.855554
-1.011
-0.306016
-1.08995
-1.08995
-1.16221
-0.975245
-0.730411
-1.03047
-1.09001
-0.673174
-0.0560309
-0.0927385
-0.478175
-0.730496
-0.426222
-0.287815
-0.0355388
-0.975376
-1.45147
-0.765417
-0.42553
-0.574213
-0.116554
0.757921
-0.0420225
-0.0895952
0.110225
-0.82229
-0.82229
-0.981225
-0.498137
0.48809
0.856863
0.856863
0.986756
0.986756
0.986756
0.949886
0.654759
0.654759
0.0746673
-0.222577
0.274038
1.19047
0.398272
1.24568
0.979719
0.979719
1.23058
1.36635
1.36635
1.36635
0.507806
1.10506
0.69844
1.19866
1.19866
1.19866
1.19866
0.459959
-0.0672864
0.68677
0.68677
1.12811
0.965423
0.965423
0.965423
0.965423
1.21749
0.619613
0.619613
0.77261
0.77261
0.765754
0.769433
1.17154
1.12525
1.12525
1.13666
1.13666
0.330815
0.452837
1.12829
1.12829
1.02525
1.02525
1.02525
0.502818
0.556928
0.238628
0.979315
1.53823
1.22648
1.22648
1.0995
0.535382
0.535382
1.05433
1.05433
0.555288
1.13062
1.26936
1.14199
0.667468
0.667468
0.373924
-0.425469
-0.448024
0.155796
0.480242
0.480242
1.29567
0.90185
0.882286
0.11705
1.05333
1.05333
0.463483
-0.0779202
0.560262
0.560262
0.560262
0.43913
0.208164
0.146944
-0.0612514
-0.738867
-1.07498
-1.07498
-1.07498
-1.01131
-0.477767
-0.69525
-0.518844
0.343538
-0.0061812
-0.398102
-0.674081
-0.567763
-1.08279
-1.08279
-1.17934
-1.17934
-0.295587
-0.276509
-0.999471
-0.999471
-0.568716
-0.568716
-0.505646
-0.269789
-0.942647
-0.942647
-0.942647
-0.942647
-1.51743
-1.10086
-0.424508
0.428794
0.918804
0.0374216
0.506588
1.11065
0.429993
0.429993
0.633602
0.543145
0.580048
1.16312
0.744576
1.72611
1.4076
0.818692
0.818692
0.818692
0.967991
0.967991
0.967991
0.782079
1.38653
1.66406
1.66406
1.42106
1.0779
1.0779
0.39894
-0.341788
-0.427039
-0.541034
0.336055
0.914154
0.914154
0.800632
0.623221
0.623221
0.922775
1.34427
1.34427
1.51285
1.22696
1.22696
1.22696
0.840914
0.707926
1.23557
1.19186
1.19186
1.19186
1.19186
1.31157
1.08477
1.08477
1.08477
1.08477
1.08477
0.84566
0.856733
1.15077
1.29894
1.29894
0.705148
0.677515
1.42149
1.42149
0.685256
0.76363
1.18666
0.710638
0.710638
0.0148055
-0.0475761
-0.0637182
-0.59575
-0.59575
-0.992379
-0.478734
0.433751
-0.0878366
-0.126553
0.212718
-0.0293839
0.26346
-0.326712
-0.871559
-1.65527
-1.29856
-1.29856
-1.25051
-1.25051
-1.20943
-1.20943
-1.22421
-1.22421
-1.22421
-0.83106
-0.485676
-0.967911
-0.967911
-0.172098
0.357866
0.357866
0.385213
-0.546183
-0.371015
0.20065
-0.416549
-0.769676
0.124835
-0.765739
-0.601638
0.152294
0.967003
1.04417
1.08531
0.739303
0.739303
0.237682
0.863167
0.0510127
0.507128
0.366222
0.323803
-0.0662351
0.703389
0.348812
-0.430324
-0.430324
-0.670181
-0.181821
0.212059
0.320368
-0.458334
-0.721072
-1.04855
-0.671097
-0.273031
-0.399773
-0.659118
-0.835147
-1.1225
-0.233805
-0.233805
-0.604252
-1.00704
-1.00704
-1.00704
-0.523854
-0.523854
0.290725
-0.664721
-0.664721
-0.664721
-0.664721
-0.0851467
0.578041
0.630173
0.0907237
-0.618333
-0.618333
0.174317
-0.639963
-1.03202
-1.4696
-1.4696
-1.4696
-1.37012
-1.3159
-1.3159
-0.382972
-0.2531
0.628664
1.35858
0.828181
1.59482
0.78845
0.78845
0.742397
1.09649
1.054
1.054
1.054
1.054
0.707557
0.262255
0.0812037
0.356312
0.64299
1.06534
1.02937
1.02937
1.02937
0.9428
1.33074
1.24661
1.24661
0.627405
0.627405
0.627405
-0.299358
0.507742
-0.170305
-0.139018
0.381077
-0.223021
0.520178
1.24011
0.522325
-0.331199
0.135863
0.173766
0.428641
0.428641
1.04584
1.04584
1.04584
0.0969838
-0.401206
0.534445
0.485526
0.58261
1.11136
1.11136
0.573484
0.864492
1.10319
1.09028
1.09028
1.48915
1.42309
1.39476
0.998035
0.901425
0.871775
0.871775
0.871775
0.871775
0.366705
-0.590796
-0.590796
-0.589564
-1.33858
-0.920621
-0.21451
-0.182104
-1.144
-0.545921
-1.4891
-1.4891
-0.985305
-0.317805
-0.685282
-0.636079
-0.477701
-0.131318
0.0668075
0.862581
0.862581
0.862581
0.862581
0.862581
0.862581
0.862581
0.862581
0.221964
-0.263486
0.192579
0.00497876
0.68945
1.31674
1.53435
1.53435
0.881218
0.187087
0.0509522
-0.118898
-1.06515
-1.06515
-0.953226
-0.953226
-0.953226
-0.570826
-1.08764
-1.48987
-1.35329
-1.14337
-0.370709
-0.370709
-0.366781
-0.492362
0.20323
0.156864
1.14053
0.940287
0.940287
0.940287
0.438938
0.438938
0.116283
0.312466
0.617497
0.617497
0.0515833
-0.0709137
-0.519461
-0.902847
-1.1391
-0.769929
-1.17338
-1.17338
-0.694029
0.121114
0.723626
0.723626
0.716514
-0.0941328
0.136881
0.253293
0.912412
0.912412
0.912412
0.912412
0.912412
0.912412
0.912412
1.33093
0.946774
1.42405
1.42405
0.878086
0.0675514
0.257989
0.0860677
0.651119
1.30383
0.945499
0.765191
0.015679
0.481357
0.481357
0.0386626
-0.129502
-0.257202
-0.274532
-0.400163
-0.400163
-1.30434
-0.693552
-0.346487
-0.236877
-0.236877
-0.981215
-0.593615
-0.328646
0.334084
0.707405
0.882849
0.839199
0.839199
0.839199
1.23652
1.23652
1.59447
1.13054
0.705983
0.705983
0.378609
0.553338
0.2502
0.705002
0.924094
0.924094
0.924094
0.858522
0.769971
0.633303
0.916828
1.1491
1.82076
1.53244
1.30348
1.30348
1.34924
1.34924
0.628888
-0.22606
-1.08514
-0.266128
0.631565
-0.169795
-0.704463
-0.587647
-1.24601
-0.675122
-1.17565
-1.17565
-0.845533
-1.26715
-1.06941
-1.06941
-1.06941
-0.314846
-1.19867
-0.21364
-0.0999377
0.425672
0.425672
0.765055
0.765055
0.730101
0.730101
0.502971
-0.30718
0.305285
0.52567
0.52567
-0.158386
-0.476588
-0.768438
-0.686368
0.262317
0.711527
0.273356
0.0991993
-0.0539656
0.146698
-0.780023
0.0686057
1.03377
0.867749
0.867749
0.867749
1.05309
1.10321
1.13649
0.437799
-0.128082
-1.09493
-1.09493
-1.31639
-1.23492
-1.6265
-0.815038
-0.523392
-0.703451
-0.62049
-1.28364
-0.502275
0.157987
0.470346
0.393741
1.05059
1.28704
0.289996
0.693563
0.818429
0.116126
-0.0357955
-0.163218
0.593182
-0.334189
0.477786
-0.0206725
0.113007
-0.761836
-0.0469971
0.525329
0.848061
0.227916
0.465157
0.465157
0.40929
-0.412446
-0.412446
-0.152757
0.614093
0.150282
0.157436
-0.00353916
0.0239243
0.229524
-0.149754
0.517129
-0.40352
0.299898
0.299898
1.22332
0.72715
0.880102
0.708879
0.924831
0.924831
1.51728
1.51728
1.32683
1.21452
1.21452
1.21452
1.21674
1.08599
1.13863
1.38174
0.749041
0.654299
0.990516
0.990516
0.990516
0.474574
0.475377
0.925459
0.358427
-0.617075
-0.617075
0.318291
0.899823
1.36213
0.56748
0.558317
0.360132
0.698659
0.698659
1.64472
1.78349
1.6764
1.6764
1.6764
1.49064
1.49064
1.49064
1.08684
0.287067
-0.482726
-0.950753
-1.49707
-0.696042
-0.696042
-0.696042
-0.755153
-1.57318
-1.57318
-0.780938
-1.16953
-0.516191
-1.25469
-1.11376
-1.18683
-1.67249
-1.64209
-1.64209
-1.64209
-0.858979
-0.858979
-0.858979
-1.02044
-0.435856
-0.435856
-0.294146
-0.937456
-0.19798
-0.456241
-1.27835
-1.27835
-1.68492
-1.48552
-1.48552
-0.943217
-0.196456
0.283847
0.886122
0.636252
-0.272759
0.1586
0.692712
0.240804
-0.329408
0.595471
0.593722
-0.200463
0.75734
0.412728
0.989823
0.293668
1.2857
1.2857
1.2857
0.613487
0.613487
0.875817
1.32642
1.20917
0.321481
1.2011
1.2138
1.2138
0.313903
-0.575788
-0.575788
-1.15048
-1.32492
-0.372237
-0.315287
-0.0320355
0.129417
0.362063
-0.613858
-0.613858
0.039537
-0.401895
-0.402857
-0.482915
-0.991604
-1.60036
-1.60036
-1.60036
-1.35028
-1.35028
-0.750441
-0.750441
-1.24162
-0.625571
0.362967
-0.515163
-0.685728
-0.421522
-0.87393
-0.87393
-0.87393
-1.00271
-1.00271
-1.00271
-0.364266
-0.606436
-0.83271
-0.83271
-0.83271
-0.844071
-0.4813
0.116375
0.859418
0.583603
0.583603
0.935911
0.158475
0.167836
0.0302731
0.220977
-0.387132
0.336877
0.0569082
-0.559407
-0.559407
-0.559407
0.309062
1.0574
1.28093
1.28093
0.349592
0.921803
1.15312
1.15352
0.698899
0.698899
0.281695
0.427738
0.959425
0.39921
0.844748
0.844748
0.844748
0.844748
0.0565907
-0.282218
0.29251
-0.188794
-0.959824
-0.426165
0.438716
1.07037
0.652076
-0.157983
-0.389085
-0.751841
-0.751841
-0.906863
-0.582193
-1.13419
-1.13419
-1.20567
-0.96404
-0.96404
-1.34302
-1.34302
-1.34778
-1.34778
-1.34778
-1.34778
-1.13852
-1.07556
-0.887814
-1.03918
-1.03918
-1.03918
-1.03918
-0.0921314
0.51493
0.280245
0.279301
1.05508
0.490225
0.490225
0.490225
0.428177
0.260437
-0.182868
-0.809444
-0.154528
-0.81289
-0.671898
0.280116
-0.691687
-0.691687
-1.1295
-0.592153
-0.894754
-0.41424
-0.41424
-0.078442
0.338116
0.376253
0.481076
1.01248
0.236388
0.965342
0.885015
0.885015
0.0423732
0.747916
1.11438
1.11438
1.11438
0.545951
0.545951
0.854508
0.88366
0.984806
0.0781089
-0.174292
-0.145405
-0.862394
-0.658108
0.0714316
-0.593759
-0.466011
0.270735
-0.253638
0.414347
-0.0511988
-0.656433
-0.387695
-0.114073
-0.256906
-0.836754
-0.836754
-1.17001
-1.13021
-0.363145
-1.03101
-1.03101
-1.52897
-1.4068
-0.9184
-1.10895
-0.451902
0.51489
1.18448
0.876228
0.876228
0.343462
1.1005
0.678345
0.198811
0.893245
1.09641
0.317897
-0.0764762
-0.562603
-0.491772
0.390929
1.09025
0.541771
-0.243669
0.239922
0.606188
1.53762
1.53762
1.53762
1.53762
1.03318
0.190498
-0.203989
-0.807242
-0.807242
-0.594295
0.384902
1.12285
1.01717
0.376579
1.1078
0.176899
0.69212
0.193556
-0.52301
-0.52301
0.0471801
0.928952
1.26387
1.26387
1.17919
1.21816
0.655166
0.560483
-0.214572
0.584033
0.815899
0.815899
0.292454
0.746553
0.932527
1.44358
0.479577
0.644354
0.644354
0.206368
0.71844
0.71844
1.4119
1.4149
1.42927
1.36548
1.30591
0.767342
-0.194449
-0.483139
-0.699948
-0.699948
-0.784778
-0.67606
0.0794192
-0.669235
-0.669235
-0.669235
-0.421986
-0.572534
-0.981303
-0.640279
-0.640279
-0.640279
-0.983841
-0.983841
-0.625118
-1.4975
-0.817052
-0.817052
-1.15749
-1.21116
-1.21116
-0.412646
-0.682898
-1.32066
-0.803181
-1.61698
-1.61698
-1.66334
-1.51432
-0.574878
-0.919216
-0.919216
-0.758707
-0.630494
-1.47309
-1.40597
-1.40597
-1.39422
-1.39422
-1.39422
-0.970722
-1.29754
-0.714986
-1.43374
-0.751026
-0.936424
-0.574404
-0.801032
-0.801032
-1.12356
-0.850897
-0.572707
-1.01162
-1.01162
-1.01162
-1.01162
-1.01162
-1.01162
-0.57403
-1.00266
-1.00266
-1.00266
-1.29708
-0.932225
-0.932225
-0.780487
-0.811545
-0.811545
-0.811545
-0.485279
-0.868777
-1.02095
-1.45651
-0.502436
-0.718596
-0.718596
-0.493212
-0.550521
-0.550521
-1.47415
-0.882758
-1.01048
-0.816609
-0.746601
-0.419541
-0.346273
-0.939549
-0.939549
0.00961327
-0.101281
0.838479
0.807441
0.0381793
-0.0405545
0.208462
1.17123
1.32156
0.746016
0.278531
-0.37071
-0.549648
-1.03336
-0.604186
-0.0637653
0.735252
0.221961
0.763464
0.790452
0.790452
0.0289427
0.517144
0.773879
0.525718
1.28702
0.757261
0.379286
0.936429
0.474336
0.210585
-0.507801
-0.507801
0.394344
0.394344
0.577623
-0.306817
0.307609
-0.293859
-0.819414
-1.32082
-1.32082
-1.32082
-0.900749
-1.24147
-0.417357
-1.34192
-1.34192
-0.514832
-0.980293
-0.250337
-0.663493
-0.745928
-1.16845
-0.510948
-0.510948
-1.26146
-0.30924
-0.88099
-0.854773
-0.388836
-0.893551
-0.057784
-0.552531
-0.552531
-1.21107
-1.21107
-0.823422
-0.823422
-1.23584
-0.887505
-0.887505
-0.887505
-0.622604
-0.805379
-0.805379
-1.59254
-1.37101
-1.37101
-0.912663
-0.912663
-0.912663
-0.820783
-0.64653
-0.64653
-1.00282
-1.68233
-1.68233
-1.66014
-1.66014
-1.32622
-1.15602
-0.580984
0.241463
0.0690133
0.923196
0.419258
0.419258
1.35396
1.35396
0.459166
0.835017
0.494472
0.494472
0.494472
0.583458
0.818912
0.818912
0.887361
1.23856
1.33213
1.48562
0.959157
0.889346
0.0377336
0.556042
0.556042
0.556042
-0.177935
-0.327508
0.377395
1.23773
1.29072
1.29072
0.601407
1.26443
1.77272
0.955886
0.955886
0.270679
0.87876
0.87876
1.26068
1.74573
1.74573
1.43659
1.43659
1.43659
1.5568
1.5568
1.5568
1.02487
1.02487
1.02487
1.02487
0.979604
0.0887775
-0.416895
-0.416895
0.468576
-0.328925
-0.235427
-0.883044
-0.201058
-0.489972
-1.26037
-1.65894
-0.790298
-0.906032
-0.825452
-0.825452
-0.825452
-1.26566
-0.712327
-0.740502
-0.740502
-1.58584
-1.58584
-1.58584
-0.754925
-0.754925
-0.754925
-0.982201
-0.982201
-0.332293
0.433777
-0.204616
-0.723877
0.0587934
0.436554
-0.355935
-0.661278
-1.11827
-0.411718
-0.249891
-0.102639
0.251201
0.184809
0.660583
0.660583
0.660583
0.660583
0.955156
0.559005
0.485443
1.05259
1.05096
1.05096
0.912182
0.912182
0.209481
0.209622
-0.363518
-0.470333
0.35748
0.7506
0.602629
0.602629
0.565041
0.384956
0.871166
0.969261
0.603812
0.485035
0.485035
0.653919
-0.150557
-0.99922
-0.392137
0.570233
0.570233
0.570233
-0.423925
0.451923
0.612489
0.14753
0.0811463
-0.0475835
-0.0218013
0.354369
-0.101276
0.692629
0.295025
-0.0492573
0.216189
0.0452835
0.838409
0.0837145
0.441718
-0.470784
-0.470784
-1.32794
-0.371764
-0.879003
-0.721438
-0.721438
-0.721438
-0.721438
-0.721438
-0.975271
-0.975271
-0.734979
-0.734979
-0.653575
-1.02528
-0.496517
-0.738557
-0.58701
-0.58701
-0.297179
0.109537
0.0497014
0.926151
0.89743
0.114544
-0.182614
0.541652
0.541652
0.415967
0.471491
0.471491
1.22478
0.750231
0.0456288
-0.69622
-0.69622
-0.69622
0.0394628
0.217848
-0.622868
0.223404
0.930207
0.24042
0.751269
0.686943
0.559442
1.32944
0.347498
0.311787
0.942309
0.620024
-0.319229
0.310698
-0.0756246
0.532017
0.212081
-0.697308
-0.0192712
0.561022
0.838412
-0.0677967
0.193472
-0.215606
-0.215606
-0.354696
-0.739582
-1.04248
-0.324512
-1.13908
-1.13908
-0.29873
-0.665325
-0.248028
-1.15019
-1.2961
-1.9556
-1.9556
-1.9556
-1.44314
-0.659283
-0.194718
-1.02071
-1.02071
-1.02071
-0.352792
-0.606614
0.244353
1.12566
1.3171
1.3171
1.44333
1.11701
0.505388
0.0661479
-0.319168
-0.576845
-0.629442
-0.881811
-0.881811
-0.833559
-0.611356
0.254463
0.277193
0.383913
0.949751
0.949751
0.949751
0.949751
0.850927
0.751537
1.10925
1.38259
0.606527
-0.0681385
0.894054
0.0978371
-0.577563
0.420105
-0.212376
0.394228
1.12441
1.23825
0.568932
0.263386
-0.0296381
-0.175286
0.430964
0.860612
0.860612
0.323696
1.18718
0.74733
-0.138567
-0.217228
-0.362154
0.457273
-0.0232095
0.252373
-0.0203591
0.0609559
0.839196
1.51288
1.51288
1.33253
1.33253
0.618065
0.998907
0.998907
0.581849
0.111934
0.963534
0.550519
0.932683
0.334497
0.332774
-0.248995
-0.140797
0.0451391
-0.940516
-0.954174
-0.586724
-0.586724
-0.586724
-0.586724
-0.586724
-0.586724
0.0810048
0.231633
0.938622
0.938622
0.938622
0.938622
0.938622
0.0199012
-0.301836
0.218981
0.836189
1.06595
0.696693
0.824937
0.824937
0.824937
0.0408197
0.922664
0.43271
0.838118
1.76797
1.76797
1.62602
1.62602
1.62602
1.62602
0.831974
0.831974
0.831974
1.13513
1.13513
0.825745
0.825745
0.825745
0.306344
0.416648
1.29075
1.29075
1.29075
1.29075
1.36735
1.48602
1.32201
0.94566
0.94566
0.431957
1.24969
1.24969
1.24969
0.757525
0.144041
0.957943
1.04056
1.64156
1.64156
1.14635
0.973563
0.879876
0.630563
0.450923
0.50594
0.959747
1.00942
0.941704
0.211937
0.864792
0.864792
0.864792
0.879626
0.879626
0.879626
0.14906
0.643229
0.520928
0.949881
0.48966
0.815303
0.815303
0.815303
0.796192
-0.165283
-1.09752
-1.09752
-0.751171
-1.0209
-0.979995
-0.889503
-0.119304
-0.932204
-0.663884
-1.02484
-1.39181
-1.58787
-1.45491
-0.945358
0.0190595
-0.189812
-0.753068
-0.603058
-0.603058
-0.170441
0.291144
0.859413
-0.109344
0.453562
0.917573
0.917573
0.891612
0.891612
0.40342
0.431663
1.42604
1.42604
0.805578
0.16758
-0.014451
0.608737
-0.237808
-0.2169
-0.704208
0.239847
-0.505175
-0.49203
-1.17106
-0.191202
-0.415883
-1.03244
-1.03244
-1.03244
-1.03244
-0.159577
-0.365386
-0.501666
-0.501666
0.0845772
0.357459
-0.0963057
0.7279
0.7279
-0.110044
-0.497289
-0.385135
-0.742583
-0.415806
-0.0756699
-0.970658
-0.410264
-1.20369
-1.20369
-0.339194
-0.948288
-0.948288
-0.132885
0.337344
0.82987
0.82987
0.82987
0.0924729
0.63349
0.63349
0.616191
0.616191
-0.102537
-0.490446
-0.604129
-0.604129
-0.730447
-0.730447
-0.856264
-0.791972
-0.729229
0.166366
0.733797
-0.0443878
-0.0589934
0.112187
0.511542
0.511542
0.66298
0.66298
0.66298
1.24403
1.21227
1.21227
0.289934
-0.46819
-0.46819
-0.659639
-0.674218
-0.674218
-1.25845
-1.25845
-1.25845
-0.916731
-0.730852
0.197008
-0.222348
-0.385481
-1.24019
-1.26288
-1.26288
-0.934278
-0.934278
-0.934278
-0.934278
-1.25269
-1.25269
-0.690226
-0.320926
0.116964
0.414725
0.414725
1.20538
1.20538
1.20538
1.20538
1.20538
0.205873
-0.32593
-0.0600178
-0.0714898
-1.01424
-0.161565
-0.284217
0.177825
-0.466999
-0.810041
-0.956252
-0.7671
-0.505014
0.0779236
0.0694667
0.397488
1.07616
1.07616
0.921559
0.858053
0.897084
0.597196
0.597196
1.2728
0.521876
0.92982
0.415496
-0.277221
-0.189028
0.69121
1.12648
1.01432
1.67264
1.67264
1.67264
1.67264
1.67264
1.62849
1.482
1.482
1.482
1.482
1.50418
1.50418
1.50418
1.50418
1.50418
1.50418
1.47635
1.47635
1.47635
2.07133
1.37373
1.61587
1.61587
0.859363
0.99873
1.35791
1.2541
0.830676
1.46461
1.46461
1.22868
0.329821
1.31802
0.349301
-0.0821116
-0.135168
0.0240012
-0.039789
0.714431
0.204071
-0.622417
-0.40872
-0.256997
0.633538
0.165688
0.771115
0.610337
0.643118
0.643118
0.1567
-0.539554
-0.678642
0.0158791
-0.435811
-0.435811
0.347206
0.771313
0.771313
0.771313
1.34353
1.34353
0.866669
1.44051
0.546929
0.549365
0.549365
0.903115
1.2158
0.7312
0.7312
1.36161
1.19652
0.462849
0.704797
0.704797
0.925596
0.670242
-0.0611244
0.110158
-0.0633304
0.010943
0.820145
0.0747018
-0.760572
-0.353857
-0.837264
-1.36213
-1.36213
-1.36213
-1.38952
-1.38952
-0.523886
-0.856053
-0.856053
-0.856053
-0.856053
-1.52432
-1.52432
-1.52432
-0.618769
-0.00606218
-0.0139933
-0.152872
-0.551744
-0.551744
-0.551744
0.447889
-0.291776
-1.24438
-0.794475
-0.794475
-0.781886
-1.29288
-1.29288
-0.39379
0.604678
0.604678
0.604678
0.604678
0.85649
1.01085
1.747
1.3074
1.3074
0.711119
0.754948
0.854196
0.516449
0.120551
0.578736
0.30576
0.145478
0.716697
0.368978
0.213908
0.984215
0.984215
0.181825
0.86694
0.86694
0.687294
0.687294
0.633899
0.805587
0.622854
0.61036
0.61036
0.61036
0.532854
-0.333457
0.313364
-0.595228
-0.761926
-0.761926
0.148038
-0.270637
0.525034
0.525034
0.113847
0.871797
0.871797
1.21949
1.45192
0.483145
0.472469
0.526893
1.21821
1.21821
1.21821
0.355312
0.754133
0.168018
-0.503027
-0.153534
-0.372567
-1.04022
-1.04022
-1.04022
-1.50712
-0.514092
-0.777763
-0.0540244
0.693845
0.987425
0.618774
0.909376
1.15942
0.73611
-0.0230683
-0.928267
-0.928267
-0.928267
-1.17826
-1.28864
-0.320046
-0.211916
-0.0143457
-0.356108
-0.444008
-1.37413
-1.37413
-1.26644
-0.478842
-1.00958
-0.281548
0.508053
0.508053
1.01417
0.385735
0.429934
0.619281
-0.243221
0.155329
0.709017
0.709017
0.709017
-0.050977
-1.04471
-0.208111
-0.871761
-1.7191
-1.7191
-1.7191
-1.02079
-0.744587
0.229023
0.957862
0.278533
-0.208889
-1.0927
-0.979869
-0.979869
-0.895211
-0.622927
-0.639764
-1.20279
-1.20279
-1.81612
-1.51541
-1.29269
-0.563674
-1.21598
-1.71034
-2.11081
-2.11081
-2.11081
-2.11081
-1.18449
-1.07177
-0.544144
-0.725469
-0.902574
-0.902574
0.0565901
0.452877
-0.310912
0.497708
0.497708
0.807605
0.807605
1.29854
1.4197
1.10389
0.98289
0.836007
1.39337
1.56182
1.56182
1.56182
1.56182
1.56182
0.627044
0.647664
0.662052
0.662052
-0.00628341
0.123262
-0.337393
-1.04094
-0.0892932
0.00450943
0.500916
0.805659
0.805659
0.941136
0.941136
0.233493
-0.598672
0.0466674
0.228768
0.557072
0.557072
0.740196
-0.00577067
0.487653
0.0351146
0.881871
0.257425
-0.598476
-0.598476
-1.3593
-0.740997
0.254787
-0.540053
0.279937
-0.583347
-0.583347
-0.774331
-1.66159
-1.0928
-1.0928
-0.993391
-0.993391
-0.993391
-0.564234
-0.564234
-0.913938
-0.913938
-0.149078
0.0730671
-0.571734
-0.571734
-0.534919
-0.534919
-1.14752
-0.316081
0.259643
0.815344
0.815344
1.16371
1.16371
0.551075
0.551075
0.551075
0.387193
1.32491
1.61082
1.15118
1.15118
1.5906
0.871596
0.152499
0.857635
0.857635
0.343605
0.271975
-0.309491
0.301786
-0.170929
-0.0953749
0.356751
-0.498917
-1.34224
-1.34224
-1.34224
-1.34224
-0.438524
0.314816
0.140458
0.369231
0.156059
-0.815139
-0.815139
-0.777927
-0.777927
-0.577337
-0.0223583
0.194518
-0.764208
-0.50729
-0.50729
0.46631
0.934117
0.181834
-0.0682731
0.750378
0.950468
0.950468
0.950468
0.15817
-0.0215947
-0.858025
-0.893877
-0.162917
0.13387
0.628012
1.24268
1.65099
1.65099
1.00172
1.00172
0.79736
0.268452
0.892463
0.871192
0.871192
0.871192
0.503519
0.542238
-0.267189
-0.267189
-0.270618
-0.559729
-0.559729
-0.545473
-1.02438
-0.619973
-0.825624
0.0608253
0.95494
0.713383
1.64102
1.26373
1.12488
1.12488
0.990006
0.420026
0.9097
1.42796
0.639212
1.24343
0.476684
0.328451
0.502789
-0.383199
0.334772
-0.365864
0.397373
-0.566247
-0.0521238
-0.369658
-0.633803
-0.128022
-0.507297
-0.456372
-0.524892
-0.524892
-0.544497
-0.544497
-0.544497
-0.767283
-0.71033
-1.08911
-0.60089
-0.60089
-0.252985
-0.843788
-0.843788
0.153427
0.822313
0.822313
0.597892
0.597892
0.734794
0.734794
0.734794
0.49858
0.49858
0.0011366
0.564877
-0.286458
0.467346
0.298874
0.29291
0.984246
0.598915
0.681988
-0.0555857
0.555959
0.236101
0.204498
-0.68492
-0.416077
-1.18267
-0.676415
-0.550171
-1.1973
-1.1973
-0.304107
-0.352046
-0.747565
-1.1788
-1.1788
-1.08424
-0.71766
0.0539856
0.242827
-0.561501
0.0108552
-0.0310888
0.95833
0.864876
0.0767595
-0.634396
-1.4116
-1.4116
-1.53464
-0.974397
-0.259366
-0.127424
0.540024
0.737687
0.780519
0.780519
0.780519
0.829127
-0.0732522
-0.314975
-1.11323
-0.829014
-0.642328
-1.22223
-1.22223
-0.538085
-0.706362
-0.731293
-1.45612
-1.45612
-1.45612
-1.26998
-1.26998
-0.609861
0.133703
0.929391
0.929391
0.929391
0.355551
0.355551
-0.454826
0.153642
-0.424005
-1.26651
-1.26651
-1.28575
-1.28575
-0.793774
-0.793774
-0.634966
-0.634966
-0.494115
-0.0837724
-0.821036
-0.941944
-0.405439
0.0580026
-0.501567
-1.16613
-1.16613
-1.16613
-1.16613
-0.712462
-0.712462
-1.14664
-1.14664
-1.24912
-0.968895
-0.968895
-0.239827
0.0460767
-0.29252
-0.79871
-0.846466
-1.28161
-0.521255
0.0781438
-0.226499
-0.671432
-0.88936
-0.904472
-1.43045
-1.77493
-1.77493
-1.9452
-1.66152
-1.66152
-1.51712
-1.35327
-1.35327
-1.35327
-1.35327
-1.35327
-1.35327
-1.0474
-1.50613
-1.50613
-1.50613
-1.207
-1.0926
-1.68416
-1.68416
-1.32204
-1.12191
-0.851453
-0.552489
0.150538
0.726323
0.607621
1.18078
0.635386
0.635386
0.777481
0.158174
0.867508
1.21193
0.586104
0.868458
0.728654
1.113
0.672576
0.738331
0.738331
1.1097
1.02491
1.404
1.404
0.991421
0.274706
0.320932
0.39888
0.39888
-0.347022
0.291449
0.663549
0.51635
0.0121993
-0.644603
-0.73018
-0.867012
-0.867012
-1.10771
-1.10771
-1.10771
-0.749171
-0.749171
0.0276904
0.347316
-0.127588
-0.0894694
-0.895622
-1.16607
-0.399413
-0.399413
-0.376897
-0.683174
-0.683174
-0.938986
-0.497467
-0.378682
0.440805
-0.166132
0.045551
0.381092
0.112224
0.698231
0.330004
-0.0853844
0.43513
0.674463
0.784548
0.784548
0.784548
0.784548
0.784548
0.603898
0.827367
1.0596
0.71936
0.71936
0.554272
0.826396
0.725528
-0.253478
-0.913632
-1.4944
-1.4944
-1.4944
-1.4944
-1.4944
-1.51187
-1.68027
-0.856738
-0.662173
-0.569614
0.128706
0.932654
0.477748
-0.0251727
0.345947
0.294092
0.368332
-0.280728
-0.807809
0.100809
0.391114
0.391114
0.898474
0.898474
0.898474
0.898474
0.898474
1.32947
1.32947
0.409498
0.912097
0.563597
-0.0213795
0.844084
-0.0506844
-0.909379
-0.909379
0.0817831
0.259355
1.0423
1.0423
1.13605
0.818749
1.2076
1.60271
1.4081
1.1415
1.1415
0.481426
-0.354364
-0.22825
0.286687
-0.0917725
-0.7148
-0.342684
-0.624894
-0.624894
-0.624894
0.131421
0.650969
1.00511
1.00511
0.861495
0.861495
0.861495
0.744659
0.727011
0.724239
0.847738
0.451695
-0.39925
-1.079
-0.334663
-1.19889
-0.727692
-0.727692
-0.901347
-0.584429
-1.31123
-0.344928
0.061255
-0.0789303
0.654297
0.0026537
0.931832
0.96199
0.96199
0.83645
0.552248
0.509068
0.273164
0.1627
0.394834
0.256509
-0.50588
-0.164736
-0.975766
-0.856156
-1.47251
-1.47251
-0.888702
-0.0835862
-0.0194042
-0.697518
-0.697518
-0.697518
-0.785067
-1.24209
-0.304464
-1.14835
-1.14835
-0.208203
0.785063
1.63184
1.45848
1.10375
1.24414
1.24414
1.24414
1.24414
0.265123
-0.166189
-1.13458
-1.13458
-1.29095
-1.21928
-1.21928
-1.25721
-1.25721
-0.917676
-0.522421
-0.150712
0.777662
0.895545
0.895545
0.962615
1.1934
0.352978
-0.465649
-0.726241
0.107758
0.360828
0.267495
1.10894
1.10894
1.05858
0.0823818
0.032792
0.214508
-0.436555
-1.21172
-0.429923
0.235816
0.909256
0.991218
1.55804
1.55804
1.55804
1.55804
1.12318
0.817055
-0.17656
-0.158089
0.510115
1.03641
1.33237
0.670177
1.02693
0.66267
0.66267
0.101986
0.812124
0.0364997
-0.178548
0.245047
0.968304
1.16737
0.892237
0.892237
0.762981
0.0897135
-0.465508
-0.613499
-0.946912
-0.946912
-0.946912
-1.06712
-1.06712
-1.06712
-0.690928
-0.755218
-1.46084
-2.04085
-1.94212
-1.86223
-1.86223
-1.96969
-1.96969
-1.94175
-1.29926
-1.33101
-0.332486
0.161735
0.351239
0.37043
0.37043
0.405324
0.570587
0.835014
0.835014
-0.0795684
-0.25018
0.293522
0.938607
0.938607
1.34765
0.65585
0.175371
1.16675
1.16675
1.16675
0.979055
0.979055
0.363895
-0.575491
-0.648831
-1.50728
-1.50728
-1.50728
-1.50728
-1.61199
-1.4566
-1.4566
-1.4566
-0.995818
-0.108646
-0.180587
-0.434768
-0.434768
-1.28213
-0.592923
-0.516692
-0.516692
-0.697177
-0.853951
-0.853951
0.120353
0.861229
1.25771
1.25771
1.25771
1.25771
1.27912
0.609498
0.156617
0.698158
0.698158
0.698158
0.698158
-0.291462
-0.486402
0.0489106
-0.286792
-1.25182
-1.25182
-0.757075
-0.757075
-0.265034
-0.207608
-0.470562
0.491484
0.446447
-0.517807
-0.245271
-0.100312
-0.942061
-0.942061
-0.942061
-1.32749
-0.335838
-0.885009
-0.463897
-1.07356
-1.46172
-0.721001
-0.721001
-0.721001
-1.40264
-1.40264
-0.81689
-0.16484
-1.14089
-1.14089
-0.621023
-0.621023
-0.621023
-1.12111
-1.12111
-1.03883
-0.362682
0.145553
-0.683954
-0.931151
-0.926009
-0.873251
-0.858919
-0.858919
-0.858919
-0.858919
0.00449677
-0.0240666
0.693671
0.693671
1.11638
0.37642
0.37642
0.807131
0.807131
1.14934
1.14934
1.14934
0.191736
-0.714574
-0.9946
-0.0808708
-0.286631
0.487165
0.255003
0.353678
0.976613
0.976613
0.0751841
0.0487565
-0.871558
-0.213508
-0.435213
-0.287206
-1.02345
-1.02345
-1.02345
-1.74434
-1.74434
-1.84853
-1.51732
-1.51732
-0.549236
-0.549236
-0.549236
-0.932079
-0.932079
-1.00769
-0.542068
-0.542068
-0.423655
-1.08217
-1.49584
-1.20886
-1.20886
-0.321445
-0.718954
-0.718954
-1.57958
-1.57958
-1.17023
-0.833902
-0.833902
-0.746275
-1.07561
-0.214654
-0.601333
-1.07055
-1.07055
-1.04081
-0.441368
-0.578134
-0.849401
-0.65439
-0.539825
-0.539825
-0.539825
-0.600348
-0.600348
-0.571826
-0.973543
-0.378376
-0.378376
-1.09125
-1.09125
-1.04116
-1.04116
-1.04116
-1.0168
-1.0168
-1.0168
-0.382317
-0.128942
0.137922
-0.483808
0.3998
0.278347
-0.386243
-0.783973
-0.783973
0.115236
0.834291
1.23509
1.49411
1.41461
1.41461
1.41461
0.546936
0.671226
-0.0803981
0.69761
1.17359
0.806913
0.336359
-0.449789
-0.431088
0.542466
1.01588
1.01588
1.01588
1.01588
0.908322
1.28337
1.28337
1.55767
1.37831
1.45611
1.45611
0.733256
0.525464
-0.441497
-1.11626
-1.26631
-0.353793
-0.0194291
-0.356014
-0.696926
-0.348539
-0.743845
-1.27423
-0.536791
-0.833292
-1.3639
-0.415785
-0.363265
-0.653639
-0.48641
0.244422
0.668363
0.422781
-0.465469
-0.465469
-0.692772
-0.711598
-0.711598
0.0843991
0.202855
0.238753
-0.00508456
0.310105
-0.390353
-0.388514
-0.100884
0.395206
0.469177
0.120669
0.26019
0.396941
-0.534625
-0.673702
-0.246993
0.282889
0.258652
1.12975
0.910722
0.932112
0.392068
0.437846
0.678556
0.678556
1.09005
1.09005
1.09005
0.808261
0.312501
-0.576892
-1.24717
-0.401327
0.037413
-0.431274
-1.09287
-0.480343
-0.480343
0.276778
0.920804
0.40257
0.40257
0.203536
0.203536
-0.291862
-0.0191768
0.198518
0.137905
-0.360614
-1.3012
-1.47951
-1.90814
-1.90814
-1.94722
-1.11559
-0.649173
-0.78016
0.121154
-0.478108
0.421183
0.491357
0.3823
1.08747
1.24723
0.816196
0.816196
0.919836
0.919836
0.589878
0.600518
0.946371
0.53897
0.53897
1.01292
0.410074
0.49976
1.1427
0.167827
-0.670261
-0.708066
-0.932069
-1.08607
-0.858409
-0.710939
-0.747105
-0.206308
-0.489094
-0.489094
-1.0806
-0.364961
0.0604591
-0.0355093
-0.320316
-0.27132
-0.638819
0.0376339
-0.50625
-0.50625
-1.18087
-1.18087
-0.662536
-1.39767
-1.3742
-1.3742
-0.537715
0.320161
0.315358
0.370558
0.133866
-0.529058
-0.529058
-0.529058
-0.42066
-1.08623
-0.62519
-0.62519
-0.847205
-0.847205
-0.165676
0.631718
0.607442
0.607442
0.929251
1.06251
1.13951
1.4316
1.4316
1.02073
0.587246
0.587246
0.729666
0.729666
0.729666
0.729666
1.21536
0.403485
-0.468631
-1.02978
-1.01301
-1.01301
-1.31507
-1.31507
-1.31507
-0.67436
0.102842
-0.728256
-0.0372309
0.73652
-0.109925
-0.557017
-0.551826
0.158661
0.109093
0.525139
0.162889
0.327555
0.795204
0.795204
0.303354
0.0867241
-0.725251
0.26291
-0.265371
-0.200325
-0.73966
-0.0225094
-0.681315
-0.955894
-0.0567773
-0.201425
-1.10362
-0.201589
-0.0166447
0.731823
0.962318
0.962318
0.962318
1.10507
1.10507
0.256523
-0.0734827
0.693165
-0.0637369
-1.03946
-0.759607
-0.759607
0.174524
0.352037
0.224636
0.273676
1.18546
1.0729
1.0729
2.05915
1.85809
1.93808
1.91046
1.91046
1.49473
1.49473
1.49473
1.61145
1.04752
1.36221
0.51568
0.51568
0.51568
0.761894
0.57863
0.57863
0.968375
0.821069
-0.166118
-0.785978
-0.785978
-0.373067
0.0157861
-0.101813
-0.469267
0.174732
-0.0893276
-0.751425
-0.751425
-0.751425
-0.531657
0.203091
-0.0208203
-0.869483
-1.68892
-1.18644
-1.18644
-1.07107
-1.07107
-1.07107
-0.932196
-1.21261
-1.21261
-0.555871
-0.555871
-0.812374
-0.812374
-0.361241
-1.29929
-0.752731
-0.752731
-0.289796
0.598748
0.726893
-0.182992
0.244117
0.107062
0.127749
-0.126736
-0.607118
0.101702
-0.448469
-0.448469
-0.406509
-0.587272
-0.587272
0.0959474
0.182167
1.15633
0.831983
0.831983
0.420968
0.991706
0.128935
0.0465947
0.037624
-0.00119778
0.975285
0.975285
0.628556
-0.0384338
0.960375
0.960375
0.198506
-0.270332
0.545439
1.03971
0.488686
-0.20002
-0.760112
-0.142033
-0.313092
-0.584497
0.391108
-0.0963904
-0.342361
0.363744
-0.331674
-0.934333
-0.934333
-0.934333
-0.148663
-0.843816
-0.843816
-0.142823
-0.142823
-0.0496867
-0.459275
-0.495056
-0.674369
-0.931291
-0.931291
-0.931291
-0.931291
-0.747396
-1.28611
-1.28611
-0.954103
-0.0340329
0.845731
0.845731
1.24689
1.13135
1.13135
0.399398
1.07835
1.07835
0.837177
0.0109347
-0.759579
-0.759579
-0.222497
-0.939832
-0.914317
-0.914317
0.0810703
0.532555
0.532555
-0.387397
0.494475
0.494475
0.0625879
-0.160127
-0.357692
0.177924
-0.448839
-0.409751
0.389555
0.711224
1.27115
1.27115
0.810796
1.28252
0.745045
0.745045
0.498026
0.254241
0.651759
0.587098
0.576966
1.09322
0.872827
0.872827
0.872827
0.872827
0.872827
1.03311
1.03311
1.07733
1.07733
1.11733
1.11733
0.31252
0.31252
0.522387
0.63985
0.63985
0.422755
1.3924
0.601783
0.213799
-0.56037
-0.947265
-0.947265
-0.947265
-1.0152
-1.5119
-1.30441
-1.30441
-1.19436
-1.16302
-0.732816
-0.55053
-0.55053
-0.55053
-0.167622
-0.610909
-0.779226
-1.27148
-1.27148
-1.27148
-0.279886
-1.24333
-0.918977
-0.918977
-0.918977
-0.918977
-1.2893
-1.2893
-1.48055
-1.48055
-1.16267
-1.16267
-0.446987
-0.69717
-0.69717
0.235625
0.79487
-0.150956
-0.423959
0.329281
0.832084
0.832084
0.948437
0.948437
-0.0174316
0.822757
0.822757
-0.17608
-1.05205
-0.0537404
0.512327
0.743431
-0.150161
-0.829761
-1.53832
-1.53832
-0.746719
-0.746719
-0.280434
-0.44117
-0.44117
-0.791474
-0.992252
-0.992252
-1.10074
-1.6333
-0.879496
-1.32265
-1.32265
-1.35662
-1.35662
-1.35662
-0.820682
-0.820682
-0.820682
-0.820682
-0.820682
-0.820682
-1.0494
-0.661464
-1.03039
-1.69246
-1.69246
-1.69246
-1.0603
-0.445803
-0.605262
-0.291835
0.434095
0.641821
0.0806109
-0.36327
0.57148
1.18265
1.18265
1.18265
1.18265
1.18265
1.18265
0.842373
0.482082
0.0994683
0.189846
-0.707695
-0.697763
-0.760184
-1.09739
-1.09739
-0.243651
-0.722399
-0.815312
-1.36403
-0.966847
-0.966847
-0.966847
-1.71514
-1.71514
-1.71514
-1.58097
-1.18355
-0.588512
-0.579466
-0.0325445
0.645011
0.645011
0.787299
0.879359
0.879359
-0.0927479
0.268384
0.430975
-0.0151797
-0.99366
-1.08187
-1.41537
-1.20288
-2.07089
-2.07089
-2.07089
-2.13354
-1.8703
-1.8703
-1.21998
-1.21998
-1.11118
-1.11118
-1.39394
-1.16693
-1.16693
-0.969334
-1.20067
-0.815558
-0.815558
-0.815558
-0.333029
0.223659
-0.474071
-0.551292
-0.648302
-0.310461
-0.870016
-0.870016
-0.870016
-0.981075
-0.180256
-0.1173
-1.08738
-1.08738
-1.08738
-0.167375
-1.02864
-0.828373
-0.828373
-0.969184
-1.57908
-1.00085
-1.00085
-1.00085
-1.39424
-1.24568
-0.79433
-0.934031
-0.934031
-1.59214
-1.83133
-1.12508
-1.12508
-1.12508
-1.14038
-2.01521
-2.01521
-2.01521
-2.01521
-1.13814
-1.79882
-1.79882
-1.49371
-1.11381
-0.319399
0.464985
0.0461327
0.933527
0.679314
0.874612
0.068548
0.338919
1.23261
1.23261
1.45578
1.45578
1.25553
0.329369
-0.57627
0.274696
-0.337207
0.265304
-0.595898
-0.91041
-0.91041
-0.47847
-0.969493
-0.969493
-0.457602
0.532194
0.532194
1.23982
0.996562
1.24971
0.701445
-0.246428
0.458405
0.179833
-0.366239
-0.277655
-0.118724
-0.930664
-0.210688
0.12899
0.31441
0.321593
0.378434
-0.444497
-0.712198
-0.570499
-0.81832
-0.81832
-0.423339
0.570436
0.31749
1.22792
1.36452
1.22322
1.22322
0.383849
0.212097
1.02003
1.02003
0.448012
1.10594
1.10594
1.10594
1.04072
0.806744
0.614933
0.813865
0.813865
0.813865
0.193929
-0.39758
0.415324
0.840908
0.840908
0.840908
-0.0296464
0.735779
0.735779
0.735779
0.181891
-0.773702
-0.773702
-1.07889
-0.261356
0.518464
0.618215
0.94238
1.06143
1.47434
1.47434
1.47434
1.19082
1.19082
1.09709
1.53595
0.869742
0.241483
0.706013
1.25909
1.25909
0.827457
1.33383
1.43603
1.43603
1.22539
1.07092
0.758519
0.0910622
1.03078
0.784419
0.784419
0.393162
-0.0714253
0.200255
0.438509
-0.471993
0.256339
1.07489
0.73574
0.55618
0.521749
-0.138097
-1.00923
-1.00923
-1.00923
-1.00923
-1.00923
-1.00923
-1.00923
-1.00923
-0.950804
-1.88074
-1.01798
-1.01798
-1.44352
-1.24995
-1.24995
-1.06916
-1.06916
-0.380688
0.348429
-0.540188
0.292025
0.0779703
0.35227
-0.371632
0.47531
1.29065
1.29065
1.29065
1.29065
1.29065
1.29065
0.603471
1.5437
0.81497
0.431141
0.0796137
0.250495
1.11998
0.629657
0.386187
0.0148046
0.792597
0.359863
1.11575
1.11575
1.11575
1.05207
0.859876
0.859876
0.579459
0.37424
0.30862
0.357966
1.14115
1.64469
0.736719
0.736719
0.387328
-0.145456
-0.92934
-0.961972
-0.151033
-0.7072
-0.7072
-0.856809
-0.672026
-0.672026
-1.07168
-1.07168
-0.133301
0.80076
0.791761
-0.0929695
0.818806
1.38296
1.38296
0.632707
0.46082
0.51521
0.51521
1.2073
1.2073
1.2073
1.2073
0.890898
0.620665
0.551317
0.551317
1.15484
1.13235
1.40549
1.40549
1.40549
0.979427
0.555083
1.27947
1.12031
1.12031
0.140668
-0.80817
-0.0644601
-0.106074
-0.160978
0.277009
0.277009
0.277009
0.113061
0.312192
-0.0623974
-0.895107
-0.895107
-0.55435
-1.18756
-0.72882
-0.86959
-0.86959
-1.09287
-0.728889
-0.728889
-1.23483
-1.87984
-1.81473
-1.39145
-1.17377
-0.421967
-1.32401
-0.478264
-0.445885
-0.445885
-0.445885
-0.834833
-0.00427357
-0.191436
-0.924718
-1.11009
-0.497715
-0.165022
0.357809
0.827608
0.360891
-0.631421
0.0415981
-0.581019
-0.244688
0.530262
0.534251
0.534251
0.534251
0.805075
1.12335
1.12335
0.163935
0.675618
0.905015
1.15059
1.27209
0.585112
1.15774
0.191783
1.03133
0.200935
-0.376341
0.188872
-0.229139
-0.16361
0.198722
0.17557
0.991583
1.54579
1.54579
1.20618
1.09169
1.09169
1.09169
1.09169
0.839972
1.38861
1.38861
1.20428
1.20428
0.404097
-0.191502
-0.533673
0.231121
-0.162817
-0.169269
-0.866239
-0.308603
0.309933
0.341799
0.615089
1.432
1.53318
0.81319
1.46687
1.07726
1.07726
1.07726
1.23444
1.23444
1.04092
0.95279
0.95279
1.41294
1.41294
1.41294
1.41294
1.04915
0.808039
0.188026
0.695096
0.506953
0.387741
1.28631
0.551358
1.49284
1.27524
1.52325
1.42093
1.54652
1.60922
0.998356
0.998356
0.27922
0.211594
-0.523651
-0.523651
-0.793811
-0.812034
-0.381238
-0.880031
-0.880031
-0.880031
-0.565889
-0.50973
0.266581
0.274619
0.132689
-0.692775
-0.692775
-0.692775
-0.849273
-1.25672
-1.82981
-1.82981
-1.82981
-1.23416
-0.670095
-0.806939
-0.396238
-0.821808
-1.1583
-1.1583
-0.685757
-1.21301
-1.0472
-0.873798
-0.873798
-1.00937
-1.00937
-1.00937
-0.732772
-0.732772
-0.131411
0.758575
0.441567
0.441567
0.707144
0.707144
0.980947
1.02821
1.02821
1.02821
0.486172
0.639526
0.639526
0.970928
1.22007
1.22007
0.787272
0.202706
0.789823
0.789823
0.789823
1.00662
1.06661
1.06661
1.06345
1.06345
1.06345
1.06345
1.19329
1.19329
1.41919
0.556049
0.52902
-0.0989808
-0.13369
-0.239213
0.630437
-0.144238
0.782035
0.755052
1.1936
1.14164
1.14164
1.63083
0.938605
0.812426
0.35911
-0.526426
-0.476919
0.340417
1.07096
1.66289
1.66289
1.66289
1.57727
1.53696
1.53696
1.05401
1.05401
1.20885
1.42202
1.52764
0.891281
0.891281
0.891281
0.891281
1.05204
0.904397
0.904397
0.904397
0.904397
1.20284
0.253275
0.721299
1.17169
1.04385
1.04385
1.14043
0.845307
0.845307
0.845307
1.1697
1.1697
0.941907
1.05071
1.05071
0.869434
0.184187
0.571074
0.251633
0.28899
-0.291459
0.39691
-0.187507
0.45991
0.809803
0.809803
0.322854
0.322854
0.349527
0.67506
0.132721
1.06108
0.993024
0.733023
0.171194
-0.155899
-0.855187
-0.560332
-0.956523
-0.956523
-0.919782
-0.919782
-0.783798
-0.852553
-1.1311
-1.03244
-1.03244
-1.42112
-1.42112
-0.717697
-0.717697
-0.717697
-0.754136
-0.754136
-0.690611
0.00204524
-0.573143
-1.02545
-0.688022
-0.688022
-0.209275
0.780958
1.65144
1.86481
1.08736
1.08736
1.2951
0.850906
0.104361
-0.545754
-0.114505
0.167554
0.508842
0.000885657
-0.537413
0.0378889
0.79561
0.0422757
-0.47652
-0.255612
0.403164
0.829539
1.77943
1.47173
1.47173
1.17976
0.615053
1.17281
0.751635
0.516975
0.861361
0.740539
0.149846
0.740673
0.740673
0.416862
1.25576
1.25576
1.25576
1.25576
1.25576
0.783853
1.02154
0.285684
0.474311
1.42278
1.42278
1.10299
1.10299
0.976532
0.976532
0.678342
1.13304
0.757141
1.14807
0.614395
0.614395
0.649003
0.909462
0.438723
-0.0533402
-0.672387
-0.672387
-0.78565
-0.78565
-0.78565
-0.855994
-0.721352
-1.07328
-0.966124
-0.966124
-0.882264
-1.31174
-0.768103
-0.768103
-0.964726
-1.04287
-1.41398
-1.41398
-0.573555
-0.573555
-1.35133
-0.646759
-0.377645
-0.487513
-0.695934
-0.224858
0.0216238
-0.133266
-1.1206
-1.1206
-1.21361
-0.854048
-0.854048
-0.854048
-1.14993
-1.14993
-1.14993
-1.14993
-0.44006
-0.845521
-0.551905
-0.551905
0.358461
0.436771
0.88669
0.572942
0.572942
1.09787
1.38913
1.55693
1.01598
1.01598
0.571546
0.571546
0.905355
0.370683
1.19374
1.19374
0.895902
1.17191
0.354971
-0.588641
-0.588641
-0.727214
-0.514263
-1.11104
-0.599675
-0.347667
-0.347667
0.486678
0.848174
0.427217
0.086166
-0.121131
0.459136
0.364158
1.35136
1.35136
1.37427
0.625814
1.04184
0.216927
1.12502
0.162833
-0.583264
-0.77481
-1.23686
-1.0356
-0.0508853
0.221291
-0.67329
-0.67329
-0.67329
-0.245662
0.612155
0.0626088
0.258512
1.11337
0.275826
-0.695925
-0.174491
-0.896127
-0.473332
-0.135809
-1.05326
-1.29802
-1.29802
-1.05909
-1.12881
-1.17499
-0.661743
-0.407642
-0.978838
-0.75651
-1.06795
-0.829468
-0.829468
-0.186697
0.603114
0.621681
0.509001
1.3958
1.3958
1.3958
0.43633
0.872362
1.03579
1.43749
0.992755
0.593311
1.43878
1.43878
0.983102
1.74863
1.74863
1.74863
1.64835
1.64835
1.60018
0.872132
1.30826
1.04974
0.80086
1.0134
1.0134
1.0134
0.604018
0.604018
1.04473
1.1982
0.497243
-0.38635
-0.38635
0.174357
-0.508676
-0.808226
-0.679752
0.221189
1.13179
1.13179
1.13179
1.22942
1.22942
1.22942
0.869226
1.48793
0.674557
1.24412
0.618495
0.965685
0.26232
1.21587
0.607456
-0.129329
-0.129355
0.833929
0.716663
0.290695
1.14447
1.22426
0.38077
0.805915
0.805915
1.15733
1.07471
1.07471
0.94869
0.551618
0.457451
0.591318
-0.165733
0.289334
0.112873
1.04956
1.04956
0.307567
0.113736
1.03329
0.273607
0.874716
0.0463168
1.03225
1.62368
1.62368
1.62368
1.62368
1.60358
0.731734
0.731734
0.43302
0.760013
0.760013
0.760013
1.40687
1.05291
1.05291
0.79613
0.644752
0.644752
0.0815846
-0.599867
-0.599867
-0.571535
-0.571535
-0.571535
-1.16355
-0.322253
-1.06399
-0.340292
0.609607
1.08591
0.366324
1.19674
1.19674
1.19674
1.19674
1.13049
1.31124
0.464024
1.20729
0.629792
0.629792
1.2587
0.668553
0.734523
0.734523
0.734523
-0.0453228
0.606811
-0.353409
0.368183
0.149539
0.686087
0.445209
0.445209
0.445209
-0.0923499
-1.02442
-0.704484
-0.243938
0.108398
0.741563
0.741563
0.741563
0.977923
0.977923
0.480981
0.0608224
-0.866939
0.122611
-0.869897
-0.869897
-0.943062
-0.567886
-0.259966
-0.422534
0.406379
0.273845
0.893453
0.158032
0.725699
-0.19698
0.754018
0.490933
0.292334
0.750329
0.750329
0.750329
0.750329
1.05574
1.05574
0.730065
0.730065
0.730065
0.725097
-0.20206
-1.10788
-0.892842
-0.892842
-0.00461505
-0.545433
-0.804174
-0.804174
-0.49068
-1.30031
-1.30031
-1.30031
-1.01187
-1.89824
-1.89824
-1.32868
-1.30332
-1.7094
-1.7094
-1.7094
-1.7094
-1.7094
-0.788617
-0.788617
-0.582637
-0.511922
-0.60371
-1.00332
-0.111905
0.454923
-0.0365898
-0.0122764
0.569449
-0.0300758
-0.506873
-0.506873
-1.16432
-0.318852
0.261966
-0.174455
-1.10201
-0.612676
0.194411
-0.204768
-0.669944
-0.913509
-0.722704
-1.39026
-1.06026
-1.07211
-1.07211
-0.266249
-0.253885
-0.3718
-0.0808419
0.293061
0.159578
0.466528
0.0959879
0.56517
0.85507
0.704769
1.43273
1.43273
1.43273
1.43273
1.27094
1.4594
0.729034
0.526798
0.526798
1.47069
0.617775
0.617775
1.02632
0.428229
0.428229
1.01829
1.01829
0.230195
1.1671
0.300578
1.05663
0.999666
0.999666
0.167824
-0.479581
-0.479581
-0.479581
-0.953432
-1.19944
-1.19944
-0.96142
-0.96142
-0.96142
-0.8634
-0.869256
-0.869256
-1.41387
-1.45021
-1.41903
-1.41903
-1.52484
-1.59062
-1.51204
-1.51204
-1.79088
-1.51606
-1.51606
-1.97471
-2.06071
-2.06071
-2.06071
-2.06071
-2.04082
-2.04082
-1.90137
-1.76449
-1.76449
-1.79851
-1.79851
-1.79851
-1.79851
-1.34232
-1.04421
-0.404433
-0.713348
-0.28954
-0.28954
-1.00975
-0.256196
0.109156
0.886888
0.71877
0.741805
0.741805
0.337624
-0.0689541
-0.992073
-1.17279
-1.17279
-0.443878
-0.892716
-0.892716
-0.892716
-1.2177
-1.2177
-1.2177
-0.544962
-0.544962
-1.50691
-1.56658
-0.89357
-0.89357
-0.89357
-0.89357
-0.89357
-0.23496
-1.00532
-0.465034
0.157424
-0.116536
-0.605135
0.0958591
0.298355
-0.446802
0.485823
-0.427316
-1.183
-1.51826
-0.637894
-1.11213
-0.654076
-1.09332
-1.71252
-1.17575
-1.17575
-0.9552
-0.0664297
-0.0141924
0.569838
0.569838
1.22557
0.827046
0.827046
0.827046
0.827046
0.954016
0.951332
0.0926766
1.02024
1.02687
0.814925
1.33947
0.563402
-0.0539636
-0.758642
-0.137236
0.144255
-0.30568
-0.30568
-0.803551
-1.1281
-1.19251
-0.332424
0.499552
0.499552
0.598605
0.953456
0.953456
0.766362
0.984313
0.716012
0.716012
0.716012
0.716012
0.999703
0.999703
0.999703
0.584479
0.351103
0.151828
-0.116564
0.596088
0.795545
0.144362
0.563203
0.900277
-0.00314748
0.788833
0.39394
0.189306
1.16309
1.16309
0.374572
0.374572
0.278108
0.100485
-0.792907
-0.792907
-0.839326
-0.839326
-0.58086
-0.475722
0.0508582
-0.368925
-0.933618
-0.501987
-0.57484
-0.0956904
0.887345
1.18013
1.18013
0.188175
-0.609089
-0.609089
-0.609089
-1.13627
-0.16335
0.252682
-0.296269
0.23243
0.739721
1.12604
1.01516
1.45113
1.45113
1.69724
1.69724
1.69724
1.69724
1.69724
1.86966
1.86966
1.45261
1.45261
1.45261
1.45261
1.45261
1.00165
0.975236
0.539323
1.19188
0.624619
-0.338349
-0.947536
0.0100393
-0.72255
-0.72255
-0.478945
-1.05045
-1.24417
-0.482294
-0.639228
-0.787616
-1.02263
-0.160346
-0.268924
0.661188
0.661188
0.661188
0.75073
0.654163
1.00513
0.900513
1.05686
0.149455
-0.51955
-0.532388
-1.12986
-1.1646
-0.344267
0.394326
0.0195596
-0.794849
-0.372006
-0.433754
-0.00335374
-0.89355
-0.527966
-0.509129
0.044878
-0.645345
-1.20549
-0.461083
-0.117468
-0.164672
0.372462
0.32802
-0.395749
-0.158897
-0.973589
-0.973589
-0.745124
-1.1682
-1.1682
-0.199572
-1.01982
-1.1611
-1.1611
-1.63902
-1.63902
-1.63902
-0.661489
-0.223099
-0.0809955
-0.569592
-0.991733
-0.991733
-0.932032
-1.22047
-1.22047
-1.08712
-1.08712
-0.647786
-1.24368
-1.06349
-0.479924
-0.711797
0.0455631
-0.133135
-0.982722
-0.982722
-0.982722
-0.929108
-0.929108
-0.929108
-0.929108
-1.34973
-1.34973
-1.81552
-1.39919
-1.44874
-0.532223
-0.532223
-1.06313
-0.74441
-0.683543
-0.49493
-0.725612
-0.725612
-0.725612
-0.725612
-0.725612
-0.725612
-0.725612
-0.725612
-0.725612
-0.725612
-0.725612
-0.725612
-0.511365
-0.180505
-1.15354
-1.16376
-0.911872
-0.0402279
-0.449194
0.463241
0.511245
1.14603
0.560637
0.730496
0.55384
0.80791
0.80791
0.535686
0.780726
1.56446
1.56446
1.56446
0.650109
0.406632
0.406632
0.219607
-0.443213
-1.10971
-1.34638
-1.22284
-1.31074
-1.31074
-1.00678
-1.00678
-1.00678
-0.803326
-1.20879
-0.62241
-0.62241
-1.32571
-1.32571
-1.13433
-1.13433
-1.13433
-0.408029
-1.37721
-1.56219
-1.07151
-0.141818
0.314852
0.856959
0.856959
0.856959
0.23403
0.726366
0.0804101
0.218878
0.30075
0.096493
-0.877577
-1.25897
-1.25897
-1.16005
-1.16005
-1.41688
-1.41688
-1.41688
-1.78176
-1.78176
-2.27866
-2.27866
-1.80142
-1.80142
-1.80142
-1.80142
-1.21994
-0.97117
-0.558199
-0.993142
-0.945319
-0.516338
0.409058
0.409058
1.05921
0.925142
0.925142
0.925142
0.100505
0.50451
0.726108
0.726108
0.144979
0.351985
0.403462
0.126365
-0.253855
0.280826
0.805986
0.694941
0.622492
0.39392
0.918241
0.918241
0.918241
1.4351
1.3498
0.711956
1.00897
0.521726
0.98109
0.98109
0.98109
0.251861
0.415785
1.20696
1.01917
1.01917
1.01917
1.01917
0.435585
0.0501282
0.647822
-0.247344
-0.26162
0.360075
-0.289417
-0.488722
-0.355705
-1.18573
-1.18573
-0.347015
-0.347015
0.293154
-0.469182
0.363834
0.88644
0.88644
0.88644
0.88644
0.749995
0.542016
1.51861
0.59421
0.440582
0.0465007
-0.430974
0.285745
0.623838
0.623838
0.445167
1.3738
0.891784
0.854682
0.0172803
0.550726
0.800647
0.610844
0.610844
0.576088
0.576088
0.747271
0.747271
0.705723
1.30926
1.30926
1.4096
0.988766
0.988766
0.988766
0.412185
0.350716
0.822356
0.898369
1.14961
1.14961
0.946722
0.861453
0.224627
0.905402
0.263129
1.17051
1.17051
1.16883
0.338454
-0.384549
-0.487492
-0.618452
0.0453774
0.0924306
-0.687301
-0.811329
-0.0474512
0.391259
0.642969
0.0719619
-0.148882
-0.899089
-0.393464
0.397522
-0.0567169
-0.375379
0.306003
0.288374
-0.406432
-0.363908
0.502317
0.15135
0.146208
1.00083
1.00083
0.13191
1.06482
1.15426
0.69652
0.69652
0.69652
0.69652
0.948044
0.948044
0.948044
0.354512
0.515486
0.144422
0.831158
1.43006
1.43006
0.591315
0.248835
0.564504
0.413664
-0.340735
0.266761
0.135015
1.02274
1.15709
1.15709
1.18743
1.18743
1.18743
0.47226
0.580045
0.725507
0.725507
-0.0882895
-0.32701
-0.746199
-0.979849
-0.831242
0.0444298
-0.367996
-0.418714
0.249686
-0.515347
-0.515347
-1.34837
-1.34837
-1.34837
-1.34837
-1.34837
-0.84595
-0.331743
-0.736283
-0.723089
-0.62686
-0.671301
-0.208692
0.355614
-0.0195527
-0.00766086
-0.178379
0.105895
0.471413
0.700224
0.700224
0.755034
1.1849
1.1849
1.1849
0.330002
-0.535966
-0.165369
0.453935
-0.253666
-0.53501
0.0890529
-0.811712
-0.811712
-0.811712
0.00653942
0.437303
0.853307
1.3101
1.26493
1.26493
1.26493
1.26493
0.528059
0.0524783
-0.290004
0.565895
0.565895
0.565895
0.565895
-0.391538
-0.899153
0.0149335
0.567589
0.86233
0.86233
0.86233
-0.00664029
-0.0131266
-0.565848
-0.711108
-0.901356
-0.30573
-0.422832
-0.130962
-0.0664475
-0.472662
0.416029
0.069404
0.0465664
0.21818
1.14467
1.04163
1.04163
1.04163
1.10206
0.933233
0.983095
0.543302
0.543302
1.02345
1.02345
1.02345
0.764367
0.764367
0.920246
0.779404
0.339951
0.864172
1.15437
0.873392
0.947465
-0.0152883
-0.552094
0.0278799
-0.961211
-0.916586
-0.916586
-1.33058
-0.760921
0.108447
-0.443839
-0.00904043
0.111347
0.434335
0.089464
-0.540588
0.123521
-0.154542
-0.491579
-0.919332
-0.345419
-0.283049
0.574097
1.04168
0.273904
0.783505
0.935607
0.935607
0.935607
0.165328
-0.167382
0.407341
0.847731
0.434661
0.0775727
0.232312
-0.597207
-0.597207
-0.964218
-0.726348
-0.394333
0.412985
0.0793413
0.879468
0.73201
0.758252
0.758252
0.758252
0.294002
0.35221
0.0915635
0.0848986
1.05569
1.48082
0.490771
0.138586
0.625731
0.663982
0.416371
-0.172758
0.0301356
-0.432734
-0.986971
-0.886075
-0.886075
-0.844032
-0.141456
0.742788
-0.0976048
0.835873
0.835873
0.252968
-0.288517
0.229531
0.142342
-0.641524
-0.355007
0.456473
1.15383
1.15383
1.15383
0.319176
0.196808
0.767336
0.538678
-0.376008
0.0116893
0.808434
-0.05433
0.280485
1.15689
1.10936
1.45686
1.7459
1.7459
1.86373
1.86373
1.86373
1.86373
1.86373
1.86373
1.86373
1.86373
1.86373
1.86373
1.42977
1.42977
1.42977
1.42977
1.38051
1.38051
0.584284
0.823763
0.823763
0.891377
0.9669
0.142584
0.530065
0.530065
-0.405508
-0.633098
0.34678
0.284369
0.844384
0.336364
0.789887
0.385417
1.11516
0.852349
0.913113
0.817904
0.56253
0.394968
-0.254712
0.176663
-0.367182
-0.286958
-1.06612
-0.542008
0.199558
-0.31276
-1.06306
-1.47955
-0.811715
-0.213714
0.747627
0.473123
0.473123
0.299318
0.619502
0.0134783
-0.755008
0.0335843
0.513379
1.14165
1.62457
1.95488
1.6454
1.61444
0.943118
0.943118
0.207399
-0.404083
-1.08336
-0.539305
0.076848
-0.764909
0.175864
0.505066
1.15351
0.373453
0.755474
0.578959
-0.30686
-0.904566
-0.941427
-0.941427
-0.848599
-1.1196
-1.1196
-1.1196
-0.787177
-0.696608
-0.733444
-0.733444
-0.775356
-1.07048
-0.878973
-0.878973
-0.960713
-0.960713
-0.362326
-0.589643
-1.05378
-0.548927
-0.849112
-0.849112
-0.196241
-0.25931
0.450822
-0.40401
-0.301242
-0.125402
-0.732378
-0.732378
-1.11594
-0.336013
-1.22771
-0.713441
-0.713441
-0.713441
-0.713441
-0.231058
-0.0810298
0.887487
-0.0495628
0.614146
0.461007
0.234048
0.740004
1.08616
0.965833
0.640017
0.640017
0.877502
0.503099
0.955345
-0.00841669
0.516793
-0.414825
0.321912
-0.633363
-0.633363
-0.633363
-0.633363
-0.633363
-0.544195
0.0174607
-0.456607
-0.912099
-1.80763
-1.06931
-0.266921
-0.37818
-0.640239
-1.04815
-0.61055
-0.883788
0.08969
-0.332108
-1.25931
-0.534133
-0.972804
-0.264035
0.400886
-0.23176
-0.0714367
-1.02127
-1.02127
-0.182222
-0.784216
-0.687171
0.198297
0.567615
1.17134
0.866231
-0.0651733
-0.0651733
-0.380681
0.173615
0.678268
0.317726
0.317726
0.317726
-0.430481
-0.436322
-0.751581
-1.36424
-1.26806
-1.47134
-1.47134
-1.19575
-0.932042
-1.1763
-0.185328
0.311755
0.991949
0.991949
0.991949
0.991949
1.03318
1.88411
1.07046
1.07046
1.07046
1.07731
1.47864
1.47864
1.47864
1.47864
1.03882
0.103365
0.898732
0.898732
0.898732
1.06683
0.943004
0.943004
0.709234
0.709234
0.350616
0.365676
1.03351
1.03351
1.24355
1.48433
0.799023
0.65907
0.65907
0.148981
1.02293
0.474828
-0.432713
0.494379
1.28307
1.28307
1.28307
1.21543
1.21543
1.27469
1.10908
1.10908
1.10908
0.603766
0.603766
0.603766
0.59973
0.0810215
0.469294
0.110591
0.814624
0.213677
0.992865
0.27094
0.497016
0.497016
0.497016
0.185872
-0.236901
0.266512
0.368305
0.222507
-0.768282
-0.50028
-0.635976
-0.721775
-0.728774
-0.481965
-0.787845
-0.787845
-0.84019
-0.84019
-1.00007
-1.44227
-0.600827
-1.35528
-0.689696
-0.689696
-0.0585058
0.640424
-0.186292
0.159765
-0.369615
0.599293
0.733951
0.733951
0.733951
0.0231746
0.583609
0.583609
0.494632
0.494632
1.02209
1.35914
0.845909
0.825553
1.60444
1.1337
1.08311
1.08311
1.12528
0.456523
-0.0903629
0.823557
1.48519
0.650459
0.650459
1.43331
1.35313
1.35313
0.456559
1.01879
1.34283
1.34283
0.604781
0.83633
0.83633
0.653216
0.653216
-0.234156
-0.451235
-0.841957
-0.841957
-0.537571
-0.537571
-0.537571
-0.771696
-0.214167
-0.105621
-0.867106
-0.867106
-0.508247
-1.39702
-1.59677
-1.15047
-1.15047
-1.15047
-1.15047
-0.989822
-1.28614
-1.28614
-1.07448
-1.07448
-1.07448
-1.39832
-1.28013
-0.809987
-0.809987
-0.809987
0.130606
0.449267
-0.461174
-0.493198
-0.906934
-0.809945
-0.809945
0.0604379
0.382907
0.679266
1.06665
0.577605
0.713995
0.713995
0.713995
0.713995
-0.229694
-1.16004
-1.16004
-0.739919
-1.40157
-1.20504
-1.40219
-0.472289
-0.472289
-0.472289
-1.24358
-1.40041
-1.30628
-0.650169
0.0854824
0.742141
1.05475
1.05475
0.0661207
0.84681
0.84681
1.00357
0.879366
1.0698
1.0698
1.0698
1.0698
1.63412
1.45848
1.45848
1.34467
1.35506
0.998516
0.998516
0.121628
-0.7448
-0.789607
-0.789607
-0.789607
-0.815211
-0.815211
-0.929915
-0.929915
-0.678168
-1.57591
-1.57591
-1.57591
-1.57591
-1.57591
-1.57591
-1.57591
-1.57591
-1.57591
-1.57591
-1.25893
-1.51935
-1.51935
-2.06969
-2.06969
-1.76717
-1.4773
-1.03402
-1.18902
-1.18902
-0.907759
-1.12656
-1.13017
-1.34411
-1.34411
-0.885464
-0.885464
-1.52787
-1.52787
-1.52787
-1.78566
-1.60889
-0.893766
-0.893766
-0.202141
-1.13494
-0.755636
-0.163661
-0.961016
-1.64823
-1.03318
-0.550402
0.33809
0.3398
-0.509598
-0.205634
-0.464696
-0.714423
-0.714423
-0.540458
0.382994
-0.272323
0.346383
-0.451709
-1.2206
-0.729186
-0.729186
-0.0414918
0.437567
0.081579
1.03236
1.21412
0.791676
0.791676
0.626247
0.626247
0.298738
-0.699863
-0.38942
-0.38942
-0.912802
-0.831657
-0.831657
-0.836807
-0.836807
-0.836807
-1.51015
-1.44219
-1.44219
-1.44219
-1.73557
-1.10376
-1.08101
-0.9362
-0.9362
-0.323109
-1.25777
-0.890744
-0.890744
-0.890744
-0.37209
-1.31758
-0.338704
0.423815
1.08466
1.21261
1.2833
1.05659
1.05659
0.771817
1.24245
1.01723
1.10454
1.24997
1.24997
0.915654
0.915654
0.915654
0.915654
0.0248985
0.510442
0.548743
0.0215093
-0.242
-1.09099
-1.09099
-1.09099
-0.800228
-1.4869
-1.4869
-1.08729
-0.49732
-0.49732
-0.49732
0.479105
-0.49862
-1.26057
-1.26057
-1.13984
-1.13984
-1.13984
-1.18807
-0.619806
-0.684113
-0.28781
0.312665
-0.404898
-0.404898
-1.37227
-0.98722
-0.98722
-0.98722
-0.98722
-1.28867
-0.884578
-0.333471
0.406194
-0.464234
-0.371933
-0.371933
0.184939
0.184939
0.142888
0.536981
0.536981
0.910919
0.6447
0.6447
1.60905
0.805912
-0.0461231
0.0500584
-0.472471
0.0921197
0.0969655
0.214947
-0.0315853
0.350921
1.25413
0.729858
0.729858
-0.00418757
-0.777265
0.1971
-0.0655315
0.713054
0.31455
1.06938
1.02927
1.27812
1.27812
1.27812
1.27812
1.27812
0.31701
0.486031
0.945246
1.39304
0.911629
0.66444
0.66444
0.66444
-0.174927
-0.904798
-0.904798
-0.904798
-0.77591
-0.664667
-0.664667
-0.610324
-0.610324
-0.797503
-0.54023
-1.53862
-1.53862
-1.53862
-0.602515
-1.31791
-0.492625
-1.37707
-1.33806
-1.70119
-1.70119
-1.70119
-1.35712
-1.35712
-1.35712
-1.57062
-1.3297
-1.3297
-1.3297
-1.3297
-1.15058
-0.444921
-0.0540828
0.650989
0.291081
-0.362406
-0.872593
-1.1037
-1.0022
-0.411683
-0.682292
-0.682292
-0.682292
-1.49638
-1.17481
-1.0464
-0.67992
-0.67992
-1.30584
-0.343266
-0.343266
-0.343266
-0.571413
-0.644888
-0.0330952
0.550029
-0.423415
0.218163
-0.572315
0.250934
0.901881
0.189341
0.685726
0.264604
-0.0619451
0.188792
1.13726
1.13726
1.22912
1.22912
1.18519
0.34765
-0.278631
-1.23951
-0.439933
-0.36494
0.179634
0.346094
0.187868
-0.668747
-0.705024
-0.0458102
0.816433
0.816433
0.816433
0.816433
0.816433
-0.11152
0.0841513
-0.0405924
-0.25103
0.301096
0.756436
0.756436
1.25958
1.25958
1.0846
0.736818
0.906901
0.906901
0.906901
0.802998
0.802998
0.726637
0.889094
1.4051
0.50195
0.749297
0.803858
1.51621
0.962024
0.962024
0.568214
-0.356287
-0.166963
-0.497015
-0.307345
-0.312074
-0.394607
0.210013
-0.120022
-0.522868
-0.18908
0.593194
0.801862
0.0352899
0.0567741
0.287564
0.310215
-0.167141
-0.759223
-1.20019
-0.366393
-0.345867
-0.543227
-0.748524
-0.693631
0.126653
0.381734
-0.354267
-0.164001
0.556151
0.556151
0.548765
0.548765
0.609578
-0.216401
0.41873
-0.0134417
0.911779
1.36461
1.36461
0.908701
0.0168568
0.206419
0.957459
1.08102
0.183748
1.11482
1.11482
0.297795
-0.386393
-1.01646
-1.01646
-0.475036
-0.660627
-0.404715
-1.15604
-1.21777
-1.21777
-0.761437
-1.43278
-0.768586
-0.864579
-0.48838
-0.974545
-0.974545
-1.058
-0.987575
-0.186228
-1.07275
-1.03111
-1.40487
-1.38945
-1.35934
-1.23626
-1.471
-1.471
-1.55762
-1.55762
-1.55762
-0.825462
-0.484476
-0.185604
-1.00016
-0.223056
-0.0896066
-0.924465
0.0314682
0.127536
-0.115744
-0.884381
-1.28248
-1.33461
-1.33461
-0.998758
-0.998758
-0.998758
-1.1296
-1.26083
-1.17364
-0.374326
0.08281
0.846166
-0.103234
0.607747
0.607747
1.60105
1.19775
0.700537
0.700537
0.961333
0.340496
0.388827
0.417817
-0.0572224
-0.835667
-0.100999
-0.404208
-0.294322
-0.245008
0.0250708
-0.334805
-0.988195
-1.10949
-1.10949
-0.740497
-0.740497
-0.740497
-0.235138
0.291742
-0.167404
-0.463439
-0.231891
-1.02627
-1.31849
-0.489417
-0.834241
-0.834241
-0.90478
-0.491264
0.398643
-0.103156
-1.09945
-1.09945
-0.45786
0.197634
1.00351
1.00351
0.900409
0.197047
0.880274
0.880274
0.491987
0.525052
1.27652
0.602228
0.953538
0.882385
0.488447
1.37022
0.60744
1.10834
0.534513
0.522297
0.604791
1.30074
1.33932
1.33932
1.33932
1.33932
0.56341
0.768997
1.31322
1.31322
0.70161
0.70161
1.05535
0.939472
0.939472
0.939472
0.220012
0.450348
0.450348
1.19896
1.19896
1.19896
0.749362
1.14968
0.753926
0.246628
1.00269
0.785534
0.785534
-0.177473
0.183244
1.09271
1.22142
1.22142
1.03475
1.03475
1.03475
0.69774
1.17199
1.46142
1.25489
1.25489
0.887901
0.887901
1.29012
0.302621
-0.28885
-0.253108
-1.22861
-1.22861
-0.301539
0.166456
0.578395
0.051099
-0.560149
-1.01539
-0.345899
0.354578
0.327213
0.378399
0.52531
0.354699
0.350486
1.01053
0.35952
-0.215723
-0.884563
-0.191114
0.644911
1.16751
1.16751
1.54215
1.54215
1.03806
0.166047
-0.474887
-0.059705
0.2915
1.19252
1.14759
1.14759
1.12051
0.403272
-0.406264
-1.2482
-1.10608
-1.93067
-1.93067
-1.46055
-0.871262
-0.789832
-0.96467
-0.96467
-1.06497
-0.794346
-0.827207
-1.49264
-1.71916
-1.71916
-1.71916
-1.71916
-0.768131
-0.679973
-0.049747
-0.00924103
0.0387129
0.572317
-0.255411
0.211297
-0.186081
-0.450934
-1.37954
-1.15873
-0.336269
-1.00355
-0.972245
-0.755049
-0.930725
-0.930725
-0.795849
-0.60283
-0.60283
-0.60283
-0.116539
-0.790839
-0.790839
-0.905776
-0.905776
-0.206565
-0.61417
-0.61417
-0.61417
-0.585912
-0.994278
-1.82156
-1.07047
-1.07047
-0.253895
0.623795
1.08036
1.1923
0.432185
-0.462016
-0.138987
-0.38572
0.209275
0.0227488
0.796512
0.796512
0.796512
0.679265
1.1662
1.1662
1.1662
0.760653
-0.138704
-0.912954
-0.0420843
-0.269862
-0.526989
-0.526989
-0.348844
-1.09018
-0.375741
0.377369
0.613818
-0.28645
-0.262038
-0.155515
-0.494035
-0.840768
0.132571
0.554804
1.44056
1.24302
0.843903
0.843903
0.843903
0.843903
0.404333
-0.0725903
0.0489374
0.491719
0.491719
0.92471
0.92471
0.92471
0.784963
0.105138
0.467131
0.0382541
-0.764289
-0.169642
-0.08859
0.650755
-0.115733
0.325985
-0.218945
-0.89007
-0.494052
-0.193266
-0.715
-0.798791
0.156827
-0.822844
-0.131279
0.0505866
0.615493
0.615493
0.347114
0.625092
0.625092
0.351277
0.384229
1.05933
1.15929
1.15929
1.15929
1.15929
1.15929
1.15929
0.22868
-0.671957
-0.858694
-0.858694
-0.999711
-0.749542
-1.20104
-1.20104
-1.20104
-0.240734
0.296103
0.827328
0.827328
0.827328
0.827328
0.942821
0.65891
0.65891
0.65891
0.246319
-0.603754
-0.603754
0.178271
0.903594
1.71142
1.71142
1.18081
1.42675
1.42675
1.42675
1.28837
0.506066
0.506066
1.33184
1.33184
1.33184
1.1631
1.00352
0.791339
0.791339
0.791339
0.791339
0.791339
0.569993
0.569993
1.09787
0.353502
0.353502
-0.342034
-0.254062
0.680785
-0.180511
-1.07306
-0.579526
-0.579526
0.284403
0.808045
-0.170285
-1.01202
-0.185431
-0.851007
-0.932077
-0.84217
-0.150676
-1.04848
-1.04848
-0.457886
0.492597
1.32519
0.559723
0.0438604
0.792618
0.912997
0.282008
0.115669
-0.840802
-0.00493029
0.676575
0.676575
0.676575
0.676575
0.594842
0.448299
0.227009
-0.356204
-0.594374
-1.29686
-1.29686
-1.43522
-1.64543
-1.76717
-0.808295
-0.808295
-0.840719
-0.521399
-0.750008
0.0431385
-0.11638
0.570781
0.570781
0.5377
-0.282523
0.483304
-0.0917525
-0.198367
-0.645418
-0.0908339
-0.584736
0.265474
-0.606897
-0.606897
-0.594531
-0.33596
0.647838
0.764276
0.764276
0.764276
0.764276
0.18451
0.699873
-0.0644088
-0.0811747
-0.657647
-0.497124
0.344614
0.0348846
1.02768
0.836552
0.836552
0.413049
-0.139105
0.516107
0.516107
0.309965
0.858317
0.661402
0.424904
0.424904
-0.26773
-0.581169
-0.0919949
0.109224
0.749036
0.898656
1.0552
1.12257
0.597539
0.928277
0.928277
1.15305
1.15305
1.15305
1.15305
1.15305
1.15305
0.647302
0.649406
0.571076
0.571076
1.09625
0.905579
1.25699
0.925004
0.133425
0.053678
-0.0336958
-0.308018
0.324
-0.503204
-0.957208
-0.572772
-0.967549
-0.521925
-1.13589
-1.13589
-1.27714
-1.27714
-0.922191
-0.922191
-0.706988
-0.706988
-0.0289667
-0.85048
-1.10201
-0.917665
-0.917665
-0.940171
-0.940171
-0.940171
-1.12112
-1.36407
-0.817677
-1.52908
-1.54903
-0.70534
-1.34924
-1.27054
-1.27054
-1.27054
-0.477524
-0.734277
-0.11787
0.0838769
0.0265318
1.00216
0.414444
0.414444
0.0209375
0.592413
1.00079
1.00079
0.954374
0.703288
0.364058
1.10367
0.898526
0.308621
-0.400435
-1.31574
-1.31574
-1.05569
-0.595732
-0.595732
-0.595732
-0.595732
0.168671
0.656657
1.15297
0.709819
0.709819
0.59134
1.17627
1.17627
0.60325
0.968422
1.16827
0.570664
0.570664
1.35084
1.35084
0.920153
1.05812
1.05812
1.15542
1.04115
1.04115
0.922696
0.391568
-0.37632
0.325879
-0.327137
-0.373132
-0.243134
-0.803252
-0.803252
-1.05977
-1.05977
-1.05977
-0.612282
-1.05089
-0.937265
-0.209106
-0.94598
-0.936608
-0.408031
-0.190643
-0.453723
-0.595368
0.024783
0.752829
0.0124464
-0.704441
-0.311211
-0.536023
-0.14193
-0.0797749
-0.747436
-0.747436
-0.747436
-0.829528
-0.829528
-0.829528
-0.829528
-0.380074
-0.380074
0.0897982
-0.45982
-0.947375
-0.509934
-0.509934
-0.29126
-0.86313
-0.86313
-0.86313
-0.634616
-0.578783
-0.0316243
0.840092
0.342032
0.882515
0.882515
0.882515
0.468414
0.468414
0.788289
0.633604
1.06722
1.10569
0.737622
0.317425
0.317425
-0.137723
0.0762779
0.740186
0.369069
1.04062
1.17743
1.15167
1.50625
1.3491
1.3491
1.65398
0.918291
1.2462
0.462367
0.867137
1.30238
1.30238
0.894502
0.894502
0.128823
-0.701764
0.182347
-0.187663
-0.874481
-0.874481
-0.552054
-0.411965
-0.745184
-0.843964
-0.967686
-0.303116
0.640064
0.433286
0.475807
-0.251912
-1.18863
-0.37214
0.37351
1.06169
0.266978
1.17958
1.17958
0.197864
0.527719
0.784596
1.04353
1.04353
0.711345
0.334603
0.953218
0.819558
0.783267
0.91264
1.02172
0.299688
0.0638544
-0.422942
0.0265443
-0.28308
0.378462
-0.50129
-0.541677
-0.613802
-0.613802
-0.681474
-1.61905
-1.71982
-1.10468
-1.10468
-1.26833
-1.01287
-1.01287
-0.997402
-1.06157
-0.81377
-1.05388
-0.667803
-0.785656
-0.276066
-0.276066
-0.646937
-1.11178
-0.911113
-0.66941
-0.243618
0.246749
0.0394467
0.0109473
0.393286
0.597266
0.336079
-0.295739
-0.625375
0.207185
-0.432277
-0.116431
0.725993
-0.19178
-0.691651
-0.382182
-1.23178
-0.435687
0.39035
-0.567779
-1.4716
-1.4716
-1.4716
-0.657097
-1.18547
-0.838135
-1.18035
-1.18035
-0.383201
0.449325
0.449325
-0.342407
-0.496953
-1.16101
-1.16101
-1.16101
-1.32141
-1.39933
-1.39933
-1.46363
-1.5221
-1.5221
-0.770518
0.174693
-0.0254377
-0.0932526
0.208445
0.126241
0.329219
0.329219
-0.0170316
-0.635935
-1.35033
-0.550272
0.103815
0.0895056
-0.645616
-1.16736
-1.6552
-1.36605
-1.36605
-1.15339
-1.15339
-0.495257
-0.378597
-0.830346
-0.621473
0.362498
0.359621
-0.488294
-0.292778
0.23542
-0.11557
0.43954
0.43954
0.43954
0.701821
0.701821
1.22648
1.75113
0.977056
1.19009
1.19009
1.19009
1.19009
1.19009
1.18243
1.18243
1.18243
1.18243
1.18243
0.890465
0.0342984
0.251846
1.0031
1.11033
0.179703
-0.692204
-1.02176
-1.14497
-1.06406
-1.0307
-0.128845
0.0124842
-0.243989
0.62903
0.270905
0.670337
1.32403
0.649551
0.755954
0.755954
0.603561
1.40138
0.602565
1.13871
0.794475
0.706623
0.821634
0.525476
0.942374
1.30941
0.743923
1.42245
1.53931
1.53931
1.63337
1.63337
1.42877
1.10733
1.10733
0.691453
1.15746
0.832689
0.480474
0.899143
0.220558
0.645518
0.645518
-0.25178
-0.102078
-0.303965
-0.880345
-0.845032
-0.845032
-0.330361
-1.00355
-1.00355
-0.158177
0.696493
0.888346
1.13041
1.13041
1.13041
0.883947
0.883947
0.294996
-0.461504
-0.461504
-1.39051
-0.582011
-0.673072
-0.673072
-0.863627
-1.15198
-1.61613
-1.29145
-0.823317
-1.28853
-1.03648
-0.950559
-0.950559
-0.950559
-0.733481
-0.733481
-0.962791
-0.962791
-0.962791
-0.246101
-0.664808
-0.664808
-0.664808
-1.5858
-1.07362
-0.730319
-0.698455
0.277706
0.28148
0.28148
0.490577
-0.466227
-0.64519
-0.64519
-0.506604
-0.506604
0.108007
0.704396
0.505572
0.377205
1.05559
1.05559
1.05559
1.05559
0.896654
0.896654
1.35148
1.65527
1.65527
1.65527
1.65527
1.76412
0.969819
0.969819
1.29738
1.08904
1.08904
0.578002
-0.122152
-0.626283
-0.544702
-0.544702
-0.59834
0.328458
0.50228
1.32417
1.12505
0.518292
-0.120448
-0.967125
-0.203301
0.0447776
-0.419985
-0.419985
-0.370812
0.221331
0.0265951
-0.190145
-0.0112469
-0.690606
-0.920285
-0.826491
-0.826491
-0.895414
-1.05982
-1.05982
-1.52194
-0.545241
-0.576015
-0.857181
-0.857181
-0.218057
0.321881
1.15128
1.15128
1.76013
1.00737
0.408417
0.35549
0.657457
0.657457
1.36263
0.564627
-0.0288732
-0.590802
-0.132099
-0.115938
0.725428
0.00052554
0.966157
0.966157
0.392196
0.429143
0.0107968
0.319275
0.319275
-0.570805
0.410581
1.17548
0.560824
0.21983
-0.544967
-0.937903
-0.924891
-0.964823
-0.964823
-0.911545
-0.911545
-1.63277
-0.887439
-0.137175
0.847637
0.847637
0.847637
0.606001
-0.12894
-0.612716
0.0932448
-0.146722
-0.331519
-0.844954
0.0397174
-0.454833
-1.42172
-1.42172
-1.07286
-0.130212
-0.518203
0.427753
0.118488
0.156592
-0.497542
-0.778339
-0.26151
-0.284067
-0.431169
-0.275573
-0.264528
-0.0202266
0.822949
0.514905
0.395671
0.40492
-0.198731
-0.0658293
-0.322019
-1.003
-0.322744
-0.877338
-0.877338
-0.117272
0.513762
0.513762
0.513762
0.513762
0.844005
0.187763
0.343146
0.0188263
0.173087
1.15377
1.15377
1.15377
0.389933
1.3573
1.3573
0.480115
0.850203
0.214164
0.773287
0.773287
0.976158
1.13888
0.355184
1.00763
0.405383
-0.387705
0.253045
0.64538
0.64538
0.90949
0.90949
1.25437
0.935375
0.935375
1.80906
1.14767
0.151379
0.903814
0.903814
0.903814
1.59283
0.605019
0.605019
0.605019
0.605019
0.222039
-0.643758
-0.689548
-0.590071
-0.590071
-0.590071
-0.590071
-0.590071
-0.590071
-0.88611
-0.88611
-0.0316679
-0.554992
-0.131748
-0.643855
-1.50966
-1.31966
-1.31966
-1.37328
-0.893615
-0.893615
-0.893615
-0.893615
0.0667459
-0.105513
-1.07913
-1.15148
-1.09353
-0.652427
-0.274528
0.29672
0.69877
1.29286
0.794108
0.0319503
-0.720839
-0.684379
-0.684379
-0.684379
-0.710727
-0.0693558
0.929642
0.406389
1.14016
1.01226
1.01226
1.50765
0.839185
0.275545
-0.104326
0.249254
0.760928
0.760928
0.580678
0.580678
0.630951
0.110666
-0.197916
0.273408
-0.348095
0.363873
0.688192
1.35315
1.35315
1.20643
0.722889
1.07195
1.11029
1.11029
0.970316
0.0100206
-0.224431
0.636494
1.25655
1.25655
0.459193
-0.328071
0.0108864
-0.925583
-0.577545
-0.549115
-0.549115
-0.5825
-0.5825
-0.217764
0.534755
1.01028
1.01028
1.01028
1.01028
1.18148
0.822936
1.57761
1.09349
0.491759
0.352372
0.0468875
-0.759812
-0.759812
-0.695332
-0.695332
-0.521943
-0.459739
-1.10551
-0.41128
-0.301955
-0.910511
-0.910511
-0.910511
-1.30466
-1.3257
-1.3257
-0.705824
-1.61319
-1.56262
-1.41202
-0.65749
0.222467
0.301789
0.384005
-0.346541
-0.841367
-0.841367
-0.532655
-1.1068
-1.1068
-0.77541
-0.882552
-0.882552
-0.599884
-0.47527
0.156192
0.848992
0.717042
1.07162
1.24356
1.31901
1.31901
1.01134
1.1718
1.27619
0.372142
0.372142
-0.462916
-0.153735
-0.801454
0.187957
0.394062
0.33782
-0.0234648
0.205276
0.149682
-0.808157
-1.16244
-1.35656
-0.445719
0.504571
1.06552
1.42129
1.05543
1.05543
1.05543
0.425804
0.532794
0.532794
0.107119
-0.637877
-0.889428
-0.299793
0.640103
1.52891
1.38888
1.60421
1.60421
1.60421
1.60421
1.06024
1.06024
0.600135
-0.312452
-0.312452
-0.888404
-0.255716
-1.03022
-0.235998
0.342025
1.2851
0.929886
0.29219
0.738817
0.738817
-0.216747
0.3153
0.165812
0.280175
0.548477
0.10571
1.00441
0.379749
1.31345
0.85252
0.85252
0.778561
0.54407
0.54407
-0.0221845
0.679032
0.679032
0.17674
0.0729987
-0.841514
-0.841514
-0.755625
-0.755625
-1.54244
-1.21094
-1.56195
-1.56195
-0.912957
0.0585757
0.00577135
-0.282167
-0.282167
-0.367555
0.311179
-0.479599
-1.3935
-1.3935
-1.3935
-1.3935
-1.1635
-1.04303
-1.04303
-1.04303
-0.132964
0.373698
0.0432051
0.306824
0.199178
0.27392
0.27392
-0.344838
0.545387
0.128347
-0.247877
-0.0884684
-0.854178
0.0934358
-0.234898
-0.254402
0.607183
0.820904
0.503531
0.853935
0.171452
-0.489423
-0.330201
-0.768964
-0.768964
-0.878151
-0.878151
-0.458589
0.40631
0.873324
0.811027
0.811027
0.422734
-0.078723
0.249702
0.601085
1.29563
1.3433
0.644696
1.02677
1.02677
0.33942
-0.146697
-0.38733
-0.956354
-0.195516
-0.759751
-1.64455
-1.64455
-1.64455
-0.964514
-1.2556
-1.2556
-1.06694
-1.06694
-1.57009
-1.57009
-1.57009
-0.958313
-0.958313
-0.958313
-0.83857
-0.83857
-0.872805
-0.872805
-0.833376
-1.17617
-1.19163
-1.51265
-1.40383
-1.73004
-1.00559
-0.745795
0.0485521
0.110892
0.366964
-0.494971
-1.31233
-0.722844
-0.0317619
-0.760661
-0.760661
-0.134629
-1.1105
-1.13026
-0.547479
0.19672
1.0014
1.17601
1.29445
0.734924
0.734924
0.824754
0.260616
-0.180775
-0.856502
-1.2581
-1.2581
-1.2581
-1.02567
-0.818493
-0.576553
0.218035
-0.0194655
-0.978585
-0.590651
0.234604
-0.150258
0.268865
0.340502
-0.237389
-1.143
-1.07482
-0.939395
-0.71557
0.241418
0.80862
1.17123
1.04774
1.04774
1.35984
1.39656
1.25712
1.53873
1.62795
0.833986
0.833986
0.833986
0.118126
0.0811912
0.0767564
0.0581629
-0.132069
-1.1184
-1.38308
-1.09417
-1.07272
-1.17281
-1.17281
-0.70109
-0.70109
-0.70109
-1.27064
-0.549413
-0.969331
-0.551887
-0.917281
-0.78925
-1.19945
-0.635995
-0.604941
-0.460682
-0.0693643
0.303746
-0.659253
-1.01254
-0.0671764
-0.190146
0.225216
1.04378
0.540448
0.540448
0.228339
0.19831
0.7638
1.30995
1.30995
0.755072
0.432218
0.863319
1.48059
1.39625
0.770809
1.02797
1.02797
1.02797
0.520422
-0.408262
-0.489291
0.163232
0.393638
0.281107
-0.356797
-0.356797
-0.111105
0.394812
0.633093
-0.205374
-0.410218
-0.635819
-0.635819
-1.13413
-0.244837
-1.20686
-0.908493
-1.08455
-0.604482
-0.114748
-1.05543
-0.423949
0.4637
-0.312052
-0.312052
-0.0353807
-0.0554344
-0.0449832
-0.647577
-0.40723
-0.355014
-0.355014
-0.876699
-0.201074
0.711742
0.888082
0.888082
1.33006
0.694701
0.698953
-0.273267
0.234376
0.314775
0.639882
0.639882
0.639882
0.443423
-0.0119214
0.739915
0.83153
0.696643
0.696643
1.42816
1.42816
0.618746
0.618746
0.230696
1.14016
0.419285
0.00902463
-0.506173
-0.590542
-0.519063
-0.519063
-1.02281
-1.11527
-1.11527
-0.231358
-0.61595
-0.522306
-0.522306
-0.546647
-0.091453
-0.182265
-1.00554
-0.725333
-0.725333
-0.725333
-0.952279
-0.547107
-0.446078
-1.16718
-0.450136
-0.450136
-1.0158
-0.564398
-0.528962
-1.1658
-0.229061
0.749845
0.662831
0.662831
-0.198899
0.501901
0.433315
-0.043558
0.33645
0.495139
1.07405
1.07405
0.314197
0.314197
-0.5285
-1.11472
-1.11472
-0.69666
-0.69666
0.240823
-0.486884
-1.41734
-1.38982
-0.555509
-1.0875
-1.20301
-1.20301
-1.56402
-1.56402
-1.19249
-1.19249
-1.19249
-0.411412
-0.411412
-1.38683
-1.64109
-1.64109
-0.697412
-1.11123
-0.570757
-1.36892
-0.494087
-0.494087
-1.2268
-1.2268
-1.45401
-1.57904
-1.03306
-1.03306
-1.03306
-1.03306
-0.668936
-0.668936
-0.668936
0.327595
1.03889
1.03889
0.473918
0.978569
0.315549
-0.231067
-0.515836
-0.515836
-0.515836
0.294522
1.14356
0.531632
-0.205896
0.665123
0.628036
0.194851
0.771353
0.911764
0.584039
-0.210189
-0.0446591
0.534336
0.137117
0.590005
-0.22891
0.147184
-0.037775
0.265088
0.884441
0.884441
0.547663
0.547663
1.22505
0.963697
1.48394
1.48394
1.14742
1.13945
1.13945
0.465438
-0.177212
-0.706024
-0.706024
-1.16843
-0.237853
-0.842494
-0.134393
0.850775
0.728408
0.650665
0.523633
-0.0482407
-0.175599
0.418516
0.922723
0.922723
0.979647
1.25724
0.76929
0.857275
0.834391
1.22505
1.22505
1.22505
0.458643
1.16433
0.992457
0.992457
0.992457
0.992457
1.77431
1.77431
1.77431
1.77431
1.77431
1.77431
1.77431
1.77431
1.19428
1.19428
1.19428
1.19428
0.233988
-0.241906
-0.248758
-0.545814
-0.738026
-0.0572029
-0.869128
-0.809738
-0.809738
-1.22834
-1.07963
-1.18618
-1.18618
-1.11805
-0.279754
0.420354
0.600408
1.13301
1.13301
1.13301
1.13301
1.13301
1.06321
0.591782
-0.120263
-0.215531
-1.21178
-1.21178
-0.921252
-0.411453
-1.38508
-1.38508
-0.873813
-0.873813
-1.29413
-1.29413
-1.29413
-1.51519
-1.51519
-0.806592
-0.546164
-0.577477
-0.0720151
0.522645
0.463392
1.29035
0.295271
-0.393065
-0.827074
-0.827074
-0.827074
-1.25923
-1.25923
-0.72643
-0.407183
0.539998
0.539998
-0.309231
-0.352117
-0.567684
-1.44447
-1.66557
-0.740332
-0.660666
-0.723091
-0.220425
0.385199
-0.58027
-0.675479
-0.534093
-0.789965
-0.789965
-1.00358
-1.23195
-1.23195
-0.92778
-1.12931
-1.12931
-0.729721
0.118156
-0.702234
-0.38759
-1.34112
-1.34112
-1.34112
-1.34112
-1.34112
-1.91685
-1.49882
-2.00132
-1.39755
-0.564383
-0.571316
-0.752171
-0.36512
-0.459408
0.355436
-0.115824
0.321967
0.204362
-0.245022
-1.15777
-0.447102
0.432716
0.432716
0.909768
0.805504
0.805504
0.805504
0.856507
0.795277
0.0707097
0.52417
0.5117
1.03084
1.02733
1.02733
1.02733
1.02733
0.711054
0.94878
0.1614
-0.461886
-0.461886
0.444969
0.149936
-0.0474958
0.826884
-0.152368
-0.679129
-0.679129
-0.679129
-0.679129
-0.548423
0.162695
-0.56485
-0.985493
-0.985493
-1.00959
-1.00959
-1.57232
-0.906288
-0.0193516
0.142231
-0.763642
-0.763642
-0.167241
-0.562225
-1.04063
-0.708896
-0.435204
-0.056107
-0.0699075
0.0273785
0.300618
0.452075
0.915342
1.03034
0.614738
-0.116526
0.233044
0.656663
0.656663
1.11006
0.716768
0.716768
1.07525
0.731785
0.851242
0.851242
0.631058
0.631058
0.461825
-0.439214
-0.484985
-0.869426
-0.752045
-1.42417
-1.42417
-0.43853
-0.541115
-1.07426
-1.20716
-0.42214
-0.308564
0.306412
0.88404
0.916893
0.916893
1.25293
1.25293
1.26246
0.309818
0.565469
-0.167793
0.521452
0.264517
-0.669725
-0.0413147
0.0227057
-0.431199
-0.871504
-0.871504
-0.438161
-0.438161
-1.18354
-1.18354
-0.953568
-1.07023
-1.07023
-0.909937
-0.909937
-0.909937
-0.0225282
0.457092
0.945694
0.46256
0.482977
0.482977
0.482977
0.302124
0.56902
1.1615
1.25809
0.605186
1.11751
1.11751
1.11751
1.11751
0.86362
1.07051
1.38055
1.38055
0.437122
1.037
1.037
0.397244
0.674057
0.775066
0.797303
0.797303
0.797303
0.646464
-0.328007
0.657802
0.657802
1.00304
1.08391
1.08391
0.572393
0.890287
0.890287
0.607193
0.0295542
-0.83841
-0.83841
-0.834584
-0.834584
-0.834584
0.0763318
0.291267
0.900638
0.738497
0.922812
0.922812
1.30074
1.30074
1.37445
1.20637
0.258641
-0.0333605
0.342581
-0.640907
-0.640907
-1.14849
-1.14849
-1.3563
-0.773386
-0.218618
0.629484
0.629484
0.872602
0.872602
-0.114769
0.659412
1.59648
1.59648
1.59648
1.42632
0.507436
0.0900668
0.0824323
-0.384529
0.0690407
-0.260076
0.382514
0.382514
-0.609437
0.123982
1.08767
1.29228
1.0068
0.691239
0.691239
0.833328
0.833328
0.305909
0.466733
0.466733
0.609116
0.512561
-0.0241064
0.519744
1.20595
0.278057
0.910638
0.362157
0.931582
0.193913
0.0834431
0.313264
0.0387353
-0.327434
-0.940117
-0.650117
-0.854896
-1.24609
-1.24809
-1.12714
-0.328482
-0.744553
-0.744553
-0.744553
-0.59674
-1.16312
-1.38163
-0.784213
-0.784213
-0.548711
0.0681143
-0.472788
-0.408628
0.330005
0.00767518
-0.553287
-0.553287
-1.24338
-1.24338
-1.24338
-0.537877
-0.103787
-0.712848
-0.712848
-0.496072
-0.188585
-0.666379
-0.480499
0.142738
0.79816
0.79816
0.79816
0.79816
0.416372
0.559303
0.588018
0.588018
-0.0215366
-0.117362
0.874323
0.636759
0.899792
1.01543
1.08771
1.08771
0.895161
-0.093089
-0.814173
-0.905561
-0.749159
-0.749159
0.183763
-0.453299
-0.77842
0.0948742
-0.361829
-0.744113
-0.963417
-0.618964
-0.476444
-1.32361
-1.32361
-1.73536
-0.836534
-0.957783
-0.957783
-0.449596
-0.851662
-0.210122
-1.09104
-1.47826
-0.988903
-0.988903
-0.988903
-1.31758
-1.29754
-1.29754
-1.19308
-0.74595
-0.74595
-1.20426
-1.06522
-0.935921
-0.873014
-0.678137
-0.678137
-0.597657
-1.55314
-0.621493
-1.27096
-0.632104
0.0816072
-0.338956
0.341504
0.341504
0.341504
0.71041
0.71041
-0.0422679
0.581817
0.581817
0.992415
0.235391
0.235391
-0.322949
-1.2677
-0.849172
-0.849172
-0.74742
-1.02816
-1.02816
-1.02816
-1.19958
-0.346097
-0.625087
-0.839976
-0.839976
-0.664056
0.261251
0.62673
0.608199
0.608199
0.952221
0.447559
1.28015
0.58019
0.58019
1.02023
1.69894
1.69894
1.69894
1.69894
1.69894
1.07958
0.224653
-0.335189
-0.36994
0.347574
-0.223518
-0.0877194
0.640371
0.324589
0.325651
0.325651
0.325651
0.0119587
0.932309
0.932309
1.12794
0.569807
0.569807
0.569807
0.569807
-0.025975
-0.157233
-0.621689
-0.291844
-0.2859
0.0416469
-0.293471
0.637103
0.0813358
-0.0411934
-1.00722
-0.136231
-0.569168
-0.569168
-0.254128
-0.0466631
0.338213
0.865715
0.618326
1.00831
1.00831
1.00831
1.00831
1.00831
0.545909
0.672007
0.83705
0.83705
0.83705
0.509275
1.35514
1.35514
1.35514
1.35514
1.35514
1.35514
1.35514
1.12876
0.130454
0.518185
-0.204102
0.253536
0.696152
-0.271741
-0.244112
-0.356326
-0.356326
-1.28348
-1.28348
-1.17431
-0.752335
-1.41423
-1.41423
-0.730419
-0.730419
-0.979347
-0.979347
-0.874657
-0.874657
-1.08376
-0.990962
-0.773717
-0.0353187
0.490673
0.696353
-0.0421756
0.264298
-0.0452154
0.711594
1.1059
0.861988
-0.0548179
0.632727
0.632727
1.31106
0.813265
1.25089
1.25089
1.25089
1.25089
0.864398
0.819393
0.819393
0.819393
0.819393
0.819393
0.682646
0.747449
0.747449
0.747449
0.635084
0.635084
0.487856
0.0564392
0.043647
-0.0547785
-0.0547742
0.0909557
0.177119
0.791379
-0.0519424
0.200673
-0.46449
-0.0158497
0.315928
-0.0936616
-1.08788
-0.775966
-1.58843
-1.58843
-0.906206
-1.13234
-1.86577
-1.86577
-1.29177
-0.453214
-0.296048
0.168411
0.116756
0.0787051
-0.839332
-1.15644
-1.21602
-0.734477
0.00119838
0.105992
0.516522
-0.300659
-0.638928
-0.638928
-0.638928
-0.228192
-0.228192
-0.736559
-0.736559
-0.736559
-0.736559
-1.04999
-0.571165
0.206535
0.687223
1.32343
1.32343
0.361321
0.414974
0.807871
1.13453
1.53131
1.22117
1.22648
1.10951
0.823388
0.823388
0.823388
0.374145
-0.602331
-0.602331
-0.580531
0.190028
-0.242912
-0.680742
-0.80601
-0.80601
-0.559829
-0.572363
-0.0464597
-0.237083
0.445863
-0.03669
-0.624208
-1.52358
-1.51775
-1.08682
-0.124075
-1.10733
-1.10733
-0.557248
0.268609
0.760764
0.760764
-0.206222
-1.14436
-0.88227
-0.88227
-0.305966
-0.642867
-0.0738166
0.237365
-0.472499
0.301803
0.610402
-0.166058
0.8078
-0.0923078
-0.845888
-0.845888
-0.845888
-1.61304
-1.02199
-1.95335
-1.95335
-1.94251
-1.95868
-1.56241
-1.40215
-1.40215
-0.531965
-0.531965
-0.438214
-0.600675
-0.600675
-1.39125
-1.83877
-0.961506
-0.961506
0.0146728
-0.732415
-1.2134
-1.2134
-1.32062
-1.32062
-1.32062
-1.32062
-1.1483
-1.60508
-0.855178
-1.28827
-1.28827
-1.28827
-1.28827
-1.74913
-1.74913
-1.28559
-0.453384
0.0573584
0.203903
0.100422
0.709883
0.709883
1.07082
0.828607
0.828607
0.235153
1.02365
1.36177
1.4314
1.4314
1.4314
1.76212
1.76212
1.76212
1.75323
0.778426
1.32531
1.32531
1.48848
1.25171
1.25171
0.282755
-0.372937
-0.372937
0.26435
0.26435
0.847403
1.16498
1.56645
1.56645
1.56645
1.63744
0.770364
1.00936
1.00936
1.00936
1.00936
1.00936
0.574644
-0.373943
-1.05046
-0.962611
-1.70098
-0.867278
-0.00373349
-0.248841
0.258614
-0.683868
-0.940979
-1.1122
-1.1122
-0.666158
0.220244
-0.565446
-0.0293841
0.846027
0.846027
0.352862
-0.0460682
0.125645
0.60988
0.60988
0.60988
0.0259938
0.371528
0.288836
1.16144
0.412855
0.579876
-0.418012
0.464122
0.237278
-0.681598
-0.681598
-0.681598
-0.878295
-1.22836
-1.22836
-1.22836
-1.54414
-1.5351
-1.73051
-1.73051
-1.73051
-1.9656
-1.71961
-1.71961
-0.932162
-0.676891
-0.0488747
-0.747299
-0.712677
-0.712677
-0.528246
-0.528246
-0.465136
0.426234
0.790177
0.790177
1.44738
1.45196
0.997569
1.60799
1.45907
1.69315
0.99874
0.701343
0.722398
0.831251
0.362699
0.17753
0.17753
-0.10747
-0.0253887
-0.736571
-0.855882
-0.855882
-0.636545
-0.812425
-0.812425
-0.726394
-1.03731
-0.0911069
0.0502643
0.904832
0.0121091
-0.156518
-0.516873
0.209151
0.417878
0.896799
1.17788
1.40056
1.40056
0.805024
0.552574
0.367029
0.726342
1.06334
1.06334
1.06334
0.745316
0.581112
1.19107
1.19107
0.206547
-0.491552
-1.3848
-0.60695
-1.00519
-0.462644
-0.462644
-0.169503
0.669975
0.525383
-0.298499
-0.823988
-0.823988
-0.823988
-0.456502
-0.398502
-1.23438
-1.48688
-1.48688
-1.48688
-0.744925
-0.78947
-0.902306
-1.2159
-0.947796
-0.947796
-0.947796
-0.923849
-0.954227
-1.21181
-1.33487
-1.33487
-1.15062
-0.33713
-0.647731
-0.647731
-0.00281083
0.367926
-0.392594
-0.0390675
0.142321
0.179691
-0.325552
0.079952
0.0118981
-0.239897
-1.07974
-1.07974
-1.01938
-1.01938
-0.909013
-0.559608
-0.558903
-1.31359
-0.809127
-0.571629
-0.571629
-0.768078
-0.512344
-0.512344
-1.2667
-1.3799
-1.5104
-1.08546
-1.15725
-1.15725
-1.15725
-1.15725
-1.3623
-1.3623
-0.682127
-0.682127
-0.682127
-0.86522
-0.86522
-0.86522
-0.86522
-1.49862
-0.778022
-0.817074
-0.936442
-1.53604
-0.856097
-0.856097
-0.856097
-1.05546
-0.563902
-1.49379
-1.84546
-0.902889
-0.526604
-0.526604
-0.526604
-1.20366
-1.41925
-1.06719
-1.06719
-1.5124
-1.5124
-1.5124
-1.5124
-1.71931
-0.857053
-0.857053
-0.533894
-0.533894
-0.431984
-0.731319
-1.13292
-1.13292
-1.13292
-0.446761
-0.650556
-0.650556
-0.650556
-0.650556
-1.47777
-1.53118
-1.53118
-0.838297
-0.670949
-1.05858
-1.01152
-0.852592
-0.852592
-1.04196
-1.04196
-1.04196
-0.528274
-0.0483977
-0.243203
-0.88472
-0.88472
-0.533669
-0.717587
-1.23367
-1.23367
-1.23367
-0.768866
-0.768866
-0.768866
-0.768866
-1.27933
-1.17936
-0.977747
-1.13326
-0.179396
-1.08493
-0.515334
-1.45452
-1.45452
-1.45452
-1.24763
-1.24763
-0.581677
-0.581677
-0.667214
0.152142
-0.277369
0.536164
0.536164
-0.411809
-0.702969
0.270343
0.147741
0.601929
0.575618
1.05588
0.878577
0.878577
0.584246
0.584246
0.584246
0.584246
0.584246
0.584246
1.33402
1.4064
1.44555
0.90639
0.90639
0.733709
-0.00911106
0.0138839
0.886698
0.886698
0.316237
1.21219
0.687154
0.219378
0.249672
1.02125
1.05485
0.712927
0.44993
0.323232
0.483676
0.706098
0.706098
1.16062
1.12257
0.830714
0.70964
0.983173
0.966135
1.2325
1.2325
1.50399
0.891191
0.891191
1.64406
0.945381
0.936082
0.426499
0.890599
0.890599
0.807648
0.807648
0.807648
0.586676
0.50702
0.356865
0.141914
1.00637
0.830656
0.830656
0.830656
0.348887
0.401963
0.401963
1.12496
0.844426
0.726622
0.180116
-0.773207
-0.773207
-0.95874
-0.95874
-0.752986
0.10999
0.499096
0.359459
1.21737
1.09015
0.849035
0.957642
-0.00934841
-0.314375
-0.791573
-0.791573
-0.285027
0.518855
1.0979
1.0979
1.0979
0.615243
0.780624
1.16718
1.16718
1.33338
1.11473
1.16372
0.480013
0.210441
-0.450345
0.163067
-0.335578
-0.725768
-1.05816
-0.741197
-0.741197
-0.741197
-0.741197
0.0212203
-0.481899
-0.968253
-0.968253
-1.15976
-1.15976
-1.15976
-1.15976
-0.968315
-0.968315
-0.968315
-1.13204
-1.61923
-0.979375
-0.944086
-0.944086
-0.944086
-0.30828
-1.11824
-0.481364
-1.05737
-0.245474
-0.968764
-0.646007
-0.646007
0.342374
0.17487
0.690876
0.486311
-0.431749
-0.820688
-0.820688
-0.820688
-0.655884
-1.19562
-1.14966
-1.14966
-1.14966
-1.22394
-1.22394
-1.22394
-1.22394
-0.772533
-0.978407
-0.978407
-1.03768
-0.993042
-0.865779
-0.331695
0.380261
0.773983
0.16091
-0.233826
-0.368542
-0.695549
-0.353812
-1.22642
-0.297598
0.342961
-0.651759
-0.687572
-0.687572
-0.556907
-0.553957
-0.0350896
0.646669
0.646669
0.598647
0.598647
-0.302583
0.337533
-0.164092
-0.61405
-0.352574
-0.886385
-0.954626
-0.442741
-1.30921
-1.30921
-0.607744
-0.814763
0.00982628
0.338585
0.0232324
-0.663779
-0.044178
0.906558
0.906558
0.906558
0.548587
0.690733
1.30391
1.30391
1.30391
0.679595
0.679595
0.851275
1.01681
0.621066
0.665224
0.683057
0.683057
0.489933
0.777822
0.975281
0.975281
0.515063
0.280619
1.02953
1.00824
1.00824
0.811474
0.811474
0.811474
0.422085
0.901265
0.750393
0.803694
0.803694
0.632026
0.0352935
0.603628
1.28584
1.09558
0.793194
-0.0698795
-0.0505993
-0.112085
-0.230403
-1.22611
-1.22611
-0.715147
-0.715147
-0.573429
-1.36941
-1.36941
-1.65124
-0.719641
-0.496699
0.0125638
-0.706518
-0.529959
-0.157003
-0.700352
-0.357577
-0.0409922
-0.805894
-0.805894
-0.95457
-0.626763
-0.617966
-1.14205
-0.855136
-0.855136
0.0537709
-0.728756
0.10996
-0.82719
-0.601371
-0.8565
-1.22728
-1.39805
-1.22037
-1.22037
-1.49687
-1.84981
-1.84981
-1.84981
-0.881366
-0.632092
-0.632092
-0.897933
-0.897933
0.0668707
-0.44727
0.420784
0.420784
0.872272
0.767073
0.767073
-0.186128
-0.050963
-0.892363
-0.803156
-0.803156
-0.0409192
0.79909
0.570554
0.401343
0.714261
0.714261
0.713777
0.222901
-0.289892
0.484541
-0.10186
0.276074
0.341534
0.935954
0.935954
1.04346
0.703735
0.698169
-0.272624
-0.272624
-0.556325
-0.556325
0.404843
0.404843
0.484114
0.779582
0.779582
-0.214151
-1.16845
-1.16845
-1.16845
-1.0983
-0.579137
-0.649827
-0.770246
-0.126719
-0.387559
-0.297981
0.575073
0.684697
0.698138
0.368539
-0.583293
-0.348106
0.626161
0.636993
0.636993
0.636993
0.731189
0.731189
0.731189
1.45162
0.988288
0.988288
0.900551
0.0873551
-0.0310842
0.441336
0.378556
0.378556
1.23424
1.18865
1.15962
1.15962
1.15962
1.29264
0.875252
0.875252
0.875252
-0.120593
0.060621
-0.048133
0.556005
0.556005
0.831139
-0.0615756
-0.585994
0.300745
-0.258409
0.718674
0.947195
0.557409
-0.207616
-0.942212
-1.08024
-1.20237
-1.20237
-1.34839
-1.03609
-0.929121
-0.929121
-0.688179
-0.75321
-0.75321
-0.75321
0.167256
-0.503586
-0.527379
-0.812974
-0.812974
-1.40402
-0.524818
-1.10481
-1.53909
-0.949935
-0.949935
-0.384223
-1.22471
-1.18079
-1.16507
-1.16337
-1.46234
-1.46234
-1.38625
-1.0328
-1.0328
-0.976456
-0.393339
-0.826175
-0.242135
-0.171694
-0.328904
-0.841441
-0.841441
-0.841441
-0.669043
-0.667411
-0.667411
-0.0583945
-0.439253
-0.377191
0.04331
-0.426486
-0.970343
-0.970343
-0.970343
-0.970343
-1.04179
-0.063654
0.100649
-0.525441
-0.0567935
-0.89969
-1.34129
-0.957435
-0.487529
-0.487529
-1.36284
-1.35319
-0.647119
0.0555425
-0.455975
-0.883448
-0.883448
-0.883448
-0.244131
-0.90936
-0.90936
-0.90936
0.0476136
0.321733
1.2455
1.2455
0.60944
0.60944
0.60944
-0.104663
-0.135054
-0.569268
-1.36139
-1.36139
-1.36139
-1.13353
-1.13353
-1.13353
-1.13353
-1.13021
-0.16341
0.424662
1.26289
0.998091
0.998091
0.627927
0.627927
0.0533541
-0.0432199
-0.89992
-1.62483
-1.23295
-1.77898
-1.77898
-1.77898
-1.03091
-0.510851
-1.23043
-1.48142
-1.48142
-1.48142
-1.48142
-0.692749
-0.692749
-0.544108
0.253408
0.934034
0.934034
1.09911
1.39095
1.57128
1.57128
1.57128
1.41358
1.41358
1.38089
1.22835
1.22835
0.491068
0.390016
0.565225
0.565225
-0.403566
-0.516794
-0.692696
-0.262043
0.165399
0.744708
0.617181
0.550043
-0.0682095
-0.321754
-0.766111
-0.3857
-0.94801
-0.731843
-0.289764
-0.842313
-0.842313
-0.860678
-0.860678
-0.860678
-1.3424
-1.3424
-1.3424
-1.10468
-0.487829
-0.728813
-0.728813
-0.540687
0.447778
-0.153723
-0.0786873
-0.741518
-0.741518
-0.741518
-0.269987
-0.491357
-0.538197
-0.538197
-0.191891
-0.506918
-1.03568
-1.31371
-1.31371
-0.330321
0.237694
0.122108
-0.587238
-1.06173
-1.43424
-1.43424
-1.43424
-1.43424
-1.04004
-1.04004
-1.04004
-1.04004
-1.31396
-1.31396
-1.31127
-1.6337
-1.6337
-1.69595
-1.69595
-1.23197
-1.11468
-1.45456
-0.495769
-0.495769
-0.66246
-1.19467
-1.19467
-0.702326
-0.702326
-0.171659
0.140939
-0.111303
0.244339
0.445908
-0.329643
-0.652266
-0.64635
-0.676803
-0.07246
-0.374178
0.120585
0.738586
0.540435
0.93597
1.25129
1.6642
1.6642
1.6642
1.05438
0.665691
0.665691
0.665691
0.660121
-0.169725
-1.11624
-1.11624
-1.11624
-1.11624
-1.11624
-1.11624
-0.220636
-0.271021
-0.882087
0.0337985
-0.0860854
0.581341
0.581341
1.17804
1.11877
0.703793
0.841269
0.841269
-0.0600474
0.91108
0.595753
0.595753
1.46414
0.817765
0.817765
0.817765
0.817765
0.885088
0.0655873
0.720041
1.31412
0.590567
0.590567
0.590567
0.645236
-0.0693332
-1.01245
-0.186209
-0.987077
-0.987077
-1.00139
-0.309726
-0.80629
-0.109606
-1.10504
-1.16982
-1.16982
-0.980176
-0.646001
-0.957443
-0.957443
-0.957443
-0.96035
-0.96035
-0.96035
-0.754001
0.173629
-0.47955
0.000944346
0.981136
0.981136
0.980314
0.50346
0.6592
0.968438
0.990604
1.16797
1.16797
0.178918
0.654353
0.558872
0.560583
-0.118702
0.156992
0.405955
-0.00244691
0.894371
1.10735
1.75315
1.75315
1.12773
0.892173
0.892173
0.892173
0.184751
0.311409
0.0753203
0.657836
-0.295623
-1.00576
-0.825376
-0.825376
-0.996973
-0.492234
-1.2133
-1.2133
-0.459841
-0.314916
0.160366
0.786267
1.53641
1.53641
1.53641
1.53641
1.53641
1.4368
1.4368
0.95144
0.95144
0.679867
0.679867
-0.221426
0.717427
0.717427
1.02237
1.02237
0.0380704
0.498416
-0.453253
0.544957
0.544957
0.246737
0.246737
1.08789
1.08789
0.725507
0.725507
0.264137
1.01836
1.33459
0.586429
0.586429
0.025908
-0.209605
-1.13026
-1.56752
-1.19457
-1.32937
-1.32937
-1.32937
-1.32937
-0.860765
0.121944
0.861396
0.861396
0.180232
-0.758287
-1.21873
-1.15021
-0.496119
-0.496119
-1.0243
-0.423455
-0.682255
-0.096937
-0.573841
-0.339247
-0.206307
-0.971221
-0.934133
-0.934133
-0.934133
-0.934133
-0.934133
-1.32445
-0.94914
-1.05097
-0.701343
-1.0554
-0.483688
-0.153834
0.0781426
0.39422
-0.586495
-1.33081
-0.593543
-0.593543
0.129984
0.236945
0.201429
0.578465
0.359337
0.0247479
-0.853551
-0.472482
-0.472482
-0.775631
-0.70074
-0.103597
0.301077
-0.03191
0.961652
1.3965
1.3965
1.96551
0.966005
1.18961
1.18961
1.01505
0.587826
0.239439
-0.201742
-0.914967
-0.508774
-0.854563
-0.379416
0.151696
0.696556
0.291954
0.0822684
0.0615403
-0.145702
-0.688166
-1.1943
-0.421839
0.341979
1.09228
1.09228
1.09228
1.09228
1.06331
1.01906
0.915653
0.227774
0.922402
-0.0351832
0.682431
0.921459
1.66405
0.944039
0.317622
0.626199
0.00250393
-0.459589
-0.459589
-1.14591
-1.06457
-1.06457
-0.484564
-0.629989
-1.37467
-0.775169
-0.775169
-0.775169
-0.792123
-0.105532
-0.488081
0.0213274
-0.899987
-0.899987
-0.899987
-0.668224
0.027787
-0.183993
-1.00245
-1.31718
-1.31718
-1.31718
-0.498515
-0.709971
-0.517033
-1.24112
-0.743983
-1.39145
-1.20716
-1.77918
-1.36653
-1.36653
-0.552108
-1.06559
-1.06559
-1.06559
-1.06559
-1.06559
-0.108921
-0.679611
-0.329893
-1.17684
-1.17684
-0.814198
-0.814198
-0.163951
-0.737028
-0.0502557
-0.229911
-0.416474
-0.416474
0.525128
0.263229
-0.732349
-0.732349
-0.732349
-0.732349
-0.732349
-1.63567
-1.63567
-1.63567
-1.24487
-0.452428
-0.452428
-0.890328
-0.890328
-0.890328
-0.890328
-0.245033
-0.392815
-0.267819
-1.14657
-0.903331
-0.655419
-0.602883
-0.784604
-0.881695
-0.881695
-0.798844
-0.142029
0.275134
-0.462676
-0.691353
-1.29788
-1.20409
-0.375669
-0.743917
-0.248011
-1.0321
-1.0321
-0.509384
-0.781045
-0.781045
0.0850777
-0.155828
-0.732809
-0.732809
-0.708846
-0.67992
-0.565308
-0.450991
0.446815
-0.0487404
0.380435
-0.41433
0.132318
0.101949
0.561258
0.561258
0.865419
0.865419
1.1873
1.0882
1.18306
0.859273
0.0438946
0.820645
0.820645
0.820645
1.58323
1.84663
0.964156
1.04377
0.169362
0.358273
0.965016
0.304031
-0.0737401
0.218906
0.167025
0.0945586
-0.0892187
0.42725
-0.112554
0.281256
0.826805
1.02649
1.02649
0.312972
-0.132401
0.100067
0.264918
0.120897
-0.264335
-0.920675
-1.50906
-1.16466
-1.16466
-0.219665
0.0450621
-0.249547
-0.249547
0.0752236
0.237845
0.767312
0.924436
0.404672
0.118409
-0.872567
-0.362857
0.136017
-0.862924
-0.902316
-1.15862
-1.01359
-1.24152
-1.24152
-0.377647
-0.198323
-0.0756909
0.169837
0.826519
0.760924
1.44652
1.46806
1.16177
0.953465
0.953465
1.59516
1.19792
1.19792
1.19792
0.202977
0.248338
-0.504619
-0.00445901
0.591574
0.591574
-0.114304
0.557274
0.632549
0.978717
0.777936
0.102041
0.780908
0.780908
1.48823
0.540313
0.261185
-0.0374868
-0.385449
-0.789164
0.138655
-0.662213
-0.662213
-0.668968
-0.776563
-1.36154
-1.36154
-1.36154
-0.744331
0.0588553
-0.913548
-0.913548
-0.913548
-0.287054
-0.446465
0.168216
0.636846
0.488287
-0.479861
-0.479861
-0.479861
0.471882
1.07872
1.07872
0.397036
-0.43049
-0.414359
-0.124411
-0.158124
-0.136664
-0.889377
-0.889377
-0.632456
-0.632456
-0.613789
-0.613789
-0.613789
0.192045
0.84954
0.84954
1.10685
1.29194
1.29194
1.29194
0.927141
0.927141
0.872691
0.872691
1.17874
1.17874
0.241204
-0.553105
-0.51191
0.16675
-0.108251
0.0984229
0.152584
0.0551554
-0.263753
-0.23208
0.362783
0.519589
0.519589
0.519589
0.522402
0.854239
0.854239
0.671857
0.115819
-0.347527
-0.461624
-0.0792828
-0.839782
-0.839782
-0.921716
-0.293778
0.209805
-0.54825
-1.05
-0.19445
-0.454017
0.450439
0.450439
0.434799
0.544777
0.928672
0.0921836
0.732375
0.732375
0.743797
0.543907
-0.291425
-0.402465
-0.8709
-0.5414
-0.512956
-0.727147
-1.15278
-1.15278
-0.61838
-0.26383
0.130245
-0.496057
-1.2721
-1.2721
-0.798924
-0.949424
-0.897288
-0.897288
-0.591963
0.00562627
0.179793
0.561027
1.0717
1.0717
1.16069
0.83173
0.83173
0.78684
0.78684
0.522063
-0.269403
0.381362
1.08428
0.998648
0.382901
1.16377
1.21221
0.292658
0.0498098
0.321001
0.829535
1.01755
0.77097
0.554708
0.608827
0.528223
1.03851
0.512372
-0.204661
-1.12649
-0.715335
-0.143875
0.830743
0.149815
-0.435233
-0.547267
-1.09884
-1.09884
-0.581968
0.389904
-0.394042
-0.382076
-0.614828
-0.614828
-0.0427031
-0.393477
0.0968822
-0.486717
-0.486717
-0.486717
0.198029
-0.162913
-0.138756
-0.741478
-0.741478
-0.0900548
-0.654428
-0.654428
0.0316329
0.853758
0.787696
0.787696
0.974594
1.01774
0.943314
0.572976
0.341179
0.426113
0.0119969
0.930363
0.930363
0.930363
1.01691
1.01691
1.01691
0.721003
0.115899
-0.771201
-0.886205
0.0832759
0.368233
0.765667
0.765667
0.357694
-0.0399783
0.312497
-0.428756
-0.727656
-0.375362
-0.827004
-0.555575
-0.597126
-0.764103
0.0992862
0.605272
0.603016
0.603016
0.480735
1.09306
1.09306
1.74713
1.31176
1.31176
1.5761
1.5761
0.623065
0.623065
1.206
0.48186
0.976779
0.976779
0.976779
0.840221
0.840221
0.840221
-0.0728311
0.463355
0.683232
1.03616
0.198638
-0.18227
0.185012
1.03031
0.201896
-0.490294
-0.755129
-1.04467
-1.04467
-0.344396
0.276467
0.254316
-0.510618
-1.04029
-1.04029
-0.574529
0.254017
0.0849513
0.712334
1.3169
1.24547
0.832322
1.11619
1.4306
1.35886
0.71302
0.696225
0.271302
-0.436129
-0.436129
0.404654
0.195403
-0.717582
-0.717582
-0.717582
-1.0754
-0.909096
-0.438433
-0.67628
-0.842663
-0.339223
-0.250763
-0.33724
-0.35565
0.280426
0.832287
1.02069
1.02069
1.02069
0.69063
-0.153235
0.134343
-0.577626
-0.825566
-0.429282
-0.429282
0.237092
-0.288404
-0.162611
-0.327366
-0.296424
-0.581568
-0.971135
-0.990118
-0.990118
-0.990118
-0.940082
-1.04017
-0.78543
-0.78543
-0.349712
-0.527011
-0.0956322
-0.0193116
-0.208466
0.715845
-0.193798
-0.0430005
0.383101
-0.553998
-0.977162
-0.151102
-0.688504
0.135759
-0.327781
-1.29461
-0.989016
-0.382089
-1.2624
-0.517718
-0.732797
-0.909465
-1.69063
-1.69063
-1.69063
-0.933418
-0.394711
0.355992
0.242085
0.449292
-0.00281294
-0.0579763
-0.564424
-0.802904
-0.802904
-0.802904
-0.930301
-0.541928
-0.501872
-1.21246
-0.68174
0.309987
0.438423
0.629225
1.22972
0.901427
0.469941
-0.215505
-0.215505
0.428386
0.714056
0.714056
0.238191
-0.650185
-0.650185
0.0326197
-0.747309
0.10284
-0.771901
-1.22545
-0.567463
0.283959
-0.569096
0.40207
-0.0493574
0.0437712
-0.770609
-0.770609
-1.10351
-1.10351
-0.794373
-0.999105
-0.999105
-1.18565
-1.18565
-1.18565
-1.08383
-0.299427
-0.309653
0.578731
1.54505
0.646077
0.159903
0.950497
0.742962
0.742962
0.742962
1.01887
1.54926
1.54926
1.47585
1.06593
0.485477
-0.348385
-0.0136702
0.672222
0.390057
0.232528
-0.414939
-0.45943
-0.45943
-0.45943
-1.41462
-2.07827
-2.07827
-2.07827
-2.07827
-2.07827
-2.07827
-2.07827
-2.27012
-2.27012
-2.27012
-2.27012
-2.27012
-2.27012
-2.34179
-2.34179
-2.00434
-2.00434
-2.00434
-1.77233
-0.923262
-0.626441
-0.626441
-0.74759
0.0194635
0.422061
0.673494
0.512538
1.11906
1.00968
1.00968
1.01672
0.675598
0.675598
0.00416237
-0.0541566
0.281893
1.22276
0.460095
0.656757
0.782041
0.782041
-0.128759
-0.464515
-0.751221
-0.954785
-0.791338
0.091442
0.925939
-0.0390665
0.00220573
0.725277
0.725277
0.725277
0.526693
0.985304
0.649555
0.58013
0.741541
1.68109
0.898797
1.39004
1.23
0.660077
0.660077
0.660077
0.134612
0.768379
0.722378
0.722378
1.33432
0.855556
0.855556
0.747543
0.345596
0.134992
-0.623556
-0.694028
-0.0672999
-0.946021
-0.946021
-0.327565
0.438705
1.31916
1.31916
0.601107
1.06669
0.530385
0.532823
0.392812
0.392812
-0.356634
0.0590313
-0.134963
-0.0792604
0.849002
0.990173
1.18596
1.07758
1.01284
0.291438
0.737737
0.0763068
-0.0672584
0.212255
0.406586
1.06388
1.06388
1.14217
0.304375
-0.347426
-1.07662
-0.783783
-0.783783
-0.783783
-0.783783
-0.783783
-0.783783
-1.06886
-1.17961
-1.47461
-0.627586
0.114267
0.465407
-0.0787512
0.523658
0.134005
0.95834
0.587205
0.587205
0.544467
0.544467
1.47817
1.47817
1.47817
1.47817
1.48939
1.33722
1.58503
1.58503
1.4146
0.533558
-0.203545
-0.016537
0.93127
0.279063
-0.275673
-0.119154
0.610279
0.861804
-0.0752936
-0.560342
-0.72637
-0.827316
-0.921018
-0.405452
-0.719502
-0.719502
-0.0141012
0.392138
-0.491123
-0.491123
0.207389
0.877677
0.877677
0.877677
0.877677
0.877677
0.877677
-0.0424641
0.89612
0.89612
1.74768
1.74768
1.74768
1.74768
1.51245
1.55997
1.55997
1.55997
1.69441
1.13095
0.907583
0.907583
0.689042
0.348823
0.041719
0.977643
0.59002
0.59002
-0.331733
-1.30696
-1.30696
-0.821944
-0.650949
-0.186058
-0.375755
0.333182
-0.45527
-0.200513
-0.772034
-0.772034
-0.772034
-1.20225
-0.384868
0.398374
0.359005
0.893753
0.893753
0.533435
0.611638
-0.234947
0.0622782
-0.0588815
-0.428113
0.0659892
-0.472977
0.221427
0.578449
1.52324
1.52324
1.22583
1.22583
1.22583
1.22583
1.18205
1.01984
1.01984
0.828067
0.828067
0.779373
0.0482358
0.287249
-0.218888
0.392062
-0.603186
-0.603186
-0.603186
-0.429217
-1.16591
-1.24269
-1.24269
-1.4608
-1.45431
-1.45431
-1.45431
-0.792863
-0.334398
0.164743
0.939517
0.628954
0.866845
0.638406
0.721558
0.721558
1.39665
1.04572
1.32687
1.27519
1.42638
1.7487
0.8996
0.8996
0.8996
0.86211
0.652929
1.48422
1.48422
0.740083
1.22298
0.671928
0.219816
-0.282853
0.600265
1.10666
0.928197
0.128604
1.01436
0.934507
1.47463
1.47463
0.639173
0.639173
0.735919
1.14405
1.31522
1.17272
1.17272
1.17272
0.446513
0.36381
0.925128
0.328724
0.0744457
-0.513437
-0.357404
-1.01629
-0.549684
-0.662491
-0.18664
0.570203
0.570203
0.570203
0.986008
0.567497
0.488631
1.31728
1.31728
1.31728
0.786447
0.786447
1.44269
1.31224
1.21658
1.18911
0.800446
0.800446
1.21101
1.28054
1.83016
1.07901
1.01913
0.722726
0.722726
0.722726
-0.179761
-0.216592
-0.266231
-0.832866
-0.713111
-0.491253
0.50635
-0.102565
0.708831
0.708831
0.230512
-0.277816
0.417554
0.601751
0.695192
0.991524
0.159255
0.0870963
0.681565
0.681565
0.778449
0.778449
0.778449
0.66587
-0.248927
-0.327836
-0.678892
-0.678892
-0.165641
0.0235401
-0.439786
0.521639
0.0358602
0.0231245
-0.167124
-0.861529
-0.861529
-0.861529
-1.19699
-0.284783
-0.719174
-0.24224
0.502856
0.321116
0.824338
0.824338
0.824338
0.403848
1.08392
1.08392
0.444494
-0.120282
-0.928085
-0.453677
-1.10784
-1.22886
-0.749791
-0.80296
-0.80296
-0.80296
-1.31431
-0.756318
-1.47079
-1.47079
-0.533103
-1.19392
-1.19392
-0.470573
0.215336
-0.347758
-0.598371
-0.598371
-0.0781844
-0.588634
0.199614
1.06705
1.11403
1.41801
0.426892
-0.04506
0.873732
0.895252
0.421355
-0.566871
-0.566871
-0.795289
-0.00338297
-0.870751
-0.834349
-0.0897257
0.073052
0.808936
0.46817
1.14303
0.285243
-0.436537
-0.58273
-0.58273
-0.58273
-0.739968
-0.654879
-0.127806
-0.890151
-1.11756
-0.295501
-0.814605
-0.0409977
0.0615974
1.03057
1.17319
0.230953
0.321551
-0.257833
0.24608
0.822122
1.21679
1.21679
1.16023
0.951544
0.766351
0.766351
1.24582
0.717459
0.730561
-0.118897
0.34554
0.220002
0.46772
-0.329598
-0.465355
-0.465355
-0.563346
-0.559058
-0.559058
-0.00881702
0.452468
0.0961307
-0.252878
0.588696
1.17445
1.17445
1.09561
0.935404
0.984698
0.74126
-0.194049
-0.937581
-0.377719
0.214524
-0.647656
0.1685
0.016756
-0.80256
-0.80256
0.113308
0.021615
-0.522482
-0.232429
-1.16125
-0.268829
-0.98005
-1.05277
-1.44576
-0.53309
-0.491004
-1.37513
-1.37513
-0.50656
0.336512
-0.515645
-0.767514
-0.767514
-0.339303
-0.787386
-1.13072
-0.794556
-0.852472
0.119807
1.04202
0.769441
0.494133
0.563315
1.04626
1.02473
0.923571
0.202901
1.04875
1.04875
1.52033
1.52033
0.635382
-0.214161
-0.523077
0.0826957
-0.753078
-0.401908
-0.84937
-0.84937
-1.0044
-0.0156771
0.608504
0.679848
0.142355
-0.672018
-0.672018
-0.592802
-1.37755
-1.02804
-1.1808
-0.639083
-0.754584
-1.20162
-2.00207
-1.35453
-0.579316
-0.739212
-0.376034
-0.330916
-0.581855
-0.301744
0.230194
1.19994
1.35519
1.35519
1.35519
0.813458
0.813458
0.813458
0.243794
0.252657
0.602534
0.965873
0.965873
0.443055
1.20788
0.599997
0.756525
0.314911
0.4151
-0.31455
-0.707703
0.180855
0.939486
0.939486
0.478251
0.0855859
-0.648179
-0.648179
-0.648179
-0.648179
-0.648179
-0.268511
-0.823926
-0.669727
-0.589674
-1.26682
-0.673004
-1.3272
-1.08777
-0.197868
0.698092
1.6836
1.85353
1.85353
1.29059
1.29059
1.13436
1.13436
1.13436
1.06898
1.31554
1.31554
0.346164
1.02896
1.02896
0.155457
0.763095
0.763095
0.763095
-0.0966031
0.146617
0.321681
1.018
0.243942
0.769484
0.562723
0.0522518
-0.321186
-0.504959
0.180842
0.309204
0.79896
0.79896
0.79896
1.5419
0.719527
0.266593
0.027635
-0.0781531
0.33418
1.05447
1.05447
1.05447
1.05447
1.06783
0.970589
0.280439
-0.633549
0.266457
0.771227
0.193223
1.08475
1.08475
1.33295
0.612516
0.738482
0.372876
-0.49979
-0.831622
0.123468
-0.257399
0.448564
0.87926
0.778776
0.778776
0.778776
0.778776
0.313689
1.02926
0.593831
0.308755
0.134259
0.756511
1.63843
1.29059
0.96362
0.908691
0.908691
0.775434
0.284807
0.10819
0.8019
0.987587
1.11988
0.539239
1.16016
0.269894
-0.250547
-1.04111
-1.93201
-1.93201
-1.93201
-1.93201
-1.93201
-1.93201
-1.93201
-1.53229
-1.4905
-1.4905
-1.4905
-0.712647
-0.00336987
-0.697191
-0.937014
-0.937014
-0.234095
-0.446371
-0.684165
-0.56301
-0.56301
-0.772607
-0.772607
0.211517
0.236035
1.02737
1.02737
1.18685
1.18685
1.01133
0.732012
0.034879
-0.182956
-0.45394
-1.03716
-1.03716
-0.764676
-0.0763554
-0.627748
-0.210018
-0.277907
-1.01415
-1.01415
-0.138202
-0.0497909
0.417643
0.417643
0.760874
1.43955
1.43955
0.918217
0.918217
1.27546
1.27546
1.42449
1.89706
1.89706
0.997622
0.673475
0.673475
0.673475
0.673475
0.673475
0.673475
0.673475
0.673475
-0.26626
-0.128643
-0.517806
-0.336384
-0.873939
-0.38065
-0.694461
-1.20116
-0.215613
-0.0968256
0.477642
0.872623
1.60424
1.4277
1.81507
1.52933
1.52933
0.905188
0.905188
0.905188
0.622537
0.770762
0.770762
1.67141
1.73212
2.11348
2.09155
2.09155
1.51221
1.51221
1.51221
1.70036
1.08236
0.289582
1.01076
0.869626
0.287635
0.57754
0.57754
0.265644
-0.505165
-1.26279
-1.23971
-0.960105
-0.960105
-0.960105
-1.38961
-1.38961
-0.511669
-0.248088
-1.04282
-0.478697
-0.642308
-0.717425
-0.328068
-1.20089
-1.20089
-0.700763
-1.18318
-1.18318
-0.792245
-0.792245
-1.08363
-1.56253
-0.606316
-0.273173
0.418071
-0.446479
-0.35803
-1.06506
-0.17137
0.582511
1.31601
0.585937
-0.137145
0.76709
0.530082
0.604541
0.616306
-0.283248
-0.36997
0.464211
0.464211
0.561814
1.25663
0.312439
-0.373668
-0.287004
0.528103
-0.459358
0.172235
0.81077
0.965151
1.32351
0.989718
1.16175
1.16175
1.16175
1.10424
0.914363
0.540175
0.540175
-0.0141555
0.689486
1.14398
0.316001
-0.514385
-0.514385
-0.514385
-0.441874
-0.0258534
-0.993871
-0.993871
-1.93157
-1.93157
-1.80492
-0.974022
-0.55513
-0.455485
0.22378
1.21208
0.634991
0.634991
0.699316
1.1362
1.1362
0.297063
-0.252105
0.708948
0.708948
0.708948
0.622564
-0.125
-0.444664
-0.444664
-1.06433
-1.06433
-0.537557
-0.00790219
0.0440233
0.600066
1.43414
1.72228
1.12152
0.411234
0.700139
0.700139
1.12841
1.45231
1.25409
0.569479
1.19087
0.74055
0.538731
0.538731
0.538731
0.538731
0.538731
0.278274
-0.588643
-0.797151
-0.797151
-1.63071
-1.07458
-1.12222
-1.12222
-0.942709
-0.763214
-0.769107
-0.769107
-0.769107
-0.769107
-0.97392
-0.652958
0.158976
0.79687
1.51156
1.51156
0.877536
0.785287
0.785287
0.972356
1.24468
0.913053
0.896367
0.824421
0.788642
0.389037
0.389037
0.399764
0.399764
0.832474
0.832474
0.642826
0.578673
0.353623
0.51638
0.51638
0.51638
0.51638
0.56384
0.469138
0.432569
0.0879703
0.290844
0.288376
1.01744
0.750718
1.19249
0.586396
0.586396
0.532712
0.0838781
-0.878691
-0.225739
-0.388597
0.137092
-0.377763
-0.377763
-0.761502
-0.761502
-1.36514
-1.36514
-1.39051
-1.39051
-1.05365
-1.05365
-1.05365
-0.588373
0.266746
-0.616003
-0.616003
0.303772
0.368115
0.0717001
-0.643138
-0.192889
-0.827046
-0.827046
-1.134
-1.51396
-1.03674
-1.19331
-0.444529
-0.572903
0.00788223
-0.852095
-0.223246
0.00888371
-0.805964
-0.884126
-0.374398
0.561407
0.756626
0.630563
0.630563
1.59811
1.59811
1.11865
1.11865
0.39617
-0.358622
0.105893
0.837894
1.12609
1.12609
0.377816
-0.365808
-1.05483
-1.05483
-1.28217
-1.26231
-0.651352
-0.651352
0.145609
0.836833
0.941035
0.0364863
-0.918099
-1.66655
-1.62335
-0.676353
-0.539012
0.00404887
0.546215
0.0780369
-0.111942
0.0639868
0.478931
1.1707
1.16106
1.13078
0.675187
0.880527
0.880527
0.201932
1.07524
1.07524
1.54446
1.77585
1.87851
1.46391
0.54574
0.729718
0.0345052
-0.310917
-0.330729
0.337879
0.337879
-0.466817
0.472229
0.315061
0.315061
-0.631931
-0.631931
-0.953838
-0.647083
-1.11578
-0.82171
0.0723185
-0.143562
0.628945
-0.00704498
-0.930103
-0.500517
-0.438913
0.479755
1.07268
1.07821
1.07821
1.31396
0.559886
0.688114
1.13382
1.13382
1.2298
1.2298
0.455463
0.303727
-0.2538
0.362787
-0.522283
-0.244499
-0.551979
0.0141274
0.323156
0.323156
0.997041
1.50024
1.50024
1.51725
1.51725
1.93153
2.04395
1.91733
1.43891
1.44577
1.47415
1.57066
1.00413
1.00413
0.82343
0.82343
0.82343
0.82343
0.82343
0.82343
0.402805
0.30741
0.199365
0.672643
0.661213
0.661213
0.661213
0.695564
1.16084
1.34376
0.548383
0.916808
0.101184
0.778757
1.01212
0.698724
1.21382
1.80326
1.23935
0.608591
0.312953
0.312953
0.306434
0.601529
0.942661
1.62342
1.62342
0.672827
0.662335
1.33021
1.33021
1.33021
1.33021
1.33021
1.33021
0.628363
1.47289
1.47289
1.63924
1.63924
2.06254
2.06254
2.06254
2.06254
2.06254
2.06254
2.06254
1.4689
1.4689
1.4689
1.4689
1.4689
1.35563
0.587656
-0.108999
0.143604
-0.708532
-0.677012
-0.851181
-0.851181
-0.815266
-0.128107
0.699847
1.36421
1.31933
1.46019
1.46019
1.35074
1.35074
0.387092
-0.175617
-1.13106
-1.13106
-1.2095
-0.957277
-0.957277
-0.957277
-0.802198
-1.15192
-1.15192
-1.15192
-1.81859
-1.81859
-1.81859
-1.78012
-1.97925
-1.4311
-1.4311
-1.68899
-2.01126
-1.83978
-1.59541
-0.643496
0.190055
-0.163741
-0.755151
-0.755151
-1.39585
-1.39585
-1.39585
-0.864001
-0.864001
-0.4874
-1.00433
-0.736935
-0.684178
-0.440921
-0.440921
-0.623436
-0.238189
0.0847296
-0.252792
-0.257917
-0.716123
-0.716123
-0.817453
-0.132051
-0.84553
-0.498525
-0.498525
-0.707048
-0.707048
-1.47643
-1.61172
-1.00663
-0.0488666
-0.30006
-0.956349
-0.956349
-0.956349
-0.956349
-0.160633
0.21611
-0.475634
-0.875861
0.0910969
-0.239544
-1.00221
-1.00221
-1.00221
-0.760403
-0.760403
-1.36992
-1.36992
-1.25211
-1.25211
-0.361488
-0.361488
0.395513
0.0800986
-0.786824
-0.255866
-0.790475
-0.790475
-1.42657
-0.51157
-0.689231
-0.144957
-0.0857612
0.0439292
-0.104492
-0.253519
-0.668962
-1.0163
-0.762417
-0.301652
-0.247701
0.234105
0.96776
0.856135
0.305695
0.731819
0.0235617
-0.957025
0.00961151
0.936137
0.257485
-0.157759
-0.583053
-0.846466
-0.412389
-1.36316
-1.42439
-1.3222
-1.3222
-0.567615
-0.567615
-0.567615
0.419947
-0.427304
-0.53723
-0.884922
-0.884922
-0.798306
-0.820765
-0.94744
-0.94744
-0.625903
-1.32282
-1.32282
-1.32282
-0.420942
0.50934
0.158558
0.199861
-0.397048
-0.397048
-0.573243
-0.626585
0.144228
0.620236
0.620236
0.620236
-0.195142
-0.0142808
-0.61601
-0.406443
-0.151283
-0.24785
0.575561
0.214868
0.214868
0.693431
0.595498
-0.180239
-1.14002
-1.14002
-1.18237
-1.18237
-1.18237
-0.36929
0.252796
-0.605996
0.117137
0.191377
-0.267915
-1.12493
-1.12493
-1.12493
-1.20347
-1.20347
-0.680688
0.0952125
0.291331
-0.0381981
0.298103
0.743788
0.743788
1.37545
0.552385
0.171779
0.24006
-0.691514
-0.992935
-0.992935
-1.13984
-0.683934
-0.683934
-0.0976762
-0.0438934
-0.760012
-0.760012
-0.760012
-0.579244
-0.892497
-1.47936
-0.873135
0.0382519
0.963658
0.963658
0.963658
0.666199
-0.119468
-0.0456999
0.458797
0.72511
0.202059
1.08468
1.35893
0.81254
0.639822
-0.259012
-0.909772
-0.385349
-0.469619
-0.469619
0.240309
-0.417639
-0.676056
-0.676056
-0.676056
-0.964113
-0.839297
-0.924704
-0.224653
-0.329928
-0.585436
-0.870421
-0.870421
-0.614061
-0.123076
-0.316434
-0.0829151
-0.00586524
0.838171
0.838171
1.28898
1.01307
1.01307
1.03919
1.03919
1.03919
1.35396
0.803385
0.803385
0.803385
1.57303
1.57303
1.8386
1.78565
0.816038
0.816038
1.19208
1.19208
0.953974
0.149646
-0.765286
-0.280226
-0.306392
-1.186
-1.186
-0.927056
-1.11348
-0.275517
-0.275517
0.485386
0.485386
1.2694
0.342289
0.916154
0.543684
0.543684
-0.185149
-0.271968
0.178262
-0.771724
-0.79076
-1.30017
-1.5363
-0.543726
-0.543726
0.32279
0.706384
0.388698
-0.344779
0.10432
0.576887
0.551545
-0.131116
-1.02442
-0.166171
0.76965
1.38538
0.679976
0.679976
-0.242384
-0.830486
-1.17567
-0.564843
-0.564843
-0.156821
-0.924902
-1.31142
-1.12708
-0.765647
-1.0097
-0.859529
-0.155177
0.67886
0.67886
0.67886
0.991878
1.21572
1.01389
0.461174
0.326256
1.06813
0.492243
1.41265
1.38966
1.38966
1.36697
1.2949
1.2949
1.14708
1.08185
0.650246
1.42103
1.25676
0.479954
0.138217
0.449298
0.449298
0.449298
0.449298
0.397134
-0.173232
-0.270106
-0.655948
-0.655948
-0.732248
-0.495076
-0.495076
0.261159
0.796154
0.796154
0.721179
1.43726
1.03947
1.30049
0.803213
1.10054
1.10054
1.10669
1.0892
0.585365
0.765687
0.765687
0.765687
0.438922
1.216
1.08908
0.39394
0.55836
0.281839
0.502472
0.502472
0.691348
1.25896
1.41711
0.464615
0.108679
-0.809058
-0.616528
-0.961188
-0.587237
-1.48663
-1.48663
-1.48663
-1.48663
-1.48663
-0.657583
0.0406368
-0.368658
0.609327
0.0324097
0.346032
-0.127477
-0.649543
-1.33133
-1.21079
-0.217824
-1.06596
-0.732948
-0.943817
-1.01236
-0.146561
0.581685
0.581685
0.183809
0.716658
0.716658
0.100526
-0.403883
-0.13088
0.316303
-0.312436
-0.0467048
-0.227904
-0.638852
-0.578566
-0.719311
-0.732772
-0.809807
-0.395129
-1.13091
-1.44621
-1.44621
-0.518574
-0.848077
-0.139241
0.580485
0.580485
0.911959
1.38619
0.41815
0.631876
0.668985
0.668985
0.668985
0.659943
1.51482
1.04845
1.04845
1.05642
1.72241
0.972724
0.972724
0.972724
-0.00689505
-0.678342
-0.385136
-0.718888
-0.718888
-0.718888
-0.701936
-0.365345
-0.69709
-0.69709
0.0195749
-0.212161
-0.906689
-0.906689
-0.906689
-0.906689
-1.28146
-0.389715
0.0885099
-0.393433
0.520143
0.828228
0.828228
1.47345
1.75195
0.766105
0.0443129
-0.477473
-1.15906
-0.939173
-0.939173
-1.46231
-1.30495
-0.760144
-1.01159
-0.48313
-0.522842
0.272456
-0.709011
-1.43619
-1.43619
-0.889482
-0.889482
0.0497786
-0.928159
-0.711223
-0.291701
-0.0989986
-0.011967
0.208565
0.846912
1.29789
1.11467
0.934192
0.934192
1.15929
1.15929
1.15929
1.2919
0.541244
0.528851
0.528851
0.866108
0.866108
1.43428
0.627939
-0.266734
0.461012
0.246536
0.470473
-0.507055
-1.00277
-1.00277
-1.00277
-1.00277
-1.07574
-0.385052
-1.09165
-1.09165
-1.66145
-1.514
-1.53357
-1.53357
-0.990149
-0.347356
0.62849
0.62849
0.62849
1.06088
0.142906
-0.266932
0.12817
-0.725559
-0.549734
-0.549734
-0.452808
-0.495015
-0.495015
-0.329636
-0.329636
0.186178
-0.0484484
0.0162301
0.147772
1.08501
1.69786
0.751029
0.574373
0.574373
-0.203635
-0.885941
-0.368224
0.0279913
0.458174
-0.0108941
0.0701753
0.814346
0.0279773
0.579278
1.19857
0.566815
0.566815
0.514668
-0.154424
-0.382933
-0.611584
-0.626511
-0.626511
-1.34045
-1.38028
-1.11922
-0.718726
-0.993078
-0.30287
0.573245
-0.00421763
-0.670722
-1.38158
-0.564013
-0.0160955
-0.853104
-0.853104
-0.853104
-0.853104
-0.853104
-0.853104
-0.955296
-0.955296
-0.208868
-0.468816
-0.613846
0.192546
-0.538494
-0.693382
-1.15725
-0.620766
0.290369
1.18812
1.18812
0.403663
0.612765
1.01489
1.14899
1.54229
1.33795
0.457682
1.09439
1.09439
0.156046
0.298635
-0.319214
-1.24808
-0.544063
-0.675984
-0.675984
-0.249902
-0.987939
-0.987939
-0.982756
-0.982756
-0.982756
-0.982756
-0.341986
-0.982038
-0.982038
-0.982038
-1.13427
-0.855732
-0.605467
0.31397
0.801298
1.58073
1.10142
1.10142
1.10142
1.10142
1.33044
0.766524
0.495757
0.485858
0.637589
0.0248689
0.20658
0.843264
0.843264
0.843264
1.13497
0.435344
0.762229
0.0893579
0.883728
0.883728
0.883728
0.685244
1.29838
1.29838
1.29838
1.29838
0.965174
0.298562
-0.0238984
0.589149
0.589149
-0.244663
0.349061
0.898766
0.398566
0.398566
0.398566
1.09099
0.584247
1.3524
1.3524
1.05417
1.05417
1.05417
0.784175
0.784175
0.557859
-0.11526
-0.756416
-0.624949
-0.68659
-0.68659
-1.03446
-0.239072
0.69616
0.350862
0.350862
0.767352
0.964733
0.964733
0.816356
0.643938
0.972597
1.95739
1.77896
1.77896
1.77896
1.77896
1.77896
1.802
1.802
1.802
1.802
1.802
1.802
1.37392
1.79782
1.79782
1.22789
1.22789
1.22789
1.22789
1.44861
1.44861
1.44861
1.26449
1.74733
1.74733
2.057
1.19915
0.391908
0.762772
0.530364
0.674937
0.519232
0.275909
0.335392
0.75743
1.54054
0.616338
0.839934
0.839934
0.839934
1.56968
1.85927
1.14691
1.14691
0.946292
0.520732
0.0639377
-0.699866
0.18495
0.343007
0.404622
0.404622
0.266611
-0.597041
-0.597041
-0.597041
0.260391
1.25602
1.76995
1.85408
1.85408
1.17741
1.17741
1.02634
1.02634
0.0923955
0.701962
0.224013
-0.427256
0.239908
-0.44897
-1.05542
-0.24986
-0.587768
-0.78292
-0.826006
-0.595994
-0.915176
-1.33782
-1.33782
-0.959078
-0.959078
-0.926158
-0.764988
-0.764988
-0.933893
-0.933893
-1.08951
-1.08951
-1.29158
-0.772476
-0.662933
-0.149899
0.736068
0.771701
0.0921128
-0.513681
0.430902
-0.00241027
-0.697202
-0.697202
0.205111
0.839523
0.600852
0.600852
0.223275
-0.322892
-0.533585
0.280261
0.399926
-0.481128
-0.524654
-0.379452
-0.327021
-0.744874
-0.395415
-0.293746
-0.293746
-1.06287
-0.804657
-0.804657
0.180575
0.198194
-0.358954
-0.159255
-0.301024
-0.924209
-0.924209
-0.680293
-0.680293
-0.115786
-0.766215
-0.766215
-0.954205
-0.370244
-1.13354
-0.770157
0.000641698
-0.48655
-0.48655
-0.376404
-1.16496
-0.340378
-1.24989
-0.706606
-0.914209
-0.914209
-0.419884
-0.920046
-0.000665628
0.349389
0.954549
0.954549
0.954549
0.954549
0.27712
-0.694813
-0.449907
-0.774912
-0.774912
-0.564577
-1.46197
-1.46197
-1.46197
-0.614945
-0.998342
-0.14611
-0.414217
-1.02797
-0.888911
-0.888911
-1.5779
-1.5779
-1.5779
-1.5779
-0.756101
-0.0971328
0.384297
-0.148328
-0.532493
-0.837058
-0.504335
-0.504335
-1.37156
-0.488029
-0.402417
-1.39368
-1.39368
-1.39368
-1.39368
-1.31699
-1.31699
-0.974959
-0.690058
-0.898934
-0.726868
0.000391164
0.190629
0.86441
1.25765
0.698021
0.0801075
0.21584
-0.387395
0.0719178
0.82514
0.980922
0.399295
0.802127
0.802127
0.802127
-0.0798013
-0.608145
-0.608145
-1.02782
-0.703165
-0.703165
-0.596879
-0.596879
-0.596879
0.116307
0.805529
1.22742
0.346979
-0.467038
-0.439511
-1.24745
-1.14436
-0.801388
-0.801388
-0.801388
-0.801388
-0.221599
-0.252414
-0.978686
-0.978686
-0.297885
-1.13692
-0.760568
0.157866
-0.234472
-0.178329
-0.239697
-0.0716544
-0.0333351
-0.0331508
-0.615572
-0.461169
-1.1903
-1.1903
-0.53422
-1.23154
-1.23154
-1.36729
-0.463096
-0.127808
-0.742599
0.0358255
-0.91589
-0.91589
-0.621354
-0.621354
-0.621354
-0.127604
0.0701184
-0.55437
-1.01425
-0.658794
-1.26149
-1.26149
-1.26149
-1.26149
-1.13536
-0.937307
-0.937307
-0.862721
-0.858203
-0.512898
-0.0784915
0.260982
0.272726
0.356776
0.381511
-0.0598675
-1.0402
-0.21891
0.512084
0.512084
-0.211473
0.767209
0.767209
0.91611
0.91611
0.91611
1.46456
0.645895
1.02018
1.29365
1.29365
0.876885
0.876885
0.992716
0.992716
0.649325
0.649325
0.649325
0.438596
0.105873
-0.542847
-1.51807
-0.837883
-1.24276
-1.29867
-1.86487
-1.52374
-1.52374
-1.52374
-1.52374
-1.74013
-1.74013
-2.25234
-2.25234
-2.30421
-2.30421
-1.67182
-1.67182
-1.67182
-1.67182
-1.44771
-0.723576
-0.63719
-1.01214
-1.01214
-1.01214
-0.201443
-0.843872
-0.643863
-0.643863
-0.996438
-1.32111
-0.916885
-0.916885
-0.916885
-0.916885
-1.64922
-0.975303
-0.417062
-0.417062
-1.23923
-1.23923
-1.23923
-0.770692
-0.234326
-1.12852
-0.256745
-1.03321
-0.370132
-0.548306
-0.631428
-0.937073
-0.937073
-0.937073
-1.46857
-0.749136
0.16927
1.10833
0.909344
0.909344
1.34843
1.04367
0.553341
0.659859
0.466063
1.04881
1.57915
1.27071
1.13399
0.253795
1.03676
1.03676
0.0968003
-0.839475
-1.41728
-1.27221
-1.27221
-0.418971
-0.337894
-0.337894
-0.0741683
0.772196
-0.206742
-0.67837
-1.01767
-1.01767
-1.26385
-1.26385
-0.630889
-0.666094
-1.18834
-0.469787
0.0846488
-0.197115
-0.622585
-0.622585
-1.13259
-1.95936
-1.52125
-1.28431
-1.28431
-1.28431
-1.22303
-1.13047
-1.13047
-1.03441
-0.952524
-0.00413146
-0.75936
-1.18536
-0.791859
-0.26602
0.0482686
0.691563
0.643896
0.080163
-0.141528
0.710785
-0.224443
-0.793014
-0.545691
0.411402
-0.371361
-0.371361
0.591624
0.556589
0.968812
0.904347
0.904347
1.05917
1.05917
1.05917
1.05917
1.05917
0.222531
-0.672878
-1.56942
-1.56942
-1.13426
-0.615693
-0.852827
-0.556829
-0.416024
-0.295957
0.27266
-0.0196054
-0.97194
-0.97194
-0.645772
-0.049027
-0.783418
-0.959281
-1.30006
-1.30006
-1.30006
-0.815693
-0.815693
0.100776
1.10059
1.25239
1.25239
0.923698
0.923698
0.923698
0.029902
0.40748
0.776278
0.776278
0.392099
0.74845
0.383793
0.0539784
-0.915978
-1.22723
-0.52308
0.282128
0.409226
0.445475
0.445475
-0.422011
-0.615596
-0.887338
-0.887338
-0.887338
-0.0624851
0.0977023
0.4958
-0.196872
-0.742726
-0.701646
-0.945292
-0.759408
-0.759408
-1.10827
-1.08693
-1.08693
-0.20082
-1.18531
-0.933611
-0.933611
-1.06804
-1.06804
-0.597385
-1.20108
-1.2277
-0.72293
-0.72293
-0.72293
-0.72293
-0.72293
-0.0668291
-1.01447
-0.172812
0.486573
-0.29957
0.201803
1.18332
1.18332
1.26425
1.44777
1.23811
0.973931
0.973931
1.09582
0.4096
0.0334087
0.041099
-0.676611
-0.451428
0.195673
-0.338433
-0.663783
-0.663783
0.125819
0.150164
1.02249
1.01743
0.0383675
-0.699966
-0.699966
-0.57324
-0.57324
-0.57324
-0.756345
-0.756345
-0.756345
-0.791159
-1.08424
-0.213968
-0.886549
-0.886549
-0.886549
-0.764357
-0.496522
-0.623023
-0.0271162
0.603431
0.603431
1.13551
1.51079
1.51079
1.42271
0.952751
1.35563
1.26837
2.05241
1.38724
1.38724
0.956585
0.43657
-0.481727
-0.132025
-0.376755
0.361421
-0.0434885
0.143036
-0.101159
-0.696633
-0.696633
-0.696633
-0.737995
-0.93643
-1.06578
-0.834768
-0.962465
-1.24672
-0.648082
-0.648082
-1.26569
-1.69627
-1.67153
-1.90044
-1.63432
-1.54417
-0.931355
0.0645845
0.265404
0.926433
0.982309
0.69328
0.53483
0.0666435
-0.493551
-0.698166
-1.6901
-1.49824
-1.40472
-0.448157
0.163013
-0.385252
0.337297
0.522688
1.18586
1.33755
0.537655
0.537655
0.0950128
1.00612
0.298241
0.0339749
-0.200274
0.754041
0.374156
-0.498124
-0.303343
-0.509374
-0.191317
-0.0599935
-0.407079
-0.982455
-0.865704
-0.494355
-1.26994
-0.594975
0.396624
0.956517
0.764592
0.764592
-0.198466
-0.487354
0.182396
-0.669846
0.212713
1.05827
0.630474
0.630474
1.37567
1.42897
1.42897
0.808765
0.919126
0.919126
-0.0326318
-0.243857
-0.176854
0.717023
0.717023
1.37601
0.845946
0.459665
-0.451131
-0.707708
-0.325334
0.0596419
1.05602
0.754022
0.407093
1.28975
0.55046
-0.171919
-0.161766
0.415239
0.415239
0.876934
0.582765
0.902375
0.570814
-0.0644944
0.459225
1.31109
1.16659
1.44999
1.31269
0.444977
-0.0137537
-0.160063
-0.521336
-0.958377
-0.958377
-0.92274
-0.92274
-1.41884
-0.958252
-0.441286
-0.127814
0.769829
0.668963
0.668963
-0.195309
0.189872
-0.683601
0.241981
0.944526
0.944526
0.306639
-0.645184
-0.645184
-1.48797
-1.48797
-1.06971
-0.465336
-0.251986
0.599385
0.960051
0.960051
0.640798
0.640798
1.07025
0.113537
0.0404623
0.523196
0.523196
-0.253993
-0.00636752
-0.435013
0.00712803
0.633866
0.894804
0.630068
1.26658
1.74833
1.69826
1.69826
1.52934
0.847603
0.234681
0.0770267
-0.484204
0.423427
0.423427
0.0846815
0.946658
0.21355
-0.755235
-1.01216
-1.01216
-1.1294
-1.1294
-1.66984
-1.66984
-1.66984
-1.33963
-1.35504
-1.35504
-1.35504
-1.35504
-1.35504
-0.775455
0.179537
-0.784313
-0.818407
-0.818407
-0.219274
0.379974
0.631565
0.373573
0.359947
0.443552
0.443552
-0.323062
-0.698481
-0.698481
-0.698481
-0.860224
-0.698011
-0.162449
-0.179792
-0.654595
-0.304328
-0.922142
-0.441561
-0.810597
0.00665772
0.930288
0.794996
0.794996
0.502109
0.502109
1.33308
1.25319
1.25319
1.25136
0.559775
0.789525
0.586406
0.586406
0.586406
0.658178
0.658178
0.658178
0.658178
0.949864
0.201816
0.439839
0.291952
0.119839
0.592469
0.592469
0.592469
0.0407191
-0.737479
-0.400332
0.448659
1.11129
1.11129
1.11129
1.11129
1.51642
1.51642
1.51642
1.51642
1.46749
1.19676
0.336188
0.670188
0.670188
0.990314
1.20413
0.535537
0.751233
-0.167279
-0.170125
0.663906
1.5884
1.5884
1.5884
1.5884
1.5884
1.66034
1.89118
1.7026
0.801949
0.801949
0.801949
1.48703
1.13681
0.469191
0.469191
0.469191
-0.51684
0.016831
-0.616249
-0.616249
-0.393425
0.569529
0.243258
-0.691337
-0.691337
-0.806036
-0.972741
-0.972741
-0.105314
-0.0227384
-0.444491
-0.92065
-0.92065
-1.20146
-1.20146
-1.18965
-0.329061
-0.643416
-1.54302
-1.54302
-1.54302
-1.09664
-1.09664
-1.10775
-1.49138
-1.49138
-1.49138
-0.700719
0.266509
0.544937
0.108076
-0.735089
0.179989
0.287228
-0.672526
-1.09798
-0.528294
-0.313002
0.29063
-0.463061
-0.463061
-0.463061
-0.463061
-0.463061
-0.463061
-0.256134
-0.0354704
-0.214249
-1.05954
-1.00852
-0.986993
-0.674434
0.118769
-0.252232
0.383687
-0.00346479
0.980837
0.717835
0.374909
-0.055319
0.923194
0.923194
1.51433
0.951968
0.951968
0.229867
1.13723
0.717412
0.204271
0.77887
0.77887
0.368255
0.227224
-0.719467
0.19932
-0.162922
0.00207426
0.473212
-0.0375309
-0.441089
-0.344015
-0.266658
0.199548
-0.509082
-0.564015
-0.618935
-0.307358
-1.07289
-0.683076
-1.24194
-0.781748
-0.52492
-0.52492
-1.04706
-1.04706
-0.361562
-0.53624
-0.53624
-0.35962
-1.31408
-1.05002
-0.74553
-0.74553
-0.0117453
-0.086391
0.134333
-0.641325
0.0590134
-0.0146318
-0.988425
-0.961538
-0.961538
-1.10515
-1.09907
-0.832582
-0.832582
-0.906591
-1.24413
-0.816537
-0.487571
0.0123106
-0.478441
0.0326524
-0.240753
-0.28934
-1.00673
-1.00673
-1.00673
-0.359426
-0.152532
0.834047
0.610086
0.477511
0.835655
0.835655
0.441478
0.0269902
0.72158
0.72158
0.72158
1.00446
0.980445
0.980445
0.980445
0.318586
-0.110514
-0.992068
-0.992068
-0.959882
-0.959882
-0.826847
-0.68493
-0.68493
-0.166475
-0.451832
-0.963858
-0.627586
-0.931878
-0.554874
-0.527467
-1.29687
-1.29687
-1.5801
-1.56324
-1.15465
-1.31881
-1.31881
-1.31881
-0.548
-0.548
-0.59428
-0.668001
-0.396142
-1.0972
-1.0972
-1.0972
-0.846155
-0.846155
-0.846155
-0.649139
-1.09808
-0.667965
-0.855423
-0.193489
-0.639678
-1.05755
-1.24422
-1.24422
-1.23577
-1.23577
-1.23577
-1.02593
-0.628027
-0.628027
-0.628027
-0.577368
0.00872613
-0.471201
-1.14354
-0.524307
-0.914938
-0.561041
-0.885037
-0.102085
0.619498
0.752818
-0.0881723
-0.0467582
0.126658
0.0927689
0.197811
0.539838
1.24246
0.421645
0.88689
1.4802
1.4802
1.4802
1.12138
0.29921
1.12524
1.12524
1.12524
1.10663
1.10639
1.04822
1.04822
1.04822
1.04822
1.45896
1.45896
0.871318
1.61381
1.61381
1.61381
1.94347
1.94347
1.00576
0.872212
0.553652
1.17324
0.340054
0.827011
0.697689
1.27859
1.07604
1.15971
1.15971
1.28004
0.748485
0.748485
0.748485
1.09866
1.09866
1.09866
0.852725
0.852725
-0.119008
-0.198692
-0.797616
-0.797616
-0.797616
-1.71032
-1.71032
-1.06928
-1.06928
-0.542061
-1.00946
-1.58959
-1.58959
-0.810019
-0.444557
-0.338217
-0.273678
0.14922
0.235746
0.331057
1.25789
0.290526
0.290526
0.273047
-0.336515
-0.534893
-1.24355
-0.70697
0.0501616
0.824897
1.01269
0.459432
0.937349
1.0198
0.869016
0.869016
-0.0221071
-0.905224
-0.905224
-0.983353
-0.849097
-0.571818
-0.571818
-1.56915
-1.56915
-0.848382
-1.13753
-0.91828
-0.91828
-0.430765
-1.38339
-1.47127
-2.08176
-1.65359
-1.59402
-0.678411
-0.292538
0.252572
0.927745
0.354613
0.544199
1.21164
1.21164
0.441301
0.34871
1.16216
1.71085
1.71085
1.71085
1.86358
1.86358
1.86358
1.4105
0.574288
0.574288
-0.328214
-0.41744
-1.02587
-1.02587
-0.346696
0.447745
-0.409364
0.253602
-0.350601
-1.12751
-1.12751
-1.09155
-0.430386
0.471277
-0.181347
0.00837974
-0.151643
0.453441
0.409222
0.662764
0.118299
0.209978
-0.769459
0.164848
-0.667777
-1.0546
-1.0546
-1.0546
-0.328477
0.293534
0.180831
0.111307
0.470057
0.399018
0.400564
0.262876
-0.328552
-0.987022
-0.987022
-0.194445
0.356018
0.0718254
0.124356
0.847748
0.37052
0.752412
1.06114
0.578403
-0.358009
-0.302712
0.473977
0.422831
1.03289
0.657022
1.53639
0.600654
0.91625
0.91625
0.546057
0.808943
-0.13025
-0.54924
-0.287887
-1.181
-1.181
-0.568949
0.328258
-0.0935213
-0.495532
-0.159746
-0.624873
-0.282138
0.679131
1.12076
0.800349
1.34639
0.528806
-0.293218
-1.14876
-1.39334
-1.39334
-1.39334
-0.549843
0.327259
0.932462
0.932462
0.932462
0.932462
0.433638
-0.231505
-0.779578
-0.779578
-0.74647
-1.61366
-1.61366
-0.786178
0.100473
-0.698448
-0.507523
-1.28705
-1.28705
-1.28705
-2.11907
-2.11907
-2.11907
-2.11907
-1.81155
-1.3592
-0.842311
-1.38349
-1.38349
-1.38349
-0.798348
-1.05518
-1.05518
-1.27758
-0.932001
-0.932001
-1.31282
-0.819877
-0.811416
-1.50002
-1.50002
-1.14086
-0.404983
0.478892
0.782797
1.49764
1.49764
1.49764
0.887466
0.887466
0.887466
0.132712
-0.674618
-0.521778
-0.521778
-0.993641
-1.50169
-1.61398
-1.19978
-1.19978
-1.3013
-0.784181
-0.784181
-0.86793
-0.86793
0.105563
0.400442
-0.214678
-0.986722
-0.986722
-1.30537
-0.766963
-0.766963
-0.766963
-0.766963
-0.766963
-0.766963
-0.766963
-0.766963
-0.215548
-0.190833
0.676927
0.923878
0.268845
-0.664361
-1.3235
-1.3235
-1.54156
-0.728377
-0.961285
-0.961285
-0.262453
0.344921
0.286718
1.2278
0.793006
-0.201376
-1.10693
-1.06466
-1.06466
-0.112924
-0.633716
-0.268991
-1.21467
-0.969757
-0.969757
-0.72705
-0.72705
-1.01826
-1.39273
-1.39273
-1.39273
-1.39273
-0.829949
-0.829949
-1.24874
-1.08966
-1.08966
-0.165589
-1.04024
-1.04024
-0.592534
-0.592534
-0.592534
-0.312881
0.461845
0.798381
1.0831
1.31213
1.31213
2.1809
2.1809
2.1809
2.1809
2.1809
1.64747
1.05183
1.05183
1.05183
0.525883
-0.20593
-1.12362
-1.12362
-0.262008
0.355381
-0.635193
-0.635193
0.0265314
0.279584
1.02003
1.02003
0.108472
-0.307643
0.394043
0.0700188
-0.541077
-0.0270067
0.878337
0.878337
0.611884
1.03461
0.533245
-0.15304
-0.305689
-0.967088
-0.075155
-0.279564
0.207101
0.179392
-0.627161
-0.719392
-0.719392
0.232304
-0.499611
-0.167624
-1.15531
-1.74005
-1.74005
-1.16663
-1.13787
-1.13787
-0.337718
-0.337718
0.360273
0.0875749
-0.223731
-0.720508
-0.720508
-0.720508
-0.996089
-0.644191
-0.22451
0.24094
-0.681449
-0.940321
-0.123981
-1.09193
-0.356806
-1.14653
-1.68113
-1.26951
-1.26951
-1.26951
-1.26951
-1.26951
-1.18985
-1.18985
-1.18985
-1.18985
-1.09134
-0.311894
-1.29269
-0.615298
-0.463799
-1.3542
-0.84161
-0.84161
-0.912982
-0.912982
-0.767114
-0.756816
-0.78511
-0.78511
-1.29962
-0.584894
0.0335461
-0.0603346
0.503935
0.412987
1.36233
1.36233
1.29029
0.830314
0.732872
0.688597
0.678114
0.678114
0.678114
0.466143
-0.121084
-0.905501
-0.569408
-0.981078
-0.981078
-0.981078
-1.38664
-1.38664
-1.38664
-1.13783
-1.13783
-0.644331
-0.644331
-0.644331
-0.644331
0.23485
-0.272261
-0.136554
-0.0134104
-0.492104
-0.492104
-0.492104
-0.492104
-1.29866
-1.1895
-1.1895
-1.1895
-0.219647
-0.57481
-0.211777
-0.20766
-0.0805479
0.652086
-0.167327
-0.206457
0.384894
1.03682
0.0887575
-0.0561803
-0.116837
-0.25533
0.443844
0.327689
-0.0900593
-0.0486788
0.175967
0.716751
0.716751
0.925231
1.35535
0.59153
0.41475
0.898253
0.898253
1.24228
1.24228
1.7308
0.912432
0.190603
0.825035
0.707333
0.603442
0.603442
0.546574
0.739252
1.52718
0.924203
1.2361
1.11867
1.11867
1.11867
0.147754
0.636424
0.636424
0.830313
0.830313
0.830313
0.812516
0.528422
0.528422
-0.0828507
-0.91772
0.0493961
0.188102
0.0964115
-0.0614486
-0.012786
0.529023
0.854471
0.868379
1.35073
1.35073
1.19423
0.299743
-0.456077
-0.659539
-0.383313
-0.383313
0.536835
0.808699
0.808699
0.808699
1.75898
1.16141
1.16141
1.3303
1.22199
1.22199
0.948929
0.948929
0.948929
0.515443
1.08054
0.982843
0.982843
0.434176
0.434176
0.640683
0.00863254
-0.487838
-0.487838
0.443336
0.173363
0.513304
1.18248
1.14823
1.14823
1.63233
1.63233
0.688798
0.688798
0.746895
0.664459
1.34551
1.09214
0.138837
0.0101301
0.469283
0.469283
-0.361692
-1.00515
-1.00515
-1.24892
-1.10983
-1.10983
-1.10983
-0.627516
0.340284
1.22467
0.921748
1.77273
1.77273
1.29283
1.00111
0.222109
-0.637909
0.271444
-0.363424
-1.1226
-1.1226
-0.127392
-1.00786
-1.00786
-1.00786
-1.00786
-1.00786
-0.528431
-0.528431
0.33145
0.735325
0.025267
-0.678525
-0.11966
-0.66212
-0.66212
-0.707796
-1.08972
-1.08972
-0.474635
-0.790294
-0.790294
-0.790294
-0.790294
-0.762856
-0.650336
0.0979068
-0.439549
-0.698055
-0.698055
-0.698055
0.0663158
0.945062
0.145912
0.0324261
0.246984
-0.573269
-1.00166
-1.00166
-1.03137
-1.03137
-1.22284
-0.360607
-0.98749
-0.98749
-0.0330856
-0.71088
0.0248113
0.324469
0.324469
0.6893
0.6893
0.6893
0.6893
0.6893
-0.255481
-0.545782
0.156446
0.117569
0.859652
0.354102
0.69473
0.121766
-0.265728
-0.182145
0.558566
0.785448
0.785448
0.396566
0.281638
-0.673377
-0.12051
0.295916
1.09216
0.35707
0.91188
0.91188
0.635207
-0.121037
0.523367
0.517144
0.472445
-0.402315
0.433848
0.482543
0.482543
0.482543
0.700703
0.700703
0.176146
0.819116
0.819116
0.725643
1.09525
0.3156
0.59356
0.59356
0.59356
0.803125
-0.0559449
-0.862475
-1.32412
-1.41791
-1.41791
-1.41791
-0.667669
-0.667669
-0.301297
-1.28204
-1.28204
-1.28204
-1.28204
-1.20403
-1.20403
-1.08122
-1.08122
-0.346907
-0.403252
0.281984
0.905608
0.692292
0.301508
0.656211
0.656211
0.656211
0.656211
0.978426
0.258616
1.2387
0.971452
0.703299
1.41135
1.41135
1.41135
1.35728
0.831383
0.790431
0.790431
0.547506
0.973435
0.722864
0.0841797
-0.382387
-0.109248
-0.601522
-0.601522
-1.00916
-1.28413
-0.455712
-0.455712
-0.924719
-0.924719
-0.924719
-0.118135
0.682892
-0.00647906
0.419193
1.32723
1.82577
1.82577
1.82577
2.0466
2.0466
2.0466
2.0466
1.93474
1.12999
1.12999
1.12999
1.12999
1.12999
1.12999
1.12999
1.71051
0.832384
0.832384
0.676138
1.50492
1.50492
0.536295
0.536295
0.335798
0.871326
0.926634
0.920436
0.752161
0.752161
1.51415
1.51415
1.29944
1.25195
0.844274
0.481286
0.166528
1.06607
1.06607
0.371272
0.268852
0.423616
1.28836
1.28836
1.28836
1.44306
0.474427
0.124188
-0.18215
0.533505
0.533505
0.533505
-0.25677
-0.75775
-0.75775
-0.75775
-0.75775
-0.697127
-0.124182
-0.702743
-0.657631
-0.949012
-0.949012
-0.949012
-1.10867
-1.10867
-1.10867
-1.10867
-0.600448
-1.45901
-1.45901
-0.92629
-0.92629
-0.92629
-0.92629
-1.18912
-0.757566
-0.491549
-0.490261
0.0138274
0.345492
0.345492
0.534254
0.188011
0.984231
0.984231
1.1496
0.617598
-0.106211
0.712174
0.223422
-0.684589
-0.74591
-0.74591
-1.02696
-1.02696
-1.36387
-1.36387
-1.91403
-0.923968
-0.923968
-0.550243
-0.45594
-0.709236
-1.25655
-1.25655
-0.467045
-0.366233
-1.09086
-0.964404
-0.964404
-1.21981
-1.07378
-0.867178
-0.867178
-1.36787
-1.36787
-1.38969
-1.38969
-1.38969
-1.23787
-1.23787
-0.387671
-1.03958
-0.368615
-0.0911244
-0.989796
-0.735013
0.209157
0.611584
-0.189586
-0.504026
-0.165077
-0.0960308
-0.945637
-1.11005
-1.11005
-1.18579
-1.18579
-1.18261
-0.751645
-0.974941
-1.26776
-1.33887
-0.619821
0.249072
0.784903
0.784903
0.784903
1.01113
0.34392
-0.356011
-0.0760646
-0.420661
-0.481377
-0.561317
0.0409623
0.564158
1.18883
0.376484
0.376484
0.506536
0.937694
0.937694
0.484437
0.786275
0.844996
0.844996
0.0676171
-0.176
0.705236
0.705236
0.452937
1.31318
1.31318
1.08354
1.08354
1.08354
1.08354
0.329964
0.6143
1.31202
0.631602
1.1201
1.06415
1.00981
0.104929
-0.527771
0.302082
0.272004
0.13916
0.626135
0.234403
-0.669154
-1.08148
-0.630495
-0.546966
-0.546966
-1.12183
-0.886616
-0.671752
-0.19142
-1.05612
-1.34851
-1.14405
-1.14186
-1.14186
-0.187332
0.397611
0.367788
0.664054
1.48431
0.871944
0.483439
0.564194
1.50131
1.50131
1.50131
1.70044
1.22014
0.943142
0.881377
0.795031
0.113027
-0.319564
-0.359332
-0.442124
-0.0722015
0.405866
0.865835
0.689927
0.689927
0.689927
0.685444
0.151333
-0.318845
-0.37408
-0.37408
0.611537
0.567005
0.45466
0.11958
0.932904
0.932904
0.923996
0.909424
0.7305
0.0267566
0.312788
-0.651245
-0.651245
0.267833
0.726091
0.726091
0.554481
-0.277787
-0.320334
-1.22569
-0.401487
-0.123406
-0.57951
-1.37621
-1.35489
-0.412576
-0.7031
-0.504934
-1.2202
-1.40634
-1.40634
-1.40634
-0.530461
0.321766
1.11075
0.595271
0.595271
0.447033
0.917107
0.917107
0.590013
-0.040898
-0.257556
-0.00311419
0.184232
-0.555258
-1.00068
-1.52473
-1.39713
-1.23576
-1.23576
-1.23576
-1.01937
-1.01937
-0.354893
0.0229821
0.21947
0.114813
0.953803
0.439025
1.12656
1.81105
1.81105
1.52313
1.52313
0.668359
0.845766
0.845766
0.940201
0.6679
0.205345
1.15935
1.15935
0.837354
0.837354
0.664951
0.702289
1.5361
1.5361
1.5361
0.788297
0.788297
0.765927
0.530497
0.382937
0.984642
0.063018
-0.436287
-0.27047
-1.18905
-1.22455
-0.966297
-0.966297
-0.759371
-0.248865
-1.01458
-1.0311
-0.45843
-1.12531
-1.12531
-1.12531
-0.597781
-0.597781
-0.597781
-0.597781
-0.56677
0.193456
-0.395765
-0.433383
0.53154
0.360569
0.382408
-0.5772
-0.406871
-1.01119
-0.606586
-0.606586
-0.881155
-0.716773
-1.2528
-0.648017
-0.648017
-1.02356
-1.02356
-1.3902
-1.06203
-1.71803
-0.790604
-0.295158
0.631762
0.631762
1.16161
0.644575
0.749453
0.436752
0.0628243
-0.626395
-1.53823
-1.68149
-1.68149
-1.68149
-1.68149
-1.68149
-1.68149
-1.68149
-1.68149
-1.0407
-1.00859
-1.00859
-1.37088
-0.644186
-0.48013
-1.20937
-1.39349
-0.457943
-0.542878
-0.876497
-1.05802
-0.178978
0.0847417
0.831079
0.831079
1.31773
0.641354
0.515978
-0.268319
-0.318851
-0.759432
-0.982279
-0.0543095
0.414351
0.574268
0.574268
-0.392448
0.489194
-0.0613671
0.721711
0.854861
1.6217
1.6217
1.49695
1.4894
0.769463
-0.100198
0.125462
0.0383229
0.791148
-0.0485976
-0.589941
-0.377237
0.608176
-0.0424274
-0.344362
-0.589601
-0.39481
-0.889126
-0.839172
-1.62948
-1.89977
-1.89977
-1.67601
-1.06226
-1.11944
-1.11944
-1.11944
-0.343797
-0.331824
-0.842161
-0.842161
-0.842161
-0.842161
-0.33566
-0.33566
0.172314
-0.492719
-0.492719
-0.43411
-0.43411
-0.604196
0.0178515
1.00829
1.00829
1.00829
1.3119
1.3119
1.3119
1.22309
1.22309
1.18467
1.18467
0.390445
0.736357
0.736357
0.736357
0.96602
1.49059
1.49059
1.49059
1.49059
1.49059
1.49059
0.789378
1.08819
1.08819
1.08819
0.246659
-0.0706115
0.847108
-0.0442976
-0.258236
-0.279112
0.00461177
0.516462
0.840518
0.840518
0.47787
0.385292
-0.539798
-0.0128748
-0.156432
-0.206246
-0.843202
-0.239338
-0.768665
-0.768665
-0.768665
-0.225257
0.391406
-0.608263
-0.608263
-0.534566
0.218338
-0.140852
-0.284604
-0.820182
-0.820182
-0.717651
-1.3523
-1.67158
-1.04862
-1.04862
-0.380223
-0.148595
0.00802639
-0.351401
-0.351401
-0.549149
-0.916807
-1.55421
-1.56038
-1.77467
-1.60001
-1.60001
-1.18689
-0.203102
-0.759499
0.0763178
-0.875983
-0.875983
0.00671477
0.652451
0.652451
1.0813
1.0813
0.899545
0.401423
1.25209
1.31236
0.487132
0.675859
0.213317
0.833831
0.134704
0.662852
0.660459
0.660459
0.119928
-0.872743
-0.872743
-0.152798
0.706204
0.156674
-0.649254
-0.961247
-0.961247
-0.450662
-0.426543
-0.426543
-1.01077
-1.01077
-1.01077
-1.25233
-1.11055
-0.717031
-1.19311
-0.71844
-0.363368
-1.02072
-0.39642
-0.716881
0.195801
-0.285465
-0.687623
-0.687623
-0.687623
-0.255376
-1.02896
-0.28378
-0.669523
-1.0646
-0.81457
0.0455084
0.513728
0.989589
0.921084
0.273505
0.679567
1.02448
1.02448
1.56866
2.00172
2.2577
2.2577
2.2577
2.2577
2.2577
2.2577
1.46111
0.74484
0.0326146
0.237685
-0.307701
-0.929808
-0.662818
-0.0345804
0.377211
0.349792
-0.477494
-0.910763
-0.910763
-0.499604
-1.40785
-0.895546
-0.895546
-0.895546
-0.895546
-1.13497
-1.13497
-0.596768
-0.249036
-0.644077
0.00430646
0.92321
0.789759
0.342631
-0.507293
-0.38214
-0.389881
0.278876
-0.250125
-0.250125
-0.885026
-0.209075
-1.07067
-0.111131
-0.55314
-1.45148
-1.45148
-1.45148
-1.11842
-0.591707
-0.591707
-0.677142
0.0373456
-0.0586362
-1.00486
-1.02132
-1.02132
-0.0841468
-0.824467
0.11489
-0.500864
0.16194
0.973657
0.477677
0.398036
1.0557
0.672943
0.672943
0.851742
0.545652
-0.425402
-0.250305
-0.212795
-0.0195425
-0.0203293
0.701559
0.701559
0.18451
1.15279
1.15279
1.15279
1.15279
1.69555
1.74023
1.75592
1.75592
0.836002
0.836002
0.790954
-0.0884493
0.389123
-0.531621
-0.531621
-0.545598
0.228409
-0.63034
-0.880171
-0.297382
-0.692916
-0.934385
-0.934385
-1.4543
-1.34583
-1.34583
-1.34583
-0.949039
-0.374457
-0.622404
-0.622404
-1.10852
-0.195086
-0.846327
-0.846327
-1.24966
-0.264946
-0.589754
-0.814523
-0.486186
-0.624002
-0.837029
-0.837029
-1.55331
-1.55331
-1.55331
-1.55331
-1.42899
-1.42899
-0.600774
0.170462
0.0437683
-0.305546
-1.00229
-1.00229
-1.47118
-1.17175
-1.17175
-1.07894
-1.2589
-1.2589
-1.2589
-1.11383
-0.615456
-1.02009
-1.02009
-0.584848
-1.12307
-0.291981
0.438933
0.390578
1.14297
1.14297
1.14297
1.06277
1.06277
1.34561
1.34561
1.34561
1.3027
1.3027
1.6327
1.68042
1.29971
1.29971
1.29971
1.18242
1.18242
1.18242
1.18242
0.60678
0.90709
1.79613
0.960329
0.960329
0.960329
0.975053
0.973608
1.23775
1.23775
1.23775
0.523197
0.523197
0.682307
0.323134
-0.593978
-0.651607
-0.182203
-0.947883
-0.408588
-1.34315
-1.34315
-1.72699
-1.72699
-0.867867
-0.867867
-0.867867
-0.867867
-0.867867
-1.04098
-1.04098
-0.530518
0.350586
0.739444
0.574203
0.537545
1.06746
0.132648
0.484745
-0.483065
-0.856075
-0.856075
-0.0499221
-0.391076
-0.459847
-0.792279
-0.79754
-1.4053
-0.5434
-1.34634
-1.34634
-0.86719
-1.04493
-1.04493
-0.285713
-0.285713
-0.0190817
0.50496
-0.453394
0.251012
0.941932
0.0105354
0.286372
-0.365339
0.48192
0.243007
-0.340874
0.21905
0.949009
0.581336
0.581336
-0.236322
-0.985557
-0.574878
0.306418
-0.178325
-1.16069
-0.931205
-0.931205
-0.931205
-0.931205
-0.79633
-0.79633
-1.51218
-0.884261
-0.884261
-0.884261
-0.822071
-1.14249
-0.612971
-0.193858
-0.277775
0.157944
0.797367
0.797367
0.782245
-0.177255
0.44943
0.275058
-0.354993
-0.972154
-0.972154
-0.795956
-0.795956
-0.677188
-0.677188
-0.415587
-0.454998
-0.484797
0.179566
-0.665115
-0.232924
0.571158
1.04716
0.707875
0.776583
1.51864
0.847772
1.1605
0.276118
0.697977
-0.297851
-0.184029
0.320843
0.848594
1.09201
0.508583
0.837949
0.666345
0.806126
0.854633
0.772797
0.979475
0.979475
0.563291
0.857985
0.857985
0.824555
0.824555
0.824555
0.824555
0.824555
0.639432
0.988659
0.129629
-0.68228
-0.494457
-0.494457
-1.10532
-1.10532
-1.10532
-1.49155
-1.19329
-0.527707
-0.527707
-0.542785
-0.119256
-0.489077
-0.000767202
-0.804744
-0.804744
-0.99564
-0.37905
-1.19332
-0.338198
-0.203036
-1.194
-1.37221
-1.17145
-1.17145
-1.04388
-1.20752
-1.20752
-0.226678
-0.889211
-1.10495
-1.46885
-1.54536
-0.677168
0.242536
-0.307603
-1.12221
-1.12221
-1.12221
-1.12221
-1.12221
-0.444685
-0.444685
-1.44228
-1.31231
-1.64218
-0.865269
-0.0589697
-0.150832
-0.788596
-0.788596
-0.679819
-1.27508
-0.309462
-1.26898
-1.26898
-1.26898
-2.1098
-2.1098
-2.1098
-1.95304
-1.95304
-1.95304
-1.72449
-0.795145
-1.26549
-0.621996
-0.469437
-0.38936
-1.17321
-0.221011
-0.745156
-1.13627
-1.13627
-0.308726
-1.30076
-1.30076
-1.30076
-1.18621
-0.357675
0.527603
0.699834
0.871307
0.937871
1.45202
1.37268
1.94152
1.94152
1.55042
1.55042
1.22992
1.1899
1.1899
1.1899
0.592835
-0.167491
-0.209646
-0.153213
0.203631
0.968247
0.760518
0.611148
0.611148
0.500183
-0.00344595
0.755803
-0.0806725
0.408784
0.312781
-0.656445
-1.08189
-0.339201
-0.565214
0.17648
0.439383
-0.223444
0.434965
0.358495
0.918396
0.766622
-0.127339
-0.698767
-0.698767
-0.194804
0.595248
0.595248
1.28121
1.47078
1.47078
1.1138
1.1138
0.397671
-0.101648
-0.96508
-1.2753
-1.2753
-1.17321
-1.17321
-0.640312
-1.39714
-1.39714
-1.39714
-1.07884
-1.07884
-1.07884
-1.07884
-1.56336
-1.56336
-1.11717
-1.11717
-1.19276
-1.19276
-0.279889
-1.03594
-1.03594
-1.04798
-0.35031
-1.05991
-0.428807
-0.815366
-0.815366
-0.815366
0.0982081
0.228232
-0.206499
-0.0930825
-0.138677
0.755103
1.03009
0.833326
1.8142
2.06807
1.22509
1.01839
1.01839
0.26588
0.26588
0.770493
1.17773
1.17773
0.362761
0.31772
0.871137
1.01117
0.397874
0.124074
0.474126
-0.0568764
-0.59111
0.165133
0.832241
0.710269
0.710269
0.558779
0.358697
1.19473
1.19473
1.29489
1.07523
0.85118
0.85118
0.85118
0.85118
0.987362
0.947769
0.524988
0.642254
0.642254
0.27571
0.190847
0.149375
-0.0720486
-0.9056
-0.251894
0.289095
-0.676222
-0.676222
-0.676222
-0.676222
-0.196566
-0.0748284
-0.453469
-1.12835
-0.130346
0.854384
0.854384
0.31146
0.0510037
-0.12894
0.69526
1.20438
0.67482
1.0869
1.0869
1.0869
1.0869
0.108204
0.786265
0.786265
1.49007
2.04996
2.07704
1.15678
1.15678
1.15678
1.15525
1.15525
0.670521
-0.0955739
-0.151347
-0.853316
-0.883816
-0.00666259
-0.854145
-0.642785
-0.642785
0.151571
0.707902
0.891189
0.891189
0.891189
0.44149
1.08576
1.10597
1.10597
0.594102
0.916077
0.916077
0.63512
0.626743
0.305392
-0.457987
-0.761283
-0.761283
0.157604
0.643865
0.643865
0.643865
0.962769
0.962769
1.23442
0.310253
-0.221497
0.0249806
-0.812088
-0.812088
-0.812088
-0.811202
-1.0981
-0.105096
0.208179
0.869571
0.76701
0.76701
1.34094
1.38777
1.10484
1.10484
0.589593
0.589593
0.589593
0.589593
-0.211051
0.181888
0.38292
0.38292
0.592232
-0.32836
-0.0988805
0.459919
0.776116
0.776116
0.776116
0.449911
0.927941
0.846263
1.51075
0.808534
0.113105
0.613572
0.613572
0.00486064
-0.929234
-0.328214
-0.880875
-0.880875
-0.587357
-1.27048
-1.46856
-1.46856
-1.46856
-1.03045
-1.03045
-0.600371
-0.448562
0.123334
0.809528
0.809528
0.426845
0.0241567
-0.219146
0.0397355
-0.429001
-0.966239
-0.966239
-1.49328
-1.14173
-1.30776
-1.30776
-1.30776
-1.30776
-1.58618
-0.83613
-0.83613
-0.444293
0.519244
0.80762
0.80762
0.936033
1.24438
1.24438
0.286281
0.137912
-0.0204492
-0.453776
0.119506
0.621595
0.621595
0.253414
0.150139
-0.760027
-1.14274
-0.418295
-0.586459
-0.17352
-0.696684
-0.696684
-0.366664
0.457617
0.482561
1.02264
0.724498
0.724498
0.889155
0.889155
0.206936
0.0281186
0.50915
-0.45715
0.338733
0.795312
0.795312
1.25067
0.374896
-0.0740113
0.676481
0.547619
0.271257
1.06455
1.20904
1.20904
1.3496
1.3496
1.3496
0.666092
0.534242
0.483225
1.087
1.087
1.087
0.527632
0.174427
1.04829
1.04829
1.04829
0.924794
1.08787
1.16416
1.16416
1.00287
0.761834
0.0956483
0.526881
-0.150184
-0.979441
-0.979441
-1.31512
-1.76738
-1.42619
-1.14909
-0.530918
0.304934
-0.0795658
-0.66674
-1.16157
-0.335429
0.361244
0.190878
0.190878
-0.168519
0.292895
-0.430113
0.221518
0.141994
-0.444765
0.261597
1.09751
0.364219
-0.0592792
0.70553
0.70553
1.07181
1.07181
1.07181
0.775312
0.732052
0.348373
1.26601
1.26601
1.0436
0.598639
0.598639
0.69045
0.69045
0.69045
-0.251417
0.622471
0.719768
0.719768
0.719768
0.685551
1.38875
0.458812
-0.316717
-0.404179
-0.330416
-0.686925
-0.686925
0.169355
1.09338
0.817923
0.566749
0.0901548
-0.180461
0.295003
-0.379573
-1.23449
-1.56836
-1.15281
-0.15702
0.666884
0.253621
0.41743
0.157306
0.481584
0.249789
0.151201
-0.572497
0.2817
0.699612
0.787836
0.787836
0.908426
1.20111
1.20111
1.15388
1.15388
1.15388
1.6692
1.6692
1.04459
1.04459
0.79302
0.543997
0.468553
1.08955
1.08651
1.70519
1.70519
1.70519
1.3054
0.599732
0.599732
0.765566
0.192164
0.832644
0.832644
0.464662
0.84052
0.716788
-0.272213
0.169175
1.06331
0.223405
-0.0534124
-0.691622
-0.159373
-0.67314
-0.67314
-1.06033
-0.580307
-0.580307
-1.1358
-0.946342
-0.909741
-0.804773
-0.804773
-0.351967
-1.22271
-1.4762
-1.4762
-1.4762
-1.4762
-1.4762
-1.39536
-1.39536
-0.649668
-0.965055
-0.648275
-1.10775
-0.757778
-0.727791
-0.727791
-0.727791
-1.08023
-1.20167
-1.20167
-0.820337
-0.319025
-0.324612
-0.662522
-0.662522
-0.137848
-0.345796
-0.42929
-0.210606
-0.0758038
-0.0663212
0.809352
0.85602
-0.106074
-0.669185
0.0177234
0.692441
-0.0521616
0.908462
0.908462
0.173002
0.37471
1.11577
0.641512
0.967857
1.81983
0.846179
1.14031
0.489465
1.17962
1.09241
1.09241
0.498991
1.40442
1.40442
0.582901
0.582901
0.790121
0.106167
0.524726
0.514785
0.171064
0.953149
0.953149
0.279118
0.341014
0.714117
-0.0589221
0.869322
0.641744
1.48355
1.48355
0.841296
0.93004
0.93004
1.26675
1.06684
1.12452
1.14958
1.92326
2.17634
2.23089
2.23089
2.26784
1.4115
1.4115
0.774413
0.774413
-0.124471
0.567224
1.40762
0.732381
-0.0332514
0.158669
-0.728203
-1.57271
-1.56566
-1.06683
-0.744182
-0.847931
-0.172383
-1.08419
-0.106134
-0.0316654
-0.780765
-0.780765
0.120567
1.04505
0.111861
0.812447
0.812447
0.643936
0.92588
0.675471
0.464871
0.979762
0.979762
0.979762
0.979762
0.146915
-0.538588
0.244755
-0.107688
0.621093
0.621093
0.841511
0.161165
-0.268683
-0.978062
-0.588
-0.321852
-0.256203
-0.595141
-0.416768
0.536307
0.536307
1.5117
1.12235
1.03712
1.03712
0.879476
1.36159
0.907648
0.907648
0.907648
-0.0469091
-0.171676
-0.644717
-0.41418
-0.0349632
0.433311
0.823794
0.094819
0.0586071
0.732112
1.14867
1.14867
0.167095
0.766405
0.510025
1.06317
1.06317
0.58941
-0.0254073
-0.454307
-0.0664284
0.821964
-0.172819
-0.917831
-0.917831
-1.40029
-1.40029
-0.630447
-0.630447
-1.10334
-1.10334
-0.183738
0.575033
0.596622
0.596622
0.441196
-0.223456
0.527343
-0.294746
-0.151079
0.275108
1.1618
1.1618
1.1618
0.732495
0.0167434
0.542039
-0.419693
-0.419693
-0.523192
-0.523192
-0.922932
-0.831905
-1.38463
-1.07887
-0.131667
-0.861813
-0.837893
-1.44147
-0.705485
-0.138536
0.797324
-0.113692
-0.925162
-0.925162
-0.931817
-0.931817
-1.10011
-1.10011
-0.805663
-0.805663
-0.805663
-0.69528
-0.028363
-0.944103
-0.52626
-0.0459802
0.049051
0.564962
1.11317
1.11317
1.11317
1.11317
0.131002
0.482698
0.482698
0.482698
-0.0325426
0.623896
1.09787
0.64555
-0.166877
0.636995
0.636995
0.62619
-0.0883297
-0.940408
-0.595731
-0.595731
-0.595731
-0.442836
-0.0479179
-0.0695589
-0.401608
0.336458
0.520719
0.520719
0.520719
1.39935
1.39935
1.31453
0.449702
0.775171
0.0451022
-0.846814
-0.846814
-1.26333
-0.442454
-0.623515
-0.306571
0.384024
0.896525
0.16319
-0.388982
-0.522041
0.198651
-0.437358
0.0220701
-0.221985
-0.174031
-0.637354
0.163339
-0.0801226
0.444262
0.251992
0.251992
1.09992
1.87789
1.29902
0.502077
0.837873
0.279762
-0.350781
-0.558025
-0.456951
-1.08188
-1.08188
-1.21462
-1.21462
-1.50867
-1.50867
-1.50867
-1.36347
-1.36347
-1.36347
-1.36347
-1.36347
-1.36347
-1.27505
-1.40361
-1.18744
-1.18744
-1.18744
-1.18744
-1.18744
-0.352003
-0.322786
0.483149
0.313966
-0.350655
0.280483
0.887635
0.658198
0.658198
0.47759
0.624942
0.79176
0.843877
0.843877
0.1527
0.476985
0.840079
0.137299
0.53106
0.818925
0.0501463
-0.874576
0.0933499
-0.233727
-0.498591
-0.617948
-0.831857
-0.476806
-0.212557
-0.863852
-0.0839872
0.872035
0.537023
-0.422824
-0.838262
0.126635
-0.20257
0.643806
0.643806
0.643806
0.643806
-0.00860488
-0.859047
-0.104301
0.278612
-0.580969
-0.289973
-0.939494
-0.939494
-1.44801
-1.44801
-1.44801
-1.44801
-1.44801
-1.34388
-0.845143
-0.0314222
-0.381804
-0.618951
-0.362437
-0.889284
-0.889284
0.0733618
-0.362375
-0.324232
0.285088
-0.379573
-0.928775
-0.0243426
0.908521
0.218902
-0.328423
0.109003
-0.864738
-0.864738
-0.742824
-0.742824
-0.823862
-0.871236
-0.871236
-0.590395
-0.378149
0.499041
0.891476
0.722802
1.38449
1.81901
1.81901
1.06613
1.06613
0.913642
0.460691
0.144274
-0.611494
-0.286102
0.0359293
-0.791924
0.182673
0.539775
-0.0134426
0.827854
0.0579754
-0.26724
0.205458
1.08387
0.848746
0.848746
0.184291
0.868101
0.684474
0.590159
1.03488
1.13678
1.13678
1.13678
0.316428
-0.510688
-0.510688
-1.10002
-0.643506
-0.111453
-0.31799
0.445592
0.126484
-0.481024
-0.481024
-0.481024
-0.301873
0.678399
1.61902
1.63703
1.74092
1.74092
1.74092
1.74092
1.5769
1.5769
1.5769
1.50729
1.56547
1.12051
0.63516
0.43684
0.43684
0.260611
1.02064
1.00278
1.00278
0.892383
0.552381
0.552381
-0.0509933
-0.968063
-0.968063
-0.968063
-0.968063
-0.679595
-0.0969197
-1.06465
-0.71347
-1.13774
-0.161302
-0.464355
0.136743
0.878918
0.897344
0.577728
0.435092
1.28436
0.616498
0.616498
0.616498
0.616498
0.81801
0.716072
0.716072
0.877148
0.42672
0.42672
0.176379
0.645073
0.432248
-0.270389
0.105162
1.09095
0.909054
0.430064
0.575171
0.455811
-0.342607
-1.0597
-1.0597
-1.28415
-1.28415
-0.559219
-0.378732
-0.228375
-0.228375
0.0578011
0.719141
1.70883
1.70883
1.70883
1.07701
1.07701
1.37006
1.99469
1.99469
1.40395
1.40395
1.40395
1.17935
0.212707
0.836703
0.0878031
0.789243
0.541431
-0.340224
-0.419588
-1.33051
-1.33051
-1.33051
-1.6712
-1.8794
-1.27484
-1.27484
-1.27484
-1.27484
-0.366929
-1.00866
-1.00866
-0.916406
-0.232751
-0.951331
-0.951331
-0.627688
0.0838209
-0.759766
-1.60984
-1.60984
-1.16139
-0.722401
-0.223463
-0.0552558
0.166409
0.156236
-0.273962
0.708396
-0.218496
0.105688
-0.243294
-0.569427
-0.569427
-0.314091
0.285238
0.546798
0.345987
0.556178
1.11739
1.11739
1.04484
0.505247
0.57765
0.57765
0.259731
0.861885
0.522512
0.617138
0.296099
0.128506
1.07618
1.05931
1.05931
0.969051
1.21223
0.631425
-0.303111
-0.150969
0.592564
0.128996
0.701869
0.701869
0.701869
0.471643
0.912406
0.614897
0.869045
0.869045
0.180504
1.10246
0.367319
-0.115493
-0.0357019
-0.813125
-1.00106
-1.00106
-1.00106
-0.510042
-1.37636
-1.37636
-0.796144
-0.796144
-0.796144
-0.796144
-1.42879
-0.800679
-0.239492
-0.908858
-1.03956
-1.03956
-1.03956
-1.03956
-0.476521
-0.136683
-0.273687
-0.487908
-0.156361
-0.0623007
0.492432
-0.247164
-0.434316
-1.00138
-1.01029
-0.67187
-0.0989513
0.434178
0.945702
1.44645
1.44645
1.44645
1.44645
1.50183
0.838896
0.838896
0.838896
1.42395
1.42395
1.42395
0.954935
1.50602
1.59532
1.6079
1.6079
1.6079
1.40421
1.40421
1.38508
1.33977
1.12378
1.378
1.65622
1.56549
1.7637
1.01317
0.965829
0.965829
1.29669
1.29669
1.29669
1.4316
1.49761
1.49761
1.41988
1.41988
1.41988
0.845449
1.03009
0.713693
1.51506
0.972643
0.972643
0.972643
0.184773
0.924844
0.924844
0.924844
0.924844
1.37053
1.45537
1.45537
1.45537
1.79048
0.904831
1.1804
1.27008
0.49592
0.49592
0.49592
0.868516
0.868516
0.868516
0.868516
1.17427
0.727921
0.727921
0.696377
0.952531
1.47965
1.47965
1.47965
1.47965
1.0314
0.98518
0.940862
0.940862
1.20898
1.20898
0.877036
0.877036
0.393849
1.00504
0.517706
0.672192
0.71174
0.71174
0.71174
0.0523158
0.714376
1.09161
0.455328
-0.353701
-0.0578644
0.373068
-0.442286
-0.230326
-1.0448
-1.0448
-1.07783
-1.27761
-1.27761
-1.27761
-1.01144
-0.772181
-0.772181
-0.772181
-1.28732
-0.748588
-1.55404
-1.55404
-0.630839
-0.699744
-0.79989
-0.79989
-0.746937
-0.746937
-0.903302
-0.0585725
-0.76284
-0.223532
-0.822108
-0.822108
-1.33388
-1.33388
-0.965583
-0.803436
-0.559057
-0.60319
-0.0324285
0.0720898
0.649087
-0.129607
-0.895403
-0.727408
-1.30884
-0.914233
-0.914233
-0.735852
-1.65246
-1.87399
-1.47273
-1.44863
-1.44863
-1.5751
-0.954467
-1.12811
-0.509196
-0.393681
-1.17425
-0.895253
-0.450007
-0.450007
0.478202
0.675724
0.675724
0.44748
1.15274
1.0899
0.908406
0.575835
0.575835
-0.337404
-0.507494
-0.754605
-0.665083
0.0505159
-0.178314
0.721739
0.181331
0.62834
0.287038
1.03777
1.03777
1.03777
1.43059
1.43059
1.19352
0.305751
1.14566
1.00444
0.862041
-0.0992151
-0.475424
0.357406
0.822734
0.319435
-0.433937
-0.134619
-0.821228
-0.821228
-0.634344
-0.94511
-0.94511
-0.908874
-0.908874
-0.908874
-0.8532
-0.8532
0.065965
0.139809
0.221086
0.358065
-0.466541
-1.18828
-0.749116
-1.06407
-1.06407
-1.06407
-1.2479
-1.2479
-0.367846
-0.446262
-0.556179
-1.18349
-1.4556
-1.4556
-1.38362
-1.51452
-0.570949
-0.570949
-0.280889
-0.53987
-1.08908
-1.25867
-1.14187
-1.14187
-1.14187
-1.68625
-0.930019
-1.36076
-1.01031
-1.15234
-1.40456
-0.524641
-1.33413
-1.84638
-1.13812
-1.22554
-0.564048
-1.15488
-1.13185
-0.140751
-0.417352
-0.417352
-1.3046
-1.3046
-1.3046
-0.776783
-0.776783
-1.27577
-1.27577
-1.27577
-0.479808
-1.19495
-0.751904
-1.13138
-1.13138
-0.539983
-0.811153
-0.956546
-1.24152
-0.980106
-0.874366
-1.05226
-0.408913
-1.25676
-0.86814
-0.86814
-0.789446
-0.789446
0.131537
-0.457022
-0.729885
-0.97852
-0.51943
-0.876088
-0.876088
-0.496491
-1.29864
-1.29864
-1.29864
-0.529474
-0.529474
-0.529474
-1.50168
-0.966329
-0.328168
-0.764674
-1.5939
-1.5939
-1.60538
-1.60538
-1.5266
-1.5266
-1.08782
-0.920344
-0.920344
-0.204198
-1.0872
-1.0872
-0.144773
-0.178931
-0.0566994
-0.379382
0.341335
-0.382196
0.184314
-0.0748855
0.892785
0.892785
0.892785
0.0860963
-0.417652
-0.235558
0.632507
1.26249
0.453394
1.33103
0.39357
-0.21493
-0.932107
-0.932107
-0.922947
-0.922947
-0.922947
-0.11371
0.362731
0.362731
-0.15385
-0.0919813
0.828796
0.828796
0.640174
0.640174
-0.263455
-0.427634
0.164605
0.2609
-0.538657
-1.24606
-0.730879
-0.730879
0.134529
0.205007
-0.678215
-0.678215
-0.466228
-1.15993
-1.15993
-0.342458
-0.342458
-1.02358
-0.697729
-0.23368
-0.531034
-0.770515
-0.770515
0.19348
0.0723969
1.06065
1.27482
1.27482
0.352943
-0.111363
0.678728
1.12216
1.12216
0.372244
-0.553678
-0.68991
-0.68991
-0.222131
0.306579
1.15764
1.15764
1.15764
1.22278
1.22278
1.0025
1.04067
1.04067
0.838247
0.838247
1.13428
0.306337
1.00747
1.00747
1.00747
0.594055
0.846577
0.346443
0.405624
0.347404
-0.308134
-0.172775
-0.172775
-0.124359
0.653747
0.962246
0.962246
0.962246
1.50849
1.2634
1.2634
1.2634
1.18247
1.17503
0.641455
1.11048
0.23224
0.497125
0.393992
0.270901
-0.714977
-0.348589
-1.08523
-1.08523
-0.156545
-0.974872
-0.974872
-0.974872
-0.280183
-1.23362
-1.23362
-1.23362
-0.362057
0.0800855
1.02118
0.315327
-0.348178
-0.348178
-0.855729
-0.252052
0.364873
0.293303
0.846392
0.621436
1.35112
0.421221
0.94062
0.94062
0.94062
0.997587
0.997587
1.03218
0.265221
1.12969
0.534796
0.0971837
-0.520699
-0.948355
-0.948355
-0.948355
-0.948355
-1.20828
-1.20828
-1.20828
-1.20828
-1.20828
-0.635506
-0.389811
-0.101704
0.329505
0.832058
0.832058
1.07833
1.07833
1.07833
1.21909
1.09825
1.31627
0.942275
0.793628
-0.144524
0.13202
0.00010058
-0.676873
-1.07036
-1.21316
-1.21316
-1.21316
-0.998378
-0.998378
-0.510735
0.0678889
0.59202
0.567412
0.645896
1.19738
0.40681
-0.162623
-0.852136
-0.747426
-0.747426
-1.18172
-1.54148
-1.28392
-1.28392
-1.39102
-1.4827
-0.799057
0.00700012
0.235315
-0.264231
-1.18899
-1.16711
-0.356703
-0.508726
-0.0834709
-0.59416
0.20129
-0.106943
-0.609907
-1.42052
-1.42052
-0.578492
-0.578492
-0.523419
-0.541824
0.0582858
0.129683
0.0232339
0.667811
1.23497
1.26375
1.26375
0.963176
0.210983
-0.639754
-1.14232
-1.45389
-1.45389
-1.25948
-0.401918
0.280272
-0.576911
-1.136
-1.136
-1.136
-0.688703
-0.688703
-0.688703
-0.688703
-0.688703
-0.914977
-0.545547
0.189884
0.992071
0.071555
-0.768644
-1.28663
-0.9682
-0.9682
-0.9682
-0.725015
-0.876295
-0.272253
-0.88517
-1.31368
-0.388561
-0.852263
-0.852263
0.10603
0.929764
1.28404
0.640013
-0.249832
0.0931215
0.74515
0.74515
0.74515
0.480723
0.480723
0.594343
1.4312
1.5874
0.940342
0.750894
0.516422
-0.189549
-1.00369
-0.643139
-0.643139
-1.34849
-0.553418
-1.10978
-0.489745
0.143258
0.461152
0.202288
0.0364651
-0.680035
-0.787271
-0.905468
-0.379392
-0.037881
-0.080284
0.584785
0.584785
-0.230807
0.18965
0.35291
-0.249928
-0.931256
-0.39156
0.533909
-0.368938
-0.125639
0.314771
0.566758
0.496529
1.46482
0.873752
1.253
1.54403
0.804651
0.251599
-0.337039
-0.153983
-0.905322
-0.905322
-0.949963
-0.486819
0.212808
-0.169287
0.494153
-0.0486515
0.044584
0.17911
0.435637
0.153616
0.701932
1.26579
1.26579
1.26579
1.26579
1.26579
1.26579
1.70334
1.654
1.61981
1.61981
1.61981
1.61981
1.61981
1.32373
0.782652
0.405399
-0.102709
0.0810565
0.97063
0.97063
0.97063
0.97063
0.138173
-0.792368
-0.408589
-0.408589
-0.0645595
0.431542
1.00522
0.781538
-0.0715616
-0.454249
-0.350867
0.366064
0.662754
0.662754
0.662754
0.674403
-0.300351
-1.02126
-0.590778
-0.931716
-0.931716
-0.067073
-0.790888
-1.63579
-1.47583
-1.00995
-0.608042
-1.22165
-0.44014
-0.623922
-1.01491
-1.00429
-0.204106
0.358022
0.840935
1.30539
0.896456
0.896456
0.896456
0.0075913
0.375942
0.755378
0.116679
-0.347906
-0.671057
-0.772854
-0.772854
-1.15784
-1.15784
-0.653313
-0.898255
-0.898255
-0.60553
-1.43297
-1.5175
-1.5175
-2.02643
-1.46922
-0.845254
-0.176062
-0.655542
-0.655542
-1.33695
-0.3511
-0.583388
-1.20953
-1.03358
-1.50009
-0.800003
-0.800003
-0.678701
-0.678701
-0.678701
-0.678701
-0.678701
-0.678701
0.307408
0.0157818
-0.951041
-0.488273
0.402013
-0.166046
-0.0389266
-0.58941
-0.58941
-0.58941
-0.58941
-0.809382
-0.809382
-0.459164
-0.281515
-0.133595
0.789554
0.384889
0.0499827
-0.227561
-0.786841
-0.304993
-0.265654
-0.612095
-0.0568167
0.0816683
-0.515143
-1.14061
-0.323567
0.662114
1.07515
0.723111
0.229756
-0.620323
-1.05793
-0.136642
-0.625267
-0.97601
-1.12715
-0.822459
-0.822459
0.0100879
-0.930019
-0.930019
-1.56284
-1.57429
-1.32149
-1.47595
-0.979957
-1.38036
-0.911315
-1.08889
-0.524948
-1.12673
-0.813804
-1.31884
-0.610405
-1.41687
-0.677442
-0.799763
-1.50556
-1.50556
-1.2696
-0.671285
-0.0680273
-0.0640998
-0.516559
0.390681
1.27827
1.05951
1.05951
0.728984
-0.0301744
0.0697642
-0.761544
-0.769745
-0.74717
-0.437261
-0.630055
-0.496418
-0.525571
-0.525571
0.235252
0.706443
0.706443
1.6303
0.877994
1.40873
1.0728
1.0728
1.0728
1.0728
0.456835
0.984731
0.984731
0.929892
0.688426
0.688426
0.302073
0.302073
0.958471
0.701897
-0.0889782
0.338536
-0.40117
-0.172661
0.563334
0.563334
0.412425
1.26243
0.426667
-0.399518
0.440356
-0.390366
-1.1371
-1.38299
-0.91139
-0.00898341
0.444347
0.672342
0.836989
0.836989
0.589319
0.850463
0.850463
-0.110695
-0.0202319
0.452926
0.452926
0.849003
0.778546
1.55646
1.55646
1.55246
1.55246
1.22976
1.70553
1.70553
1.70553
0.803764
0.803764
0.803764
1.41426
0.773375
0.773375
1.1776
0.991971
0.991971
0.299518
1.2736
0.519569
0.759006
0.234632
-0.546732
0.429566
0.382803
0.461316
0.764713
0.359373
-0.596547
-0.621288
-0.665752
-0.665752
-1.07074
-0.116263
-0.318568
-0.562061
-0.138501
0.820219
0.820219
1.15302
0.438427
1.10749
0.350043
0.34354
1.09895
0.840767
0.840767
0.780661
0.742294
0.259385
0.589042
0.584815
0.179485
0.850197
0.850197
0.850197
0.850197
-0.09087
-0.0340603
-0.326045
-0.787797
0.1194
0.847301
0.847301
1.2844
0.806316
1.26609
1.37286
1.37286
1.22924
1.4651
0.476832
0.579056
1.11843
0.809904
0.129202
-0.327993
-0.950722
-0.950722
-0.724652
-0.724652
-0.724652
-0.724652
-0.250003
0.641651
1.55862
1.55862
1.55862
1.11823
0.842111
0.842111
1.5196
1.5196
1.5196
1.5196
1.5196
1.73792
1.11654
0.716376
0.211771
-0.684266
-0.684266
-0.479955
0.413418
0.263443
-0.0817311
0.478156
0.828327
0.285405
-0.0323326
-0.125283
0.716941
0.865841
0.828791
0.828791
0.032656
-0.479247
0.280754
0.857672
1.79366
1.51183
1.03116
0.68953
0.619611
0.619611
1.59938
1.64865
1.21836
0.519883
0.519883
0.915662
0.915662
0.717042
0.717042
0.340334
1.00082
0.827547
0.827547
0.759538
-0.0382094
0.192836
1.17094
0.708581
-0.287972
-0.760802
-1.11071
-1.01359
-1.21187
-1.21187
-0.802801
-0.235953
-0.93059
-0.93059
-0.93059
-0.754682
-0.5842
-0.17317
0.473635
0.72786
0.514122
-0.171166
0.81055
0.650254
0.289176
0.193791
-0.671065
-0.671065
-0.43122
-0.537995
-0.683417
-1.07
-1.12679
-1.12679
-1.5694
-0.970824
-0.970824
-0.302807
-0.870034
0.0229332
0.354138
0.311524
-0.666188
-0.666188
-0.859412
-0.859412
-0.456117
0.0727826
0.551517
1.27289
0.274521
1.01634
1.17066
1.13804
1.22548
1.21729
0.823996
1.14465
1.30496
1.30496
1.30496
0.344739
0.0519479
0.187069
-0.623062
0.299984
0.519184
0.519184
0.40538
1.22075
1.10069
0.671721
0.319368
-0.613574
0.378186
-0.519579
0.13091
0.212316
0.19425
-0.130824
0.277065
0.860927
0.860927
0.493041
1.37677
1.37677
1.39822
1.63249
1.36645
0.377609
1.3313
0.732299
0.830691
0.830691
0.830691
0.830691
0.536609
0.801262
0.605451
0.605451
0.126064
0.770344
0.806589
0.806589
0.806589
0.806589
0.0353273
-0.550631
0.171776
-0.747296
0.244328
1.17208
0.253744
0.0133324
-0.015935
0.628081
0.628081
0.963375
0.370872
0.896101
0.424967
0.10884
-0.285587
-0.68266
0.272397
0.851869
0.0772282
0.550475
1.54999
0.745901
0.475698
1.14219
1.14219
1.14219
1.14219
0.847518
-0.0420939
0.739636
0.18842
-0.336708
0.470032
1.24085
1.24085
1.24085
0.532932
0.150951
0.454619
-0.0711661
-0.2071
-0.98225
-0.98225
-1.32965
-0.543529
-0.543529
-0.543529
0.316701
-0.459054
-0.761356
0.179748
0.193114
1.1141
0.170099
-0.304515
0.135019
0.40669
0.507872
0.00200542
-0.947078
-0.889109
-0.539082
-1.08216
-1.15783
-1.34918
-0.732065
-0.732065
0.0811995
0.678366
0.75678
0.75678
-0.0671496
-0.0165283
-0.281195
-0.260466
-0.260466
0.174071
-0.140245
0.350176
0.263874
1.15647
0.635441
0.685736
0.685736
0.946182
0.946182
0.313577
0.715717
0.0532054
0.135842
1.0907
1.0907
0.181093
0.253973
-0.313245
0.323387
0.300306
-0.310616
-0.53106
-1.14149
-1.14149
-1.14149
-0.947499
-0.408974
-0.993837
-0.993837
-0.778098
-0.537235
-0.152485
-0.769176
-0.865216
-0.187031
0.339656
0.396207
0.547763
0.547763
0.893229
0.893229
0.50773
0.548357
0.548357
0.633763
0.897055
0.306082
-0.454377
-0.177749
-0.96196
-0.612467
-0.612467
-0.386898
-1.09879
-1.13106
-0.991894
-1.11238
-0.509852
-1.04485
-0.52552
-0.52552
0.0932716
-0.194867
0.181958
0.364958
0.472399
-0.156097
0.839599
-0.0688895
-0.207698
-1.18757
-1.18757
-1.25559
-1.25559
-1.25559
-1.25559
-0.569256
-0.57439
-0.987711
-1.57212
-1.57212
-0.981832
-0.981832
-0.981832
-0.280359
-0.502684
-1.30164
-1.30164
-1.02129
-1.14072
-1.14072
-1.02746
-0.686464
-0.651592
-1.10428
-1.27633
-1.38235
-1.38235
-0.739008
-0.544954
-1.2058
-1.73245
-1.69422
-1.69422
-1.69422
-1.81341
-1.49927
-1.06668
-0.274843
0.386812
0.086683
-0.158663
-1.12307
-0.552361
0.266409
0.0640035
-0.0418934
-0.225499
-0.103066
0.0991361
0.385332
-0.118455
0.351158
-0.540884
0.308411
-0.655914
-0.655914
0.0241505
-0.75586
-0.168988
0.53517
1.29927
0.514662
1.13484
1.13484
1.09724
0.161038
-0.493998
0.0881176
-0.0208049
-0.0665009
0.0560139
-0.242374
-0.27595
0.145196
-0.168075
-0.139742
0.644534
1.09414
0.859602
0.859602
0.855429
0.541795
0.139595
0.476783
0.476783
1.23523
1.23523
1.23523
0.482771
0.482771
0.226236
-0.319668
0.499065
0.862272
0.862272
0.862272
0.862272
0.528156
0.702546
0.702546
0.163076
-0.148392
-0.155147
0.494972
1.17683
0.507896
-0.223676
-0.821112
-0.821112
-0.821112
-0.881788
-0.881788
-1.09537
-1.09537
-1.04624
-1.04624
-0.461412
-0.965837
-0.965837
-0.965837
-0.965837
-0.965837
-0.944239
-0.944239
-1.28015
-1.06116
-1.06116
-1.25501
-1.25501
-1.25501
-1.25501
-0.617975
-0.845611
-1.05752
-1.05752
-1.05752
-1.05752
-0.639725
-0.908287
-0.908287
-0.0922169
-0.615832
-0.850041
-0.22951
-1.00133
-1.00133
-0.536735
-0.602765
-1.15478
-1.15478
-1.27752
-1.00918
-0.275063
-0.412195
0.51192
0.51192
1.03409
0.613088
1.13646
1.1039
0.290162
-0.690192
-0.690192
-0.690192
-0.690192
-1.04842
-1.37526
-0.705468
-0.86578
-0.0925894
-0.230487
0.00695738
-0.257184
-0.57541
-0.629176
-0.629176
-1.1066
-0.338966
-1.09464
-0.72463
-1.30543
-1.30543
-1.30543
-1.32135
-0.548401
0.227534
-0.180316
0.712013
0.965524
0.131265
1.12701
1.46481
1.46481
2.13789
2.13789
2.13789
2.13789
2.13789
1.32796
0.496556
0.775698
0.895676
0.895676
1.11125
1.11125
0.962304
0.578026
0.846265
0.362175
1.08589
0.695276
1.42309
1.42309
1.42309
1.59217
1.59217
1.05414
1.05414
1.05414
0.759678
0.839529
0.0339082
-0.62714
-0.62714
-0.746011
0.235338
-0.567268
-1.12373
-1.12373
-1.12373
-0.771125
-0.793871
0.117807
0.120924
0.9572
0.608339
0.608339
0.608339
1.11152
0.871866
0.871866
1.69401
1.69401
1.16135
1.16135
1.16135
1.16135
0.896061
0.588539
0.588539
0.588539
0.588539
0.588539
0.527689
0.604081
0.604081
0.604081
0.265498
0.467495
0.331009
0.988748
0.176516
0.890128
0.890128
1.07946
1.0607
1.73314
1.08738
1.06833
1.06833
1.06833
1.06833
0.863401
0.0260841
-0.67878
-1.10562
-0.108368
-0.499303
-0.562558
0.431243
0.431243
0.546344
1.2097
1.42728
1.47361
0.773366
0.773366
1.53736
1.59847
1.59847
1.55426
1.55426
1.55426
1.47814
0.521974
0.521974
0.521974
1.33998
1.07187
1.07187
1.07187
1.07187
0.849784
0.849784
1.72664
1.41838
0.897259
0.830678
0.830678
0.734761
1.28763
1.28763
0.77034
-0.0276867
0.0234019
0.0223692
0.962159
0.329954
-0.386802
-0.439792
-0.504668
-0.55372
-0.411361
-0.712472
-0.588584
-1.22838
-0.486333
-0.486333
0.385445
1.05903
1.05903
1.25422
1.37469
1.1773
1.21103
0.460931
0.90577
1.04959
1.09392
0.81263
0.81263
0.81263
0.389255
0.389255
-0.103261
-0.530473
0.434368
0.402288
0.282491
0.275618
-0.488824
-0.732179
0.222258
0.487002
-0.46361
-0.46361
0.387517
0.488769
0.733981
0.733981
0.341183
0.6372
0.908495
0.140191
0.808398
0.808398
0.808398
1.48082
1.48082
1.48082
1.32526
1.08625
0.984923
1.07917
1.38454
1.38454
1.38454
1.38454
1.38454
1.41704
1.15214
0.502456
1.37069
0.818387
0.638712
0.880525
0.984364
0.839329
0.765008
0.326576
0.765226
0.518365
-0.13729
-0.924695
-0.924695
-0.924695
-1.29269
-0.518128
-1.04614
-1.04614
-0.633626
-1.28987
-1.5259
-0.593409
-0.488496
-0.488496
0.326426
-0.338195
0.379278
-0.249519
0.091898
0.171414
-0.759462
-1.25443
-1.15274
-1.07822
-1.07822
-0.560248
-1.15315
-0.318034
-0.610823
-1.32867
-1.32867
-1.76834
-1.72059
-0.799267
-0.799267
-0.664441
-0.530858
-1.40501
-1.40501
-1.32706
-0.653582
-0.679961
-0.925261
-1.40067
-1.1516
-0.734544
-0.8649
-0.3594
-0.440724
-0.0980724
-0.187207
-1.08378
-1.21705
-0.236619
-0.120378
-0.625476
-0.607618
-0.170585
0.0995301
-0.454229
0.54536
-0.207775
-0.0674944
-0.551797
-1.12439
-1.12439
-0.796211
-0.796211
-0.595439
-0.460904
0.289329
1.06686
1.40535
0.578642
1.44921
1.07599
0.922828
0.922828
0.755495
-0.197573
-0.994173
-0.925622
-0.925622
-1.59039
-1.33559
-1.01199
-0.999778
-0.625774
-0.959844
-0.959844
-0.211246
-0.704807
-1.18128
-1.18128
-0.829021
-0.0843721
0.202095
0.911193
0.911193
0.2505
1.24067
1.12522
0.862312
0.536261
0.98862
0.727323
1.03015
1.03015
0.22227
0.914864
0.914864
0.671214
0.671214
1.04474
1.73088
1.10231
1.10231
1.77423
1.77423
0.962476
0.951222
0.718736
0.896867
0.222127
-0.388606
0.568193
1.05057
0.32917
1.198
1.55824
1.55824
1.55824
1.56804
1.5264
1.17797
1.14119
0.822502
1.72481
1.13999
1.13999
1.13999
1.13999
1.13999
0.478368
0.911651
0.911651
0.493892
0.79675
0.79675
0.116268
0.527084
0.756298
-0.0563081
-0.677133
0.03222
-0.385183
-0.815985
-1.08432
-1.27426
-1.46541
-1.25857
-1.25857
-1.25857
-1.25489
-1.25489
-0.751559
0.218202
-0.498307
-1.08761
-1.08761
-0.308621
0.508247
-0.464098
-1.04375
-1.14663
-1.48716
-1.48716
-1.48716
-0.966153
-0.122515
-0.579542
-0.29591
0.359753
0.96733
1.32321
1.32321
1.16632
1.16632
0.536863
0.979632
0.503606
0.94411
1.41307
1.25556
1.60316
1.41495
1.41495
1.41495
1.41495
1.41495
1.25755
1.25755
1.46593
0.543433
0.543433
-0.419176
0.535641
0.537506
0.246379
-0.611976
-0.221418
-0.761341
-0.761341
-0.890295
-0.30363
-0.0466461
-0.967832
-0.0818594
-0.116271
0.141292
1.0493
0.0836285
-0.784104
-0.784104
-0.476746
-0.238958
0.423462
0.651099
1.12859
0.947949
0.607605
0.411234
-0.495216
-0.871329
-1.07593
-1.54739
-1.54739
-1.64311
-1.07013
-0.752685
-0.752685
-1.06029
-1.06029
-1.56073
-1.56073
-1.56073
-1.75409
-0.816113
-0.787089
-0.639813
0.243711
1.04058
1.04058
1.04058
0.913246
0.913246
0.118884
-0.712506
0.119291
-0.480727
-1.16097
-1.16097
-1.75893
-1.73338
-1.73338
-1.54928
-1.54928
-1.54928
-2.10429
-1.57096
-1.7505
-1.7505
-1.7505
-1.7505
-1.3384
-1.3384
-1.3384
-1.34939
-0.550011
-0.308135
0.257117
-0.3828
-1.0235
-0.247652
-0.724215
-1.06562
-1.06562
-1.06562
-0.239156
0.549926
0.904646
0.0816987
0.0784278
-0.0879227
0.521865
-0.147751
-0.471136
-0.469563
-0.0582809
0.733909
0.313964
0.691728
0.427648
0.97511
1.08098
0.207563
0.840929
0.257081
0.199081
0.877535
0.877535
0.877535
0.207325
-0.369904
-0.723754
-0.814037
-0.814037
-0.814037
-1.00438
-1.00438
-1.00438
-0.0577024
-0.109153
-0.373724
-0.572971
-0.572971
-0.572971
-0.572971
0.11976
-0.182905
0.147462
-0.847566
-0.847566
-1.19945
-0.961415
0.0377254
-0.439378
-0.43655
0.0577278
0.611358
-0.197679
0.244123
-0.35185
-1.09067
-1.24453
-0.330169
-1.3069
-0.749414
-1.30579
-0.62629
0.194828
0.951967
0.951967
1.32557
1.32557
0.53452
1.46873
1.30474
1.30461
0.58837
-0.320438
-0.401675
-1.1438
-1.1438
-1.1438
-1.01516
-0.979558
-0.973256
-0.973256
-0.973256
-0.0863368
0.806404
0.626845
0.156451
0.486199
0.486199
-0.397134
0.138816
0.469831
1.07067
1.07067
0.926921
1.34165
1.71134
1.3488
1.3488
0.369943
0.68756
0.68756
0.68756
1.21006
1.21006
1.23548
0.516471
0.516471
1.10274
0.542073
0.542073
0.0798069
0.757549
0.716089
1.02546
0.28509
0.405
-0.46718
0.413209
0.38936
0.199257
-0.580476
-0.0284097
-0.522379
-1.19931
-1.19931
-1.3791
-0.750539
-1.01652
-1.01652
-0.479953
0.112933
0.109445
0.994379
0.994379
0.994379
0.994379
1.14358
0.4519
0.115344
-0.143572
-0.0702147
-0.446011
0.317997
-0.366651
-0.591646
-1.15224
-0.750076
-0.750076
-0.247934
0.439125
0.573319
1.02297
0.932978
0.165102
0.281524
0.56948
0.42395
0.973142
0.973142
0.379436
0.680165
0.563602
0.555384
0.580074
1.24103
1.27259
0.680946
-0.086865
-0.372571
0.00306016
-0.335438
0.316429
0.543914
-0.0321243
0.222483
-0.109485
0.374828
0.233779
0.464631
-0.149694
-0.00292744
-0.0396245
0.397118
0.322889
0.533687
0.825494
1.72239
0.9411
1.22539
0.802528
0.802528
0.802528
-0.192702
-1.08854
-1.08854
-0.434445
-1.30522
-1.14691
-0.694539
-0.694539
-1.02638
-0.376619
0.401663
0.66527
0.0662641
0.702419
0.702419
0.888014
0.888014
1.10077
1.10077
0.686154
0.686154
-0.203842
-0.185126
0.569409
-0.413561
-0.413561
-0.129617
0.747215
0.747215
1.05777
1.05777
1.70575
1.70575
1.70575
1.70575
0.944204
0.944204
0.598931
0.598931
-0.244958
-0.4934
-0.462456
-1.27313
-1.27313
-0.75725
-0.59755
-0.59755
-0.32488
0.120788
0.828853
0.828853
1.08203
1.08203
0.563672
0.740926
0.0551881
0.745442
0.0380357
-0.0110048
0.930059
0.539502
-0.115631
-0.386005
-1.04586
-1.04586
-0.737237
0.211325
0.0735288
-0.168772
0.458211
1.34097
1.72915
1.32538
0.419579
1.11928
0.381955
0.271445
0.637112
1.2738
0.816417
-0.177396
-0.371404
-0.987454
-0.987454
-0.860885
-0.860885
-0.829016
-0.829016
-1.1722
-0.30311
-0.959682
-0.959682
-0.0770142
0.703872
1.34377
0.437294
0.773304
0.410769
-0.348838
-0.379462
-1.3164
-0.706935
-0.706935
-0.249304
0.573243
0.573243
0.573243
0.142702
0.349929
1.26361
1.26361
1.33503
1.10683
1.01979
1.15221
0.436792
0.902073
0.902073
0.902073
0.375624
0.381151
0.359962
-0.425968
-0.563638
-1.2649
-1.2649
-0.509347
-0.511195
-0.91492
-0.00174699
0.934988
0.927506
0.927506
0.55869
1.29778
0.400272
0.537442
0.537442
0.134463
0.308371
0.803528
0.371874
0.0735012
-0.274909
0.312664
0.384768
0.912483
0.0829905
-0.318212
0.371264
0.371264
-0.453597
-0.368285
-0.178381
-0.178381
-0.605289
-1.12398
-1.12398
-1.06227
-1.06227
-0.946181
-1.50218
-0.879947
-0.898359
-0.528924
-0.528924
-1.32238
-1.32238
-1.32238
-1.30438
-1.24639
-0.922468
-0.922468
-0.906849
-0.950699
-0.904582
-0.803926
-1.14927
-0.415392
-0.588424
-0.796269
-0.796269
-0.796269
-0.976719
-0.873848
-0.708622
-0.560763
-0.40553
-0.40553
-0.673511
-0.673511
-0.455943
0.368111
0.70514
-0.0582587
-0.825387
-0.825387
-0.0455621
-0.0859422
-0.5079
0.367456
0.37223
1.20884
1.47353
1.09876
1.09876
0.385379
0.627688
0.627688
0.627688
1.16531
0.63706
-0.179645
-0.939919
-0.939919
-0.785993
-0.0656604
0.0380922
-0.892879
-1.83569
-1.83569
-0.871519
-0.871519
-0.301051
-0.953713
-0.953713
-0.593892
0.323989
0.913417
-0.0511046
-0.750673
-0.750673
-0.750673
-1.13089
-0.718117
-0.718117
-0.741278
-0.204125
-1.04035
-0.334611
-0.430711
-1.06681
-1.06681
-0.929489
-0.423758
-0.25002
0.424714
0.235606
0.888514
0.0704985
0.325225
1.24327
0.313832
1.07041
1.43002
1.43002
0.789401
0.789401
0.789401
0.501665
1.13561
0.856248
1.46558
1.26925
1.17003
0.426353
0.533177
0.533177
0.796056
0.733915
0.733915
0.733915
0.861752
-0.041973
-0.133078
0.66666
0.66666
0.759574
0.20766
0.520118
-0.213328
-0.217978
-1.19678
-0.750326
-0.750326
0.136382
0.800154
0.800154
0.800154
1.06182
1.06182
1.48653
1.48653
1.48653
0.991594
0.991594
0.104476
0.676787
0.791484
-0.00851852
-0.205837
0.21104
0.122307
0.333652
-0.0543947
-0.208172
0.0213998
-0.471055
-0.278758
0.0923882
0.326032
-0.600034
-0.424412
-0.424795
-0.221951
-0.221951
0.693258
0.693258
0.693258
0.693258
0.553885
-0.0964966
0.0777034
-0.296443
-1.01004
-0.744887
-0.739972
-0.772789
0.16127
-0.407021
0.136053
1.09949
0.191683
-0.295193
0.628602
0.489703
0.218503
1.21512
1.21512
1.72582
1.231
1.231
1.72653
1.72653
1.56705
1.51934
1.51934
1.4812
1.14213
1.14213
0.652299
0.14653
0.203385
-0.780099
-0.86225
-0.585061
0.202219
1.06863
0.753497
0.753497
1.16287
1.00879
0.453338
0.453338
1.22999
1.22999
0.817666
0.817666
0.817666
0.817666
0.817666
0.817666
0.817666
0.140672
-0.397703
-0.869942
-0.869942
-0.869942
0.0812119
-0.294658
0.603552
0.383026
-0.0275355
-0.638916
0.212263
0.394098
0.394098
-0.245937
-0.245937
0.267825
0.107581
0.687974
1.13938
1.13938
0.992151
0.992151
0.615354
0.243779
-0.720914
0.0758219
0.714593
0.81902
0.0987204
-0.718001
-0.718001
-0.451692
-0.667921
-1.11556
-1.01992
-0.129872
-0.535959
-1.4736
-1.59119
-1.40598
-1.40598
-1.40598
-1.40598
-1.40598
-0.612664
-0.108564
0.472089
1.1481
1.1481
1.17051
1.10847
1.87858
1.6962
0.771253
0.264858
-0.645163
0.0167172
-0.568075
-0.568075
-0.592122
-0.592122
-0.592122
-0.592122
-0.351294
-0.15341
-0.644229
-1.42838
-1.42838
-0.554006
-1.03738
-0.962563
-0.0154617
-0.73256
-0.817779
-0.973386
-0.403051
-1.02215
-1.40507
-1.13589
-0.155257
-0.846297
-0.242231
0.567433
0.567433
0.00778611
0.891599
0.208448
0.895031
0.93058
1.20982
1.06671
1.06671
1.27463
1.27463
1.27463
1.27463
0.458767
-0.202635
0.144553
0.821528
0.0666758
0.63668
0.63668
0.63668
-0.102379
-0.646861
-0.620317
-0.528942
-0.144335
-0.631453
-0.631453
-0.631453
-0.631453
0.154642
0.322312
-0.51923
0.389518
0.477584
0.539419
-0.240324
-0.43274
0.388341
-0.136423
-0.903244
-0.719633
-0.719633
-1.20607
-0.862381
-1.23529
-1.33757
-1.1924
-0.998656
-0.110677
-0.0832034
0.711745
0.24878
-0.183585
-0.796423
-0.327799
-1.23843
-0.259796
-0.718944
-0.279254
0.439508
0.673849
0.246795
-0.381919
0.194986
-0.272733
0.47311
0.47311
0.47311
0.47311
-0.290499
-1.01195
-0.100135
0.50475
1.09468
1.09468
0.371424
0.847309
0.811619
1.50892
1.76823
2.0171
2.0171
1.54585
0.772755
0.770721
0.770721
0.770721
-0.13813
0.69084
0.905478
0.734079
0.532353
0.0898622
-0.893484
-0.757842
-0.757842
-0.980572
-0.980572
-0.980572
-0.980572
-0.980572
-0.980572
-1.32408
-0.590958
0.337118
0.984201
0.984201
0.984201
0.388567
0.629218
0.629218
-0.268018
-0.694779
0.0628351
-0.108946
0.520462
0.850886
0.983656
0.575874
0.295088
-0.326325
0.514757
0.404986
-0.150033
0.0393854
-0.239863
-0.610521
-1.47872
-1.17668
-0.317351
0.223147
1.11314
0.499707
1.31028
1.31028
0.562008
0.216067
-0.0655752
0.534513
0.223494
0.694748
1.05224
1.21223
0.998399
0.439494
0.0994502
0.373529
0.373529
0.373529
0.352153
0.010387
0.893559
1.02612
1.17525
0.38576
-0.538398
-0.597116
-1.25294
-0.680815
0.0719446
0.0640013
-0.162939
-0.660529
-0.660529
-0.660529
-0.660529
-0.660529
-0.63046
-0.517052
-0.849955
-0.849955
-1.08127
-0.300971
0.576968
0.361392
0.361392
0.66357
0.66357
0.66357
-0.00888257
-0.814747
-0.0277779
0.420728
0.391854
0.335103
0.253849
0.882989
0.547914
0.172337
0.277514
0.61003
0.60831
0.60831
1.42248
1.42248
1.42248
1.35783
1.35783
0.903032
0.903032
0.15458
1.00168
1.00168
1.31406
1.31406
1.31406
1.10017
1.10017
0.111291
0.937787
0.547572
-0.42457
0.466729
0.110146
-0.0154318
0.0256588
-0.678908
-1.06911
-0.606855
-0.797034
-0.586608
-0.586608
-1.56112
-1.56112
-0.804626
-0.148525
0.134945
-0.351849
-1.24352
-1.24352
-0.977667
-0.17458
-0.760665
-0.529125
-0.792073
-0.792073
-1.06615
-1.06615
-1.06615
-1.06615
-0.70355
-0.921265
-0.160297
0.722672
0.722672
1.14114
0.901955
-0.0856583
-0.494169
-0.503196
-0.503196
0.294853
0.294853
1.02774
1.02774
0.946512
0.000574353
-0.967352
-0.748062
-1.06324
-1.04437
-0.841825
-0.841825
-0.657563
-0.657563
-0.1157
0.247345
-0.625768
-0.889208
-0.329846
-0.541437
-0.507096
-0.880599
-1.06197
-0.535434
-0.989327
-0.989327
-0.467891
-0.467891
-0.610833
-1.1743
-1.40559
-1.05106
-0.377607
0.362002
-0.270185
0.717023
0.287322
0.320818
-0.565157
0.418078
0.672145
0.672145
0.672145
0.815563
0.815563
0.815563
0.815563
0.156511
0.408507
0.466262
-0.424584
-0.55949
-0.657671
-0.657671
-0.501266
-0.501266
0.319121
-0.534659
0.119673
0.987127
0.7784
0.701977
-0.0819622
-0.649989
-0.649989
-0.781309
-0.0967714
-0.99974
-1.3174
-1.3174
-0.425896
-0.425896
0.104266
-0.24125
0.261837
-0.461591
-0.295838
-0.306702
-0.965936
-0.965936
-1.28343
-1.28343
-1.28343
-0.616947
-0.423659
-0.865595
-0.717036
-0.717036
-0.741819
-0.741819
-0.741819
-1.30837
-0.841633
-0.841633
-0.0400026
0.365792
0.807097
0.399804
-0.343733
-0.343733
-0.165542
-0.495052
-0.944473
-0.79234
-0.72053
-0.44365
-0.212592
0.671175
0.671175
0.85458
1.02835
1.02835
0.609482
1.17223
1.17223
0.234769
0.395916
0.353845
-0.48715
-0.313697
-1.25099
-0.965243
-1.16028
-0.313543
-1.15147
-0.80529
0.013176
0.32727
1.12803
1.21497
1.21497
0.273787
0.523482
1.29819
1.29819
0.322417
-0.173961
-0.922114
-0.285937
-0.0208937
-0.958828
-0.349148
-0.469811
-1.09878
-1.09878
-0.211711
0.510944
0.84274
0.264776
0.0697001
-0.488766
0.488004
-0.277931
-0.277931
-0.277931
-0.563775
0.410506
0.884177
0.897149
0.90448
1.01872
0.666535
0.543684
0.410925
0.709567
0.709567
0.223365
0.827382
1.1599
0.380118
-0.550426
-1.37944
-1.37944
-1.37944
-1.52557
-1.87656
-1.30786
-1.18454
-1.18454
-1.18454
-1.18454
-1.18454
-1.16582
-1.16582
-1.1098
-1.23128
-0.242153
-0.600204
-0.590122
-0.590122
-0.590122
-0.219134
-0.0157781
0.837353
-0.160576
-0.643962
-0.643962
-0.212384
0.370436
0.261294
0.0254254
0.763394
0.763394
0.763394
0.763394
0.763394
-0.221088
0.44082
0.44082
0.44082
0.621777
0.621777
0.380884
-0.399664
-0.83883
-0.83883
-0.83883
-0.83883
-1.01864
-1.43526
-1.43526
-1.10817
-1.14736
-1.14736
-1.14736
-1.14736
-1.14736
-1.14736
-0.513187
-0.926391
-1.10539
-0.564216
-0.564216
-1.37783
-0.647954
-0.647954
-0.647954
0.235964
0.168985
-0.75328
-0.766494
0.0758524
-0.304243
0.538787
0.401223
0.128293
0.393023
0.473925
0.473925
-0.423273
-0.164337
-0.977956
-0.977956
-0.106386
0.0274842
-0.810002
-0.97486
-0.97486
-0.950742
-0.578565
-1.33184
-1.33184
-1.33184
-0.490711
-0.840653
-0.840653
-1.11454
-1.01288
-0.326159
-0.863423
-0.908763
-0.127628
-0.655443
-0.298309
-0.988898
-1.50957
-1.50957
-1.50957
-0.776793
0.166928
0.136883
1.12152
0.287229
-0.571509
-0.87933
-0.87933
-0.297454
-0.75711
-0.75711
-1.05969
-0.983767
-0.227384
-0.855935
-0.855935
-0.172129
0.507176
0.864049
0.864049
0.660531
0.951576
1.01057
0.265577
-0.397275
-0.801204
-0.801204
-0.801204
-0.801204
-0.373493
0.444957
0.00884744
-0.139408
0.218556
-0.335422
-0.712438
0.012403
0.540711
1.12463
1.12463
1.12463
1.05846
0.618129
1.10927
1.04169
0.574571
0.155526
0.021969
0.823666
0.342997
1.14722
0.568405
0.450913
0.635102
0.635102
0.461674
0.836205
-0.155313
0.113427
-0.847761
-0.847761
-0.878957
-0.878957
0.0984174
-0.229862
-0.727824
-1.01461
-1.24694
-1.24694
-1.24694
-1.16855
-1.11726
-1.11726
-1.37387
-0.781704
-1.13757
-0.199217
-0.808041
-0.5018
-0.776505
-0.776505
-1.40395
-1.46655
-1.46655
-1.46103
-1.46103
-1.46103
-1.46103
-1.46103
-0.572104
-0.206573
-1.18697
-0.825231
0.150155
0.821536
0.51173
-0.203257
-0.989864
-0.513997
0.200521
0.881174
0.881174
0.241533
-0.45954
-0.653457
0.0869415
0.991248
0.991248
0.991248
1.02798
1.02798
0.224704
0.00823615
0.778929
0.778929
0.962898
0.962898
0.447395
0.447395
0.912972
0.912972
0.12824
0.61073
-0.280802
0.184461
-0.305505
-0.456824
-0.0399486
-0.334891
-0.873714
-0.873714
-0.873714
-1.02279
-0.786667
-0.786667
-0.818846
-0.818846
-0.529002
0.266615
1.21392
0.56539
0.854034
0.854034
0.436021
1.0801
0.818584
0.663236
0.783057
1.15339
0.554419
1.08782
1.00257
1.00257
1.79785
2.206
2.206
2.17623
2.17623
1.26794
1.26794
1.01326
0.832152
0.605192
0.605192
0.333724
-0.543577
-0.57834
-1.33037
-1.33037
-1.75739
-1.75739
-1.03397
-1.03397
-1.03397
-0.501995
-0.494857
-0.72455
-0.958182
-0.197462
0.0194124
0.358462
1.09384
0.291397
-0.231576
-0.751998
0.237367
0.237367
-0.46267
0.4248
0.373606
0.310479
-0.223259
0.674958
0.674958
0.808584
0.938183
1.36437
1.22522
1.39649
1.39649
0.553278
1.36328
1.0416
0.472637
0.896292
0.938367
0.938367
0.396581
0.657777
0.657777
-0.0627956
-0.838344
-0.838344
-0.838344
-1.05672
-0.377497
-0.845055
-0.411901
-1.11672
-1.11672
-1.11672
-1.11672
-1.11672
-0.596895
-1.3829
-1.3829
-1.10829
-0.589409
0.314575
0.486241
-0.199889
0.461961
1.22456
0.707219
0.339685
-0.390209
-0.915362
-0.915362
-1.45726
-1.45726
-1.11925
-1.11925
-0.623347
-0.714765
-1.21342
-1.27257
-0.909225
-1.11337
-1.11337
-0.353176
-0.364846
0.265271
0.284711
-0.422509
-0.422509
-1.30324
-1.12357
-1.12357
-1.90742
-1.17243
-1.17243
-1.57265
-1.57265
-1.28178
-1.28178
-1.72483
-1.50075
-1.01708
-1.01708
-0.829204
-1.81365
-1.92059
-1.92059
-1.39479
-1.21032
-1.24816
-0.491944
-0.753728
-0.897312
-0.897312
-0.828233
-1.50362
-1.41708
-0.819785
-0.819785
-0.934248
-0.934248
-1.44238
-0.844488
-0.404179
-0.213351
-0.250306
0.550561
1.41169
0.514281
0.514281
-0.38707
-0.681284
-0.681284
-0.681284
-0.681284
-0.110073
-0.891486
-0.426337
-1.40692
-1.352
-1.352
-1.4369
-1.67648
-1.67648
-0.974625
-0.655008
-0.703984
0.219761
0.151229
-0.325064
-1.25342
-0.416947
-1.39046
-0.417563
-0.95165
-0.763061
0.196916
1.00221
1.16451
1.16451
0.718097
0.799605
0.799605
0.799605
1.31758
1.50037
0.661339
0.991895
0.247784
0.557907
0.646105
-0.229437
-0.859976
-0.81548
-0.500992
-0.500992
0.0584053
-0.861107
-0.861107
-0.340306
-0.865643
-0.865643
-1.42251
-1.42251
-1.35493
-1.35493
-1.50051
-1.85249
-1.85249
-1.85249
-2.15611
-1.46679
-1.46679
-0.570497
0.419013
0.419013
0.683936
0.495113
1.11995
1.11995
1.11995
0.361161
0.361161
-0.194102
-0.0360071
0.248766
0.83264
0.170528
1.16947
0.20302
0.428458
0.428458
0.428458
1.36693
0.851691
1.13797
1.13038
1.4828
1.26929
1.26929
1.26929
1.26929
1.17811
1.85125
2.316
2.316
2.316
2.316
2.18745
2.18745
1.78764
1.0554
0.240036
0.38257
0.941026
0.941359
0.941359
0.0792068
-0.567847
-0.688118
-0.688118
-0.688118
-0.100353
-0.373463
-0.463852
-1.46318
-1.46318
-0.916046
-0.916046
-0.916046
-0.799545
-1.56015
-1.33592
-1.42663
-1.42663
-1.42663
-1.42663
-1.06271
-0.182609
-0.4682
-0.863947
-0.863947
-0.863947
-0.938216
-1.06395
-1.05965
-1.05965
-1.05965
-0.840042
-1.25676
-1.25676
-1.23806
-0.635309
-0.499805
0.468022
1.06368
1.06368
0.553781
-0.391502
0.493947
-0.327523
-0.891131
-1.48214
-1.48214
-1.48214
-0.554048
-0.554048
-1.03879
-1.03879
-0.0781969
-0.343338
0.313232
1.26049
1.26049
1.26049
1.26049
1.26049
1.21842
1.21842
1.21842
1.21842
1.20686
0.352298
0.352298
1.03245
1.05815
0.933689
1.36081
1.08478
1.48089
1.48089
1.37786
1.37786
1.37786
1.19547
1.18
1.4329
0.617108
1.37603
1.58076
1.58076
1.58076
1.11225
0.136411
-0.195511
0.722403
-0.257918
-0.907266
-0.455421
-0.144194
-1.09376
-0.628963
-0.555495
-0.536862
-1.41972
-1.5371
-1.5371
-1.5371
-0.874261
-0.0205283
-0.996055
-0.418788
-0.361144
0.177952
0.877257
0.877257
0.841276
1.21837
1.47528
0.87103
0.337839
0.0747647
0.155389
-0.823055
-0.669264
0.00343865
-0.112132
-0.214642
0.0513452
-0.516804
0.376946
0.960447
1.05603
0.392028
0.722176
0.269487
1.26241
1.00494
0.704868
0.704868
0.357472
-0.632759
-0.632759
-0.632759
0.14958
-0.121825
-0.107994
0.357897
1.17466
1.12285
0.892041
0.461062
-0.516849
0.196513
1.11659
0.969744
0.969744
0.915617
0.0461137
0.849207
0.849207
0.39108
-0.130357
0.410419
-0.564417
-0.564417
-0.26637
0.299807
-0.240068
-0.0752184
0.609046
0.717239
0.717239
-0.0287975
-0.524581
-1.01801
-1.64311
-0.7039
-0.956837
-0.508616
0.0616133
-0.798751
-0.798751
-0.39008
-0.926037
-0.890309
-0.433004
-1.13138
-1.78999
-0.891848
-0.468482
-0.35137
-0.390871
-0.0462915
0.356364
0.587278
0.000828258
-0.918692
-0.473029
-0.377663
-0.377663
-0.377663
0.424242
-0.401798
-0.242693
-0.350507
0.633729
0.633729
0.819324
0.61864
0.339987
1.05807
1.05807
0.67289
-0.102781
-0.374925
0.351297
0.604821
1.04416
1.27938
1.27938
0.796814
0.796814
-0.0764562
0.283713
-0.633982
-0.633982
-0.633982
-0.129695
0.0189831
-0.0798705
0.0137237
-0.102515
0.0193619
-0.186144
0.376744
0.713146
0.713146
0.339586
0.957169
0.957169
0.957169
0.957169
0.0816978
0.0410116
-0.227674
-0.850088
-0.991692
-0.991692
-1.07998
-1.07998
-0.370673
-0.474663
0.473138
0.503897
-0.412026
-1.0182
-1.0182
-1.0182
-1.39681
-1.39681
-1.47524
-1.20654
-0.838216
0.10392
0.687353
0.687353
0.687353
-0.0175517
0.628208
0.261384
0.949289
0.0827529
0.423536
0.337341
0.848679
0.871592
-0.114856
-1.02212
-0.961196
-0.520925
0.377474
0.355251
-0.393218
-0.393218
-0.681177
-0.289592
-0.923196
-0.923196
-1.11272
-1.35558
-1.35558
-1.35558
-1.35558
-0.910569
-0.910569
-0.606937
-0.450536
-0.724055
-0.724055
-0.724055
-0.724055
-0.676943
-0.269099
-0.0150795
0.415987
-0.25176
-0.999573
-0.398574
-0.773102
-1.61677
-1.68171
-1.66595
-0.873507
-0.0191862
-0.872204
-0.872204
0.062187
0.0868138
0.723003
-0.0108721
-0.953988
-0.585021
-0.585021
-0.164323
0.308353
0.743975
1.4257
1.4257
1.4257
1.00448
1.59118
1.59118
0.71212
1.02976
0.234849
0.802098
-0.0138846
-0.738773
0.0470259
0.247638
1.09082
1.08785
0.91737
0.0839112
0.295064
0.493822
0.493822
-0.473805
0.0893642
-0.553098
-0.553098
-1.02238
-1.07685
-1.01243
-0.503881
-0.102386
-0.431108
-0.431108
-0.660675
-1.56077
-0.618397
-0.103769
-1.07754
-0.25597
-1.20323
-0.335967
0.321876
0.321876
0.287987
1.05673
1.20784
1.20784
1.20784
1.20974
1.20974
1.20974
0.36768
0.100323
0.736277
0.129346
0.722775
0.722775
-0.101766
-0.812753
-0.736756
-0.736756
-0.922787
-0.321087
-0.960437
-0.960437
-0.904451
-0.0042722
0.994815
0.994815
0.994815
0.994815
0.994815
0.994815
0.149752
0.620725
1.50513
0.509684
0.0320662
-0.100175
-0.502968
0.330025
0.611057
1.07674
1.44669
0.993346
0.993346
0.993346
0.993346
0.993346
0.993346
1.48937
0.701605
0.701605
0.733678
0.733678
0.733678
0.859954
0.10184
-0.655795
-0.105828
-0.600235
-0.330511
0.128367
-0.0221245
-0.264111
-0.708082
-1.11063
-1.11063
-1.33028
-0.58583
0.375433
-0.124094
-0.380517
0.592092
-0.359806
-0.69407
-0.402061
0.0393443
-0.160122
0.248112
0.698556
0.698556
1.00915
0.389446
-0.550997
0.18011
0.0244576
0.375216
-0.443613
-1.1023
-0.866983
-0.844843
-0.844843
-0.11714
-1.11289
-0.329753
0.577715
0.429455
0.425841
0.272536
1.21434
1.21434
1.10039
1.10039
1.10039
0.874302
0.874302
0.167228
0.53908
1.38925
0.762848
0.183328
0.665436
0.665436
1.26475
1.2307
1.04652
0.124087
0.78558
0.78558
1.07096
1.07096
1.48633
1.05696
0.540244
0.280643
-0.466987
0.255678
0.3412
0.3412
0.3412
0.527844
0.527844
1.21151
0.645997
0.734881
0.406197
0.337879
0.312172
0.588026
0.720704
0.918124
0.918124
1.65305
1.55307
1.55307
1.55307
1.36542
0.998466
0.869828
-0.124902
-0.653201
-0.41099
-0.0682258
-1.06799
-0.142
-0.342047
-0.687673
-0.687673
-1.49635
-1.41991
-0.714644
-1.12668
-1.12668
-1.12668
-0.867253
-1.57454
-1.57454
-1.57535
-0.672637
-0.10567
-0.342439
-0.342439
-1.2878
-1.2878
-1.36764
-0.951727
-0.951727
-1.32396
-1.00628
-1.00628
-0.425322
0.225486
1.18801
0.866697
-0.122366
-0.979462
-0.737454
0.0564241
-0.10628
0.512296
0.121007
-0.842958
-0.0023952
0.991802
0.991802
1.17552
0.649011
1.56859
1.0135
1.0135
0.777545
0.777545
0.777545
0.725959
-0.242065
-0.368692
0.558739
0.580055
0.580055
-0.245352
-0.712538
-0.20875
-0.830194
-0.619812
-0.479208
0.382731
1.32797
1.32797
1.27127
0.966091
1.42918
1.42918
1.4426
1.50072
1.50072
0.608613
-0.218565
0.531733
0.531733
-0.0427449
0.842804
0.842804
0.465875
0.873034
0.873034
1.00872
1.07214
1.07214
1.07214
1.12604
1.26595
1.26595
0.524959
0.594736
0.769947
0.769947
-0.223594
0.292055
0.651625
0.651625
0.224651
-0.304555
-1.00746
-0.686015
0.099689
-0.159448
-0.390844
-0.111989
-0.352832
-0.255248
-0.658343
-0.658343
-0.658343
-1.35999
-1.35999
-1.07125
-0.165675
-0.514189
0.177762
0.328508
0.790984
0.0549295
0.0466178
-0.432796
-1.28731
-0.682793
-0.0267654
0.953122
0.953122
0.58954
0.827996
0.637073
0.277558
0.797059
0.278289
0.660656
0.0307901
-0.215977
-0.467131
-0.506018
-0.788032
-0.160247
-0.0250054
0.0227758
-0.436752
-0.465126
-0.0884316
-0.942093
-0.942093
-0.511975
-1.15727
-0.573778
-0.763729
0.116977
-0.132504
0.8463
0.633465
-0.280158
-0.964866
-0.964866
-0.964866
-0.654678
-0.407491
-0.102068
0.366757
-0.27353
0.045602
0.642934
0.641187
0.641187
1.31941
1.03626
1.03626
1.03626
0.676422
0.229529
0.0834247
0.0894874
-0.5811
-0.784757
-1.30209
-0.804416
-0.804416
-0.718223
-0.653634
-0.653634
-0.659382
-0.536968
-0.536968
-0.536968
-1.04533
-0.692053
-1.20912
-1.20912
-1.20912
-1.20912
-1.16645
-0.84376
-0.84376
-0.0348017
0.376429
-0.428503
-1.06779
-1.06779
-0.930073
0.0454874
0.118656
-0.408011
-0.525659
-0.525659
-0.525659
-1.51375
-0.624408
-0.624408
-0.624408
-0.991485
-0.560909
-0.51612
0.151907
0.772532
0.802522
0.802522
0.802522
1.29311
0.536163
0.541816
-0.278045
-1.16669
-0.310897
-0.0673232
-0.376946
-0.0969329
-0.514411
-1.10037
-0.427696
-1.16615
-1.48473
-1.48473
-1.48473
-1.12426
-1.75241
-1.75241
-1.30314
-1.02628
-1.02628
-1.02628
-1.02628
-1.21891
-0.387811
-0.344582
-0.344582
-0.959034
-0.959034
-0.561444
-0.561444
-0.561444
-0.503694
-0.510104
-0.479899
-0.152822
-0.394069
-0.241251
0.464798
0.287118
0.727641
0.727641
0.950601
0.701316
0.701316
0.701316
0.701316
0.701316
0.701316
1.20304
1.20304
0.742655
0.797799
0.888822
0.243392
0.675113
0.805648
0.805648
0.689326
0.765431
0.765431
1.00584
0.918797
-0.0750511
-0.193258
-0.0934223
-0.411308
0.0523833
0.858946
0.826514
0.736971
0.736971
0.328197
-0.176444
-0.163299
0.558269
0.648826
0.104923
-0.797424
-1.04984
-0.212449
-0.963874
-0.963874
-0.996785
-0.610572
-0.500556
-0.500556
-0.500556
-1.1434
-1.15771
-0.563993
-0.962058
-0.962058
-0.460973
-0.799644
-1.38354
-1.15023
-1.15023
-0.292877
-0.775314
-1.66897
-1.48588
-1.29266
-1.40594
-1.36506
-1.50017
-1.50017
-1.16461
-1.16461
-1.02595
-0.699167
-1.20679
-0.363944
-0.363944
-0.193351
-0.494777
-0.494777
-0.870455
-0.870455
-0.870455
-0.944618
-0.944618
-1.55419
-1.55419
-0.98014
-0.800764
-0.800764
-0.359242
-0.19283
0.577149
0.577149
0.577149
0.242147
0.806291
0.806291
0.806291
0.806291
0.613202
-0.142987
-0.257236
-0.716169
-0.716169
-0.716169
-1.26466
-0.951188
-0.951188
-1.06886
-0.469177
-1.00908
-1.00908
-1.00908
-0.998243
-0.13756
-0.0264598
0.431319
-0.493685
-1.39069
-0.483817
-0.483817
-0.577861
-0.577861
-0.906766
-0.906766
-0.918567
-1.68174
-1.8453
-1.14449
-0.768167
-0.568949
-0.621655
-1.02941
-1.02941
-0.99755
-0.99755
-0.781671
-0.190433
-0.821841
-0.821841
-0.250713
-0.23449
-0.811047
0.144699
-0.597537
-0.158863
-1.14117
-0.513569
-0.513569
-0.88332
0.0257044
-0.0859183
-0.881735
-0.243671
-0.733901
-0.736137
-0.736137
-0.736137
-0.736137
-0.358132
-0.149292
-0.456593
-0.031024
-0.95067
-0.633879
0.0142703
0.931591
0.931591
0.931591
0.931591
1.15179
0.380391
1.12928
0.657414
-0.0164309
0.435337
0.435337
0.452092
0.759517
0.759517
0.701032
0.94566
0.438194
0.281538
0.912487
1.76301
1.76301
1.14129
0.435809
0.435809
-0.303911
-0.393317
-0.461378
-0.761152
-0.761152
-1.0259
-1.0259
-1.0259
-1.0259
-1.0259
-1.0259
-1.0259
-1.38035
-1.38035
-1.38035
-0.676983
-0.676983
-0.49326
-0.259816
-0.0544515
-0.136823
0.139952
-0.852447
-0.212492
-0.936334
-0.989077
-0.570274
-1.05134
-1.05134
-1.35702
-1.35702
-1.51517
-0.928622
-0.73751
-0.762888
-1.09939
-1.03498
-0.292577
-0.575412
-0.575412
-1.05986
-0.983234
-0.830801
-1.00756
-0.54769
-0.930635
-1.14029
-1.28849
-0.42416
-0.801298
-1.50968
-1.50968
-1.50968
-0.547795
-0.547795
-0.735593
-1.03318
-1.03318
-0.749752
0.0109815
0.535206
1.43259
1.43259
1.43259
0.803159
0.803159
0.043012
-0.529557
0.37823
1.17812
1.17812
0.816486
0.204249
-0.658587
-0.658587
-0.735984
-0.747006
-0.651031
-1.57129
-1.79214
-1.79214
-1.35445
-1.1843
-1.1843
-1.1843
-1.1843
-0.946828
-1.41142
-1.08006
-0.847578
-0.847578
-0.847578
-0.193829
-0.368625
-0.907987
-0.907987
-1.08939
-1.08939
-0.875195
-0.329061
-0.325
-1.28514
-1.28514
-1.46519
-1.29634
-0.486273
-0.92676
-0.92676
-1.3848
-1.22728
-0.697463
-0.156579
0.22548
0.910827
0.790186
0.213654
0.596187
0.596187
0.979814
0.979814
0.979814
0.497442
-0.206396
0.210401
0.665078
0.683179
0.683179
1.05713
1.0274
1.16329
1.16329
1.16329
0.740414
0.740414
0.740414
0.740414
1.20618
1.20618
1.20618
0.544885
0.544885
1.10686
0.622197
-0.181713
0.706983
0.710053
1.02592
0.93364
0.93364
0.500715
0.748067
0.748067
0.748067
0.79024
0.79024
0.975477
0.975477
1.51092
0.530618
1.10706
1.10706
0.986242
0.986242
0.370082
0.125108
-0.710327
0.144893
-0.186507
0.185669
-0.51319
-0.131308
-0.748423
-0.748423
-0.748423
-1.33437
-0.772938
-0.772938
-0.973397
-0.425592
-0.930731
-1.12434
-1.12434
-1.12434
-2.12031
-2.2716
-1.88871
-1.88871
-0.895489
-0.895489
-0.895489
-0.895489
-0.251857
0.543841
0.42508
0.924913
0.924913
0.217559
0.799145
1.31072
0.785661
-0.148289
0.359923
0.473125
0.14316
0.252832
0.77125
0.7882
0.7882
0.7882
0.7882
0.888154
0.812046
0.672632
-0.0676081
0.846133
0.846133
0.503811
0.72486
0.72486
0.0757737
0.960887
1.23537
1.23537
0.989955
0.33436
0.963706
1.29248
1.29248
0.586807
0.586807
0.939665
0.939665
0.347028
0.347028
0.879001
0.562099
0.619268
0.237043
1.17539
0.175724
0.649052
0.649052
0.649052
0.997161
0.0116188
-0.242843
-0.949464
-0.486065
-0.835412
-0.551645
-0.551645
-0.367869
0.343148
0.900853
-0.0655556
0.290124
0.332058
-0.182176
-0.648025
0.0945081
0.0310527
0.384789
-0.0554624
-0.0816592
-0.545921
-0.388998
-0.217291
-0.0825475
-0.216704
-0.429088
-0.403033
-0.403033
-1.13504
-0.39514
-0.136957
0.827045
0.827045
0.201917
0.0667639
-0.122581
-0.978884
-0.978884
0.00611806
0.21754
-0.160027
-0.2388
0.269502
-0.315979
0.493562
-0.127285
0.465146
1.04965
1.24021
0.378721
0.326525
0.167691
-0.364209
0.148556
0.299049
0.145317
-0.18456
0.528901
1.30048
0.490835
1.41502
2.08187
1.84535
1.48552
1.48552
0.580505
0.580505
0.821444
0.821444
0.690747
1.02939
1.02939
0.182528
0.448172
1.05584
1.05584
0.543623
1.03958
1.03958
0.38577
0.930823
0.693594
0.693594
0.898627
0.898627
-0.0225815
-0.316424
-0.68992
-0.793623
-0.578539
0.141666
0.785673
0.658148
0.0453986
0.00311792
-0.450674
0.462023
0.12226
-0.272152
-0.378756
-0.381179
-0.832717
-0.0059437
0.967908
0.967908
0.967908
0.713131
0.618542
1.30269
1.30269
1.30269
1.30269
1.30269
0.524506
0.189443
-0.199884
0.58506
0.58506
0.58506
-0.264221
0.47094
1.03387
1.03387
1.03387
0.39309
0.39309
0.39309
0.39309
-0.00688422
-0.308407
-1.23697
-1.01658
-0.629744
0.0179421
0.0756855
0.604589
0.550687
0.953967
1.08249
0.246446
-0.132778
0.450289
0.450289
0.422114
0.855573
-0.101765
0.63913
0.63913
0.63913
-0.157052
-0.848011
-0.00847961
0.606201
0.400731
0.538769
0.531282
0.531282
0.531282
0.453405
-0.541765
-0.0118775
0.765623
1.40821
0.899625
0.427934
-0.327443
-0.104918
0.572167
0.504612
0.504612
0.173981
0.215007
1.19704
0.634949
0.796405
0.796405
-0.167721
-0.317245
0.494847
0.494847
1.24516
1.24516
1.24516
1.24516
0.917807
0.948679
0.948679
1.08266
1.18096
1.18096
0.831907
0.893734
0.893734
0.893734
0.893734
0.190712
0.911006
0.0222424
0.152118
0.9446
0.9446
0.9446
0.9446
0.863559
0.863559
0.531644
0.432663
0.432663
0.75377
1.68872
1.68872
1.09561
0.59368
0.59368
1.2073
1.2073
1.2073
1.2073
1.2073
1.2073
0.258458
0.420596
-0.0230516
-0.407702
0.316547
0.74367
0.74367
0.796208
0.796208
0.796208
1.0377
0.354487
0.354487
0.51781
0.51781
-0.257455
-1.14425
-1.02414
-1.51779
-1.51779
-1.31288
-0.49618
-1.39112
-1.39112
-1.39112
-1.39112
-1.11837
-1.11837
-0.85826
-0.85826
-0.815679
-0.908354
-1.26954
-0.466897
-0.361897
0.411749
-0.0873479
0.343243
-0.510937
-1.00855
-0.0148726
0.84653
1.55369
1.55369
0.643392
1.4755
1.50684
1.19074
1.38285
1.42962
1.42962
1.36748
0.823868
0.823868
0.823868
0.823868
0.823868
0.309122
-0.271963
0.686967
0.555182
0.430323
0.785061
0.0888477
-0.50979
-0.433174
-0.361414
0.358
0.358
-0.168611
-0.778182
-0.554607
-0.045262
0.187884
0.587808
0.558223
-0.118531
-0.924791
-0.665021
-0.665021
-0.665021
-0.866571
-0.88597
-0.88597
-0.88597
-0.88597
-1.09337
-0.183031
0.572631
0.572631
-0.314902
-0.924385
-0.167108
-0.0827865
0.564368
0.285642
0.0662612
-0.353669
0.471201
-0.190094
-1.03273
-0.213697
0.307601
0.437395
0.576775
1.31054
1.31054
1.31054
0.974543
0.322446
-0.0543051
-0.073378
-0.799137
-0.284517
0.122767
-0.0622886
0.679466
0.679466
0.72193
0.0642904
0.344855
0.923424
0.923424
0.304838
1.00889
1.00889
0.670189
1.10029
0.568069
0.736825
0.736825
0.736825
0.992364
1.06176
1.06176
1.03706
1.03706
1.03706
0.823167
0.823167
0.863198
0.863198
0.863198
0.911084
0.911084
0.911084
1.29667
1.62554
0.710217
0.710217
0.710217
1.06276
0.577568
0.670553
0.670553
-0.15041
-1.11937
-1.11937
-0.235496
-0.222672
0.528393
0.677982
0.677982
1.11025
1.15385
0.38498
0.356858
0.215692
0.623614
0.623614
0.781877
0.788234
0.788234
1.78081
1.61269
0.846962
0.846962
1.33888
1.79109
0.828473
0.687174
0.627262
1.00618
1.00618
1.00618
1.00618
1.31284
1.31284
0.392023
0.392023
0.392023
0.510167
0.510167
0.98221
1.35572
1.21128
1.22254
1.0046
1.0046
1.0046
1.0046
0.31528
0.500605
0.288797
-0.593029
0.0986515
0.412373
0.979436
0.979436
0.179275
0.0396006
-0.657003
-0.717325
-0.878531
-1.11735
-0.19491
0.41591
-0.363715
0.476607
0.476607
0.476607
1.2317
0.319838
0.534657
0.864655
0.864655
0.666908
0.775162
0.775162
0.775162
0.208912
1.08954
1.58247
0.690508
1.57444
1.57444
0.676898
0.676898
0.701191
0.701191
-0.279848
-0.13118
0.233429
-0.118287
0.274497
0.49821
-0.430458
0.526419
-0.0306293
0.472385
0.472385
1.28116
0.911795
1.78645
1.24719
0.592751
0.9089
0.209869
-0.0505905
-1.02384
-1.02384
-1.02384
-0.15076
-0.676927
-1.1346
-1.1346
-1.1346
-1.49341
-0.861751
-0.236984
0.739072
0.882864
0.922746
0.922746
0.922746
0.922746
0.922746
0.776384
0.105919
-0.367314
-0.246861
0.608062
0.710461
-0.266594
-1.10478
-0.694986
-0.0510774
0.829882
0.829882
0.471744
-0.426155
-0.501898
0.0175782
-0.971983
-0.971983
-0.971983
-0.971983
-0.395216
-0.326779
-0.890237
-0.9944
-1.09024
-1.19285
-1.19285
-0.240063
0.289598
0.188922
0.414619
0.414619
1.23058
0.323764
0.278037
0.816599
0.804934
0.804934
0.804934
0.804934
0.804934
0.807744
1.0811
1.0811
0.457133
0.457133
0.457133
0.959195
0.959195
1.13171
1.13171
0.81905
1.10201
0.501207
-0.363002
-0.507592
-0.550883
-0.408103
-1.40366
-1.29725
-1.29725
-1.29725
-0.843998
-0.191839
-1.09878
-0.981719
-0.179202
-0.146884
-0.385904
-1.20958
-0.855126
0.0583754
-0.64604
-1.53728
-1.72649
-0.781352
-1.24449
-1.24449
-1.24449
-1.24449
-0.796484
-0.5893
-0.714993
-0.86254
-0.511223
-0.349708
-0.417541
-1.2037
-1.2037
-0.600782
-1.46968
-1.46968
-1.79026
-1.82887
-1.82131
-1.49648
-1.36772
-1.35428
-1.35428
-0.380062
-0.762578
-0.48624
-0.783248
-0.749158
-0.749158
-0.599761
-0.228895
0.401039
0.349774
0.811389
0.811389
-0.0458544
-0.924387
-0.0619424
-0.518086
-0.518086
-0.270154
-0.875607
-0.242211
0.148048
-0.795553
-1.18063
-0.465661
0.3218
1.11213
1.11213
1.24787
1.07607
0.470758
0.383053
-0.375057
-1.00316
-1.00316
-0.120922
0.502226
0.983364
0.983364
0.322196
0.496896
-0.0746155
-0.656173
-0.656173
-0.181209
0.00351845
0.30347
1.14064
1.14064
1.14064
0.453565
0.700975
0.74157
1.23372
1.23372
1.10616
1.10616
1.10616
1.10616
0.83711
0.83711
0.83711
0.793771
-0.0847645
-0.885592
-0.419872
0.523636
1.42246
1.42246
1.42246
0.472261
0.472261
1.01305
1.65989
1.65989
1.65989
1.65989
1.65989
1.2812
1.24438
1.09423
0.916472
0.61828
-0.367372
-0.040192
-0.752213
-0.780045
-0.444199
-0.138252
0.6285
0.6285
0.683567
0.683567
0.683567
-0.275261
0.511498
-0.17119
-0.844667
-0.635235
-1.11666
-0.74198
-0.0994721
0.22979
0.843642
0.843642
0.508238
0.32723
1.07435
1.07435
0.748789
0.748789
1.11411
0.733369
0.733369
0.733369
-0.0967398
-0.678968
-0.499093
0.46864
-0.388995
-0.797853
-0.797853
-0.585672
-0.797334
-0.611334
-0.557973
-0.956246
-0.404097
0.0186826
0.471889
-0.493274
0.263579
0.163599
-0.18216
-1.14144
-1.19
-1.19
-1.19
-0.1919
-0.992305
-0.383012
-1.13951
-0.484819
0.136889
0.501587
0.527141
0.527141
0.931145
1.29825
1.47452
1.47452
0.990768
0.990768
0.115003
0.647945
1.17959
1.17959
0.920081
0.920081
1.14
0.746432
1.11685
0.536784
0.523805
-0.333461
0.19911
1.1124
0.874535
0.874535
0.945292
0.945292
0.530258
-0.101413
0.158982
-0.588817
0.335027
-0.0417925
-0.831651
-0.831651
-0.831651
-1.09272
-0.228167
-0.814148
-0.814148
-1.05513
-1.05513
-1.05513
-1.05513
-1.5721
-0.723848
-0.725228
-0.314425
-0.086987
-0.860788
-0.26051
-0.784887
-0.784218
-1.0776
-1.0776
-0.532832
0.0925717
-0.192154
-0.434347
-0.0435999
-0.893228
-0.547252
-0.547252
-1.31049
-1.48351
-1.05408
-0.188944
-1.033
-0.0480812
0.335669
0.928159
0.687326
0.687326
1.14843
1.12975
0.132473
0.584315
0.803922
1.27873
1.50292
1.50292
0.892569
0.380729
0.380729
-0.04522
0.723243
0.573944
0.859516
1.62216
0.988912
0.637988
-0.10169
0.524695
0.524695
0.758105
1.21731
1.21731
0.541969
1.18633
1.18633
1.18633
1.58348
0.92357
0.92357
0.535266
0.233076
1.08139
1.08139
1.1168
0.675504
0.515066
0.413275
-0.00371405
-0.955135
-0.841111
0.129999
0.17439
1.12017
0.235576
1.10393
1.10393
2.09156
1.92279
1.92279
1.92279
1.92279
1.23292
1.23292
0.532199
1.31182
1.31182
0.746423
1.36559
1.36559
1.28152
1.28152
0.542705
0.567492
0.567492
0.567492
0.567492
-0.27896
-0.101304
0.368653
0.78118
0.78118
0.849045
0.642397
0.642397
1.2169
0.790693
0.275343
0.634179
0.334044
0.194958
0.449638
0.39652
0.328888
-0.0303022
-0.173246
-0.729534
-0.729534
-0.729534
-1.31716
-0.556609
-1.53956
-1.53956
-1.02344
-1.02344
-1.31181
-1.06041
-0.942681
-0.687032
-0.687032
-0.987688
-0.552083
-0.674996
-0.674996
-0.734353
-0.159293
-0.0774458
-0.50595
0.0890893
-0.867053
-0.867053
-0.867053
0.13283
0.144812
0.767532
0.767532
0.767532
0.767532
0.767532
1.47002
1.28698
0.38845
0.428624
0.428624
0.97183
0.528161
0.874737
0.874737
0.874737
0.874737
0.874737
0.874737
0.874737
0.285309
0.0212282
-0.271015
-0.50533
-0.50533
-0.176772
0.730412
0.730412
0.730412
0.909249
0.679101
1.08543
1.08543
1.08543
0.828999
0.828999
0.896257
1.21094
0.240508
0.899604
1.58393
1.58393
1.58393
1.10051
0.723895
0.723895
0.723895
1.40921
1.40921
1.37539
0.661412
0.82174
1.61143
0.651407
0.651407
1.1115
1.27149
0.860719
0.860719
0.366144
1.04514
1.04514
1.04514
1.37147
1.37147
1.12315
1.12315
1.12315
0.332015
1.22612
1.22612
0.563686
1.40371
1.40371
0.750242
1.54512
0.948432
0.948432
0.948432
0.948432
0.948432
0.439522
1.19327
1.43842
0.845754
-0.0183754
0.94473
1.21087
1.21087
1.21087
0.791046
1.57576
1.57576
1.57576
1.52973
1.52973
0.875592
0.487346
0.838721
1.69922
0.928103
0.928103
0.928103
0.0383647
0.817898
0.460967
-0.370539
0.568816
0.568816
0.568816
1.02982
1.02982
1.02982
1.02982
1.02982
0.967263
1.16487
0.834604
1.52595
1.52595
0.790139
0.383422
-0.236462
-1.19649
-1.20389
-1.20389
-1.20389
-0.924788
-1.27222
-1.13765
-1.13765
-0.960615
-0.914267
-1.0276
-1.10276
-1.10276
-1.10276
-1.37008
-1.37008
-1.37008
-1.37008
-1.37008
-1.37008
-1.37008
-1.37008
-1.28045
-1.38513
-0.814224
-0.814224
-1.22307
-0.866325
-0.409702
-1.06064
-1.06064
-0.671303
-0.671303
0.0729691
0.891045
0.323011
1.28907
0.289233
1.04779
0.348171
0.712409
0.507628
-0.292412
0.632507
0.105289
0.829187
0.0668547
-0.687193
-0.250584
-0.732438
-0.884891
-1.03478
-0.218038
0.374736
0.374736
0.520061
0.523237
0.0152308
-0.827671
-0.615265
-0.691089
-0.474376
0.321891
0.25786
0.673161
0.673161
1.01079
0.617852
1.4756
0.742494
1.09063
1.09063
0.157216
1.14179
1.14179
1.14693
1.0524
1.0524
1.0524
1.57829
1.30411
0.535018
0.51357
-0.371651
0.102413
0.909968
0.909968
0.909968
0.909968
1.21426
1.21426
0.923327
0.923327
0.202215
1.17983
1.4175
1.4175
1.4175
1.4175
0.728578
0.728578
0.0669894
-0.110349
0.522641
0.449716
0.108466
0.57094
0.197601
0.198539
-0.623624
-0.623624
-0.871061
-0.484178
-0.484178
0.172554
0.288328
0.0124877
0.788411
0.825746
0.825746
0.825746
1.05166
0.862227
0.862227
0.862227
0.862227
0.563223
0.563223
0.563223
0.899068
1.7349
1.7349
1.45274
1.84572
1.63102
1.63102
1.28466
0.842163
1.2716
0.741355
0.741355
0.0174286
-0.371773
-0.820154
-0.820154
-0.586893
0.128455
0.0209147
0.383234
0.87509
0.508308
0.244596
0.666811
0.258695
0.242648
0.245002
0.466685
0.466685
-0.483453
-0.223038
-0.369331
0.412966
0.957463
0.708483
0.408153
0.594738
-0.253324
-0.23892
-0.153387
-0.877208
-0.171047
0.360381
0.29352
0.29352
1.23184
0.976699
0.976699
0.256815
1.16024
1.07936
1.07936
0.374013
0.88044
0.391898
1.32025
1.11814
1.11814
0.18557
0.789083
0.475931
1.21174
1.21174
1.21174
1.21174
1.86819
1.01562
1.31154
1.31154
1.31154
1.72123
0.98099
1.40682
1.57535
1.79848
1.79848
1.75021
1.63322
0.956114
1.06812
1.07282
0.212468
1.16507
1.58259
1.58259
0.616239
0.616239
0.820523
0.820523
0.820523
1.32625
1.32625
1.2993
1.2993
1.2993
1.21743
1.03342
1.03342
0.12244
0.279271
0.89383
0.991751
0.849382
0.326832
1.12025
0.266554
0.734902
0.351831
-0.469441
0.214707
-0.367498
-0.372163
-1.00764
-0.241377
0.638632
0.571511
0.527113
-0.37131
0.226274
0.371901
0.948833
0.137242
-0.141854
-0.567152
0.374282
0.753882
1.2645
1.2645
1.2645
1.17515
1.17515
1.10972
1.10972
1.10972
1.10972
1.48003
1.98196
1.98196
1.98196
1.01684
0.838699
1.37015
0.645912
1.34532
1.34532
1.14833
0.714648
0.130408
-0.584227
-0.584227
0.304807
0.441561
-0.372439
-0.273433
-0.373254
0.594413
0.515805
1.32739
0.608173
1.30196
0.790996
-0.0531694
0.911611
0.911611
0.972715
0.113517
0.561995
0.561995
-0.267431
-0.00775473
0.451911
1.08589
1.08589
1.02986
0.259618
-0.120085
-1.04084
-1.04084
-0.338772
-0.338772
-1.12323
-0.393556
-1.16944
-0.55224
-0.55224
-0.30887
-0.696896
0.144531
-0.0871645
-0.800387
0.138632
0.60686
0.52871
0.046695
1.03862
1.04597
1.11778
1.11778
1.16874
1.16874
1.24365
1.24365
0.735669
0.735669
0.862749
1.01172
1.01172
1.01172
1.01172
1.10831
1.10831
0.803716
0.393091
1.16644
0.680084
0.328138
0.0308098
0.851265
0.851265
0.621376
0.0200679
0.861221
0.695926
0.494445
0.485038
0.118892
-0.435611
-0.0965127
-0.637626
-0.623186
-0.623186
-0.853566
-0.853566
-0.944064
-0.944064
-1.01896
-1.01896
-1.55808
-1.55808
-1.67624
-0.812354
-0.74693
-0.449299
-0.546436
-1.24005
-0.657517
-0.120109
0.35829
1.19274
0.568375
-0.0328187
0.358489
-0.316136
0.0961656
-0.443216
0.415068
0.415068
-0.253586
-0.902688
-0.858824
-0.851905
-0.851905
-0.921835
-0.921835
-0.986279
-0.986279
-1.51677
-1.01412
-0.209093
0.451085
0.176189
0.825045
-0.112731
0.263432
0.158579
-0.559363
-1.45186
-0.92439
-1.25751
-1.14582
-1.41837
-0.613764
-0.718115
-0.870641
-0.678013
-0.959706
-0.959706
-0.398822
-0.965436
-0.582022
-0.431166
0.223446
0.582918
0.41427
-0.455442
-0.878297
-0.878297
-1.4078
-0.997755
-1.08254
-0.710176
-1.33789
-1.33789
-1.33789
-0.975046
-0.730538
-0.730538
-0.875836
-0.875836
-0.613982
-1.02613
-0.153993
-0.125782
-0.768474
-0.768474
-0.768474
-0.457138
-0.457138
-0.029843
-0.154029
0.488659
0.750632
-0.196262
-0.341588
-1.03732
-0.0790117
-0.606366
-0.941744
-0.44034
-0.20838
-0.298678
-0.345967
-0.730597
-1.28411
-0.560795
-0.560795
-1.43542
-1.34835
-0.464662
-0.451068
0.392692
0.244392
0.267446
1.23865
0.62397
0.62397
-0.333046
-0.325725
-0.131575
0.451612
1.17623
1.32135
1.32135
1.32135
0.699381
0.368543
0.426863
-0.365418
-1.08354
-0.400859
0.50005
0.453895
0.453895
1.0923
0.12807
-0.537079
-0.876985
-0.842358
-0.842358
-0.842358
-0.842358
-0.628344
-0.0941008
-0.189827
0.265058
0.338957
0.448545
0.448545
0.987808
0.480715
0.571363
-0.0377364
-0.427131
-0.0273535
-0.185986
0.218467
0.124811
-0.21881
-0.665685
-0.222385
0.406298
-0.295659
0.646014
0.37227
-0.507617
-1.33726
-1.33726
-1.33726
-1.33726
-0.714508
-1.12504
-1.12504
-0.902373
-1.23724
-0.847422
-0.15043
-0.302423
-0.437169
0.397032
1.04967
1.47371
0.733805
0.733805
-0.0772284
0.307743
-0.0161113
-0.0545527
-0.162396
-0.935694
-0.935694
-0.215908
0.172478
0.724836
0.830486
0.80861
0.940814
0.113637
-0.0235132
-0.925213
-0.275665
-1.02008
-1.19189
-1.33634
-1.36448
-0.759476
-0.738051
-0.738051
-0.431721
-1.0597
-1.44298
-1.44298
-1.44298
-1.61193
-1.01516
-1.19662
-1.41505
-1.41505
-1.08272
-1.2711
-1.2711
-1.2711
-1.07452
-1.30034
-1.04552
-1.04552
-0.350473
-0.0481783
0.703332
0.367215
-0.54505
-0.0130557
-0.609063
-0.609063
-0.609063
-1.07619
-1.07619
-0.411788
-0.337728
-0.337728
-0.601007
-0.476864
0.275671
-0.334338
-1.32145
-0.66731
0.276811
0.926922
0.953781
0.12091
0.485509
-0.499161
-1.01069
-0.286678
-0.0319237
0.4702
0.4702
-0.0632576
-0.346445
-0.0424598
0.622252
0.901073
0.116961
0.913496
0.913496
0.913496
0.913496
0.913496
0.463983
0.43191
-0.12577
-0.378287
-1.32881
-1.47699
-1.0608
-1.0608
-1.17502
-1.17502
-1.17502
-1.17502
-1.45922
-1.89747
-1.17366
-0.415563
-1.04548
-0.798428
-0.798428
-0.798428
0.0166523
0.399283
0.348214
0.979126
0.936096
0.42086
-0.0205414
-0.62783
-0.880893
-0.880893
-0.307718
-1.13141
-1.13141
-0.898968
-0.898968
0.0672421
0.558911
0.558911
0.595727
0.595727
0.474303
0.984778
0.984778
0.512584
0.963694
0.963694
0.595489
-0.207384
-0.926806
0.0228095
0.187063
0.869546
0.904845
0.0769052
0.44014
-0.210994
0.0109822
0.639082
0.948056
1.07465
0.585272
0.585272
0.630359
0.1897
0.944197
0.11641
0.00824829
0.360107
0.985177
0.796054
0.796054
1.16565
1.38134
1.38134
1.41266
0.857519
0.857519
0.857519
0.755288
0.626838
0.0510016
0.726063
0.613929
0.736514
1.22397
0.281013
-0.527199
-0.425324
-0.359468
-0.359468
-0.876115
-0.731426
0.227065
-0.169696
0.593112
-0.399084
-1.11182
-1.11182
-1.11182
-0.868714
-1.41368
-1.41368
-0.721746
-0.721746
-0.210791
-0.153698
-0.80505
-0.0954495
0.708558
1.1331
0.367843
-0.51955
-0.51955
-0.51955
-0.81985
-0.81985
-0.560309
0.00402905
-0.00266764
-0.730319
-1.11924
-1.02453
-0.16183
-0.192724
-0.192724
-0.812194
-0.364796
-1.1495
-1.1495
-1.14184
-0.981973
-0.981973
-0.422578
0.272279
-0.617254
-0.823353
-0.823353
-0.823353
-0.823353
-0.0907438
0.505223
1.13528
0.711219
1.16501
0.566961
0.952153
1.26634
0.83961
0.83961
0.587527
0.587527
0.728773
0.729137
1.11509
1.11509
1.11509
0.694087
0.761967
0.0852883
0.993028
0.993028
0.940913
0.718697
0.791616
1.00903
1.00903
1.00903
0.861139
0.861139
0.631053
0.141256
-0.380942
0.159933
0.241512
-0.367334
-0.326327
-0.245541
0.671196
0.372784
0.372784
0.426859
-0.161532
-0.379807
-0.331586
-0.431004
-0.685186
0.146596
-0.639173
-0.640201
-0.972263
-1.03741
-0.28385
-0.886364
-0.886364
-0.350292
-1.13016
-1.13016
-0.526685
0.347631
-0.610515
-0.610515
0.280397
1.13908
1.13908
0.622897
0.531523
-0.465243
-0.465243
-1.27546
-1.27546
-0.996017
-1.10317
-1.10317
-1.10317
-1.10317
-0.551382
-0.551382
-0.169548
-0.890271
-0.890271
-0.534674
0.270613
0.233087
-0.493089
-0.352787
0.270812
-0.519022
-0.658475
-1.06664
-0.598699
-0.988295
-0.459664
-1.06278
-1.06278
-1.82765
-1.82765
-1.47258
-1.47258
-0.568163
-0.568163
0.324647
-0.470351
-0.470351
0.321288
0.00334211
-0.516753
-0.262229
0.327254
0.872768
0.872768
0.872768
0.759414
0.648251
0.648251
0.687551
0.439946
0.523574
0.798462
0.798462
1.37353
0.907428
0.322921
0.322921
0.384954
-0.0230315
0.688739
1.01249
1.01249
1.06149
1.06149
1.06149
1.59885
1.59885
1.77164
0.832905
0.966861
0.520306
0.765696
0.765696
0.765696
0.765696
0.765696
0.765696
-0.053304
0.313895
0.449678
1.01714
1.16324
1.28025
1.0125
0.908169
1.2567
0.995428
0.995428
0.792196
0.428098
0.252153
0.659318
0.0354596
0.329473
0.632463
0.90559
0.194229
0.365681
0.124163
-0.310785
-0.310785
-1.22227
-1.22227
-1.22227
-1.22227
-1.34893
-1.34893
-0.763165
-0.0076105
0.26294
0.729589
1.17125
0.705796
0.700677
0.700677
-0.0943655
-1.07401
-0.71919
-0.793008
-0.879277
-1.03941
-0.89093
-0.349015
0.0993351
0.752003
1.68833
1.26465
1.26465
1.71556
1.03831
0.571006
0.681744
-0.0999719
-0.569301
-0.569301
-0.569301
-0.569301
-0.569301
-0.980101
-0.809843
-1.44853
-1.15759
-1.15759
-1.15759
-1.15759
-0.825639
-0.825639
-0.29704
0.373171
1.11523
1.40617
1.46223
0.91224
0.91224
1.52738
1.52738
1.39125
1.06425
0.993315
0.000802504
0.894393
0.319292
-0.0488211
0.165163
-0.77142
-0.443817
-0.934542
-0.934542
-0.934542
-0.868332
-1.46415
-1.46464
-0.549298
-0.514633
-0.47125
-0.96951
-0.408195
0.185743
0.504604
-0.482642
-0.482642
-0.482642
-0.851219
0.0588412
0.639888
0.639888
0.639888
0.639888
0.251758
-0.422641
0.478436
0.478436
0.180546
0.57561
0.602808
-0.0954602
0.619683
1.24313
1.12361
1.12361
1.12361
0.437421
0.840069
0.37714
-0.179283
0.806929
0.806929
0.806929
0.806929
0.806929
0.806929
0.806929
0.11389
-0.0521393
0.426578
-0.135216
0.134104
-0.135656
-0.703137
-0.703137
-0.871344
-0.871344
-0.480564
-0.292792
-1.26303
-1.21897
-1.50601
-1.33462
-1.33462
-1.21018
-0.582045
-0.318721
-0.384515
-0.735795
-0.735795
-0.438216
-0.438216
-1.08098
-1.08098
-0.832147
-0.079844
-0.962525
-0.962525
-0.805756
-0.805756
-0.0333232
-0.807868
-0.437463
-0.237371
-0.0637396
-1.00963
-0.7593
-0.7593
-0.386217
0.147941
1.07934
0.493421
0.979967
0.979967
1.31846
0.365939
0.750062
0.750062
0.750062
0.956392
1.10232
0.114641
1.05913
0.4205
-0.457811
-0.254778
-0.476806
-0.476806
-0.0162778
-0.803768
-0.803768
-0.162421
-1.03268
-1.03268
-1.10601
-1.10601
-0.387539
0.406239
0.471013
0.471013
1.19569
1.19569
0.627536
0.720846
0.720846
0.293339
0.677684
0.34799
-0.563562
-0.89389
-0.686778
-0.880652
-0.339949
-0.0331253
-0.645428
-0.183505
-0.13249
0.651463
1.59236
0.949498
0.949498
0.523558
0.327795
0.327795
1.03031
0.0993359
0.639075
-0.187762
-0.635047
-0.952198
-1.03474
-1.09601
-1.12006
-0.333099
0.087708
0.410436
-0.399043
-0.763076
-0.763076
-0.763076
-0.763076
-0.763076
-1.21857
-0.636917
-1.24821
-1.08896
-1.20776
-0.366259
0.383012
0.383012
-0.53936
-0.86903
-0.889342
-0.0770147
0.582975
0.582975
0.555487
-0.0254406
0.552365
1.48055
1.48055
1.48055
1.06411
0.570723
1.0437
0.309859
0.899628
0.590741
1.48253
0.759649
0.759649
0.867167
0.815116
0.855471
0.399608
0.399608
-0.374189
0.456826
-0.422446
0.411155
1.09945
1.39063
1.23994
0.607313
0.607313
-0.349654
0.606476
0.360924
0.252756
-0.314445
-1.24735
-0.763366
-0.763366
-0.763366
0.190431
0.856571
-0.0712752
-0.174857
-1.11214
-1.67501
-1.58861
-0.673857
0.221221
0.827434
0.827434
-0.0816494
-1.06187
-0.661621
-0.661621
-1.00315
-1.00315
-1.00315
-1.00315
-1.3156
-1.3156
-1.87257
-1.65731
-1.65731
-1.60281
-0.796801
-0.796801
-1.05258
-1.05258
-1.05258
-1.05258
-0.808138
-0.17595
0.443953
0.119383
-0.695653
-0.695653
0.0700744
-0.369503
-0.855188
-1.10251
-0.589725
0.0854349
0.235744
-0.11201
0.574713
0.453185
0.453185
0.868829
0.228171
-0.0459386
-0.311854
0.072008
-0.286447
0.072005
-0.256134
-0.683973
-1.45645
-1.45645
-0.834106
-0.703552
-0.9547
-1.15642
-0.171795
-0.63818
0.35517
1.12058
1.27059
0.685396
0.849962
0.714643
1.05639
0.60667
0.60667
0.0947536
-0.614368
-0.402312
-0.633739
-0.523703
0.00025596
0.950474
0.704697
1.12816
1.22472
1.05343
0.326508
1.01282
1.01282
1.24191
0.985327
0.595096
-0.304823
0.246604
0.264794
0.661388
0.661388
0.142909
0.419076
0.3596
-0.440748
-0.482531
-0.762127
-0.0372091
-0.319782
-0.319782
-0.345137
-0.73394
-1.19562
-1.19562
-0.756029
-1.27106
-1.12652
-0.741986
-0.741986
-0.741986
-0.846888
-0.629098
-1.599
-0.870659
-0.870659
-1.17487
-1.05769
-1.05769
-1.05769
-1.05769
-1.05769
-0.504795
-1.14935
-0.343788
-1.0801
-1.0801
-1.06935
-0.989894
-0.554381
-1.10244
-0.332369
0.239615
-0.530643
-0.888796
-0.388191
-0.407932
-0.326013
0.518743
-0.387563
-0.299595
-0.926005
-0.926005
-0.926005
-0.518153
-0.714375
-0.285173
-0.306688
-0.865722
-1.02299
-0.619242
-0.619242
-1.29982
-0.566898
-0.569991
0.392388
0.392388
-0.10931
0.620697
0.620697
-0.22457
0.319517
0.671293
0.861928
0.0573499
0.732495
1.32356
1.32356
1.32356
1.32356
1.32356
0.964617
0.422215
-0.0345791
-1.03275
-0.206837
0.205913
0.706341
-0.234823
0.633669
0.633669
0.633669
0.11434
-0.260054
-0.286685
0.232069
-0.16301
0.121278
0.138932
0.849795
0.786596
1.02879
1.02879
1.02879
0.16463
0.150847
-0.596304
-0.0869505
-0.918223
-0.231972
-0.48835
-0.338961
0.413521
-0.431866
-1.41602
-1.41602
-1.41602
-0.535787
-1.15971
-0.301835
-1.17918
-1.1489
-0.430329
-1.30468
-0.310978
-0.690355
-1.29921
-0.393975
-1.33399
-1.33399
-1.33399
-1.33399
-0.850086
-0.579735
-0.0926746
0.843743
1.17482
1.17482
0.279299
0.294135
0.362821
1.05981
0.283438
0.161745
0.493303
1.09796
1.09796
1.09796
0.799357
0.771864
0.771864
0.771864
0.0435511
-0.910197
-1.10187
-0.556063
-0.63293
-1.2829
-1.40375
-1.40375
-1.40375
-1.17689
-1.53462
-1.53462
-0.958387
-0.924967
-1.1957
-0.499897
-0.809769
0.0252462
0.0257722
0.775207
0.775207
0.775207
0.775207
1.09412
0.372184
0.439818
0.440434
0.820462
0.820462
0.820462
0.820462
0.383025
0.595747
1.42046
1.42046
0.846594
0.846594
0.983766
0.889507
0.989295
0.22745
0.853875
1.19897
1.19897
0.944464
0.944464
0.785605
1.21833
0.819815
1.08814
1.08814
1.08814
1.32999
1.32999
1.32999
1.32999
1.0726
0.302714
0.280357
0.97558
0.949301
1.24946
1.07399
1.07399
0.692481
0.546259
0.974115
0.258062
-0.320774
-0.349134
0.474763
0.474763
0.777258
0.0838429
0.584986
-0.142532
0.242777
-0.633169
-0.365612
-0.0785498
-0.578914
-0.578914
-1.11626
-1.11626
-1.11626
-1.11626
-0.631991
-0.0297701
0.588314
0.588314
1.02795
1.02795
0.108009
-0.643523
-0.948125
-0.473654
-0.43587
-0.980557
-0.789661
-0.789661
-1.01505
-0.376876
0.217017
0.293334
0.510019
0.886376
1.6043
1.6043
1.6043
1.6043
1.68939
1.68939
0.964629
0.925052
0.0331203
-0.910355
-0.733093
-0.733093
-0.653086
-0.653086
-0.653086
-0.653086
-0.653086
-0.687691
-0.114488
0.303935
0.535749
0.535749
0.341409
0.380206
0.446399
0.533418
0.217888
0.0634572
0.5694
0.553425
0.553425
-0.00695615
0.883438
1.31469
1.48629
1.41555
1.41555
1.41555
1.10083
1.10083
0.752697
0.245446
0.742795
0.742795
0.742795
0.742795
0.742795
0.742795
0.728674
0.0216971
-0.572927
-0.503033
0.278595
-0.0167271
0.936831
1.29208
1.29208
1.29208
0.958311
1.3139
1.3139
1.3139
1.3139
1.3139
1.3139
0.79323
1.02457
1.02457
1.02457
1.02457
0.787754
1.13561
1.14472
1.14472
1.14472
1.14472
0.521148
-0.146874
-1.01015
-1.01015
-0.480441
-0.237249
0.651536
1.35768
0.988714
0.629312
0.74878
0.499915
0.560409
0.676907
0.676907
0.788771
0.691462
0.780669
0.780669
0.780669
0.486161
-0.408321
-0.749871
-1.08513
-1.03383
-0.150793
-0.921739
-0.795826
-0.795826
-0.795826
-0.737864
-0.737864
-0.993963
-0.367684
-0.367684
-0.604593
-0.93164
-0.93164
-1.20088
-0.748131
-0.770926
-0.770926
-0.312832
-0.890564
-0.890564
-0.309089
-1.30394
-1.30394
-1.30394
-1.30394
-1.07321
-1.07321
-0.118959
0.481144
-0.335336
-1.15257
-0.776646
-0.776646
-0.87691
-0.912867
-0.861386
-1.43715
-0.741032
-0.151807
0.375558
1.29531
1.29531
1.29531
1.29531
1.18148
1.2504
0.686862
0.686862
0.686862
1.23787
1.23787
1.23787
1.02148
0.867938
0.867938
0.867938
0.542354
0.479505
0.723355
0.723355
1.57925
1.57925
1.57925
1.0722
1.07603
1.17507
0.670727
0.50775
0.790986
0.790986
0.790986
-0.0768781
-0.242278
0.148749
-0.303075
-1.26301
-1.26301
-0.75669
-0.75669
-0.75669
-0.670177
-0.670177
-0.670177
-0.84557
-0.933593
-0.635289
0.0943019
-0.400744
-0.554701
0.371895
0.371895
0.371895
1.18152
0.530818
0.530818
-0.274249
-0.860585
-0.792698
0.17058
-0.497265
-0.131405
-0.248967
-1.18162
-1.18162
-0.73695
-0.73695
-0.21417
0.543396
-0.095599
0.0509951
0.952787
0.0116821
-0.539203
-0.618012
-0.500439
-0.741128
0.13323
-0.826484
-0.826484
0.0686661
-0.0148368
-0.688186
0.14779
0.0897437
0.973119
0.929208
0.471191
-0.314106
-0.983246
-0.608825
0.363639
1.17181
0.682869
0.668973
0.404629
0.201907
0.543773
-0.0926054
0.881959
0.139008
-0.173867
-0.544714
-0.544714
0.0821491
0.439661
0.126995
-0.15145
-0.118228
0.870467
0.870467
1.45763
0.857983
0.857983
0.851503
0.00206181
0.51973
-0.0543103
0.609007
0.834672
0.834672
0.834672
0.158894
-0.595416
-0.34481
0.593793
0.88057
0.88057
0.88057
0.583108
0.583108
0.988959
0.988959
0.357476
-0.478223
-0.939385
-0.553966
0.0984
-0.895806
-0.895806
-0.0889674
0.585505
0.425181
-0.510738
0.455183
0.205042
-0.62277
-0.62277
-0.34668
-0.192337
0.72509
-0.0320761
0.644274
0.644274
0.0147042
0.390975
1.09781
1.53835
1.53835
1.53835
1.53835
1.53835
1.53835
1.01037
1.25971
0.293963
-0.13763
-0.962312
-0.538813
-1.10326
-0.858455
-1.66113
-1.66113
-1.66113
-1.66113
-1.348
-0.976924
-0.293115
-0.136543
-0.799054
-0.799054
-0.204007
-0.290503
0.0218339
-0.4389
-1.06879
-0.544884
0.0373753
0.671172
0.671172
0.866486
-0.127578
-0.928606
-1.08814
-0.364655
0.120771
-0.484398
0.484251
0.783314
0.836913
0.836913
0.836913
0.49732
1.44102
0.587369
0.681826
1.26189
1.26189
1.21341
1.20489
1.15458
1.36509
0.47671
0.00226432
0.132695
-0.625183
-1.11782
-0.401896
-0.401896
-0.941539
-1.69595
-1.69595
-0.809078
-0.232231
-0.348237
0.142145
1.12649
1.12649
0.949488
0.949488
0.949488
0.949488
0.949488
0.0284107
-0.665
-1.08782
-0.860437
-0.46241
-0.425013
0.201511
-0.476362
0.503923
0.503923
0.0013835
0.333114
-0.251173
-0.385124
0.423009
0.527783
0.559593
0.00529741
0.745115
0.745115
0.745115
0.258242
-0.253192
0.470507
0.470507
0.154165
0.154165
0.282791
-0.0117328
0.975692
0.522045
0.522045
0.318636
0.264097
0.627613
0.627613
0.422183
0.422183
0.422183
0.521777
-0.0123119
-0.531779
-0.531779
-1.31593
-1.44678
-0.674473
-0.0412445
0.590633
-0.333785
-0.618011
-0.581657
-0.581657
-0.801257
-0.801257
-0.801257
-0.801257
-0.891502
-0.891502
-1.12243
-0.332744
0.492759
-0.124424
0.00184249
0.763066
0.113431
1.07083
1.0277
1.53359
1.11599
1.11599
0.834765
0.834765
1.17351
0.884657
0.884657
1.66731
1.73197
1.73197
1.79805
1.43598
0.601091
0.51803
0.124075
1.11377
1.07578
1.07578
1.49341
0.875736
0.875736
0.823669
1.29463
1.29463
1.02684
1.07728
0.713956
1.47354
1.47354
0.724753
0.724753
-0.0917459
0.218075
0.0694112
0.260203
-0.0529241
-0.92266
-0.86609
-0.86609
-0.160649
0.0369964
-0.276975
-0.216896
-0.82317
-0.328449
-0.327419
-0.228178
0.56548
0.56548
-0.0586293
0.0200655
0.228558
0.662875
-0.0273107
-0.854249
-0.762539
-0.762539
-0.762539
-0.762539
-0.0371059
0.704952
-0.120753
-0.474017
-1.42129
-0.954771
-0.954771
-0.954771
-0.711724
-0.132265
0.835344
0.835344
0.745183
0.666663
0.666663
0.718906
0.718906
0.718906
0.718906
0.033377
-0.0878413
0.0823823
0.923767
0.923767
1.57291
1.4735
1.49778
1.49778
1.49778
1.43395
1.43395
1.43395
1.43395
0.617384
0.0401534
-0.681057
0.213013
0.387991
-0.558185
-0.558185
-0.414066
-0.214842
-0.64974
0.310792
0.482214
0.271161
0.776507
0.618635
0.618635
0.618635
-0.252602
-0.300253
0.0028297
0.617478
1.13197
1.13197
1.09147
1.09147
0.823711
-0.0693646
-0.142403
0.306948
0.200014
-0.451417
-0.156251
0.144374
1.09604
1.09604
0.72601
0.607903
0.886729
0.00438108
0.86008
0.86008
0.86008
0.609216
0.609216
0.609216
1.50807
1.50807
1.12458
1.78307
1.59307
1.59307
1.90842
1.90842
1.90842
1.60805
1.60805
2.03938
1.89926
1.96715
2.24842
2.31227
2.31227
1.74697
1.74697
1.74697
1.63202
1.63202
1.80451
1.85408
1.64461
0.838463
0.838463
1.10851
1.7224
1.7224
1.52659
1.52659
1.52659
1.52659
1.57968
1.57968
1.04933
1.04933
0.752161
-0.0944474
0.876703
0.876703
0.816758
0.974016
0.75279
1.24809
1.24809
1.57267
1.29487
1.29487
0.354169
0.106304
-0.467469
-0.446052
-0.175105
-0.327798
0.230702
0.524921
0.524921
0.524921
1.12333
1.00924
0.364479
-0.0940532
0.169155
1.05782
1.05782
0.821615
0.0760249
-0.152686
-0.0138525
-1.00466
-0.364543
-0.260513
0.257957
0.48045
0.446557
0.446557
0.546079
1.3919
1.48288
1.48288
0.776639
0.337511
1.10535
0.632578
0.99216
0.99216
0.99216
0.671151
0.582997
0.0305405
-0.313305
-0.00952539
0.508984
0.457456
-0.442933
0.434416
1.29607
0.859022
0.239452
0.773743
1.30418
1.05539
0.913237
0.337924
-0.433738
-0.989432
-0.824655
-0.824655
-0.824655
-0.572115
-0.377107
-0.894738
-0.712093
-0.712093
-0.712093
-1.18717
-0.781956
-1.08816
-0.584898
-0.345385
-1.2289
-1.2289
-1.2289
-0.602238
-0.602238
-0.602238
-1.39228
-0.531036
-0.531036
-0.531036
-0.531036
-0.531036
-1.16492
-1.13622
-0.144335
-0.836569
-0.836569
-0.836569
-0.292997
-1.24467
-1.24467
-1.12283
-1.12283
-1.12283
-1.12283
-0.381389
-0.350681
0.239457
-0.00564503
-0.166744
-0.430318
0.196797
0.175923
0.645036
0.760612
1.09418
0.172686
-0.302912
-0.302912
-0.0307909
-0.651184
-0.651184
-0.322227
0.214308
0.277728
1.02059
1.11356
1.384
0.59681
0.860693
0.718019
0.718019
-0.211625
-0.287245
-1.00245
-0.584761
-1.05383
-1.05383
-0.578321
-0.578321
-0.594745
-0.405112
0.503778
0.885811
0.717542
0.315317
1.13228
1.13228
0.493297
0.613279
0.61322
0.669879
-0.241702
-0.856814
-0.234449
0.611057
0.611057
-0.150707
-0.97048
-0.97048
-0.638444
-0.638444
-0.0313691
-0.93254
-1.40723
-0.441477
-0.052191
-0.215503
0.461424
0.00942585
0.597536
-0.285436
0.456302
0.456302
1.2747
1.337
1.337
1.337
0.848297
0.591331
-0.186008
0.442543
0.633056
1.18836
1.11253
0.964777
0.983925
0.109741
0.554037
0.554037
0.554037
1.07794
1.07794
0.710313
-0.0894789
-0.596024
-1.09116
-1.09116
-0.554309
-0.554309
-0.554309
-1.01268
-0.852339
-0.469334
0.133742
-0.200882
-0.417098
-0.0444097
0.881449
1.01274
1.06944
0.412209
0.412209
-0.0270318
0.720206
1.10138
1.39133
0.426397
-0.3386
-0.215983
-0.478814
-0.478814
-0.536308
-0.779866
-1.22772
-1.22772
-1.22772
-1.22772
-0.372893
-0.562342
-0.336492
0.016903
0.507745
0.326786
-0.238907
-0.405982
0.506157
0.705292
0.13544
0.428995
0.519406
0.519406
1.10231
0.231046
1.01989
0.760612
0.231631
0.530658
0.512901
0.837638
0.353647
0.375858
0.181428
-0.291856
-0.227844
-0.0179942
-0.892257
-0.912293
-0.912293
-0.912293
-1.24095
-0.368392
-0.174874
0.0254237
0.645343
0.434788
-0.552616
-1.33374
-0.701745
-0.562923
-1.08892
-0.879117
-0.342812
0.22233
-0.626303
-0.083772
-0.87366
-0.126242
0.417976
0.522058
0.185678
0.288081
0.336864
-0.457187
-0.529991
-0.529991
0.10498
0.187111
0.24213
-0.02109
0.0513706
-0.351084
0.04751
0.620871
0.620871
0.465553
-0.266037
-0.631041
0.137358
0.62731
0.819189
-0.0506323
-0.542196
-0.502433
-0.311902
-0.226248
0.189214
0.819197
1.65847
1.65847
1.72427
1.72427
1.05965
0.114985
0.485618
0.489765
-0.115499
0.527956
1.32164
1.32164
0.829283
0.829283
0.674932
0.470243
1.39664
0.911025
1.23017
0.818152
0.539877
-0.332938
-0.577262
-0.577262
-0.242404
-0.802379
-1.01412
-0.650015
-0.38296
0.202132
-0.517247
-1.47218
-0.584081
-0.584081
-0.584081
-0.601385
-0.791178
-0.297844
-0.518128
-1.06815
-1.2046
-1.2046
-0.846835
-0.846835
-0.422287
0.00959479
-0.290406
-1.12438
-0.436481
0.343952
0.806312
0.806312
0.806312
0.249562
-0.631117
-0.63879
-0.673312
-1.02565
-1.02565
-0.470898
-0.48143
0.402328
0.402328
0.456118
0.456118
-0.433622
0.2104
0.919792
0.919792
0.584969
0.330163
-0.636436
0.0628423
-0.88405
-0.88405
-0.88405
-1.14141
-1.14141
-0.297082
-0.0763873
-0.319163
0.561931
0.487024
0.706872
0.727561
0.710141
0.715446
0.107451
1.10488
0.441174
-0.435932
-0.532181
-0.218534
-0.146577
-0.489493
-0.951362
-0.17607
-0.415803
-1.11775
-1.11775
-0.80508
-0.730104
-1.41271
-1.41271
-1.41271
-0.845727
-0.845727
-0.117672
-0.500228
-0.93787
-1.42298
-1.42298
-0.475852
-0.7837
-1.6174
-1.12665
-0.935296
-0.752171
-0.281329
0.240045
0.441236
1.22565
0.288028
0.0402647
0.690675
0.690675
0.690675
0.690675
0.690675
0.594817
0.260404
-0.591593
-1.31508
-0.516465
-0.978515
-0.598413
-0.598413
-0.102956
-0.266761
0.210677
-0.143591
-1.11192
-1.11192
-1.46758
-0.560925
-1.16392
-1.06916
-1.6861
-1.92391
-1.58611
-1.58611
-1.58611
-1.53441
-1.8772
-2.29029
-1.671
-1.08283
-1.08283
-0.431494
0.133221
0.799915
0.799915
0.255909
0.682447
1.5436
1.5436
1.5436
0.735894
-0.24399
-1.10014
-0.335704
-0.809691
-0.721473
-0.480325
-1.00235
-0.236884
-0.0180878
0.409947
0.514182
-0.234704
0.374025
-0.215085
-0.82852
-0.82852
-0.252501
0.445483
-0.517233
-0.186366
0.429236
0.250623
0.38692
1.37273
1.37273
1.40181
1.40181
1.40181
0.42784
0.676019
0.184262
0.931988
1.28637
0.652661
1.00882
1.00882
1.10101
1.35007
1.35007
0.432747
0.930881
0.930881
0.0394603
0.236023
0.878542
0.733
1.43178
1.43178
1.43178
1.43178
1.55874
0.707437
0.551712
0.551712
0.551712
1.19974
1.19974
1.19974
0.515537
0.587138
0.965091
0.965091
0.965091
1.09388
0.8004
1.55756
1.55756
1.56444
1.56444
1.56444
0.678763
0.678763
1.16728
1.25901
0.835964
0.835964
1.61971
1.04447
1.17939
1.17939
0.780094
1.57581
1.30302
1.20221
1.20221
0.986293
1.1337
0.705385
0.705385
0.997162
1.57946
1.318
1.318
0.397602
0.799104
1.1972
0.202058
1.04447
0.776821
0.776821
0.776821
0.776821
0.908561
0.534673
-0.304617
0.00225529
-0.428779
-0.692662
0.241252
0.239866
1.20062
0.856975
0.856975
0.809455
0.461772
-0.435874
0.366274
0.0595665
0.574877
0.574877
0.151372
0.237443
-0.0263698
0.255675
0.398252
1.06901
0.964559
0.964559
0.286166
-0.442747
-0.851123
-0.68243
-0.68243
-0.98042
-0.342227
0.330509
0.140546
0.0365457
0.806339
0.486493
0.486493
-0.123635
-0.309433
-0.446197
-0.701485
-0.841805
-0.397144
-1.29647
-1.92351
-1.92351
-1.02188
-0.536413
0.452014
0.452014
0.928153
0.928153
1.18752
0.944316
0.018552
-0.705055
-0.484503
-1.47788
-1.64357
-1.64357
-1.47568
-1.11659
-0.570119
-0.570119
-1.41606
-0.758423
-1.23304
-1.23304
-0.623512
-0.457746
0.15778
0.172668
0.172668
-0.805071
-0.645139
-1.45709
-1.45709
-1.32468
-1.28369
-0.554899
-1.06066
-0.542023
-1.23787
-1.10749
-0.190799
-0.915501
-0.512706
-0.815898
-0.711207
-0.192887
0.561794
0.699905
0.504858
0.59641
0.67448
0.312258
-0.257537
-0.96977
-0.0921841
0.602957
1.20137
0.664716
0.142205
0.371368
0.932645
1.10436
1.25663
0.995318
0.565193
0.877088
0.877088
0.624877
1.19032
1.19032
0.25104
0.574436
-0.377786
-0.11091
-0.491871
-1.35573
-1.35573
-0.383007
0.080007
0.423712
0.423712
1.04047
0.963811
0.473611
0.473611
0.794824
0.394138
0.224423
0.692867
0.498726
1.11422
0.235923
1.18032
1.18032
1.03971
0.375713
-0.337523
0.406048
0.15241
0.951195
0.416086
0.846925
0.846925
0.774073
0.843214
0.843214
-0.013286
-0.146648
-0.42407
0.000972848
-0.828244
-0.532762
-0.532762
-1.03842
-0.636781
-1.05888
-0.144895
-0.0718305
0.15787
-0.335336
-0.717849
0.201353
-0.540916
-0.481058
-0.668705
-1.03028
-0.44248
0.459049
0.589583
0.589583
0.580725
0.377752
1.22223
0.5515
1.17632
0.839481
1.19268
1.43784
1.43784
1.10205
0.689368
0.689368
0.689368
0.259248
1.18732
0.379925
0.00142633
0.527168
-0.398014
-0.817941
-0.708684
-0.708684
-0.708684
-0.160404
-0.605029
-0.188475
-0.882785
-1.10872
-0.810816
0.0130095
0.224671
-0.572312
-0.572312
-0.572312
-1.22953
-1.22953
-1.60736
-1.60736
-0.906411
-0.906411
-1.23265
-0.670351
-0.275786
-1.13984
-1.13984
-1.13984
-1.02553
-1.02553
-0.384744
0.442042
-0.288484
0.253579
-0.331398
0.192591
-0.404371
-0.130932
-0.638234
-0.813995
-0.220355
-0.304199
-0.915005
-0.915005
-0.915005
-0.0308452
-0.35242
-0.738144
-0.738144
0.15459
0.152583
-0.0854844
0.72914
0.72914
0.72914
1.33496
1.33496
1.33496
1.33496
1.33496
0.416253
0.416253
0.0430931
0.291259
0.0909106
0.354241
0.549975
0.707236
0.707236
1.0341
1.0341
0.462868
1.18462
1.18462
0.669994
1.07154
0.956185
1.21323
0.958877
0.552411
1.32152
0.473247
0.785806
0.785806
0.785806
0.785806
0.384065
0.989128
1.00657
0.145791
-0.118496
0.595262
0.595262
0.514379
-0.46899
-0.114376
-0.0415157
-0.447456
-0.447456
0.22743
0.218279
-0.372742
-0.522742
-0.379418
-0.379418
0.156589
-0.623881
-0.623881
-0.623881
-0.193088
-1.13026
-0.28191
0.00467102
-0.262102
-0.586555
-0.586555
-1.09584
-0.957322
-0.957322
-1.06776
-1.06776
-0.157188
-0.0421977
0.563957
0.859907
0.859907
0.536843
0.549199
0.249289
0.121012
1.0673
1.0673
0.217074
-0.278051
-0.682541
-0.780241
-0.780241
-0.479463
-0.479463
-0.0628504
-0.32918
-0.482155
0.477029
0.477029
0.773978
0.782862
0.782862
0.0919783
0.309627
-0.0135706
-0.318313
-1.25626
-1.96579
-1.96579
-1.10971
-0.981054
-1.3494
-0.990286
-0.92581
-1.03278
-0.439324
0.423164
0.111615
-0.35645
-1.17632
-1.47563
-1.02356
-1.10832
-0.559978
-1.53113
-0.639109
-0.31858
0.0717168
-0.0820087
0.476975
0.417781
0.417781
0.792521
0.792521
0.514652
1.49948
1.49948
1.49948
1.25183
0.989002
1.20645
1.20645
0.436613
0.806078
0.874906
0.874906
0.852473
0.916354
0.618978
1.13947
1.13947
0.765768
-0.234193
-0.234193
-0.313507
-0.626312
-0.0224035
-0.812528
0.126348
0.0296036
-0.736004
-0.294339
-0.294339
0.221889
0.91453
0.546041
-0.313107
-0.222634
-0.838025
-0.838025
-0.838025
-0.838025
-0.838025
-1.41547
-1.12598
-1.12598
-0.227585
-0.46874
-0.46874
0.449965
0.449965
-0.1731
-0.736226
-1.07772
-0.937327
-0.937327
-0.497151
-0.497151
-0.497151
-0.00210309
0.536669
-0.0168138
-0.167864
-0.865852
-0.614951
-0.614951
-0.883303
-0.883303
-0.883303
-0.31333
-0.0801423
-0.139347
0.72511
-0.0949199
0.640433
0.640433
0.384719
-0.455739
0.520406
0.890685
0.142715
0.702101
0.702101
0.702101
0.582309
0.627773
0.627773
-0.281768
-0.2497
-0.53804
-1.31374
-1.10884
-1.22324
-0.843774
-0.843774
-1.23347
-0.617559
-0.617559
-1.00812
-0.0630735
-0.643754
-0.975217
-0.682763
-0.545036
-1.07857
-0.731981
-0.731981
-0.763818
-0.0439024
0.0673305
0.00408565
0.642556
0.642556
-0.278306
-1.27529
-0.9259
-1.30018
-1.17313
-1.17313
-1.17313
-1.17313
-0.557332
-0.557332
-0.0402204
0.331737
0.331737
-0.00352854
0.268943
0.449574
-0.427535
-0.427535
-0.328234
0.352321
-0.333825
0.185019
0.818227
0.818227
1.10806
1.10806
0.114001
0.772387
0.481581
0.469212
-0.158549
-0.140598
0.219985
0.219985
1.10818
1.1276
0.914522
0.914522
0.797136
0.171324
0.162408
-0.348526
-1.23368
-2.0872
-1.97229
-2.17491
-1.88465
-1.51841
-1.19525
-0.451655
-0.0449262
0.463362
0.0521147
0.137199
0.169845
0.0722328
-0.262102
0.600687
0.870489
0.817733
1.06818
1.04351
1.04351
0.978832
1.15225
1.08988
0.457192
0.81099
1.23623
1.50196
0.900828
0.61138
0.61138
0.286596
0.286596
-0.470559
-0.40343
-1.25132
-1.25132
-1.25132
-0.534426
0.416635
1.05466
1.80254
1.00639
0.702996
0.702996
1.13746
0.321579
-0.668812
-0.433038
-0.884555
-1.51282
-1.06088
-1.06088
-1.40437
-1.40437
-1.40437
-1.40437
-1.40437
-0.473122
-0.965861
-0.29377
-0.49438
-0.67827
-0.515667
-1.37786
-0.669262
-0.51549
-0.51549
-0.675813
-0.675813
-1.27581
-1.4935
-0.563775
0.320789
1.291
1.19894
0.6479
0.627425
0.584342
0.00797442
0.481248
0.1087
-0.619163
-0.877622
-1.19816
-0.761159
-0.761159
-0.761159
-0.761159
-0.761159
-0.761159
-0.761159
-0.0850318
0.106881
0.433127
-0.228148
0.295008
1.02912
0.530228
0.530228
1.32547
1.32547
1.32547
1.04469
1.36401
1.28637
1.28637
1.7255
1.11655
0.641223
0.641223
0.641223
1.57146
0.753217
0.753217
-0.240233
-0.4564
0.416464
1.2705
0.351319
1.11712
0.198095
-0.416955
0.495115
-0.454926
-0.455314
-0.331687
-0.760146
-0.0755903
0.705862
0.705862
-0.10527
0.16936
0.695446
1.09211
1.33279
0.613254
-0.123753
0.415436
0.907584
0.815434
0.684688
1.49175
1.49175
1.49175
1.49175
0.846193
0.846193
0.71052
0.11513
-0.236126
0.524213
1.28234
1.28234
1.28234
1.28234
0.290215
-0.561608
-0.561608
0.339256
-0.0508467
0.662483
1.47485
1.47485
1.13582
1.10926
1.18296
0.447048
-0.294845
0.289909
0.00999234
0.077271
-0.142629
-0.76385
-0.51846
0.235693
1.13354
0.7751
0.525343
0.228095
0.665527
0.486667
0.0339955
-0.849096
-0.849096
-0.476759
-0.471299
-0.557032
-0.557032
-0.925637
-0.303876
-0.574101
-0.0706135
-0.14865
0.377526
-0.185353
-0.791185
-1.26399
-0.301592
-0.714924
-1.51127
-0.789811
-0.789811
-0.510269
0.343817
1.08261
0.437945
0.681567
0.444975
-0.191306
0.606993
0.606993
0.138459
-0.097911
-0.405226
0.0855044
0.287124
0.527889
-0.0780815
0.130175
1.00073
0.765793
1.31557
1.31557
0.886774
0.886774
0.332581
0.674724
0.305716
-0.0631519
-0.146873
0.18007
-0.709803
-0.709803
-0.709803
-0.0347077
0.417075
1.12589
0.597959
0.792898
-0.0785595
0.373821
1.22318
1.22318
1.22318
1.45262
1.25099
1.13998
1.13998
0.56806
0.56806
0.56806
-0.160126
-0.719246
0.195632
0.659087
0.659087
0.659087
0.189912
-0.0372695
-0.131974
-0.669793
-1.13645
-1.77034
-1.22305
-0.397177
-0.466531
-0.918892
-0.918892
-0.0426684
-0.624248
-0.624248
-0.624248
-1.12421
-1.12421
-0.423955
0.491697
0.567728
0.813994
1.74123
1.823
1.823
1.37227
1.37227
0.442725
0.823103
0.174694
-0.611933
-0.840614
-1.06006
-1.18463
-1.05755
-1.05755
-0.12325
-0.369494
0.419951
0.616817
0.765684
-0.0730672
-0.818244
-0.818244
-0.818244
0.0342947
-0.479809
0.438811
1.14371
1.22135
0.765547
0.765547
0.290397
-0.525381
0.245452
1.12541
1.2626
1.2626
0.880381
0.889989
0.278794
-0.0926197
-0.556633
-0.556633
-0.435953
-0.435953
-0.238077
0.309901
0.0123106
0.469787
-0.202481
0.185141
-0.0596681
-0.693113
-0.158461
0.197121
0.012577
0.628108
1.41691
0.549825
1.04959
1.04959
0.602419
0.602419
1.26768
1.26768
1.344
0.801681
0.92015
0.103187
0.0856563
-0.0456756
0.563367
0.059694
-0.918503
-0.193862
-1.04058
-0.311321
0.42823
0.23899
-0.594729
-0.594729
-0.79609
-0.165504
0.27425
-0.194549
-0.372654
-0.372654
0.31387
0.393
0.255904
1.2517
0.432651
-0.352427
0.633685
0.633685
0.633685
0.633685
0.566556
1.2468
1.34223
0.673331
0.673331
1.04674
1.04674
0.581471
1.3545
1.1216
0.276378
-0.119696
-1.08542
-1.08542
-1.61096
-1.61096
-1.61096
-1.4568
-1.03039
-0.563554
-0.563554
-1.02026
-0.558993
-1.06564
-1.06564
-0.371679
-0.834497
-1.05876
-1.51873
-2.04842
-2.04842
-2.09101
-2.09101
-2.06805
-1.79457
-1.2042
-0.609613
-0.503457
-1.03539
-1.03539
-1.03539
-1.03539
-1.20195
-1.28757
-0.829128
-0.829128
-0.829128
-0.913168
-1.02122
-1.02122
-1.02122
-1.02122
-1.48128
-1.11803
-1.11803
-1.11803
-1.11803
-0.473852
0.00466502
-0.894003
-0.894003
-1.26413
-1.53395
-1.46232
-0.995171
-0.38893
0.341406
0.341406
-0.182453
0.233499
0.599433
1.27584
1.27584
1.56255
1.02087
1.02087
0.0699428
0.172601
0.15772
-0.775689
-0.218845
0.535873
1.15544
1.15544
0.327184
1.06045
0.274719
0.925782
0.246987
0.246987
-0.0877771
-0.581431
-1.20923
-1.02785
-1.50254
-1.17974
-1.22089
-1.22089
-1.22089
-1.22089
-1.22089
-0.892198
-1.39063
-0.674953
-0.838615
-0.838615
0.149538
-0.108528
-1.0383
-1.14537
-1.88171
-1.76633
-1.76633
-1.76633
-1.43771
-1.09065
-0.244867
0.30163
-0.627425
-0.212533
0.011076
0.840352
-0.0228906
0.739414
0.55959
0.526185
-0.3597
-0.3597
0.152644
-0.434642
-1.00838
-1.07311
-1.1033
-0.645983
-0.131368
-0.638441
-0.533863
-1.27364
-1.27364
-1.66588
-1.66588
-0.881507
-0.335075
-1.2032
-1.2032
-1.2032
-1.2032
-0.636896
-0.410177
-0.546997
-0.45106
-0.585727
-0.012143
0.602405
0.542944
-0.13677
0.72425
0.66494
1.04034
0.90379
1.40468
0.82346
0.415868
0.513976
-0.245651
-0.333749
0.572015
0.572015
-0.403946
-0.278983
0.540508
0.592622
0.586541
0.997961
0.782333
0.782333
0.782333
0.405173
0.89916
1.46206
1.03649
0.357299
0.610492
0.469141
0.928235
0.251218
0.0122062
0.545781
-0.087311
-0.754937
-0.171712
0.0165871
-0.604642
-1.30317
-1.30317
-0.738473
-0.738473
-0.738473
-1.44778
-1.50291
-1.50291
-1.50291
-1.50291
-1.60252
-0.945107
-0.945107
-0.244464
0.316497
0.387927
0.618323
0.375287
-0.588371
-0.527977
-0.527977
0.345614
-0.439066
-0.840119
-0.840119
-1.29176
-1.41144
-1.41144
-0.607378
0.303439
0.219525
-0.15774
0.776426
0.776426
0.776426
1.1149
1.30113
0.955084
0.955084
0.891103
0.504068
0.504068
-0.15677
0.249357
0.212589
1.00709
0.127383
-0.341132
-0.583584
-0.856129
-0.0343901
-0.950291
-0.950291
-0.54145
-0.47375
0.0604511
-0.11095
-0.963263
-0.963263
-1.46207
-0.85005
-0.915597
-0.915597
-1.24223
-1.24223
-1.24223
-0.753278
-0.753278
-0.849832
-0.24693
0.392116
-0.549379
-0.549379
-0.549379
-0.91053
-0.91053
-1.21995
-0.874724
-0.738568
-1.71287
-1.2754
-1.2754
-0.912949
-0.323497
-0.136997
-0.9516
-0.743926
0.0756461
0.49877
0.426416
0.273421
0.585276
0.585276
0.722658
0.858165
0.734688
-0.0066747
0.4937
1.44519
0.553117
0.115058
-0.263378
-0.504157
-1.02919
-1.02919
-1.02919
-1.15282
-1.7868
-1.70782
-1.2918
-1.02013
-1.02013
-0.983004
-0.983004
-0.800255
-0.800255
-0.316772
-1.15841
-0.724099
-0.509261
-0.509261
-0.0997648
-1.0483
-0.963419
-0.77139
-1.35766
-1.75487
-1.75487
-1.75487
-1.75487
-1.08199
-1.63575
-1.63575
-1.31117
-1.35767
-1.35767
-1.35767
-1.40009
-0.742259
0.0684077
0.32594
0.183833
-0.514524
-0.59951
-0.207061
-0.788694
-0.428203
0.013061
-0.863736
-0.19836
0.703175
0.703175
-0.100555
0.795425
0.795425
1.32422
1.21154
0.783923
0.783923
1.08244
1.21587
1.21587
1.21587
1.21587
1.21587
1.21587
1.21587
1.50919
0.995535
0.995535
0.995535
0.935852
0.570586
0.570586
0.280785
0.787414
0.787414
0.751793
1.75155
1.99684
1.99684
2.1774
2.1774
2.1774
2.27313
1.37334
0.519413
0.0380344
-0.876333
-0.876333
-0.56486
-0.356859
0.45291
0.44736
-0.395375
-0.665245
-0.665245
-0.246576
-1.08406
-1.08406
-1.08406
-0.117846
-0.859268
-0.308646
-0.750004
-0.528444
-1.23998
-1.23998
-1.23998
-0.362062
-0.658548
-0.658548
-0.92211
-0.92211
-0.92211
-0.168852
-0.596612
0.178015
-0.440362
-0.440362
-1.02548
-1.02548
-0.990947
-0.456839
0.227448
-0.362572
-0.118202
0.457886
-0.134244
0.842925
1.17024
1.17024
1.17024
1.34438
0.784126
0.784126
0.761155
1.58084
1.58084
1.58266
1.58266
1.52218
1.52218
0.876366
0.770142
0.770142
0.770142
0.756503
0.756503
0.0963215
0.393263
1.26015
1.31791
1.31791
1.31791
0.587981
-0.0509181
0.947169
1.131
0.761128
0.761128
0.761128
0.322757
0.540705
0.519293
0.519293
-0.146803
0.270919
-0.631539
-0.631539
-0.392001
-1.01479
-0.543778
-0.880427
-0.880427
0.0456865
0.627497
1.02267
0.165455
0.0688648
-0.0575431
0.455965
0.840662
0.840662
0.840662
1.28489
1.28489
1.28489
1.83138
1.48822
0.694409
0.969202
0.969202
1.72069
1.32662
1.20343
0.945544
0.336919
0.369686
0.369686
0.41754
-0.52307
-0.52307
-0.749328
-0.731466
-0.731466
-1.09098
-0.6821
-0.6821
0.117953
0.995039
1.50913
1.50913
1.44855
1.44855
1.43154
1.43154
1.43154
1.43154
1.08593
0.169979
0.631281
-0.0485206
-0.113457
-0.324668
0.449142
0.449142
-0.335264
0.542708
0.542708
0.542708
0.337205
0.873032
0.0827607
0.417394
-0.561084
0.191633
-0.712403
-0.559822
-1.06746
-0.553944
-0.553944
-0.858033
-0.485033
-1.06825
-1.25204
-1.33733
-1.03431
-0.654121
-0.0561086
-0.144777
0.67854
0.67854
-0.279041
-0.993614
-1.0988
-1.0988
-0.330933
0.562757
0.383373
-0.345481
-1.11475
-1.11475
-0.359166
-0.849507
-0.849507
-0.640515
-0.657643
-0.679085
-1.26771
-0.497449
-0.238924
-0.867375
-0.867375
0.104079
-0.124878
-1.02642
-0.500093
0.376699
0.376699
1.1825
1.1825
0.231296
0.557349
1.04489
1.04489
1.62983
1.62983
1.11979
1.65353
1.62199
1.62199
1.62199
1.44218
1.62944
1.13799
1.13799
1.08919
1.08919
1.08919
0.437762
0.797843
-0.186551
-0.688755
-0.879432
-1.07732
-0.865318
0.0615235
-0.301306
-1.03634
-1.03634
-0.16053
0.225341
0.869478
0.540381
0.878757
0.922388
0.922388
1.32037
0.361361
1.02112
1.30835
1.51946
1.17062
0.625993
1.26464
0.428643
1.4099
1.28025
1.28025
1.40853
0.713585
0.713585
1.02158
1.23973
1.26522
0.877539
0.492388
0.901975
0.0801246
-0.566901
-0.897933
-0.897933
-1.27201
-0.276877
0.239532
0.723547
1.02033
0.422856
0.473504
0.0460739
0.48324
0.857791
0.771603
1.57003
1.57003
1.02788
0.119967
0.953628
0.911168
0.911168
0.938804
0.549125
0.0733724
-0.83082
-0.202754
0.784823
0.784823
0.0804203
0.318382
0.706033
-0.120719
-0.906721
-0.461025
-1.05933
-0.813271
-0.813271
-0.813271
-0.813271
0.0266459
-0.351632
0.0758476
-0.325954
-1.14083
-1.66033
-1.66033
-1.12289
-0.478221
-0.767423
-0.170938
0.147454
0.791004
0.399301
0.346801
1.15692
0.213445
-0.439722
-0.860483
-0.860483
-0.860483
-0.860483
-0.885485
-0.736789
-0.674433
-0.552857
-1.55089
-1.18824
-0.259791
0.0799845
0.900967
0.567641
0.567641
0.674622
1.01046
1.01046
1.11964
0.913279
0.113253
0.826272
0.826272
1.07787
0.784599
0.784599
0.018809
0.876131
0.876131
0.335922
0.882296
0.442238
-0.372442
-0.470014
-0.959757
-0.959757
-0.400821
-1.17888
-1.17888
-1.17888
-1.10591
-1.32969
-1.32969
-1.32969
-1.32969
-1.42979
-0.535797
0.111668
0.810727
1.01455
0.805508
0.805508
1.06949
1.06949
1.06949
1.06949
1.31499
1.31499
0.794588
0.0919139
0.694489
-0.132816
-0.813915
-0.64723
-1.53332
-0.611522
-0.694653
-1.35942
-0.453336
-0.442355
-0.660744
-1.60201
-1.60201
-1.60201
-1.60201
-1.60201
-1.55563
-1.55563
-1.55563
-1.10473
-1.45601
-1.45601
-1.45601
-0.84036
-0.84036
-0.851411
-0.881985
-0.82084
-0.388624
-1.15264
-1.15264
-1.15264
-1.15264
-1.1116
-1.1116
-0.951845
-0.951845
-0.951845
-0.815798
-1.1779
-1.3079
-1.16646
-1.02192
-0.898458
-0.783453
-1.02063
-1.02063
-1.64458
-1.57906
-1.12837
-0.7026
-0.523858
0.379688
0.379688
0.818849
0.818849
-0.177451
-0.499993
-0.650736
-0.175739
-1.16385
-1.1008
-0.991682
-0.259962
0.622871
0.856431
-0.0794045
0.54874
-0.349935
0.491113
1.26808
1.26808
1.26346
1.07209
0.92196
0.797285
1.65561
0.946575
0.860029
1.45064
1.45064
1.45064
0.895774
0.895774
0.0440735
0.125602
-0.171354
0.179958
1.13725
0.811444
0.118157
0.155386
0.539446
1.32404
1.19091
0.371876
0.380129
0.973299
0.973299
0.265598
-0.109979
-1.05258
-1.05258
-1.05258
-0.780607
-0.65539
-1.2268
-1.2268
-1.30809
-0.680797
-0.680797
-0.829643
-0.412286
-0.410528
0.434043
0.966997
1.3797
1.3797
1.3797
0.975446
1.03648
0.404829
0.0163853
-0.417102
0.314617
0.883428
1.04282
1.09405
1.38881
1.38881
1.6685
1.70778
1.70778
1.70778
0.98358
0.684734
0.57322
1.04206
1.10415
0.567747
0.567747
-0.126597
0.352926
0.352926
0.537408
0.265278
0.302307
0.369537
-0.18011
0.619028
0.420427
0.699141
0.699141
1.4121
1.4121
1.4121
0.562282
0.683162
-0.308168
-0.803411
-0.361182
-1.21904
-1.15546
-1.15546
-1.15546
-1.15546
-0.339112
-0.466146
0.52036
1.35018
1.1237
0.330791
0.665427
0.665427
1.3575
0.889644
1.16423
0.428302
-0.402866
0.00915971
0.126753
-0.666014
-1.14587
-0.656413
-0.656413
-0.583886
-0.694617
-0.694617
-0.918609
-0.513005
-0.122733
0.743312
0.755881
0.523024
0.616266
0.990183
0.434616
1.43026
1.20697
0.275458
0.689836
0.689836
1.30908
0.331291
-0.423185
-0.423185
-0.049789
-0.533184
-0.533184
-0.533184
-0.472092
-1.44736
-0.694903
-0.468897
-0.618124
-0.0498516
-0.914686
-1.84398
-1.3213
-1.3213
-0.405384
-0.0353147
0.764462
1.04641
1.48006
1.10586
1.10586
1.49101
1.49101
1.03658
1.16535
1.16535
1.16535
0.879635
0.879635
0.920881
0.762881
0.179869
-0.641153
-0.6458
-0.6458
-1.00408
-0.852959
-0.825557
-0.27201
-1.01632
-0.192319
-0.175602
-0.684347
-0.246416
-0.539017
-0.412689
-1.23702
-1.23702
-0.417849
-1.03601
-1.03601
-1.03601
-0.138059
-0.741388
-0.741388
-0.741388
-1.07518
-0.824537
-0.114167
0.296412
0.549703
0.549703
0.664904
0.664904
0.923818
0.447916
-0.281872
0.708006
0.708006
-0.0500967
0.908866
0.908866
0.48439
0.48439
0.486157
1.34527
1.32789
0.489769
0.489769
0.86371
0.546975
0.546975
0.439657
-0.541507
-0.893341
-0.737415
-0.737415
-0.427343
-0.106519
-0.995816
-0.401615
-1.23647
-1.19355
-1.19355
-0.519865
-0.519865
-0.195546
-0.939235
-0.51941
-0.51941
-0.116259
0.108792
0.133985
0.758765
0.758765
0.758765
0.758765
0.758765
-0.0255325
-0.322282
0.424241
0.147091
0.993174
0.517909
0.669192
0.957715
0.957715
0.745636
0.745636
0.371962
-0.149011
0.412635
-0.240243
-0.993815
-0.641592
-0.641592
-0.26927
0.175879
0.889616
-0.00700652
-0.486969
0.0178126
1.01121
0.315039
0.121061
-0.520245
-0.520245
-0.393067
0.103588
-0.435297
-0.435297
-0.995794
-1.07119
-1.25536
-0.70808
-1.52753
-0.817803
-0.359992
-1.0295
-0.699136
-0.370524
-0.223723
0.0744678
-0.526188
0.133747
-0.244816
0.0297727
0.287144
1.22837
0.70605
0.165591
1.06036
0.56669
0.141572
0.662317
0.272777
1.00422
0.842059
0.842059
-0.00805771
0.793053
0.793053
0.606747
1.07425
0.288566
0.639784
0.0183395
0.0846458
0.46888
0.800633
0.930907
1.19972
0.443625
0.845592
-0.131326
0.170282
0.623932
0.927387
0.0124068
-0.259918
0.354718
0.354718
0.709063
0.709063
0.709063
0.894468
0.894468
1.01211
1.01211
0.904524
0.375333
0.699358
0.699358
0.699358
0.699358
0.776457
0.426753
0.772358
0.772358
0.898734
0.898734
0.898734
0.116911
-0.811227
-0.164138
-0.399205
-1.09694
-1.09694
-1.46355
-0.76389
-0.332335
-0.676048
0.0837877
0.85019
-0.132405
-0.952732
-1.00751
-1.47837
-1.47837
-1.47837
-0.587864
-1.03125
-1.05993
-1.05993
-1.05993
-0.697862
-0.422221
-0.422221
-0.0825264
0.773916
0.773916
0.52251
1.31966
1.31966
1.31966
1.31966
1.31966
1.31966
0.824143
0.705872
0.548189
0.548189
0.0748577
0.732047
0.238101
0.806268
0.7673
0.131207
0.977797
0.977797
0.361521
0.399007
0.674321
-0.284468
-0.297194
0.69083
-0.0707497
-0.326909
-1.13674
-1.26046
-1.26046
-0.555738
0.189086
-0.386492
0.244075
-0.176769
-0.80922
-0.537103
0.0702741
-0.573898
-0.573898
-1.55757
-1.34208
-1.02326
-1.02326
-0.898024
-0.524647
-0.418065
0.238928
0.433127
-0.0274548
-0.381257
-0.974633
-1.06052
-0.195651
-0.489364
-0.489364
-0.489364
-0.489364
0.412282
0.412282
0.0891479
-0.867629
-0.867629
-0.989371
-0.580273
0.197593
-0.500435
-0.500435
-1.16245
-0.705489
-0.908428
-1.2559
-0.306609
-0.306609
0.147963
-0.0688691
-0.547581
-0.645934
-0.755512
-0.755512
-0.755512
-1.19508
-0.638221
-1.0143
-1.02477
-1.02477
-0.990923
-0.990923
-0.990923
-0.660562
0.0110636
-0.133608
-0.282276
0.511995
0.363148
-0.431869
-0.0500749
0.491199
0.960179
0.960179
0.960179
0.960179
0.678197
0.462717
1.38321
1.38321
1.20862
1.12297
1.78038
1.78038
0.904013
0.292717
1.25343
1.73177
1.40248
1.40248
1.40248
0.688776
1.28925
1.28925
0.879869
0.698137
1.17142
0.683688
1.11545
0.645831
-0.241299
0.0821389
0.187913
0.31985
0.31985
0.195069
-0.107513
0.0892761
-0.115889
-0.271177
-0.758513
-0.876249
-0.876249
-0.876249
0.105761
1.07841
1.0064
0.769327
1.10784
0.505528
0.0237755
-0.856404
-0.856404
-1.42117
-1.37115
-1.12764
-1.12764
-0.136922
-0.979787
-0.199798
0.154361
-0.190882
-0.10643
0.0425079
-0.868942
-0.868942
-0.799295
-0.799295
-0.799295
-0.271929
-0.889712
-0.34076
-0.279154
0.20935
-0.672232
-1.3768
-1.3768
-2.02277
-1.45702
-1.45702
-0.891207
-0.891207
-0.100755
-0.0927123
-0.370001
-1.18914
-1.12293
-1.36859
-1.36859
-1.15504
-0.302672
-0.468409
-1.22483
-1.22483
-1.22483
-0.74474
-0.502701
-1.29505
-1.13535
-1.13535
-1.19654
-0.954022
0.0320812
0.263809
-0.669899
-0.969878
-0.969878
-0.900151
-1.01736
-0.685903
-1.02356
-1.02356
-1.08177
-1.08177
-1.08177
-1.08177
-1.08177
-0.691981
-1.34662
-1.34662
-1.15618
-1.54016
-1.54016
-0.755722
-0.556392
-0.516664
-0.516664
0.0485124
-0.408774
-0.714031
-0.714031
-0.714031
-0.714031
-0.157385
-0.42107
-1.2585
-1.2585
-1.2585
-1.48419
-0.521874
-1.41802
-0.440837
-1.01187
-1.01187
-1.01187
-1.18153
-0.420226
0.165328
0.627824
0.721733
0.721733
1.58805
1.58805
0.932748
0.932748
0.932748
0.51283
0.364856
0.628325
0.628325
0.628325
-0.350672
0.0530166
0.839637
0.701807
1.36567
1.22489
1.22489
0.940598
0.940598
0.946195
0.946195
0.946195
1.10283
0.988129
0.988129
1.08298
0.238378
0.761757
0.761757
0.26762
0.13691
0.513336
0.101872
-0.055894
0.761492
0.761492
0.761492
0.550548
-0.0356354
0.431938
1.06919
1.06919
0.0699586
-0.331107
-1.02145
-1.02145
-0.404544
-0.254164
0.166056
0.0318293
0.785096
0.957154
0.957154
0.556165
-0.286475
-0.204378
-1.06904
-1.35995
-1.35995
-1.35995
-1.35995
-1.35995
-1.14487
-0.807235
-0.807235
-0.807235
0.169785
0.722919
0.350006
-0.590824
-0.943792
-0.948437
-0.948437
-0.0241446
-0.643409
-0.643409
-0.643409
-0.585136
-0.585136
-0.13792
-0.328953
-1.02641
-0.991503
-1.03235
-0.869576
-1.83435
-1.83435
-1.51042
-1.49707
-1.49707
-1.49707
-1.25069
-0.412838
-0.749029
-0.816626
0.109069
0.68547
-0.144593
-0.599031
-1.2665
-1.14134
-0.903149
-0.903149
-0.853906
-0.985113
-1.00998
-0.166108
-1.13618
-0.172701
-0.0801482
0.757864
-0.140478
0.0619805
-0.444711
-0.697723
-0.697723
-1.15516
-1.58593
-0.9292
-0.9292
-1.1883
-1.1883
-1.19233
-1.32185
-1.27458
-0.598452
-0.0951606
0.394373
0.913058
0.0479778
-0.674096
-0.454806
-0.186038
0.387866
-0.21545
0.328968
0.164619
-0.705972
-0.705972
-0.705972
0.142236
-0.824095
-1.40924
-1.40924
-1.40924
-0.87975
-0.87975
-0.56614
-0.647478
-0.641736
-1.1406
-0.374969
0.35162
1.07954
0.364919
0.818432
0.729275
1.16939
0.638954
-0.134466
-0.800648
-0.800648
-0.800648
-0.772982
-0.484705
-0.484705
-0.759776
-0.928304
-0.928304
-1.31407
-1.31407
-0.887561
0.0899858
0.393835
-0.393263
-1.09369
-1.09369
-0.556915
-0.339247
0.132166
0.391386
-0.256399
-1.14026
-1.14026
-1.14026
-0.789378
-0.0131701
-0.527023
-0.641916
-0.888142
-0.888142
-0.73273
-0.463717
-1.41246
-0.470544
-0.838699
-0.838699
-0.838699
-1.23268
-1.23268
-1.23268
-1.23268
-1.23268
-0.336697
0.609021
0.944703
0.944703
0.31807
0.121692
0.207017
1.1618
0.287833
1.06433
1.16834
0.501724
0.684838
0.639732
0.315763
-0.0376226
0.460843
1.27317
1.09124
1.41925
0.507669
0.512246
0.50768
0.340925
1.15451
0.589422
1.07679
1.07679
0.773351
-0.0515443
0.52086
0.696164
0.696164
0.52454
-0.368186
-0.64566
-0.64566
-0.64566
-1.04578
-0.458616
-1.19021
-1.19021
-0.660664
-1.48059
-0.79445
-1.73243
-1.73243
-1.73243
-1.73243
-0.87053
-0.598489
-0.585505
-0.981056
-0.510747
-0.510747
-1.19515
-1.08526
-0.429787
-0.0215264
0.793463
1.4502
1.23934
1.80822
1.80822
1.52772
1.15173
0.829134
0.829134
0.455107
0.691988
0.461922
-0.440499
-0.247009
-0.6877
-0.732245
-0.22439
-0.365017
-0.0759011
0.284188
0.421044
0.786553
1.25831
1.25831
0.695069
-0.283455
-0.62154
-0.62154
-0.50433
-0.8437
-0.522079
-0.316736
-1.31336
-1.69498
-1.71251
-1.71251
-1.71251
-1.71251
-1.71251
-0.991829
-0.53095
-0.347057
-0.347057
0.612846
0.636038
0.484039
-0.323304
-1.27158
-0.649862
-0.649862
-0.649862
-0.404483
-0.88166
-0.525279
-0.235491
0.0711416
0.194887
-0.435865
-0.97846
-0.97846
-0.455784
-0.455784
-1.0109
-1.0109
-1.0109
-1.06193
-0.729113
-0.818992
-1.61556
-1.61556
-1.40477
-1.34206
-1.34206
-1.6697
-1.66354
-1.66354
-1.45402
-1.27601
-1.27601
-1.27601
-1.36709
-0.854378
-0.854378
-0.648462
-0.820022
-1.02548
-0.91026
-0.91026
0.0213416
-0.616712
-0.616712
-0.241733
-0.614839
-0.429471
-1.16223
-0.293605
-0.341672
0.445661
0.110133
0.865343
0.424631
0.424631
1.01039
1.01039
0.770385
0.34542
-0.467119
-0.774398
-0.210092
-0.733467
-0.0846965
0.278434
0.746315
0.746315
0.746315
0.534675
0.534675
0.406662
1.24671
1.31448
1.31448
0.685327
0.367401
0.187025
-0.224027
-1.14154
-0.189016
0.291509
-0.392317
-0.62601
-0.0113263
-0.323614
-0.402229
-0.772485
0.151668
1.06288
0.913573
1.05754
0.232043
-0.737602
-0.926147
-1.19451
-0.722446
-0.722446
-0.985344
-1.5636
-1.5636
-1.5636
-1.5636
-1.5636
-1.5636
-0.713469
-0.433331
-1.03638
-1.03638
-0.201136
0.684889
1.46051
1.46051
1.49082
0.71386
0.71386
0.913949
0.818297
0.368468
0.33221
0.791949
0.432168
0.747107
0.619392
1.16949
1.16949
0.414403
0.414403
1.28595
1.28595
0.410007
1.12584
0.738938
0.913038
0.913038
0.913038
0.913038
0.913038
0.525499
0.569191
0.407228
1.36876
1.36876
0.502688
0.502688
0.502688
0.502688
0.986057
0.369164
0.937909
0.623231
-0.221153
0.776404
-0.0402637
-0.692178
-0.725313
-0.14716
-0.260833
0.221767
0.843158
0.843158
-0.152911
-0.518807
-0.968439
-0.968439
-0.248755
0.226128
0.0523496
0.54407
0.82716
0.82716
1.3167
1.16909
1.16909
0.677027
0.677027
-0.151212
0.554908
0.554908
1.01595
0.654306
1.12589
1.12589
1.12589
0.481215
-0.370371
-1.06155
-1.06155
-1.5414
-1.21826
-0.997975
-1.16391
-0.574497
-0.574497
-0.075101
-0.284481
-0.781438
-0.781438
-0.7053
-0.352651
-0.814225
-0.814225
-0.943805
-0.943805
-0.943805
-0.549893
0.112897
-0.272491
-0.688929
-0.098514
0.569551
0.569551
1.08858
1.77935
1.13239
0.319418
1.12427
1.12427
1.12427
0.611118
0.562644
0.244031
0.229542
1.08383
1.19517
0.820328
0.820328
0.820328
1.05601
0.303807
-0.376894
0.434844
0.71992
0.71992
0.537508
-0.258804
-1.10654
-0.907665
-0.587124
-0.277021
-0.572422
-0.572422
-0.656018
-0.656018
-0.656018
-0.404455
-1.10816
-0.966557
-1.45312
-1.3324
-0.79462
-0.79462
-0.79462
-0.304219
0.587293
0.587293
0.586615
0.586615
0.718323
0.745076
1.28159
1.22751
1.19213
0.804564
1.75431
1.20987
0.257796
0.715933
1.39436
1.39436
1.39436
0.906692
0.656094
1.37862
1.37862
1.37862
0.539586
0.539586
0.539586
0.919037
0.904307
0.904307
0.154405
-0.251231
-0.198982
0.446843
-0.162061
-0.359718
-0.0348949
-0.43731
-0.280165
0.2184
0.664177
0.664177
0.664177
1.03915
1.03915
0.898944
0.898944
0.898944
0.898944
0.914041
0.405419
0.416588
0.110789
0.837101
0.386021
-0.291932
0.227363
0.424264
0.808113
0.808113
0.310974
-0.397669
0.138329
-0.171978
0.117876
0.937655
0.968218
0.740053
0.740053
0.41518
-0.272352
0.500916
0.190643
1.1692
0.284936
0.313474
0.573304
0.863878
1.62209
1.38288
0.467894
0.441025
0.441025
-0.0353667
0.932972
0.932972
0.932972
0.897818
0.72782
0.0380738
0.957768
0.945514
0.513933
1.396
1.15033
1.15033
1.15033
1.15033
0.35394
-0.318517
0.109117
0.119126
0.516506
0.313976
1.06102
1.06102
1.32774
1.23665
0.756674
1.03808
1.03808
1.54529
0.580395
0.930437
0.930437
0.471839
0.471839
0.0122372
0.186762
0.0989428
-0.365671
-0.822507
-0.822507
-0.26834
0.0769376
0.949736
1.65043
1.65043
1.65043
0.905498
0.81074
0.164711
0.940221
0.57506
-0.213129
-0.211116
0.704111
0.704111
0.822178
0.678291
1.4889
0.784987
0.784987
-0.108196
-0.990995
-0.374925
-0.766597
-1.58787
-1.58787
-1.35068
-1.35068
-1.35068
-0.795901
-0.795901
-0.798052
0.193071
0.292362
0.935532
0.935532
0.935532
0.267736
-0.29785
-0.812184
0.0946917
0.179541
-0.187837
-0.00300962
-0.478373
-1.10133
-0.612295
-1.03416
-1.03416
-1.03416
-1.03416
-1.86517
-1.511
-1.53869
-1.46021
-1.46021
-1.44039
-1.06402
-1.06402
-1.06402
-1.06402
-0.213078
0.720805
0.703686
0.844332
0.484577
0.16538
-0.417499
-1.3802
-1.3802
-1.3802
-0.975989
-1.41507
-1.41507
-1.41507
-1.41507
-1.41507
-1.41507
-0.91735
-1.22069
-1.22069
-1.16754
-1.16754
-1.34114
-0.96832
-0.414898
0.37679
0.0160098
-0.0173104
-0.494622
-0.360965
-0.572727
-0.862955
0.133556
0.93929
0.527543
-0.254294
-0.491036
-1.37453
-0.50223
-0.360406
-0.0927591
-0.568194
-0.584977
0.172342
0.0398936
0.081904
0.323896
0.269387
1.00655
1.2902
0.458782
0.572585
0.778286
0.778286
0.778286
1.36617
1.36617
0.833656
0.381182
0.467859
0.608775
1.09193
1.09193
0.202287
0.942635
0.488179
0.571194
0.981348
0.671544
0.93094
1.11451
1.28849
1.28849
0.374934
-0.463099
-0.311578
0.584157
0.584157
0.57426
0.231835
-0.743339
-0.743339
-0.743339
-0.511471
-0.838835
-0.441316
-0.059122
0.639691
0.803748
1.18887
1.18887
1.6491
1.54768
1.34673
1.27378
1.34283
1.34283
0.754796
1.51713
1.51713
1.51713
1.64923
1.1631
0.935675
0.628538
0.194632
0.445201
1.40604
0.783872
0.783872
0.783872
0.544631
0.544631
-0.247295
-1.0451
-0.446306
0.259766
0.768766
1.09497
1.09497
0.102172
-0.596325
0.397214
-0.574318
-0.818141
-0.818141
-0.334569
0.0129364
0.310976
0.523569
0.474942
-0.200369
-0.574917
-0.569042
-0.832671
-0.832671
0.164786
0.777828
0.461702
0.773823
0.641403
1.22014
0.947773
0.947773
0.768366
0.895164
0.895164
0.895164
0.608547
0.608547
0.725054
0.338318
0.174745
0.536084
0.536084
-0.0230474
-0.364507
-1.18635
-1.3012
-1.3012
-0.712634
-0.748528
-0.748528
-1.09416
-0.910288
0.0254854
0.338778
0.327064
-0.316495
0.0282144
-0.196406
0.392991
0.392991
0.702443
-0.161262
-0.929794
-0.929794
-0.929794
-0.637701
0.294809
0.493412
0.493412
0.895409
0.836339
0.247129
0.254421
0.358828
0.261759
-0.511957
-0.451895
-0.909603
-0.909603
-1.34607
-0.793633
-1.46079
-1.46079
-1.46079
-1.16498
-0.990096
-0.925136
-0.705583
0.0509652
-0.477898
-0.696356
-0.696356
-0.696356
-0.545444
-0.571196
-0.571196
-0.752346
-0.939697
-0.546458
-0.546458
0.216498
-0.419499
-0.261449
0.43835
0.43835
-0.0406157
-1.01679
-1.01679
-0.900815
-0.0643248
0.836853
1.18602
1.57894
1.57894
1.47147
1.47147
0.785565
0.383874
0.956365
0.956365
1.08857
1.19223
1.19223
1.08673
0.564396
0.564396
-0.131655
0.162824
1.00071
0.62607
0.912077
0.662762
0.424269
0.519492
0.519492
0.219291
0.998238
0.708496
0.708496
0.708496
0.891495
1.14054
0.185404
-0.168185
-0.0777469
0.499789
-0.129031
0.433523
0.04156
-0.871916
-0.704357
-0.704357
-0.704357
-0.558548
-0.582445
-0.657844
-0.657844
-0.959458
-1.21957
-0.66145
-0.66145
-0.610144
0.254371
0.03597
-0.642359
0.336264
0.349744
-0.399875
-0.928697
-0.928697
-1.14563
-1.36172
-1.36172
-1.36172
-1.36172
-1.36172
-1.36172
-1.36172
-1.6994
-1.82856
-1.10913
-1.10913
-1.38075
-1.38075
-1.56929
-0.604538
-0.495147
-0.110037
0.192932
1.1265
1.1265
1.36688
0.797673
-0.114265
-0.153321
-0.051981
0.408674
-0.524985
-0.248588
-0.3978
0.305099
1.16091
0.447925
0.381749
0.787533
0.787533
1.34604
1.34604
0.730964
1.49676
1.49676
0.586198
0.586198
0.257918
0.085304
0.465132
0.279855
0.279855
-0.605535
-1.17429
-1.43688
-1.43688
-1.5392
-1.89475
-2.29608
-1.38247
-1.38247
-0.564112
-0.0162884
0.442309
0.442309
-0.0813667
-0.0224562
-0.241184
-0.36488
-1.17701
-0.87874
-0.664289
-0.664289
-0.664289
-0.583413
-0.614116
-0.69998
-0.555792
-1.1609
-0.347038
-1.1432
-0.532058
-0.530619
-0.134252
-0.914556
-1.09285
-1.82391
-1.58136
-1.58136
-1.58136
-1.58136
-1.58136
-1.06676
-1.28054
-0.940684
-1.25808
-1.26647
-0.871713
-0.988802
-0.988802
-0.988802
-0.988802
-0.743185
-0.321249
-0.325919
0.477064
-0.370766
-0.537588
-1.07415
-0.272434
-0.791337
-0.791337
-0.554806
0.18079
-0.570646
-0.570789
-0.570789
-1.46067
-0.875688
-1.68767
-1.40858
-1.10083
-0.740506
-0.172053
-0.764578
-0.219602
-0.203705
-0.13226
0.187393
1.17012
1.35777
1.35777
1.35777
1.66071
1.66071
0.824292
0.824292
0.759143
0.812984
0.941501
0.13927
0.25013
-0.250504
-0.597892
-1.18148
-1.12855
-0.946373
-0.0768083
0.365958
1.20237
1.61791
2.16359
2.16359
2.16359
1.94281
1.94281
1.94281
1.20542
1.20542
0.348451
0.867638
0.867638
1.43272
1.20065
1.20065
1.20065
0.257998
-0.515235
-0.515235
0.0559475
-0.552629
0.142845
-0.283719
0.560373
1.20134
0.681075
0.681075
0.681075
1.26874
1.42133
1.28248
2.00072
2.00072
1.65109
1.65109
1.65109
1.32718
1.5234
1.5234
1.5234
1.58329
1.58329
1.03145
1.03145
0.127979
0.827
0.191328
0.214115
0.0726399
0.473665
1.13221
1.42734
1.00845
0.455636
0.455636
1.39453
1.39453
0.437898
1.01623
0.590148
0.409969
-0.176287
0.499223
0.341583
0.805721
1.33431
0.858143
0.858143
0.915659
1.13868
0.653945
-0.311636
-0.0967309
-0.493263
-0.609969
-0.302126
-0.0392854
-0.217343
-0.194465
0.207419
-0.634114
-0.0271178
-0.899664
-0.899664
-0.389781
-1.01609
-1.64144
-1.70226
-1.43105
-1.13743
-0.780411
-1.34535
-1.13228
-1.13228
-1.08803
-1.08803
-0.166496
0.36084
0.63845
0.157362
0.0133127
0.12706
0.765022
0.801804
0.801804
0.164066
-0.343118
-0.343118
-0.488586
-0.488586
-0.488586
-0.872769
-0.872769
-0.847458
-1.84145
-1.84145
-1.64573
-1.09991
-1.29354
-0.856836
-0.856836
-0.54026
-0.71875
-0.71875
-1.22718
-1.48552
-0.930692
-0.930692
-0.988204
-1.04512
-1.50937
-1.50937
-1.50937
-1.50937
-1.50937
-1.73217
-0.803115
-0.501603
0.307442
0.943617
0.943617
0.943617
0.58889
-0.0870333
0.867084
1.09258
0.70119
0.512874
0.960582
0.0796607
-0.83322
-0.83322
-0.83322
-0.620025
-0.506592
0.328923
0.508332
0.320079
0.891504
0.891504
0.638793
1.28945
1.28945
0.311341
0.335415
0.234785
0.708862
1.39318
1.15247
1.15247
1.35355
1.46833
1.46833
1.46833
0.642722
1.49292
1.49292
1.49292
0.916264
0.248754
-0.22504
-0.887422
-0.887422
-0.887422
-0.54998
0.428241
0.750771
0.750771
0.761499
1.13592
0.71852
0.71852
1.02827
0.760401
0.760401
0.788907
0.118439
-0.848048
-0.848048
-0.384924
0.124934
-0.193503
-0.346025
-0.82011
-0.974579
-0.974579
-0.974579
-1.1014
-1.03932
-1.07176
-1.23712
-1.23712
-1.23712
-0.699033
-1.23124
-0.413928
-0.137059
0.242027
1.20133
1.20133
0.541226
0.932853
1.4818
1.57235
1.21472
1.32047
0.413688
0.675774
-0.0803744
0.437508
0.961474
0.997853
1.00315
0.13011
0.838954
0.838954
0.838954
-0.0676722
0.416538
0.535393
0.616952
0.370101
0.216058
1.06687
1.06687
0.220411
0.843992
0.843992
0.843992
0.843992
1.27165
1.25225
0.803926
1.57039
0.821113
1.10006
0.181538
0.336388
0.152779
0.334193
0.0654716
-0.161805
-0.550322
-0.064323
-0.255304
-0.735497
-0.234939
-0.0796617
-0.860668
-0.860668
0.0516975
0.103051
0.540854
0.606724
0.409097
1.19158
1.19158
0.908979
0.908979
0.908979
-0.0135241
0.281431
0.779027
0.779027
0.779027
-0.123877
0.51167
0.51167
0.084074
0.440787
0.678524
0.678524
0.321408
0.766966
0.877128
0.877128
1.13559
0.227573
0.892964
0.892964
0.892964
0.892964
0.892964
1.45742
0.632497
-0.0141574
0.0991531
-0.041859
0.034266
0.901535
0.942136
0.205873
1.07825
1.19668
1.97451
2.27736
2.27736
1.70798
1.87402
1.25022
1.25022
1.25022
1.25022
1.29198
1.29198
1.20708
0.411828
0.198091
-0.301646
-1.25243
-0.906255
-0.906255
-0.0711389
0.488033
0.396652
0.0696946
-0.430953
-1.20541
-0.230255
-1.22269
-2.02434
-1.67541
-0.979667
-1.45511
-1.45511
-1.50261
-1.31413
-0.434359
-1.03524
-1.03524
-0.867764
-1.63012
-1.38321
-1.01194
-0.963426
-0.734556
-1.19658
-1.40144
-1.27811
-1.20889
-1.20889
-1.25888
-1.25888
-1.22794
-1.42654
-0.490484
-1.02631
-0.821859
-1.25835
-0.674671
-0.674671
-0.674671
-0.674671
-0.674671
-0.299947
0.407533
0.32849
-0.0598641
-0.626182
-0.126194
-0.17431
-0.1113
-0.935862
-0.935862
-0.935862
-0.935862
-0.655233
-0.928489
-0.829349
-0.829349
-0.829349
0.146637
-0.649026
-0.649026
-0.48587
-0.492919
-1.07392
-0.439538
-0.106421
0.383507
-0.364035
0.385069
-0.207033
0.607306
0.456716
0.311529
0.311529
1.00961
1.00961
0.966074
0.966074
0.569237
0.691423
0.691423
0.974893
0.974893
0.974893
0.974893
0.316509
0.0376416
0.597787
1.03865
1.18586
0.691247
1.01347
1.01347
1.01347
0.529927
1.16372
1.16372
0.369573
0.425588
0.393887
-0.0138674
-0.20353
-0.592883
0.32527
0.271696
1.14297
0.986782
0.639204
0.639204
-0.3603
0.340428
0.430759
0.0989124
0.589663
0.589663
0.0395896
0.223324
-0.216
-1.07359
-0.465058
-0.320301
0.483868
-0.0522671
0.561743
0.709085
-0.234671
0.345239
0.0583153
-0.00788627
0.969349
1.2853
0.700796
0.700796
1.57287
1.57287
0.962883
0.475294
1.07649
0.471923
0.471923
0.12154
0.0260645
0.718341
0.656449
-0.13375
-1.08401
-0.86642
-0.729494
-0.899002
-0.468062
0.263891
1.04351
1.18692
0.770627
0.177488
-0.0229025
0.701584
-0.25119
-0.25119
-1.09552
-0.921154
-0.326915
-0.326915
-0.940907
-1.62884
-1.06465
-0.808743
-0.461999
-0.564173
-1.18922
-0.240789
-0.188955
-0.329007
-0.575754
-0.393773
-0.33484
0.349059
1.16288
0.265162
-0.236867
0.193776
1.0259
1.13449
1.7511
1.53579
1.53579
1.11602
1.11602
1.11602
0.697136
0.610924
0.213044
0.736181
0.639775
-0.207908
0.33657
0.171592
0.152287
0.511379
1.09446
1.09446
0.311447
1.19584
0.40795
-0.354283
-0.354283
-0.55929
0.00872238
0.398366
0.983357
0.965531
0.581492
0.435436
0.688609
0.523572
0.354398
1.02936
1.02936
0.89102
0.89102
1.26987
1.26987
1.26987
1.26987
0.382548
0.382548
0.593951
0.807307
0.393369
0.454517
0.899107
0.899107
0.899107
0.899107
0.711533
-0.143436
-0.0855296
0.676076
0.169925
-0.117581
-1.01114
-0.549655
-0.668352
-0.919158
-0.194875
-1.17994
-0.695979
-0.234194
-0.0511274
0.945707
1.64775
1.64775
1.64775
1.64775
1.64775
0.885989
0.943707
0.514759
-0.172768
-1.01469
-0.900209
-0.900209
0.0275992
-0.372923
0.0453813
-0.637929
-0.637929
-1.28068
-1.36591
-1.36591
-0.471028
-1.18941
-0.341575
-0.156143
0.290583
0.907109
-0.044297
-0.551494
0.15362
0.191032
0.135193
0.277837
-0.655226
-0.655226
-0.655226
-1.05967
-1.1023
-1.1023
-1.1023
-1.35195
-0.678566
-0.678566
-0.678566
-0.142635
0.816368
0.816368
1.0385
0.567775
0.43504
0.55866
0.55866
-0.426456
0.158173
-0.824929
-0.209583
0.280966
-0.579089
-0.896564
-1.05081
-0.711433
-0.420429
-0.686255
-1.3226
-1.3226
-1.3226
-0.612968
-0.612968
-0.859413
-0.859413
-0.693556
-0.786094
-0.826387
-0.826387
0.0362162
0.47825
1.01938
1.01938
0.162413
0.784856
0.784856
1.10743
0.129741
0.117238
-0.0931458
0.343076
0.365311
-0.482223
-1.03247
-1.03247
-1.58985
-1.58985
-1.58985
-1.34617
-1.34617
-1.22505
-1.22505
-1.77107
-0.80662
-0.28285
-0.900678
-0.900678
-0.990237
-0.752644
-0.493121
-0.579865
-1.1453
-0.677439
-0.677439
-0.33841
-0.473998
-0.661646
-0.670514
-0.360723
-0.360723
-0.460576
0.0865209
1.01233
0.186446
0.884946
0.707782
0.684173
1.39247
1.39247
0.863488
0.704511
1.10512
0.779316
1.24197
0.694995
1.37981
1.22149
1.11361
0.787079
1.23384
0.515725
0.515725
-0.315019
-0.838004
0.144253
-0.304014
-0.543747
-0.968196
-0.968196
-0.968196
-0.771448
-0.51451
-0.51451
-0.51451
-1.06555
-0.533804
-0.791307
-0.791307
0.0461565
0.938321
0.938321
0.938321
0.938321
0.345666
0.108122
0.235622
0.0488106
0.784831
0.784831
-0.176483
0.141131
1.03281
1.03281
1.03281
0.8548
0.602404
1.03847
0.791596
-0.201291
-0.654737
-0.654737
-0.322202
-0.0949697
-1.0127
-1.34717
-1.34717
-1.34717
-1.59997
-0.822816
-0.452673
0.192158
-0.514619
0.262765
0.898505
0.757642
0.68728
0.598661
0.555569
0.749833
0.749833
1.1024
1.1024
0.521178
0.521178
-0.12371
-0.946498
-0.767426
-0.609508
-1.36236
-1.36236
-1.36236
-1.32059
-0.921202
-0.921202
0.0412035
-0.869753
-1.00687
-0.299319
-0.625552
-1.14994
-1.14994
-1.14994
-0.346665
-0.964726
-0.301146
0.101879
-0.0854376
0.703583
0.639802
0.679129
0.09825
-0.0675107
0.385378
0.385378
0.128246
0.128044
0.128044
-0.00018387
0.040119
-0.40127
-0.471988
0.263259
-0.343469
0.636476
0.474129
0.744132
1.46633
0.865742
0.865742
0.423492
0.0347923
-0.17992
0.150995
0.310257
0.990716
1.07615
0.681702
1.42641
1.0357
1.0357
0.481599
0.452973
0.868078
1.12745
0.990158
0.436
-0.356395
0.295764
-0.313381
-0.615921
-1.22687
-0.702303
-0.481197
-0.176316
-1.03629
-1.44189
-1.44189
-0.7847
-0.757978
-0.757978
0.211523
0.507597
0.194575
-0.237529
-0.59873
-1.2235
-1.2235
-1.15085
-1.15085
-0.662647
0.239616
0.252354
0.599314
1.5548
1.71024
1.71024
1.71024
1.33697
1.33697
1.34874
0.787337
1.13108
1.21476
0.3548
-0.43021
-1.0056
-0.945507
-1.85236
-1.48096
-0.61154
-1.57386
-1.04777
-1.35621
-0.903616
-1.26406
-0.315459
-1.29273
-0.835761
-1.81129
-1.81129
-1.81129
-1.29188
-1.29188
-1.29188
-0.94447
-0.0469075
0.553756
-0.140689
0.200504
0.633073
0.633073
0.044943
0.912377
0.912377
0.912377
0.696228
1.18218
0.212723
-0.381648
-0.0625478
-0.0536354
-0.0401756
-0.0404248
0.258271
0.588031
0.964621
-0.00974055
0.686497
0.988715
1.69549
1.69549
1.68936
1.68936
0.694637
-0.276855
-0.553668
-1.09297
-0.588316
0.0516556
0.902929
0.542283
0.654271
0.699431
0.858852
0.858852
0.920612
0.387976
1.30247
1.30247
1.30247
1.13019
1.54037
1.4299
1.10094
1.10094
1.45873
0.460258
0.169445
0.705546
0.705546
0.705546
0.705546
0.854632
0.854632
0.854632
0.471235
0.471235
0.999532
0.509081
0.891672
-0.0756414
-0.883377
-0.419534
-0.352746
0.508086
0.508086
0.508086
0.769335
1.24005
1.09537
1.09537
0.85062
0.793389
0.793389
1.5355
1.5355
1.5355
1.5355
1.22623
1.22623
1.22623
0.273088
0.488418
0.488418
0.488418
-0.34248
-0.555464
0.195089
-0.705631
-0.701368
-0.0714423
-0.937795
-0.588161
0.00105822
-0.000110283
-0.175498
0.0821345
-0.663472
-1.06054
-0.828406
-0.997069
-0.417362
0.241027
-0.534906
-0.636018
-0.460485
0.0251941
-0.160338
-0.606307
-0.606307
-0.479725
-1.0198
-1.0198
-1.0198
-0.880757
-0.285507
-0.103001
0.429936
-0.0331647
-0.279769
0.318846
-0.0788866
0.696024
1.15022
1.06477
1.06477
0.803069
-0.185332
0.0235322
0.29939
0.178757
-0.322612
-0.322612
-0.322612
-0.369951
-0.0454933
-0.103165
-0.560958
-0.560958
-0.343471
-0.466902
-1.2769
-0.614367
-0.740866
-1.35993
-1.13037
-1.13037
-1.13037
-1.66827
-1.66827
-1.42363
-1.2805
-1.28174
-1.28174
-1.06312
-1.06312
-1.31762
-1.31762
-1.45272
-1.12768
-1.57316
-0.759989
-0.0120075
-0.117117
-1.05176
-0.818191
-0.667576
-0.861286
-0.87741
-1.39827
-1.39827
-1.39827
-1.33048
-0.908559
-0.753347
-0.753347
-0.753347
-0.753347
-0.822146
-1.52782
-1.52782
-1.52782
-1.39628
-1.39628
-1.39628
-0.614115
-1.55403
-0.908294
-0.908294
-0.23518
0.393784
0.393784
0.393784
1.08813
1.08813
1.50077
1.40993
1.40993
0.840141
0.390295
0.555551
0.0572889
0.244554
-0.18099
-0.0411192
0.37657
1.21987
1.21987
0.619997
1.02274
0.107016
0.55853
1.10341
0.198442
1.06287
1.06287
1.06287
1.06287
0.790076
1.04897
1.44673
0.527443
0.527443
0.839569
0.860459
1.04254
1.04517
0.0939848
-0.472102
-0.972974
-0.618572
-1.32855
-0.90301
-0.521617
-0.521617
-1.08956
-1.08956
-0.565403
-0.338942
-0.338942
-0.78792
-0.341427
-0.494726
-0.494726
0.0239212
0.311675
-0.503709
-0.503709
-0.457985
-0.286198
0.19442
-0.684403
-0.484935
-1.19469
-0.512636
-0.022614
-0.519951
-0.636074
-0.636074
-0.9828
-0.9828
-0.5298
-0.5298
-0.193916
-1.12635
-1.32074
-1.78208
-1.40476
-1.12385
-1.16982
-1.2256
-1.23572
-0.23586
-0.837486
-1.47343
-1.34489
-0.797547
0.189634
-0.273626
0.137051
0.589185
0.912546
0.83016
0.694485
-0.194745
-0.609233
-0.609233
0.138938
-0.12729
-0.46503
-0.107242
-0.330831
-0.629553
0.020001
-0.8932
-0.596753
-0.272434
-1.23427
-1.16469
-1.16469
-1.16469
-1.16469
-1.50979
-0.838662
0.0635718
0.340773
0.681015
1.1421
1.62492
1.46734
1.16504
1.16504
1.16504
0.416678
0.892725
0.692822
1.43525
0.479122
1.12968
1.12968
1.2634
1.2634
1.2634
0.780217
0.975662
1.57225
0.678295
0.678295
0.678295
0.678295
1.25591
1.25591
1.25591
0.430752
0.345263
0.998157
0.998157
0.84517
0.636586
0.636586
1.26468
1.26468
0.670258
1.03313
1.03313
0.918228
0.918228
-0.0638199
-0.015857
-0.444461
-1.19844
-1.21455
-0.327422
-0.692718
-0.986287
-0.986287
-0.986287
-1.25311
-0.803345
-0.577517
-0.914321
-0.914321
-0.270556
-0.694156
-0.73747
-0.73747
-0.68182
-0.68182
-0.765869
-0.765869
-0.765869
-0.765869
-0.765869
-1.04555
-1.05703
-0.90829
-0.90829
-0.904371
-0.969496
-0.969496
-0.704447
-0.704447
-0.0851876
-0.144013
-0.383873
-0.363729
-1.05393
-1.05393
-1.01847
-1.01847
-0.478978
-1.06958
-1.10982
-1.10982
-1.03544
-1.03544
-0.888511
-0.454302
-1.38788
-2.15571
-2.15571
-1.85291
-1.85291
-2.00426
-2.00426
-2.00403
-1.0104
-0.643561
-0.905128
-1.50504
-1.05611
-1.05611
-0.199168
0.613626
0.716847
0.716847
0.633698
0.31893
1.28758
0.738991
0.977234
0.675713
1.63088
1.63088
1.06362
0.529565
1.43462
1.68552
1.54696
0.983435
0.452789
0.452789
0.623389
0.757773
0.429758
-0.231114
-0.0915498
0.429195
0.24513
0.34547
0.792
0.829564
0.149144
1.12393
1.12393
0.922763
1.05248
0.970353
0.970353
0.390126
0.931616
0.21047
1.02715
1.02715
1.02715
1.11418
1.11418
1.19182
1.59631
1.9595
1.9595
1.9595
1.9595
1.86219
1.86219
1.86219
1.67832
1.24472
1.12112
1.12112
1.44835
1.27906
1.24431
0.456781
0.456781
0.456781
1.2512
0.719866
0.719866
0.669252
0.295058
0.0245535
0.241194
-0.651262
-0.991122
-0.991122
-0.991122
-0.991122
-1.23505
-1.08407
-1.08407
-1.3925
-1.3925
-1.3925
-0.905297
-0.905297
-0.762502
-0.11494
0.471388
-0.170075
0.634544
0.634544
0.634544
0.29493
-0.262772
-0.549575
0.242043
0.454849
0.121873
-0.478807
-0.478807
-0.825568
0.0179757
0.76419
0.530336
0.656408
0.943285
0.687633
-0.271398
-0.916989
-0.916989
-0.448925
-0.775278
-0.114357
-0.459501
-0.33321
0.396139
0.217789
0.142628
-0.0370468
0.667168
-0.10627
-0.152565
0.796641
-0.141996
0.39341
1.22195
1.22195
1.10937
1.10937
1.10937
0.316848
-0.460721
-0.460721
-1.15194
-1.15194
-0.352255
-0.347432
-0.811991
-0.811991
-0.571643
0.29333
0.307238
0.975776
0.157435
-0.10898
-0.852211
-1.04997
-0.674053
-1.61929
-1.61929
-1.26755
-0.78655
-0.0744188
0.0697146
0.0130513
-0.915026
-0.446944
-0.50244
-0.50244
-0.166025
-0.777239
-0.777239
-1.19261
-1.21652
-0.749664
-0.749664
-0.730415
-0.711935
-0.968296
-0.712208
-0.527714
-0.527714
-1.07987
-0.944577
-0.0348536
-0.192035
-0.185009
-0.575917
-0.292381
0.512672
0.766068
0.766068
0.49933
1.0707
1.0707
1.24949
0.769132
0.769132
0.528786
1.07549
1.07549
0.892787
0.526501
0.403947
0.736185
0.912157
0.445074
0.445074
0.30609
-0.224728
-0.705263
-0.705263
-1.20888
-1.20888
-1.76417
-0.794664
-0.794664
-0.794664
0.0168129
0.417374
1.04468
0.247438
-0.616288
-0.229032
0.663947
0.391384
1.33298
1.33298
1.12905
1.47811
0.70105
0.0951395
0.0366448
-0.0749806
0.00041007
0.707626
0.104516
-0.091401
-0.962161
-0.962161
-0.56117
-0.763366
-0.763366
-0.041758
0.365061
0.898113
0.343309
-0.292588
-0.599712
0.253467
0.561069
0.792101
0.970487
0.412269
0.10673
0.713485
0.319246
-0.128163
-0.0773366
-1.02455
-1.11874
-0.874161
-1.46917
-1.15472
-0.816063
-0.324587
-0.373274
0.333812
1.23927
0.832909
0.832909
0.832909
0.386659
0.890271
0.7517
1.19986
1.05093
1.03648
0.0459304
0.939629
0.939629
0.939629
0.939629
0.992511
1.09699
1.05751
1.05751
0.286236
1.18966
1.4451
0.648702
0.648702
-0.0688284
-0.958871
-0.149114
-0.878299
-0.878299
-0.878299
-0.527404
-0.793682
-0.593424
-0.185461
0.801385
0.661018
-0.0180952
-0.825061
-0.825061
-0.832079
-0.832079
-0.832079
-0.4412
-0.4412
-0.4412
0.309932
1.06554
0.677962
0.609246
0.609246
1.6078
1.46118
1.46118
0.864896
0.864896
0.864896
0.810077
0.0820384
-0.797218
-0.797218
-0.855892
-0.855892
-0.542776
-0.25935
-0.38516
-0.765755
-0.492111
-0.492111
-0.492111
-0.658543
-1.45913
-1.45913
-0.752139
0.226021
-0.515232
-0.825334
-0.825334
-0.825334
-0.825334
0.0659587
-0.856341
-0.856341
-0.514229
-0.514229
-0.514229
-0.83607
-0.83607
-0.83607
-1.05226
-0.857967
-1.43431
-1.43431
-1.43431
-1.43431
-1.43431
-1.00077
-0.194864
0.29337
-0.619584
-0.619584
-1.01887
-1.01118
-0.661921
0.155094
1.12479
1.12479
1.12479
0.963331
0.572815
0.386118
1.34199
1.34199
0.73293
0.254041
0.755615
0.0596356
0.150908
-0.222649
0.727188
0.821779
0.821779
-0.0717135
-0.642658
-0.642658
-0.867374
-0.164235
0.25096
0.0348065
0.229792
0.77134
0.57653
0.471253
0.214367
-0.618899
0.166948
-0.00525977
0.0332701
-0.174137
0.372084
-0.608841
-0.608841
0.383539
-0.395194
-1.03646
-1.03646
-0.418734
-0.499266
-1.42719
-1.42719
-1.42719
-1.42719
-1.19014
-0.577375
0.0555491
-0.249412
-1.0806
-1.0806
-1.28972
-1.28972
-0.891733
-0.891733
-0.891733
-1.58859
-0.998101
-0.418499
-0.533638
-0.533638
-0.533638
-0.993436
-0.076159
-0.188494
0.748875
0.748875
0.748875
0.798953
0.798953
0.798953
0.798953
-0.0544716
0.305274
0.249437
-0.157248
0.680515
0.680515
0.983293
0.983293
0.983293
0.983293
0.983293
0.317822
0.58956
1.33441
1.29334
1.29334
1.21891
1.21891
1.41814
1.53104
1.61296
1.52377
1.52377
0.833878
0.833878
1.25865
1.25865
1.25865
1.25865
1.04717
0.514164
0.769604
0.0842012
-0.50848
-0.50848
0.318566
-0.079969
0.507901
0.6463
0.419169
0.233799
-0.297498
0.361946
0.431956
1.13473
1.13473
1.13473
0.173614
-0.367015
0.371175
-0.389839
0.0424441
0.00875167
-0.944694
-0.944694
-0.548424
-0.063063
-0.0585534
0.89057
0.89057
0.732355
1.25629
1.25629
0.349605
-0.0415884
-0.909288
-0.422921
0.249803
-0.35837
-0.150029
-0.509633
-0.240646
-1.21473
-0.267666
0.351229
-0.500752
-1.16071
-1.16071
-1.16071
-1.46124
-1.35488
-0.50063
-0.70663
-0.397678
-0.515133
0.00667208
-0.966768
-1.14489
-1.14489
-1.6868
-0.791095
-0.0885669
0.564892
1.09425
1.09425
0.644894
0.385601
0.831439
0.624554
-0.0541902
-0.819005
-0.819005
0.0921765
-0.505521
0.152926
-0.844122
-0.844122
-1.20618
-1.20618
-1.20618
-0.327526
0.116684
0.572568
-0.402436
-1.07478
-1.07478
-0.17369
-0.916744
-0.73764
-0.73764
-0.363064
0.0286712
0.475833
1.3056
1.22701
1.02019
1.06687
1.06687
0.487563
1.05669
1.05669
1.05669
0.764719
0.764719
0.764719
0.969245
0.816996
0.621813
-0.223202
-1.19146
-1.54592
-1.80562
-1.20239
-0.844166
-0.844166
-0.661377
-1.07961
-1.07961
-1.07961
-0.907263
-0.907263
-0.907263
-0.907263
-1.10454
-0.53959
-0.890202
-0.503861
-0.433527
-0.433527
-0.434707
0.395976
0.745773
0.640486
1.13673
1.13673
1.30484
1.30484
1.18041
1.18041
0.50082
1.07037
1.07037
0.514932
0.381651
-0.497708
-1.05191
-1.05191
-1.05191
-0.565184
-0.0234824
0.0960221
0.975794
0.854129
0.854129
0.854129
1.50001
1.50001
1.79459
1.79459
1.11838
1.11838
1.21136
1.21136
1.78971
1.78971
1.78971
1.47458
1.49393
1.56739
1.56739
1.56739
0.950597
0.175834
0.811157
0.811157
0.57957
0.0429187
-0.947781
-0.947781
-0.394134
-1.32246
-1.43869
-1.43869
-2.06492
-1.702
-0.90961
-0.90961
-0.90961
-0.104819
0.10106
-0.419856
-0.419856
-1.14281
-0.371815
-0.609728
-0.609728
-0.609728
-0.352811
-1.13127
-1.13127
-1.07424
-0.836079
-0.636735
-0.636735
-0.47828
-0.00111667
0.960552
0.960552
1.26167
0.289753
0.989795
0.435125
-0.190223
0.0768995
-0.500406
-0.500406
-0.478017
-1.11502
-1.36219
-0.728337
-0.438607
-0.303499
0.686935
-0.0132374
-0.288617
-0.483302
-0.224323
-0.070506
0.0852632
0.918124
0.918124
0.990188
1.01687
1.01687
1.01687
0.228046
1.16894
1.66378
1.3241
0.818548
0.794721
0.794721
0.847962
0.162071
-0.485195
-0.688403
-0.796372
-0.0342101
0.158699
0.166745
0.633363
1.20683
0.593891
0.743132
0.743132
1.70405
1.68688
1.68688
1.68688
1.33053
1.3727
1.3727
1.3727
0.987838
0.987838
1.33959
1.53957
1.53957
1.37922
1.37922
0.652041
0.0519168
-0.4097
-1.4024
-1.4024
-0.597723
0.194494
-0.565876
0.317168
1.09948
1.09948
0.62904
0.649927
0.317558
-0.223284
0.411053
0.63105
-0.0107704
0.770258
1.03351
1.03351
0.533545
0.263598
0.601947
0.601947
0.250953
0.075308
0.351187
0.78665
1.58066
1.58066
1.73852
1.73852
1.86408
1.86408
1.86408
1.86408
1.41748
1.63624
1.9145
1.62436
0.847715
0.845423
0.827167
0.613281
0.768051
0.697093
0.996528
0.382878
-0.501515
-1.26758
-1.26758
-0.934752
-0.960915
-0.817338
-0.817338
-0.817338
-1.80787
-0.97591
-0.97591
-1.19397
-1.19397
-0.701414
0.270837
-0.727946
0.00312151
-0.724103
-0.567649
-1.06221
-1.06221
-0.254667
0.51027
0.479449
0.844401
0.844401
0.644271
0.644271
0.644271
0.584818
0.584818
1.05263
1.05263
0.429423
0.302949
0.117325
0.274547
-0.28897
-0.177883
0.048648
0.391506
0.146621
0.71493
0.71493
0.453228
0.152648
0.461056
1.09279
1.07086
1.07086
1.43081
0.542021
0.769713
0.0631286
1.03866
0.426596
0.444558
0.444558
0.373776
-0.193626
-0.585848
-0.585848
0.0582994
1.01618
0.94675
0.647251
0.647251
0.822923
0.122973
-0.474748
-0.474748
-0.474748
-1.17731
-1.17731
-1.06791
-0.945151
-0.945151
-0.945151
-0.945151
-0.945151
-0.945151
-0.553513
-0.223171
0.390063
1.12214
1.00322
1.00322
1.00322
1.00322
1.00322
1.00322
0.227258
0.323081
1.05182
1.05182
0.185452
0.469342
0.156142
-0.687948
-0.575891
-0.575891
-0.575891
-0.456326
-1.20065
-0.48583
-0.00935082
0.647569
1.55656
1.4335
1.4335
1.4335
1.57195
1.57195
1.57195
0.967198
0.0265284
0.311623
-0.533177
-0.220069
-0.871444
-0.871444
-0.588061
-0.588061
-1.09595
-1.09595
-1.75739
-1.2936
-1.2936
-0.821816
-1.4784
-1.31453
-0.797555
-0.797555
-0.611293
-1.56485
-1.56485
-1.74349
-0.823527
-0.823527
-0.988251
-0.988251
-0.37345
0.597044
0.597044
0.0833867
-0.562271
-0.562271
-1.00552
-1.27791
-1.28729
-0.892507
-0.268007
0.374243
-0.198528
-0.204192
-0.0917253
0.372804
-0.150643
0.091686
0.24574
1.06021
0.799416
0.799416
0.754066
0.754066
0.754066
-0.0428084
0.807485
1.22707
1.36694
2.11125
2.11125
1.50543
1.36011
0.600748
0.566022
0.566022
0.912166
-0.0485748
0.196244
0.98691
0.98691
0.604481
-0.172497
0.101055
-0.00848472
-0.475514
0.354236
0.251786
1.04474
1.04474
1.04474
1.04474
1.04474
0.55988
-0.307423
-0.60616
-0.381567
-0.530453
-0.508009
-0.428435
-1.10533
-1.10533
-1.0127
-1.46323
-1.46323
-1.46323
-1.46323
-1.20245
-1.20245
-1.872
-1.60437
-0.692603
-0.936333
-0.936333
-0.699195
-1.06082
-0.744474
-0.473618
0.506653
0.58427
0.58427
0.769859
-0.102571
-1.09875
-0.558314
-0.427009
-0.0521872
0.00496841
0.564719
-0.238325
-0.889514
-0.559141
-1.04355
-0.631789
-0.354814
0.595728
1.184
1.38178
0.996209
0.284899
-0.44682
-0.548689
0.197977
-0.750617
-0.750617
-1.50801
-0.532046
-1.27753
-1.30279
-0.382521
-0.167865
-0.217804
-0.587019
0.276112
-0.576044
-1.00218
-1.00218
-0.599375
-0.505918
-0.603815
-0.871389
-0.725228
-0.348256
-0.496848
0.410534
-0.365194
-0.611937
0.116076
0.96087
0.463654
0.711319
-0.260966
-1.0021
-0.601906
0.151561
0.660942
0.226446
0.370789
0.18325
-0.805871
-1.25867
-1.25867
-1.03817
-1.03817
-1.53614
-1.53614
-1.09662
-1.46837
-1.46837
-0.914316
-0.6519
-0.202659
0.296126
-0.646775
-0.879616
-0.215727
-1.09787
-0.353671
-1.04262
-1.23471
-0.376599
-0.133267
0.0229982
-0.229772
0.21332
0.310611
0.592902
1.33416
0.529937
0.529937
0.560983
0.419817
1.332
1.32539
0.770417
0.770417
0.770417
0.362694
-0.13841
-0.919813
-0.919813
-0.919813
-0.0302499
-0.4296
0.106399
-0.398682
0.241233
-0.436559
0.0442766
0.438151
0.924054
0.902095
0.634649
-0.172239
-0.315498
-0.424102
-1.31957
-1.31957
-1.09681
-0.922068
-0.223963
-0.818681
-0.143385
0.360263
0.290458
0.709407
0.709407
0.709407
0.20951
0.526763
0.913863
0.580832
0.637278
0.995662
0.485115
0.748886
0.601284
0.601284
1.52504
0.630392
0.960167
0.960167
0.960167
0.914616
1.26451
0.883236
0.237464
0.258035
0.94943
0.355885
-0.311574
-0.285469
0.177236
0.931843
1.32742
0.423302
0.652218
0.669814
0.669814
0.886267
1.81678
1.81678
1.81678
0.824133
0.824133
0.824133
0.824133
0.491938
-0.31043
0.458649
1.16146
0.369778
0.652672
0.351335
0.245949
0.693722
0.693722
0.693722
0.693722
0.693722
0.693722
0.693722
0.693722
-0.189695
0.2615
0.696375
0.993082
0.91589
0.904284
0.756636
0.229828
-0.163504
-1.0149
-1.07538
-0.770981
-0.770981
-0.97054
-0.97054
-0.935407
-0.935407
-0.935407
-0.935407
-0.935407
-0.00191253
0.526438
0.538502
1.47174
1.47174
0.660259
1.11211
1.11211
0.816901
0.285436
-0.349942
-0.0832512
-0.39447
-0.39447
-0.785024
-0.999406
-0.999406
-1.27322
-1.27322
-0.742975
-0.742975
-1.00003
-0.258965
0.399677
0.107693
0.0462506
-0.169033
-0.371595
-0.248929
-0.108199
0.165481
1.11267
1.11267
0.222052
0.251649
0.89539
0.0946322
0.59665
0.988894
0.0493032
0.483485
0.17843
0.745377
0.445788
0.668872
0.668872
0.834899
0.834899
0.0966446
-0.820853
-0.925286
-1.19578
-0.299653
-0.0345251
0.737858
0.737858
0.40627
1.00796
1.00796
0.118791
-0.792847
-0.156958
0.67658
0.67658
-0.17788
0.0316022
-0.207734
0.423554
0.872952
-0.0639217
0.818137
0.818137
0.818137
0.80751
0.212594
0.680035
0.680035
-0.259566
0.71102
1.46199
0.716459
0.716459
0.746517
-0.00172985
-0.253925
0.635954
1.07745
0.317914
0.317914
0.169492
0.365662
0.478871
0.736395
1.51118
1.38329
0.752847
1.24974
0.687265
0.906067
0.489001
-0.177696
-1.13448
-0.923465
-0.923465
-0.118512
-0.967838
-0.967838
-0.712424
-0.525561
-0.681553
-1.56031
-1.56031
-0.734204
-0.19833
-0.687792
-0.687792
-0.687792
-0.612551
-1.06674
-1.06674
-1.3378
-1.3378
-1.2371
-0.951995
-0.951995
-0.785999
-0.785999
-1.11645
-0.534223
-0.421258
-0.370666
-0.370666
-0.839904
-0.487866
-0.487866
-0.487866
-0.752042
-0.398747
0.581669
0.0375927
-0.848755
-0.848755
-0.646548
-0.846363
-0.527832
0.0652678
1.03871
0.840762
0.87566
0.87566
0.87566
0.54693
1.16547
0.474295
0.622595
0.622595
1.38545
1.38545
0.496562
1.203
0.315075
0.86602
0.0305826
0.902729
1.01736
1.01736
1.01736
1.01736
1.01736
1.19979
0.377168
-0.485645
-0.855662
-0.855662
-1.31802
-1.07636
-1.07636
-0.316845
0.439776
0.613168
0.245788
0.583247
-0.196706
0.196541
-0.154128
0.0412366
0.3276
0.93628
0.180532
-0.258331
-0.234979
-0.846872
-0.79407
-0.446578
-1.08648
-1.08928
-1.47207
-1.47207
-1.57354
-1.57354
-1.57354
-0.904332
-0.904332
-0.887636
-0.887636
-0.98692
-0.541325
-0.0157917
0.534604
-0.399397
-1.37118
-1.37158
-0.911747
-0.223391
-0.856521
-0.856521
-0.415425
-1.31807
-0.649499
-0.960987
-0.960987
-0.526857
-1.1811
-1.62178
-0.803759
-0.803759
-0.847432
-0.847432
-0.847432
-1.05984
-0.693141
-0.591667
-0.517515
-0.191739
0.217909
0.651786
-0.119262
-0.90165
-0.90165
-0.9938
-0.828884
-0.451827
0.463761
0.463761
-0.361192
0.107068
-0.782409
-1.13999
-1.13999
-0.296818
0.236973
0.236973
1.18748
1.30536
0.981143
0.981143
0.981143
0.496796
0.917865
0.917865
1.12141
1.12141
1.06729
0.242267
0.783839
0.964374
0.356804
-0.320452
0.0469211
-0.651531
0.0925955
0.820637
0.653851
0.829788
0.829788
0.271714
-0.0410391
-0.586932
-1.33298
-1.33298
-0.682054
-0.682054
-0.597065
-0.551951
-1.16408
-1.16408
-1.29957
-1.29957
-0.438472
-0.438472
-0.438769
0.00319775
0.250045
-0.214441
0.367992
-0.350585
-1.28155
-0.4683
-0.4683
-0.283742
-0.444024
0.442668
-0.531961
-0.531961
-1.29502
-1.29502
-0.678406
-0.606303
-0.884007
-0.884007
-0.884007
-0.424373
-0.927376
-0.418362
-1.05023
-1.05023
-0.234376
-0.177977
-0.407391
-0.595748
0.329356
0.168289
0.512375
-0.470878
-0.21005
0.241001
1.0035
0.910228
-0.0488503
0.341381
0.697081
0.757561
0.762212
0.762212
0.930498
0.472969
0.472969
0.447872
0.089093
0.719682
1.10903
0.141793
0.161714
0.565936
0.565936
-0.413645
-0.262551
0.657639
-0.337878
-0.414612
-0.400482
-0.400482
-0.631783
-0.631783
-0.631783
-0.912787
-0.841609
-0.649999
-0.649999
-0.649999
-0.453884
-0.754427
-0.754427
-1.2502
-0.62752
-0.304504
-0.0355815
0.225676
-0.394823
-0.293127
-0.331821
-0.654039
0.0931916
-0.865492
-0.865492
-0.840323
-0.695211
-1.06646
-0.263895
0.576335
0.735171
0.735171
0.735171
1.446
1.446
1.72871
1.72871
1.72106
1.72106
1.72106
1.72106
1.26707
1.26707
1.45284
0.809853
0.364598
1.03714
0.235876
0.176528
0.738854
0.696974
0.696974
0.696974
0.793186
0.164081
-0.42833
-1.01316
-0.438757
0.313261
0.621205
0.792167
0.453639
0.68908
0.68908
0.0138503
0.842663
0.316865
0.0704786
-0.134978
-0.546085
-0.806443
-1.14892
-1.0449
-1.33164
-1.33164
-0.345647
-0.213538
-0.504711
-0.504711
-0.0596656
-0.491595
0.425141
0.759671
1.40399
1.40399
1.40399
1.40399
1.40399
0.591223
1.02237
1.36715
1.36715
1.36715
0.654054
-0.0872675
0.240009
-0.535455
0.249787
0.606294
0.287568
0.149384
-0.0587885
0.745455
-0.0071531
-0.255213
-0.353995
-1.11711
-0.15298
-0.332591
0.561218
0.561218
0.561218
0.122123
1.08697
0.902269
1.00089
0.0577116
-0.418818
-0.724579
-0.567299
-0.584493
0.115111
0.494114
0.976861
0.976861
0.138227
0.775423
1.54255
1.17746
1.17746
0.619469
-0.358966
-0.358966
-0.720842
-0.720842
-0.720842
-1.61331
-1.61331
-1.06057
-1.31408
-1.1868
-1.1868
-1.1868
-1.1868
-1.1868
-0.822832
0.0833687
-0.214739
-0.114652
0.29725
0.519195
-0.445394
0.131242
-0.0621875
0.463927
0.703683
0.418328
0.162539
-0.357157
-0.514281
-0.222379
-0.52166
-0.738808
-0.876019
-0.180048
-1.03887
-1.29972
-1.29972
-0.822075
-1.22324
-1.21062
-1.45379
-1.51467
-1.4603
-1.4603
-1.4603
-0.529477
0.106541
-0.889842
-0.736759
-0.736759
0.13933
0.943618
0.524625
0.524625
-0.376244
-0.261504
0.399247
0.190233
1.17219
1.08658
0.871195
0.871195
0.786714
0.786714
0.786714
0.786714
0.300173
-0.341981
-0.208044
0.028219
-0.519712
-1.26793
-1.26793
-0.565916
-0.774769
0.0255109
0.657246
0.195423
0.210604
-0.70345
-0.867142
-0.867142
-0.867142
-0.77435
-0.239494
0.22338
-0.334329
0.2378
0.481929
0.265771
0.0467186
-0.553953
-0.553953
-1.08586
-0.910285
-0.473123
0.301208
-0.577742
-0.188552
-0.895977
-0.895977
-0.895977
-0.895977
-0.046159
0.30876
1.10955
0.136095
-0.779928
-1.44906
-0.969771
-0.969771
-0.969771
-0.363766
-1.3424
-1.3424
-0.688886
-0.865486
-0.865486
-0.0488385
0.816711
1.81536
1.81536
1.81536
1.86023
2.12822
2.12822
2.12822
2.12822
1.37804
1.4465
1.49347
1.49347
1.32474
1.32474
1.01777
0.289802
0.383766
0.383766
-0.185865
0.153937
0.273925
-0.627932
0.0509125
0.228366
0.800455
1.14338
0.209679
-0.256863
-0.0379732
0.879772
0.879772
0.823477
0.823477
0.709719
1.03281
1.03281
1.03281
1.03281
0.138436
0.546657
0.153523
0.169453
0.801925
0.494123
-0.0888775
0.0829329
0.450768
1.26163
1.69557
1.69557
1.69557
1.69557
1.69557
0.982853
0.604796
-0.119038
-0.23393
0.64278
0.64278
0.469748
0.469292
1.13624
1.13624
1.13624
0.955163
0.0935891
0.025544
-0.569804
-0.569804
-0.569804
-0.668442
-1.5152
-0.641903
-0.0475086
0.333537
0.820926
0.783025
0.783025
1.21272
1.21272
0.526034
1.52436
1.25187
1.25187
0.642999
1.38472
1.06939
1.06939
0.590792
0.590792
0.287692
-0.470159
0.139542
-0.61719
-0.61719
-0.812584
-0.812584
-0.812584
-0.0337874
-0.598287
-0.598287
-1.08055
-0.391388
0.361929
0.28219
-0.329661
0.510762
-0.0972144
-1.04318
-0.906179
0.00160405
0.193882
0.872855
1.1976
0.380987
0.120433
1.10229
0.315166
0.692531
0.692531
0.692531
0.532311
0.466479
0.13374
-0.546278
-0.961598
-0.209446
0.155116
0.889913
0.39699
0.0559104
0.94888
0.454367
-0.113164
-0.528136
-0.718829
0.0286357
-0.407618
-0.407618
0.501728
0.563338
0.563338
0.324671
-0.447264
-0.92591
-0.672432
-0.794293
-1.01597
-1.31567
-1.31567
-1.30708
-1.68529
-1.68529
-1.68529
-1.49465
-1.49465
-0.607213
-0.510529
-0.637705
-0.637705
-0.837681
-0.837681
-0.674287
-0.791942
-0.280589
-1.21438
-1.6624
-1.6624
-0.894121
-0.395214
0.585036
-0.217591
-0.922424
-0.922424
-0.945162
-0.295457
-0.385837
0.372789
0.913237
1.10239
1.10239
0.118642
-0.348587
-1.27027
-1.27027
-1.27027
-1.68872
-1.28914
-1.07342
-0.417225
0.387074
1.01438
0.789672
0.00490995
-0.843391
-0.786155
-0.874808
-1.01516
-1.26741
-1.26741
-1.17251
-1.17251
-1.17251
-1.17251
-1.0058
-0.592468
0.0753693
0.0817702
0.108582
-0.486094
-0.45734
-0.376468
0.568482
0.986822
0.384642
0.652919
0.350478
1.2374
1.17624
0.657996
0.673211
0.288672
0.359315
1.27317
1.27317
1.27317
1.27317
1.27317
0.782933
1.10648
0.978841
1.36615
1.18972
1.17779
0.319749
0.709634
1.05968
1.05968
0.228014
-0.44906
-0.24406
-0.515392
-0.211494
-0.00116696
-0.818881
-0.334199
-0.941354
-0.419872
-0.960937
-0.585338
-0.0516213
-0.794962
-1.33174
-1.52579
-1.43303
-1.43303
-0.922846
-1.0021
-0.806338
-1.58827
-1.58827
-1.58827
-1.58827
-1.58827
-1.58827
-1.57478
-1.68488
-1.20297
-1.26198
-1.26198
-1.12728
-1.08625
-1.1258
-0.513188
-0.513188
-0.714469
0.0754201
0.1326
-0.371629
0.292211
1.00418
1.00418
0.803583
-0.186985
-0.32289
-0.780602
-0.994563
-0.865423
-0.5543
-1.03848
-0.471996
-1.3715
-1.3715
-1.3715
-0.865423
-1.10711
-0.604414
-0.605259
0.0581072
0.910626
0.910626
0.512043
0.512043
0.512043
0.540801
0.540801
-0.0531942
0.294799
-0.487375
0.0701782
-0.20881
0.499923
0.697849
0.439227
0.492938
1.09677
0.40618
1.03231
1.19033
0.583828
-0.241141
-0.409168
-0.412903
-0.818647
-0.433875
0.29436
0.550262
1.38163
0.513568
1.32576
1.32576
1.25544
1.05523
1.51266
1.79071
0.97301
0.373049
-0.0110609
0.4095
0.866748
0.658995
-0.0997594
0.867358
0.867358
0.632434
1.14243
0.364202
-0.587169
-0.249064
-0.89898
0.00708236
0.0247025
-0.930345
-0.584822
-0.808297
-0.808297
-0.322316
0.446875
0.558253
0.475832
-0.433071
-0.128715
-0.873635
-0.873635
-1.06307
-0.113811
-0.864678
-0.818164
-0.818164
-0.160567
-0.61811
-0.978972
-0.353432
-0.902096
-0.0376598
-0.392114
-0.238202
-0.187258
-0.62863
-0.564643
0.0320162
0.533643
0.548599
0.427361
0.223522
0.0563545
0.359387
-0.212803
0.18278
-0.345367
0.353753
0.940212
0.613889
0.613889
0.613889
0.861806
0.896926
1.19769
0.667295
0.744496
0.744496
0.606973
0.441358
-0.422358
0.104133
-0.0234283
0.59934
0.323656
0.105925
-0.709507
-1.33756
-0.689668
-0.190437
0.176551
0.531181
0.663648
0.434975
0.434975
0.983541
1.69049
1.69049
1.28981
1.56383
1.56383
1.43196
1.43196
1.55748
1.55748
1.639
2.00052
1.66409
1.66409
1.66409
1.66409
1.66409
1.40177
1.31221
1.31221
1.31221
1.31221
1.31221
1.31221
1.05682
1.05682
0.94464
0.94464
0.222417
0.876415
0.192082
-0.200143
0.335429
0.444345
1.01411
1.01411
1.08104
0.384702
0.384702
-0.266104
0.502258
0.622009
0.562737
-0.326516
-0.8648
-0.570465
-0.570465
-0.570465
-0.727009
-0.131909
0.577514
-0.105227
0.439646
0.620581
0.620581
0.170102
0.427571
0.427571
0.427571
0.328938
-0.45354
0.0261915
-0.661704
0.196746
1.00557
0.466088
0.392062
0.0640013
0.696258
0.114906
0.346942
0.126099
-0.768002
-0.432498
-0.432498
-1.27133
-1.27133
-1.35745
-0.657907
-0.657907
-0.389602
-0.389602
-1.10724
-1.40419
-0.749777
-0.749777
-0.81835
0.0281832
-0.259938
0.592675
0.592675
1.2645
0.549579
-0.201852
0.514569
0.281352
1.18942
1.49038
0.584529
0.584529
0.584529
1.21696
0.636407
0.636407
0.644698
0.911827
1.84888
1.11183
1.62417
1.62417
0.986831
0.14566
0.369568
-0.233024
0.0921537
0.623962
-0.164214
0.0558212
-0.220402
-1.095
-1.24255
-1.24255
-0.571987
-1.20518
-1.33779
-1.33779
-1.33779
-0.544893
0.295803
0.494029
0.0865708
0.696659
0.698463
0.289073
0.114028
-0.124532
-0.349285
-1.23971
-1.23971
-0.432112
-0.993969
-0.993969
-0.655311
0.331726
0.522944
1.33033
1.11131
0.115743
-0.845253
-0.215863
-0.730263
-0.730263
-0.640597
0.199108
0.284612
0.109572
0.33438
1.1666
1.31366
1.28405
0.838429
0.903943
1.1706
1.1706
0.832349
-0.0394307
0.149578
0.783094
1.14178
0.717596
0.413848
-0.254253
0.255821
0.583732
0.503018
1.2652
1.2652
1.30157
1.30157
1.48835
1.48835
1.48835
1.48835
1.48835
0.710896
0.710896
1.43044
1.43044
0.519176
0.519176
0.784834
0.570043
0.979804
0.979804
0.979804
0.76245
0.26334
0.724479
0.3824
0.295605
0.88099
0.844312
-0.0583412
-1.0366
-1.0366
-0.814605
0.152585
-0.633894
-0.568375
-0.568375
-0.167548
-0.90392
-0.939011
0.0502579
0.0223137
-0.676012
-0.514725
-0.00771928
0.837289
0.837565
1.09686
1.09686
1.14385
0.198485
-0.148457
0.838897
0.460178
-0.115826
0.790633
0.790633
0.790633
0.405104
0.784751
0.784751
0.784751
1.00087
1.00087
1.00087
0.951958
0.951958
0.951958
0.951958
0.830325
0.830325
0.255348
0.819251
0.819251
0.423391
0.0733452
-0.107649
0.675517
-0.303114
-1.10017
-0.70542
-0.70542
-0.899329
-1.01056
-0.568616
-0.248129
0.181215
-0.143559
-0.714483
-1.47861
-1.45367
-1.46772
-1.46772
-1.46772
-1.55676
-1.55676
-1.55676
-0.57585
0.343492
0.622528
0.499881
0.499881
0.499881
0.0728795
-0.42972
0.515264
1.05062
1.05062
0.690861
0.255229
-0.323471
0.326742
0.924411
1.19583
0.351955
0.904263
0.904263
-0.0426249
-0.21364
-0.852496
-0.852496
-0.619213
-0.619213
-0.427636
0.361639
0.562065
-0.174832
-0.370635
-1.35609
-0.51313
-0.886499
-0.886499
-0.886499
-0.886499
-0.0626667
-0.0284132
0.130007
0.484
0.0191428
-0.222413
0.676807
0.676807
0.365596
-0.441141
-1.27634
-0.480432
-0.29115
-0.908494
0.036638
0.489922
0.489922
0.489922
0.601691
0.284319
0.550149
0.0994954
-0.0508281
-0.622758
-0.528637
-1.17795
-1.1641
-1.1641
-1.1641
-0.431072
-0.431072
0.0752932
0.665768
0.665768
0.665768
0.524486
1.03876
1.03876
1.07148
1.3552
1.3552
1.3552
1.3552
0.57147
0.408475
1.3035
0.311439
0.254757
-0.396252
-0.824123
-0.824123
-0.787217
-1.08723
-0.487044
-0.0773778
-0.404123
-0.00981601
-0.853992
-0.47488
0.326964
-0.616001
-0.616001
-1.14465
-1.14465
-0.299355
-0.535063
-0.370144
-1.12272
-0.139378
0.498949
0.0511681
-0.179395
-0.685517
-0.855726
-1.48998
-1.48998
-1.73342
-1.8799
-1.8799
-1.8799
-1.8799
-1.75995
-1.28988
-0.423956
-1.11528
-1.11528
-1.11528
-1.11528
-0.288752
-1.02052
-0.344685
-1.1751
-1.6107
-1.64353
-1.64353
-1.64353
-0.825154
-0.825154
-1.47595
-1.47595
-1.29425
-0.486243
-0.875948
-0.875948
-1.14274
-1.34781
-0.481883
0.461405
0.67134
0.415134
0.43232
0.716472
0.164217
-0.510057
0.0909138
0.232365
-0.586193
-0.364714
0.5079
1.12256
1.35273
1.16774
1.16774
1.14942
1.3015
1.22807
0.580408
0.384813
0.0208051
-0.0294656
0.29195
0.328817
0.535165
0.535165
1.10219
1.10219
1.10219
1.10219
1.44809
0.893578
0.893578
0.893578
0.180894
-0.207149
0.0921909
0.836395
0.836395
0.836395
1.29135
1.10979
0.497119
1.42935
1.55435
0.653736
0.732337
0.666026
-0.00940034
0.27519
-0.452422
-1.05068
-0.476095
0.179039
-0.120814
-0.544135
-0.403307
0.540773
1.09718
0.457405
0.742166
0.742166
-0.153307
0.151657
-0.785215
-1.07936
-0.824625
-1.02068
-1.12335
-0.35011
-0.626158
0.013708
0.9556
0.9556
0.713573
1.54392
1.75903
1.75903
1.65176
1.26021
1.7736
1.60971
1.60971
1.60971
1.92432
0.995715
0.423895
0.272805
-0.543032
-0.543032
-0.490293
-1.40116
-0.770019
-0.963781
-0.182288
-0.0583761
-0.137698
0.472853
-0.0144987
-0.638743
-1.60684
-1.60684
-1.08238
-1.08238
-1.32255
-1.32255
-1.54364
-1.54364
-0.650846
-1.09034
-1.15299
-1.15299
-0.697062
0.179756
0.834342
0.834342
0.0288259
-0.0207515
0.443154
1.35846
1.35846
1.35846
0.795516
1.44546
1.09884
1.09884
1.09884
1.16841
1.16841
1.22655
1.22655
0.318679
0.318679
0.318679
-0.308492
-1.127
-0.166811
-0.799136
-0.799136
-0.671423
-0.671423
-1.56815
-1.56815
-1.56815
-0.99378
-0.99378
-0.327397
-0.0154043
0.449052
0.330423
-0.196841
-0.549067
-0.804856
-1.3721
-1.3721
-1.21022
-0.926798
-1.1811
-0.37948
0.0298981
0.756156
-0.0120337
-0.712511
-0.712511
-0.837498
-0.837498
0.147273
0.443008
0.600112
0.600112
0.19026
-0.379323
-1.33464
-1.33464
-0.383186
0.462554
-0.182806
0.766018
0.882966
1.05004
1.05004
0.188369
0.706874
0.220418
0.616849
0.616849
-0.0573374
-0.00254934
0.0236558
0.839569
0.94039
0.986533
0.986533
0.858783
0.858783
0.858783
0.858783
0.788951
0.734053
0.831119
0.987468
0.987468
0.79692
0.237803
-0.482476
-0.649978
-0.997622
-1.78086
-1.78086
-0.951225
-0.657707
-0.508433
-0.508433
0.0195252
-0.225605
-0.865279
-0.865279
-0.865279
-0.641693
0.0876496
0.0512134
-0.168331
-0.0550744
-1.00189
-1.00189
-1.25162
-0.321279
-1.21481
-1.29632
-0.471193
0.427981
-0.216655
-0.632412
-0.632412
-0.962572
-0.962572
-1.33071
-1.2522
-0.322816
0.442145
0.442145
0.442145
0.799975
0.737757
-0.134904
-0.897747
-1.78102
-1.78102
-1.78102
-0.792229
-0.86341
-0.86341
-0.105293
-0.95
-1.14628
-0.936778
-0.792365
-1.65289
-1.06736
-0.680601
-0.358511
-0.466367
-0.722091
-0.722091
-0.722091
-1.2078
-1.2078
-1.25212
-0.759019
-0.759019
-1.25974
-1.25974
-0.82179
-0.440111
-0.277592
0.654032
1.23804
0.918755
-0.0696272
-1.06855
-0.160781
-0.982484
-0.982484
-0.141429
-0.484239
0.00570253
0.131967
-0.333127
-0.304037
-0.015112
0.133088
-0.1391
0.858915
0.0242416
-0.154715
-1.13111
-1.13111
-1.13111
-1.13111
-1.36054
-0.393483
-0.609832
0.303906
-0.589727
-0.589727
-1.42054
-1.35301
-1.35301
-1.10647
-1.10647
-1.09535
-0.636086
-0.58132
-0.58132
-0.87154
-0.996532
-0.499819
-0.534689
-1.06912
-1.06912
-0.382642
-0.486865
-0.636271
-0.633813
-0.633813
-0.330665
-1.2258
-0.695803
-0.695803
-0.695803
-0.695803
-0.461164
-0.0882187
-0.334567
-0.334567
-0.709586
-0.318284
-1.07581
-1.31927
-1.31927
-1.31927
-1.66385
-1.66385
-1.86665
-1.86665
-1.86665
-1.77777
-1.77777
-1.07264
-0.0821846
-0.00380186
-0.816416
-0.816416
-0.238463
0.0434248
-0.75284
-0.932721
0.00339898
0.400671
-0.342761
-1.29645
-0.620821
-1.33455
-0.9854
-0.235973
-0.570731
-0.570731
-0.728828
-0.0727555
-0.153146
-0.099846
-1.05365
-0.961737
-1.17722
-1.17722
-1.17722
-1.17722
-0.772162
-0.757192
0.229432
-0.463253
-0.661219
-0.661219
-0.661219
-0.661219
-1.31443
-1.31443
-0.459359
0.305577
0.320013
0.83739
1.07821
1.07821
0.588515
0.588515
0.588515
0.947062
1.15148
0.186589
0.333304
0.929147
0.70252
0.440668
0.544431
0.544431
0.0835677
-0.583044
-0.583044
-0.568399
-0.859488
-0.859488
-0.549328
-0.620875
-0.560713
-1.40048
-1.07874
-1.07874
-1.07874
-0.707854
-1.28744
-1.20026
-1.04463
-0.551378
0.0778696
-0.822638
-0.687008
-0.534843
-0.706885
-0.517261
-1.11207
-1.11922
-0.916187
-0.0694036
-0.46544
-1.10112
-1.08636
-1.20201
-1.20201
-0.254665
-0.648525
-0.200411
0.0630613
-0.738702
-0.88287
-0.0848975
0.362076
-0.162234
-0.48229
-1.45717
-0.464332
-0.625147
-0.625147
-1.0744
-0.0821521
0.671194
0.671194
0.671194
-0.144716
-0.840799
-0.872071
-0.872071
-1.12484
-1.09783
-1.11417
-1.59525
-1.18361
-1.10921
-0.498708
0.470749
0.78586
0.969626
1.54704
0.853687
0.853687
0.853687
0.410103
0.163539
-0.57237
0.0679453
-0.579701
-0.992173
-0.878456
-1.58808
-1.58808
-0.965664
-1.44619
-1.44619
-1.98564
-1.5166
-1.45513
-1.26033
-0.627144
-0.492374
-0.238841
0.229639
0.0353804
0.610442
0.979795
0.396516
1.20973
1.20652
0.87029
0.988334
0.8197
-0.159556
0.69002
0.69002
-0.0530804
0.191376
0.221663
0.113883
-0.857143
-0.552048
-0.798136
-0.798136
-0.798136
-0.572404
-1.12958
-0.139285
-0.831504
-0.831504
-0.831504
-0.938592
-0.938592
-0.539558
-0.951501
-0.951501
-0.951501
-0.951501
-0.951501
-0.789735
-0.789735
0.173754
0.161618
-0.00891265
-0.804843
0.13623
0.126503
-0.107307
0.267341
0.603933
0.68307
0.673084
0.594972
0.787692
1.76939
1.64561
1.63426
1.12917
0.654934
0.203516
1.14177
1.12751
0.256124
0.900676
0.900676
0.900676
1.05408
1.01638
0.791914
1.01973
1.01973
1.13831
0.782372
0.861701
0.759433
0.852062
0.852062
0.852062
-0.102635
-0.700422
-0.140871
0.574394
0.731071
1.38527
1.68569
1.37603
0.470709
0.803772
0.516945
0.0457164
0.983102
0.983102
0.303866
-0.0205237
-1.02016
-0.0795205
-0.651912
-0.949549
-0.949549
-0.383545
0.212136
-0.363846
0.525116
0.525116
0.287831
-0.691546
0.0166036
0.085419
0.606619
-0.21614
-0.648216
-0.648216
-0.648216
-0.95856
-0.95856
-1.94997
-1.9237
-1.9237
-1.9237
-1.9237
-2.06822
-1.92362
-1.92362
-1.92362
-1.67956
-1.44553
-1.44553
-1.44553
-1.44553
-1.44553
-0.579468
-1.01691
-1.14445
-1.18323
-0.509431
-0.514521
-1.22485
-1.22485
-0.938843
0.0585831
0.422981
0.422981
-0.56537
-1.27192
-0.417948
-1.22133
-1.22133
-1.22133
-1.13261
-0.458727
-0.309222
-0.309222
0.63844
0.270531
0.270531
1.22781
0.829782
1.01459
0.285218
1.03654
0.936753
0.79509
0.18573
0.00660634
-0.821323
-1.07166
-0.964459
-0.964459
-1.71032
-0.769367
-0.871404
0.0159735
0.710176
0.710176
1.16307
1.16307
0.530391
0.334977
1.09446
1.04266
0.182365
-0.742625
-0.742625
-0.798698
-1.0551
-1.0551
-1.0551
-1.0551
-1.0551
-1.0551
-1.05245
-0.98398
-1.25169
-0.608442
-0.608442
-0.266769
-0.650734
-0.824962
-0.000754529
0.311922
0.549131
0.439589
0.497676
0.706184
0.706184
0.268113
-0.41823
-0.364403
-0.288604
0.428863
1.00819
0.778392
-0.192528
-0.518206
-0.518206
-1.43848
-1.43848
-1.17221
-0.253895
-0.0564877
0.376816
0.490633
1.25029
0.918286
0.341368
-0.232518
-0.690122
-1.49122
-0.574931
-0.843829
-0.402672
0.5593
0.841273
0.955444
0.33098
0.913965
0.765083
0.765083
-0.15078
0.758122
1.45241
1.45241
0.715318
0.354161
-0.306169
-1.08565
-1.12149
-1.09549
-1.0634
-0.923916
-0.923916
-0.820231
-0.820231
-0.820231
-1.67077
-1.41079
-1.41079
-1.22689
-1.22689
-1.22689
-1.22689
-1.33567
-1.33567
-1.33567
-1.53196
-1.10227
-0.700075
-0.700075
-0.860503
-0.461076
-0.415651
0.534372
0.665512
1.13999
0.7218
0.7218
0.7218
0.882563
-0.0803525
-0.275555
0.5572
0.5572
0.0542838
0.762971
0.762971
1.24108
0.798176
0.995704
0.691409
-0.144763
0.477389
0.710444
0.710444
1.70506
1.28779
1.28779
0.787821
0.432397
0.91274
0.803463
0.0110969
-0.438462
0.55368
-0.00707091
0.141241
1.08024
1.08024
0.693692
1.12559
0.645194
0.848838
0.0736652
-0.152675
0.191102
0.215616
0.693422
1.17387
1.17387
1.17387
0.717126
0.717126
0.104373
0.494448
0.891119
0.560133
0.931755
0.932241
0.732311
-0.00666552
0.803622
0.393925
0.446541
0.658319
0.398244
0.353347
-0.640357
-0.618805
-0.661756
0.12808
-0.0330115
-0.172294
0.605566
0.217499
0.415277
0.415277
1.00652
0.561157
0.561157
0.592148
1.07646
1.26435
0.399947
1.19424
1.34783
1.71177
1.46469
1.01775
0.391031
0.440789
-0.00616521
0.0732802
0.549341
0.549341
0.657272
0.849356
0.459244
0.383211
0.59816
0.798704
0.798704
0.391714
0.624507
0.624507
1.37607
1.37607
1.43083
1.25038
1.54384
1.54384
1.54384
1.54384
1.54384
0.614879
1.27015
1.27015
0.814391
0.814391
0.814391
0.754512
0.504825
0.348098
0.686434
0.686434
1.62926
1.73238
1.73238
1.08977
0.23023
-0.199874
-1.07041
-0.10135
-1.02905
-0.974123
-0.974123
-0.974123
-0.974123
-0.974123
-0.974123
-0.560964
-0.560964
-0.198806
-1.16785
-1.27471
-1.27471
-0.537416
-0.84573
-0.54897
-0.622497
-0.240077
-0.230332
-0.407252
-1.3753
-1.0643
-1.0643
-0.230583
-0.713466
-0.713466
-0.713466
-0.713466
0.065333
1.03355
0.91453
1.01964
1.04966
0.953659
0.953659
0.861167
-0.0801102
0.772791
0.513629
0.458228
0.61594
0.178205
1.10474
1.10474
0.515916
0.515916
0.325229
1.01776
1.01776
0.301023
-0.559905
-0.528592
0.376326
0.549144
0.854456
0.314139
1.07911
0.834205
1.21288
1.34597
0.913955
1.23501
1.46894
1.01007
1.28014
0.733127
0.854731
0.297191
-0.092479
-0.62843
-0.451529
-0.830678
-0.565387
-1.25958
-0.659509
0.0875315
0.0423586
0.0181986
-0.367679
-0.367679
0.219865
-0.482286
0.319087
0.584984
1.17725
1.08841
0.130121
-0.526237
-0.760398
-0.760398
-0.738992
-0.16764
0.108311
-0.211649
-0.0592453
-1.03514
-1.14362
-0.947017
-1.20875
-0.540023
-0.468555
-0.709148
-0.709148
-0.736897
-0.510349
-0.838633
-0.838633
-1.46395
-1.18656
-1.18656
-0.36659
-0.959891
-0.959891
-1.53637
-1.44344
-1.44344
-1.44344
-0.699793
-0.699793
-0.0558847
0.310606
0.310606
0.564397
0.985085
0.509448
0.509448
-0.12392
0.651799
0.651799
1.06106
1.25633
1.10467
1.22237
1.09884
1.09884
0.361483
1.16611
0.177847
-0.61554
-0.458975
-0.54576
-0.0613643
-0.74633
-0.74633
0.194501
0.0556142
-0.347085
-1.15929
-1.15929
-0.563464
-0.369089
-1.28671
-0.851786
-0.646974
-0.398343
-0.387272
0.530269
-0.263576
-0.324248
-1.17169
-1.17169
-1.17169
-0.561329
-0.561329
-0.561329
-0.561329
-0.561329
0.338186
-0.625969
-0.625969
0.282095
0.583948
0.152765
-0.0148707
-0.786699
-0.786699
-0.786699
-0.674107
-0.674107
0.278004
1.05181
0.125534
-0.450418
0.40429
0.518542
-0.328437
-0.391918
-0.391918
-0.391918
-0.164141
-0.332024
-1.02582
-0.84962
-0.0262428
0.0994392
-0.826783
-0.826783
-0.826783
-0.948906
-1.10471
-1.12109
-0.649988
-0.649988
-0.532979
-0.532979
-0.753867
-0.758494
-1.60126
-0.98692
-0.908211
-1.24456
-1.27747
-0.339117
-0.90255
-0.286154
0.254265
-0.669084
-1.13777
-0.44052
-1.022
-1.022
-1.022
-1.022
-0.178529
0.684555
0.535318
0.884483
0.884483
0.884483
1.04131
0.512862
0.53485
0.0271779
0.81408
0.81408
0.81408
0.81408
0.768324
0.768324
0.768324
0.823074
0.979735
0.281594
1.10119
1.44097
1.01039
1.01039
1.0235
1.0235
0.345068
-0.603701
0.330956
0.786631
0.786631
0.786631
1.27309
0.895948
1.09028
1.88624
1.42561
1.42561
1.42561
0.435758
1.16806
1.10934
1.27438
0.288676
0.468734
0.976405
0.412853
0.412853
-0.123591
0.0614654
0.399213
0.587382
0.766503
1.14285
1.0987
1.0987
1.44926
1.15719
0.625127
-0.0239897
0.136286
-0.227854
-0.231995
0.19351
-0.0736849
-0.41326
0.578289
-0.0918583
0.0149977
0.607449
0.0199864
-0.558694
-0.558694
0.439874
-0.0239664
0.42607
0.519715
1.28071
1.25686
1.03929
1.73456
1.73456
1.73456
1.19824
1.19824
0.833277
0.833277
1.45629
1.45629
1.10776
0.832249
0.304299
0.479703
-0.286402
-0.33004
-0.312672
-0.796888
0.0817829
0.827256
0.43188
1.13837
1.13837
1.13837
1.13837
0.418162
-0.206842
-1.01718
-0.795553
-0.216758
-0.0569659
0.1612
-0.0465729
-0.0826014
-0.778671
-0.247714
0.157532
0.878774
0.149202
-0.598725
-0.262119
0.150854
1.08609
0.588936
0.0943403
0.659881
1.11692
0.752549
0.797885
0.662369
0.662369
0.58477
0.0902726
-0.479098
0.387874
-0.217388
-0.829619
-0.551746
-0.973759
-0.973759
-0.999839
-1.29415
-1.64395
-0.719585
-0.719585
-0.719585
-0.719585
-0.719585
-0.352772
0.619586
0.0032204
-0.121406
0.101168
-0.392867
0.292292
0.0122
-0.539945
-1.33312
-1.33312
-1.08307
-0.324036
0.239923
1.22202
1.22202
1.22202
1.42433
0.944009
0.944009
0.507404
0.458006
0.123491
0.5046
1.23333
0.586031
0.338845
-0.464827
-0.0850906
0.786559
0.786559
-0.0317606
-0.310868
0.626968
1.02815
0.152717
-0.542337
-0.542337
-0.542337
-0.896905
-0.896905
-0.896905
-0.735361
-0.735361
-0.735361
0.0800226
-0.721848
-0.721848
-0.721848
-0.721848
-0.721848
-0.721848
-0.721848
-1.10145
-1.10159
-1.10159
-1.10159
-1.10159
-1.10159
-1.10159
-1.10159
-1.10159
-0.404969
-0.0275882
-0.227649
-7.80757e-06
-0.546077
-0.546077
-0.546077
-0.839431
-0.235874
0.51386
0.24114
0.152615
1.15063
1.40339
0.530659
0.426874
0.691214
0.691214
1.24922
1.24922
1.24922
0.275597
0.0195921
-0.535659
-1.53384
-1.53384
-1.16761
-1.16761
-0.644942
0.23336
-0.627979
-0.85151
0.0583432
0.627218
0.464972
0.210276
-0.0337496
-0.835163
-0.835163
-0.853314
-0.853314
-0.853314
-0.0414142
-0.794722
-0.794722
-0.450106
0.415339
1.23568
1.23568
1.60396
1.49734
1.2287
0.487291
0.984448
0.397613
0.223977
0.128286
0.867319
0.867319
1.17714
1.17714
1.37104
1.37104
0.530233
1.11495
0.755487
0.755487
0.478558
0.478558
-0.0903112
-0.736513
0.100853
-0.865119
-1.40053
-1.71681
-1.76975
-1.39807
-1.39807
-1.39807
-0.399823
0.0744838
0.278547
-0.519805
-0.252283
-0.907198
-0.907198
-0.907198
-1.08386
-0.577443
-0.518591
-0.518591
-0.552685
-0.552685
-0.220929
-1.13189
-0.361869
-0.361869
-0.509755
0.370351
1.12742
1.12742
1.17773
1.17773
0.928021
0.655294
0.30271
0.544615
-0.336149
-1.05518
-1.34085
-1.34085
-1.34085
-0.651826
0.305629
-0.668218
-0.668218
-0.562305
-1.32271
-0.740143
-0.180856
-0.253553
0.681396
0.487796
0.125499
-0.75151
-0.75151
-0.418425
-0.253824
-1.19228
-1.25595
-0.924284
-1.08183
-0.577402
0.11829
0.602376
0.195693
0.826732
1.67559
1.1159
0.987336
0.987336
0.987336
0.607833
0.309029
1.21267
0.784487
0.0159886
-0.938933
-0.221049
0.0624627
-0.451368
-0.817827
-0.457766
-0.457766
-0.457766
-0.457766
-0.457766
-0.148103
0.641642
0.212231
1.08148
1.27807
0.79692
0.205492
0.0765654
0.408433
1.21556
1.21556
0.786186
1.04299
1.02186
1.02186
1.02186
1.02186
1.06808
1.06808
1.06808
0.803083
0.248068
0.40203
-0.326847
-0.123896
0.11568
0.646947
0.472612
1.01631
0.517111
0.517111
0.517111
0.19632
1.12677
0.174535
0.332376
0.936984
0.936984
0.291102
0.358865
0.580031
0.580031
0.580031
-0.218816
-0.873176
-0.87821
-0.61062
-0.652189
-0.895737
-1.0678
-1.0678
-0.556088
-1.07908
-0.581099
0.236571
0.884551
0.884551
0.956086
-0.0102758
-0.0834166
-0.646406
-0.646406
-0.646406
-0.646406
-0.271107
0.192338
0.84053
0.84053
0.738623
-0.16484
-0.0825558
-0.317509
-0.421229
-0.662229
-1.18463
-0.923166
-0.199301
-0.444375
-0.242121
-0.902999
-0.355902
-0.976247
-0.976247
-0.135014
-0.367363
0.499989
0.0173197
-0.580752
-0.580752
-0.989608
-0.989608
-0.989608
-1.08638
-1.08638
-1.51006
-0.633748
-1.05735
-0.657194
-1.08079
-1.415
-1.415
-0.613881
-0.0779621
-0.708909
-0.57598
-0.57598
-1.04012
-1.21208
-1.23029
-1.23029
-0.361618
-0.967866
-0.967866
-0.891032
-1.17926
-1.12865
-1.01446
-0.897589
-0.897589
-0.897589
-1.1678
-1.06354
-0.145556
-0.266269
-0.612334
0.305091
0.734324
1.51405
1.54129
1.54129
1.54129
1.34414
0.852192
0.604516
-0.162795
0.2376
1.16012
1.19205
0.8695
0.8695
0.8695
0.234009
-0.605727
-0.605727
-0.605727
0.217004
0.323052
0.795035
0.795035
0.795035
0.795035
0.679104
1.64493
1.57486
0.608592
1.23862
1.23862
0.779321
1.14054
0.943076
0.204559
-0.350469
-0.392983
-1.12894
-1.12894
-1.12894
-0.828713
-0.955632
-0.510842
-1.07967
-0.817652
0.1798
-0.327296
0.28655
-0.0304827
-0.733773
-0.478601
-0.863767
-0.329783
-0.139632
0.13764
0.731993
0.31977
0.31977
-0.242164
-0.525419
-0.483421
-0.160255
0.433916
-0.064932
-0.873537
-0.460142
-0.635776
-0.946126
-0.923068
-0.473602
0.484906
1.03192
1.03192
0.705335
0.705335
0.832721
0.832721
0.832721
1.29732
1.29732
0.837694
1.07725
0.816877
0.928133
1.61055
1.61055
1.7851
1.1421
1.1421
1.1421
1.1421
1.1421
1.1421
0.92101
0.92101
0.0597386
0.313865
1.14504
1.64041
1.38442
1.34656
1.34656
0.736419
0.736419
0.0553596
0.994278
0.994278
0.0385874
-0.0188866
0.703377
0.151689
0.324343
0.443258
-0.253542
0.727374
0.727374
0.96369
0.606561
0.606561
0.558537
-0.321829
0.59891
0.328952
0.643491
0.79071
1.71337
1.71337
1.5634
1.24757
1.24757
1.24757
0.37918
-0.476945
-0.961969
-0.274871
-0.686842
-0.795203
-0.795203
-0.339215
0.0120429
-0.755984
-0.755984
-1.0978
-0.774643
-0.901665
-0.901665
-1.6868
-1.6868
-1.14781
-0.802272
-0.435662
-0.437025
-0.632203
-0.746688
0.207652
0.125911
0.878153
0.417099
0.945456
1.22511
1.22511
0.712706
0.712706
0.790378
0.841131
0.469671
0.469671
0.310169
-0.54136
-0.596438
-0.0802755
-0.800728
-0.628981
0.0384533
-0.58546
-0.816768
-0.70667
-0.62264
-1.02949
-1.02949
-1.02949
-1.02949
-0.925882
-1.07421
-0.109002
0.612391
0.781657
1.48307
0.569314
-0.405385
-0.956623
-0.956623
-0.0583937
0.516893
0.658105
0.658105
1.09694
1.03804
1.80013
1.80013
1.80013
1.42677
0.502558
1.44145
0.498081
0.0985434
0.897814
0.897814
0.673911
0.118356
1.02438
1.16758
1.18393
1.56405
1.26343
0.305951
-0.169878
0.821613
1.11077
0.817351
-0.131175
-0.984976
-0.984976
-0.984976
-0.464812
-1.03899
-0.521805
-0.0690955
0.428781
0.738264
0.685249
-0.0620577
-0.7073
-0.293563
-0.423137
-0.289313
0.209571
0.484598
0.37264
1.02128
0.261523
-0.268558
-0.268558
-0.465152
-0.465152
-0.163509
0.312996
0.0337607
0.902352
1.74256
1.10653
0.310859
0.258618
0.258618
-0.00119563
-0.936415
-0.936415
-1.49361
-1.49361
-1.05562
-1.05562
-1.05562
-1.04825
-0.226313
-1.01456
-0.631199
-0.998635
-0.818554
-1.48013
-1.48013
-1.48013
-1.48013
-1.48013
-1.48013
-1.48013
-1.48013
-1.48013
-1.96366
-1.96366
-1.96366
-1.96366
-1.96366
-1.91177
-1.91177
-1.91177
-1.91177
-1.19664
-0.722827
-1.70419
-1.15066
-1.08471
-0.857539
-0.857539
-0.857539
-0.857539
-1.40342
-0.765161
-0.627867
-0.627867
0.0931589
-0.353874
0.53533
0.53533
0.219264
0.0874941
0.663993
-0.227867
-1.22725
-1.6665
-1.3951
-1.3505
-0.473558
-0.483895
-0.483895
-0.391854
-0.593416
-0.411877
-0.115059
-0.355999
-0.11202
0.12271
0.960546
0.713479
0.263265
-0.269641
0.117355
-0.755227
-1.16739
-0.3337
-0.152851
0.657067
0.657067
0.825251
1.61993
1.61732
1.44483
1.44483
1.41937
0.544605
-0.442106
0.16824
-0.230724
0.222457
-0.0600997
0.613796
0.092203
-0.130665
-0.706991
0.0909323
0.416814
0.78254
0.78254
0.78254
0.78254
0.78254
1.01798
0.404983
-0.428435
-1.11265
-1.11265
-1.15369
-1.15369
-0.724999
-0.724999
-0.557136
-0.675908
-0.675908
-1.18014
-0.92706
-0.997747
-0.0987112
0.739953
0.437544
-0.230718
-0.75708
-0.103797
-0.0747359
0.398286
0.824367
1.05645
1.05645
0.758932
0.490323
0.555263
1.05072
1.05072
1.05072
0.330972
-0.631408
-0.22132
-0.388962
-0.392858
-0.221165
-0.27184
-0.27184
0.532638
0.936702
0.656701
-0.19903
-0.841868
-0.841868
-0.841868
-0.841868
-0.94838
-0.94838
-0.94838
-0.96144
-0.96144
-1.17463
-0.925394
-1.06869
-1.06869
-1.06869
-0.843996
-0.843996
-0.468545
0.0455389
0.0719887
0.946746
0.946746
0.520935
0.472223
1.09543
1.09543
0.756789
0.756789
0.756789
0.641246
1.14852
1.14852
1.14852
1.14852
0.827476
0.827476
0.827476
0.313087
-0.600552
-0.316719
0.461989
0.985236
1.33844
1.23463
1.23463
1.38643
0.506834
-0.158302
-1.03512
-0.0857887
-0.0817574
-0.21494
-0.163469
-0.500864
0.20588
0.256333
0.219244
-0.518445
-0.834038
-0.834038
-0.568616
-0.404136
0.392423
0.0467305
0.715043
0.715043
0.715043
1.12423
1.12423
0.504613
1.10261
0.254349
-0.608788
-0.187411
-0.843519
-0.606873
0.0576893
0.330028
0.787557
0.787557
0.970782
0.409648
1.13443
1.13443
0.141875
0.564341
0.424609
0.322867
0.87502
0.88957
0.88957
0.309613
-0.380352
-0.982181
-0.982181
-0.982181
-0.0373459
-0.604728
-1.02455
-1.02455
-0.726156
-0.726156
0.161649
0.883215
1.3325
1.55817
0.677438
0.38333
-0.190904
-0.963584
-0.308127
0.525097
0.290516
1.14035
1.14035
0.509707
0.338684
-0.142412
0.192441
-0.687868
-0.687868
-0.687868
-0.687868
-0.533736
-0.743313
-0.361694
-1.2482
-0.664708
-0.934666
-0.934666
-0.934666
-0.934666
-0.338335
-0.513075
0.177924
0.0148341
0.81631
0.328642
-0.35176
-1.12109
-1.43922
-0.861506
-0.861506
-0.748887
0.0444737
-0.22261
0.0704852
1.06158
1.06158
1.06158
1.52743
1.52743
1.52606
1.66539
0.927249
0.769878
-0.049115
0.720667
1.13427
1.00277
1.00277
1.00277
1.00277
1.49705
1.49705
0.788296
0.788296
0.788296
0.788296
0.678072
0.678072
0.786122
0.786122
0.0626965
-0.464603
-0.464603
0.514484
-0.110397
-0.198783
-0.812184
-0.812184
-0.227175
-0.443133
-0.0647573
-0.797922
-0.458871
-0.905259
-1.04538
-0.365681
-0.472783
-1.20775
-0.249715
-0.488496
-0.359908
-1.03102
-0.144685
0.217486
-0.758051
-0.117839
0.0405059
-0.918325
-1.47829
-1.31165
-0.427275
0.194681
0.180105
-0.150408
0.127799
-0.701475
-0.710315
-0.837176
-0.527501
-0.570463
-0.605322
-0.429554
-1.05724
-1.05724
-1.05724
-0.160669
0.733253
0.913829
0.913829
-0.00406803
-1.00255
-1.00255
-1.00255
-0.955888
-0.295177
0.20762
0.781502
0.781502
0.781502
0.74816
0.908322
0.218092
-0.54777
-0.960536
-0.569857
-0.867526
-0.590824
0.109331
0.0242136
-0.0757051
0.880036
0.35201
-0.0123911
0.0307235
-0.308217
0.591515
0.655422
0.655422
0.980851
0.980851
0.920618
0.920618
0.738642
0.328484
0.165745
-0.691441
-0.691441
-1.31663
-0.97222
-0.955327
-0.716705
-0.716705
-0.31306
-0.37205
0.46684
1.02217
0.542214
0.542214
0.869501
0.60016
0.390823
-0.246269
0.344491
0.352886
0.432051
-0.1039
0.495848
0.364747
-0.478889
0.157318
0.763895
0.763895
0.0119336
-0.0598126
0.0903816
0.646904
0.82465
1.18093
0.405706
-0.529091
-0.529091
-0.59663
-1.19328
-1.19328
-0.871469
-1.74403
-1.74403
-1.74403
-1.74403
-1.15841
-0.991303
-0.38672
-0.621906
-0.621906
-0.44176
-0.44176
0.167415
0.52
0.521263
-0.35144
0.373912
0.174746
0.814713
0.814713
0.814713
0.988939
1.90708
1.90708
1.90708
1.53386
0.636373
1.49838
1.49838
1.42365
0.854187
0.900874
0.900874
0.900874
0.900874
0.900874
0.56775
0.56775
0.530473
0.721466
0.39846
-0.57224
-0.57224
0.39953
-0.16455
-0.545614
0.0945306
0.394833
0.278917
0.901791
0.901791
0.901791
0.901791
0.901791
0.37517
-0.558811
-1.12859
-0.248625
-0.452132
-0.475183
-0.709756
-0.433576
-0.481562
-0.302759
0.122321
0.545807
1.10748
1.10748
1.10748
0.707417
0.771468
0.00479322
0.256405
1.03689
1.03689
1.03689
1.76994
1.09962
0.856107
0.174437
-0.0534366
-0.0910378
-0.991589
-0.991589
-0.991589
-0.991589
-0.138906
-0.456281
-0.617408
-0.617408
-0.617408
-1.34932
-1.34932
-1.22181
-0.779687
-0.779687
-0.779687
-0.779687
0.125284
-0.654883
-0.158001
-0.511184
-0.752952
-0.055903
-0.766671
-0.133567
-0.106198
-0.397295
0.306712
0.174595
-0.265542
0.24895
-0.254248
-1.12105
-1.12802
-1.00418
-1.00418
-0.0193417
0.0126943
0.0720177
-0.627233
0.0505431
0.321332
0.283834
0.252527
0.395685
0.617309
0.617309
0.0280283
0.211986
-0.00927439
-0.548707
-0.792538
-0.792538
-0.792538
-1.67522
-0.817235
-0.817235
-0.728222
-1.26817
-0.619796
-0.52648
0.206727
-0.0710246
-0.996426
-0.996426
-0.996426
-0.996426
-0.596392
-0.596392
-1.41587
-0.706887
-0.706887
-1.63702
-1.32416
-1.32416
-0.455235
-0.286467
-0.824852
-0.824852
-1.03003
-1.03003
-1.66608
-1.66608
-1.66608
-1.66608
-1.66608
-0.719442
-1.23448
-0.680472
-0.680472
-0.680472
-0.680472
-0.177921
0.758818
0.758818
0.131395
-0.165264
-0.211704
-0.583794
-1.04346
-1.10794
-1.10794
-0.247293
0.661287
0.371185
0.371185
0.0215698
0.390711
0.282602
-0.529981
0.298633
-0.466519
0.469149
0.47014
0.336749
0.336749
0.198252
-0.641753
-0.739251
-1.39162
-0.631001
-0.631001
-0.690555
-0.690555
-0.690555
-0.690555
-0.0964705
-1.0467
-0.731431
-0.310411
-0.599108
-0.599108
-0.488365
0.0617746
-0.631033
-0.173703
-0.173703
-0.830074
-0.830074
-0.717674
-0.215539
0.0669556
0.127049
0.953402
0.953402
0.953402
1.08641
0.255214
0.236414
-0.535007
-1.21994
-0.754682
0.160924
0.722342
0.412738
0.56792
0.571727
0.556812
0.556812
1.05541
1.30938
0.708325
0.718595
0.541554
1.33589
1.69599
1.94895
1.94895
1.91062
1.91062
1.91062
1.91062
1.26195
0.754304
0.754304
0.754304
0.625504
0.625504
0.625504
0.622117
0.622117
0.622117
0.622117
0.512402
-0.433614
-0.420263
-0.698123
-0.461143
-0.461143
-0.889254
-0.889254
-0.889254
-0.889254
-0.889254
-0.617397
-0.897744
-0.897744
-0.897744
-0.736298
-1.00328
-0.288573
-0.957473
-0.641403
-0.406675
-0.793003
-0.364547
-0.531614
-0.598774
0.062585
-0.462316
-1.12068
-0.914547
-0.242972
-0.712875
-0.732761
-0.833023
-0.122653
0.230383
0.002628
0.559693
0.726427
0.407109
-0.157533
-0.561342
-0.561342
-0.561342
0.0497995
-0.390699
-0.0721898
-0.185277
-0.582334
-0.270455
0.298135
1.25525
1.25525
1.1888
1.1888
0.760922
0.00974969
-0.940271
-0.966359
-0.293159
-0.285991
0.176134
-0.0462863
-0.583431
-1.49833
-1.49833
-1.29417
-1.29417
-1.02562
-1.02562
-1.58213
-1.58213
-2.04241
-1.87305
-1.38656
-1.38656
-1.38656
-1.53727
-1.53727
-1.53727
-1.43508
-1.41548
-0.760942
-1.10917
-0.562276
-0.562276
-1.41488
-1.41488
-1.41488
-1.41488
-0.70623
-0.70623
-1.23892
-0.671424
-0.671424
-1.17638
-1.1293
-1.1293
-0.20462
-0.692618
-1.13979
-1.13979
-1.13979
-0.254002
0.448844
-0.305352
-0.653365
-0.12345
0.535726
-0.447109
-0.602042
-0.188007
-0.201969
-0.982362
-0.0410812
0.0231752
-0.57781
-0.12539
0.695049
0.475169
-0.144543
-0.98941
-0.98941
-0.446329
-1.24625
-0.466518
0.153836
0.428593
0.902921
0.902921
1.51927
1.43117
1.43117
0.96162
0.913452
0.913452
1.1901
1.19604
0.887112
1.04182
0.233941
0.463003
0.175474
0.539007
-0.22989
-0.935052
-1.91485
-1.3853
-1.3853
-1.3853
-1.3853
-1.19376
-1.8697
-1.88035
-1.88035
-1.846
-1.26519
-1.13788
-1.10612
-1.17973
-0.506009
0.396099
0.0599156
0.678525
0.678525
0.678525
0.678525
1.15267
1.14494
1.15697
1.5453
1.20184
1.20184
0.406933
0.822821
0.822821
0.134241
0.473396
0.363922
-0.438779
-0.801295
-0.673014
-0.707706
-0.195213
0.166812
0.743893
0.743893
1.25188
0.606694
0.332786
0.748862
0.553405
0.553405
0.801884
1.17903
0.603982
0.539714
0.793379
1.53539
1.87938
0.937155
1.08668
1.45548
0.484569
0.301797
-0.662233
0.0305206
0.582638
0.628744
0.477492
1.22192
0.382678
1.05113
1.05113
1.05113
1.05113
1.09096
0.0968919
0.414842
-0.295316
-1.18527
-1.18527
-1.18527
-1.18527
-0.98996
-0.713238
-1.43629
-1.17948
-0.318503
-0.660132
-0.745687
-1.28973
-1.03392
-0.46536
-0.46536
-1.06527
-0.861797
-0.862412
-0.959731
-1.05261
-1.05261
-0.639068
0.113184
0.69883
1.35551
1.35551
0.6968
1.0299
1.0299
1.25375
0.859016
0.513244
0.513244
-0.0106883
-0.215993
-0.882669
-0.882669
-0.882669
-0.503126
-0.503126
-0.718269
-1.41294
-1.41294
-1.41294
-1.41294
-1.41294
-1.32039
-0.91021
-0.91021
-0.533762
-0.596149
-0.85225
-0.285888
0.122714
-0.0296889
-0.190572
0.197431
-0.627371
-0.911151
-0.616214
-1.27903
-0.798481
-0.425936
-0.723101
-0.723101
-0.579528
0.220901
0.220901
-0.529504
-0.560562
-1.07843
-1.07843
-0.869965
-0.0825655
0.251447
-0.645644
-1.0069
-1.18363
-0.579135
-0.579135
-0.854969
-0.586899
-0.454912
0.392386
-0.263159
-0.577617
-0.577617
-0.959006
-0.824563
-0.0805222
-1.07589
-0.977384
-0.296754
0.472102
-0.127199
0.116441
0.824422
0.552135
1.17438
1.12494
0.824371
0.333369
-0.218696
-0.851798
-0.746386
-0.0230801
0.53827
0.08874
0.229425
0.984396
-0.00834368
0.739878
-0.129738
0.281641
-0.545475
-0.795519
-0.795519
-0.53159
0.0311298
0.111915
-0.511214
-0.865619
-0.952589
-0.952589
-0.645564
-0.645564
-0.645564
-0.975756
-0.312399
-0.312399
-0.535053
-0.535053
-0.63323
0.232663
0.724011
0.956141
0.100637
0.924678
0.403455
-0.52339
0.0811097
-0.875786
-0.875786
-0.543547
0.447354
0.44348
0.453664
0.453664
0.617826
0.640514
1.5731
1.5731
1.10076
1.20015
0.432186
-0.484768
0.495798
1.27168
0.788345
0.626949
1.34919
1.17646
0.302289
0.981368
0.981368
0.981368
0.444476
0.444476
0.444476
0.444476
-0.201519
0.257606
0.408128
-0.309841
0.64502
1.47029
1.13469
0.615776
0.382508
0.728482
0.728482
0.119994
0.580463
0.580463
0.23381
0.875652
0.875652
0.841967
0.841967
0.0106531
-0.0641984
0.886089
1.34026
1.55461
0.835443
0.56517
0.56517
0.638375
0.773822
1.65429
1.65429
0.878052
0.878052
0.41438
-0.526038
-0.546844
-1.14873
-1.03257
-1.4831
-1.07263
-0.424146
-1.29545
-0.895182
-0.895182
-0.895182
-0.169977
-0.972698
-1.28006
-1.63439
-1.63439
-1.32748
-0.50338
-1.19722
-1.77019
-1.77019
-0.876012
-0.876012
-0.275988
-1.19078
-0.750575
-0.263329
-1.20206
-0.296202
-1.29246
-1.08696
-0.410569
-0.539889
-0.0433836
0.555928
0.436079
-0.50669
-0.276347
-0.421684
-1.02445
-0.0305846
0.549808
0.549808
0.730477
0.730477
0.730477
1.41386
1.0541
1.11623
0.188028
0.598406
0.598406
0.0426384
0.0500335
0.739044
0.381284
0.529811
-0.430178
0.559013
1.49185
1.3897
0.433058
0.787495
0.0860323
-0.435336
0.556431
0.885901
0.843605
0.42767
0.532656
1.02058
1.25232
0.257957
0.494276
-0.0830996
0.418923
-0.0477844
0.765147
0.765147
0.765147
0.765147
0.398207
0.186134
-0.266483
-0.778255
-0.832186
-0.207151
0.770764
1.66714
1.15447
1.0434
1.0434
1.0434
1.55443
0.681281
0.054767
0.286498
-0.353434
0.19816
-0.0683549
-0.584167
-0.850812
-0.850812
-0.850812
-0.524253
-0.967387
-0.967387
-0.659152
-1.05909
-1.05909
-0.335675
-0.218746
0.619781
-0.31808
0.00541309
0.0604451
0.782789
0.45292
1.0065
1.0065
0.142438
-0.173607
-0.677377
0.189123
0.706638
-0.227445
-0.83882
-0.911456
-0.882055
-0.882055
-0.882055
-0.882055
-0.882055
-0.882055
-0.882055
-0.882055
-0.365149
-0.365149
-1.34937
-1.34937
-1.26962
-1.26962
-0.272025
0.713298
0.713298
0.900996
1.6725
1.6725
1.6725
1.69627
1.70157
1.08718
1.08718
0.0973519
-0.434513
-0.762637
-1.33244
-1.40817
-1.40817
-0.862566
-0.862566
-0.862566
-0.367854
0.544823
0.991324
0.610104
0.251549
-0.223867
-0.569955
-0.569955
0.0758877
0.863691
1.00333
1.46172
0.486025
0.6031
0.122803
0.677004
0.968287
0.968287
0.968287
1.02013
0.744954
0.744954
0.744954
1.26114
0.355252
0.267644
0.848029
0.773903
0.778498
0.655361
0.353118
0.83609
1.25422
0.470657
0.470657
-0.234686
0.698908
1.35666
1.53608
0.775888
1.34094
0.363448
1.0232
1.22727
1.25978
1.25978
1.25048
1.1138
1.096
1.13634
1.13634
1.13634
1.21724
1.04657
0.281002
0.394498
0.975734
0.449662
1.36265
1.36265
1.36265
0.499564
0.501424
1.49075
1.49075
1.49075
1.38708
1.38708
0.960056
0.864294
0.611829
0.611829
-0.279471
-1.15689
-1.20137
-1.20137
-0.924693
-0.924693
-1.16881
-0.753442
-0.753442
-0.753442
-0.753442
-1.54091
-1.0643
-1.0643
-1.0643
-0.297955
-0.95866
-0.778561
-0.483924
-0.249958
-1.23544
-0.622876
-1.21019
-1.35746
-1.35746
-0.974201
-0.974201
-1.03693
-1.03693
-1.25679
-1.25679
-0.724687
-0.142293
-0.338461
0.161994
1.00305
0.699967
0.583993
0.424788
0.975425
1.16149
1.16149
0.66912
0.954985
0.714387
0.714387
0.714387
0.397473
-0.336526
-0.915377
-1.17901
-0.243745
0.0771459
-0.757293
-0.707141
-0.707141
-1.51157
-1.51157
-1.51157
-0.937864
-1.22393
-1.22393
-0.448665
-1.29002
-1.2428
-0.454627
-0.454627
0.0118882
-0.408965
0.187803
-0.32802
-1.23713
-0.822726
-1.02161
-0.490751
0.0571295
-0.311485
0.294356
0.683703
0.683703
0.683703
0.683703
0.683703
1.38596
1.38596
1.38596
0.557229
-0.111533
-0.774945
-1.41798
-1.41798
-1.01305
-0.790828
-1.07893
-1.8456
-1.8456
-1.8456
-0.913094
-0.913094
-0.925735
-0.925735
-0.839409
-1.10372
-0.323012
-0.00805601
-0.622225
-1.16447
-1.3716
-1.3716
-1.6052
-1.8063
-1.29557
-1.29557
-1.29557
-0.393501
-0.393501
-0.352437
-0.503777
-0.236011
-0.190152
0.614275
0.614275
-0.313909
0.483821
0.483821
1.27272
0.698919
0.367483
1.05043
0.408058
0.408058
0.330295
0.330295
0.249169
0.30271
1.03163
1.03163
1.02429
1.02429
1.02429
0.709488
1.03554
1.03554
1.03554
0.377346
0.339969
0.713962
0.983076
0.0190012
0.131085
-0.705172
-0.505795
0.366347
0.989429
0.989429
0.99065
0.967898
1.01336
1.01336
1.0415
1.0415
0.618637
0.618637
0.618637
0.52612
0.52612
0.428271
0.278264
0.869752
0.131119
-0.704762
-1.48383
-1.24822
-0.684295
-0.766257
-0.766257
-1.10767
-1.10767
-0.260496
-0.152286
-0.61545
-0.888146
-0.888146
-0.0510253
0.30532
-0.521002
-0.521002
-0.557781
-1.02762
-0.517554
-0.48191
-0.48191
-1.03183
-0.405461
0.248861
-0.675231
-1.15663
-0.457065
-1.10726
-1.10726
-1.10726
-0.627854
-0.583045
0.170694
0.103366
0.103366
0.649863
0.373436
1.30494
0.519869
0.519869
0.744112
1.36191
1.35124
1.35124
0.448418
0.448418
0.448418
-0.505015
-0.35834
0.147856
-0.576751
-0.576751
-0.576751
-0.387208
-1.19595
-0.651855
-0.653429
-0.653429
-0.0397085
0.626611
0.571939
0.225986
0.686803
1.66371
1.26554
1.26554
1.26554
1.26554
0.652878
0.652878
0.487095
1.05611
1.11306
2.06754
2.06754
1.9937
1.14549
0.914922
1.29571
1.29571
1.29571
1.29571
1.29571
1.00588
0.227853
-0.651697
0.0855646
0.212069
1.08731
1.6049
1.41559
1.41559
1.41559
0.78259
0.78259
0.78259
1.00168
0.593679
0.188536
1.11557
1.11557
0.198818
-0.387156
-0.760138
-0.426482
-0.442097
-1.31244
-0.985697
-0.836912
-0.471137
-0.0250079
0.424438
0.928194
-0.0128558
0.910488
0.620563
0.880917
0.880917
0.519204
-0.325599
-1.03572
-1.03572
-0.321975
-0.743279
-0.743279
-1.06149
-1.1851
-1.1851
-0.444556
-0.444556
0.445447
0.254509
-0.0705729
-0.744586
-0.226275
0.52399
0.659657
0.726643
1.33211
1.38317
0.536132
0.536132
0.456846
0.555617
0.555617
0.555617
0.555617
0.00820718
0.035581
-0.0358709
0.269695
-0.684507
-0.346481
0.194211
0.194211
-0.70509
-0.70509
-0.346466
-0.864674
-0.864674
-1.56592
-0.635934
-0.635934
-1.06603
-0.69656
0.126412
1.06423
1.06423
1.06423
0.708127
0.639081
0.639081
0.639081
0.72445
0.72445
1.50994
0.611819
-0.172953
-0.509886
-0.637832
-0.637832
-0.637832
-1.32125
-1.32125
-1.12725
-1.12725
-1.12725
-0.5881
-0.5881
-0.5881
0.362749
0.362749
-0.296996
0.437793
0.135617
0.928105
0.875856
-0.0896422
-0.77066
0.113222
-0.0775571
-0.678517
-0.246467
-0.282904
-0.607552
-0.520874
0.247502
0.71852
0.71852
0.661414
1.00384
0.290782
-0.53727
0.159236
0.703196
0.703196
0.703196
0.304505
0.967222
1.10353
1.10353
1.28758
1.20177
0.295829
0.237733
0.624716
0.343177
0.83592
0.83592
0.881411
0.674269
0.674269
-0.114747
-0.695981
-0.143372
-1.10767
-1.10767
-1.71398
-1.71398
-1.10421
-0.641816
-0.632236
-0.632236
-0.632236
-0.731786
-0.731786
-1.44739
-1.44739
-0.629319
-0.629319
-0.28508
0.636833
0.87356
0.676866
0.479332
0.204987
-0.667671
-0.608118
-0.608118
-1.14092
-0.738261
-0.887634
-1.28363
-0.885505
-0.554204
-1.20216
-1.20216
-0.807392
-0.807392
-0.370231
-0.764758
-0.642877
-0.768944
-1.1562
-1.1562
-1.7727
-1.33041
-1.3713
-1.3713
-1.19376
-1.19376
-0.322963
0.350464
-0.338736
-0.845587
-0.0493417
0.675937
0.571744
0.755114
0.457076
-0.363808
0.276875
0.423663
1.06319
0.802572
0.802572
-0.179909
-0.609295
-0.609295
-0.609295
-0.254312
-0.746506
-0.562828
-0.197042
-0.473446
-1.41706
-1.41706
-1.41706
-0.694144
-0.694144
-1.30924
-0.942238
-0.942238
-1.33633
-1.30535
-0.60476
-0.117507
-0.033249
-0.683179
-0.448799
0.527568
-0.0221272
-0.595808
-0.181862
-0.289405
-0.207497
0.349794
0.131371
1.00078
0.3299
0.750059
0.206447
-0.0626842
-0.271212
0.674283
0.674283
0.52298
0.52298
0.0643099
-0.751881
-0.939619
-0.939619
-0.939619
-0.939619
-0.378676
-0.575189
-0.771008
-0.701686
-1.57322
-1.57322
-1.57322
-1.17965
-0.910963
-0.910963
-0.910963
-0.910963
-1.43231
-1.43231
-1.01605
-1.01605
-1.01605
-1.09077
-1.63889
-1.12444
-1.12444
-1.12444
-1.12444
-1.12444
-0.358702
-0.683829
-0.683829
-0.55009
-0.933877
-0.879726
-0.508546
-0.301357
0.39157
0.546925
0.93771
0.510845
0.939573
0.89431
0.332332
0.332332
-0.632579
-0.429326
-0.577968
-0.749507
-0.698527
-0.981242
-0.981242
-1.27315
-0.643273
-0.643273
-0.643273
-0.877503
-1.46091
-1.03308
-1.03308
-0.959369
-0.47256
-0.290665
0.495942
1.02156
0.58953
0.58953
0.58953
0.458267
0.458267
-0.280086
-0.0771431
-0.933244
0.0106816
0.719813
0.655266
0.385381
1.16448
1.16448
0.870398
0.650213
0.903303
0.903303
0.369359
0.369359
0.467134
0.467134
0.447752
0.389461
0.088007
1.03226
1.03226
0.671362
1.00736
1.02145
1.35965
1.35965
1.67911
1.90022
1.90022
1.06006
0.631138
0.922097
0.593198
0.680084
0.895356
1.06812
1.06812
1.06812
1.06812
0.793808
0.502559
1.14903
0.567089
0.119186
-0.845584
-0.683725
0.299101
1.02554
0.615048
0.185909
0.364664
0.436137
-0.466656
-1.12003
-1.35424
-0.693679
-0.929343
-0.161397
0.271376
-0.351409
0.00999983
0.87192
0.87192
1.51244
1.51244
1.19086
0.401579
0.208683
-0.635735
-0.105338
0.65118
-0.0607183
-0.82799
-1.40428
-1.40428
-1.40428
-0.744308
-0.129218
0.513807
-0.368694
-1.28672
-1.28672
-1.28672
-1.2884
-1.13058
-1.13058
-0.957074
-0.779163
-1.06261
-0.616738
-0.545211
-1.06149
-1.06149
-0.693868
-0.693868
-0.0975531
0.314553
1.07809
0.844477
0.631593
0.621689
0.0645013
-0.446871
0.214121
0.235675
-0.0956323
-0.531097
-0.218018
-1.08447
-1.08447
-1.08447
-0.998015
-0.359221
-0.483992
-0.398764
-1.3791
-1.3791
-1.28706
-1.28706
-1.28706
-0.567863
-0.651836
-0.959533
-1.36545
-1.56561
-1.56561
-1.56561
-0.572315
0.100161
0.453796
-0.518277
-0.981875
-0.335377
-0.308833
-0.480268
0.290976
1.23465
1.08276
0.464804
0.464804
0.487687
0.968197
0.509772
0.509772
0.509772
0.982435
0.645601
0.645601
0.645601
1.31755
0.451886
-0.198043
-0.77476
-0.107019
-0.370983
-0.370983
0.0781887
0.830476
0.101981
-0.022546
-0.450844
-1.2267
-0.33474
-1.07238
-1.17675
-0.852329
-1.1824
-1.16878
-1.16878
-0.482947
-0.482947
-0.699585
-0.699585
-0.810261
-0.294398
-0.694328
-0.737013
-0.737013
-0.737013
-0.737013
-0.0198454
-0.596572
-0.0428118
0.104125
-0.0354225
-0.28907
-0.969637
-0.925445
-0.195367
-0.218998
-1.10665
-0.950524
-0.260224
0.251939
0.699421
1.19077
1.19077
0.373626
0.707177
0.368087
0.368087
-0.121322
0.600186
0.210745
0.169065
0.743061
1.61305
1.24936
1.24936
1.24936
1.00986
1.00986
1.00986
0.59383
-0.0896648
0.829455
0.526293
0.526293
0.452662
0.302927
-0.614456
-0.474839
0.166718
0.444661
1.09518
0.40931
-0.173436
-0.569614
-1.0953
-0.370806
-0.48691
-0.48691
-0.589547
-0.985951
-0.601893
-0.674419
-1.00765
-1.19976
-0.819445
-0.265506
-0.0645986
0.459544
0.459544
0.0883735
-0.774924
-0.774924
0.0150883
-0.771896
-1.28491
-0.353262
-0.253962
-1.09078
-1.04409
-1.04409
-0.862921
-0.989775
-0.869538
-0.869538
-0.869538
-0.500016
-0.298824
-0.477991
-1.03251
-1.03251
-0.113887
0.432336
0.432336
-0.0625783
-0.689095
-0.113943
0.192195
0.0822142
1.00385
1.00385
1.54377
1.54377
1.0628
0.808456
0.993421
0.596866
0.596866
1.13486
0.265524
0.372293
0.763226
1.14768
1.14768
1.57137
1.38827
1.38827
0.69618
0.178783
-0.747998
-0.747998
-0.228741
0.315359
-0.0114102
-0.44375
0.0350655
0.0514026
0.99872
0.792132
0.792132
0.778557
0.778557
0.778557
0.202331
1.07177
1.07177
1.07177
0.443471
0.0472853
0.159558
0.325437
0.325437
1.29981
1.29981
1.29981
1.15139
1.15139
0.662765
0.662765
0.47862
-0.424584
-0.434272
-0.690152
-0.690152
-0.690152
-1.08005
-1.18749
-0.385958
-0.0646695
-0.26044
-0.724048
-0.724048
-0.724048
-0.253323
-0.0976584
-0.255772
-0.154452
-0.843118
-0.523608
0.173014
0.749282
0.533006
0.888567
0.725377
0.739427
0.739427
1.23511
1.23511
1.23511
1.26703
0.902819
0.902819
1.26339
1.26339
0.575842
0.563771
0.563771
1.144
1.23271
1.23271
0.984983
0.984983
0.241572
1.04875
0.861355
0.567894
0.567894
1.4618
1.4618
1.42774
1.42774
1.22632
0.868172
0.868172
0.157424
-0.773523
-0.559818
-0.559818
-0.09624
0.620802
0.85676
1.12479
1.12479
0.882767
0.835068
0.585972
0.449537
-0.435816
-1.11924
-1.11924
-0.704585
0.25849
0.657551
0.197631
-0.794442
-0.794442
-1.10295
-1.10295
-1.2376
-0.871608
-1.0031
-0.289953
-0.93352
-0.93352
-0.342874
-1.00842
-1.00842
-0.350962
-1.26471
-1.0974
-1.0974
-0.195742
-0.668534
-0.668534
0.136598
0.636414
0.251798
0.474315
-0.422415
0.42761
-0.247893
0.310275
0.47768
1.36531
1.75931
1.75931
1.42772
1.83959
1.78884
1.78884
1.78884
1.46105
0.985483
0.985483
1.14004
1.14004
0.932003
1.16799
1.16799
1.18348
0.638259
0.60981
0.809556
0.809556
0.844335
1.61908
1.61908
1.15813
1.15813
1.15813
0.480308
-0.19633
0.551451
-0.384992
-0.354948
-0.421151
-0.421151
-0.671933
-0.509159
0.175456
0.529535
0.185918
0.934912
0.730866
0.304373
-0.340625
0.580149
1.267
0.371466
-0.451731
0.354849
0.809864
0.0475455
-0.162245
0.71092
1.37552
1.57773
1.74355
1.47276
1.03201
0.697459
0.0421512
-0.0894455
-0.150596
-0.932015
-0.82682
-0.82682
-0.642383
-0.760751
-0.327779
-0.642619
-1.35568
-1.35568
-0.72379
-0.72379
-0.492444
-0.166866
-0.194199
-0.0475272
-0.338405
-0.552062
0.407305
-0.54724
-0.66949
-0.435649
-0.833138
-0.951801
-0.951801
-0.00797766
0.513285
1.13995
0.990387
1.67128
1.92688
1.92688
1.61885
1.61885
1.61885
1.61885
1.61885
1.03722
1.03722
1.03722
0.769116
0.769116
0.496795
0.496795
0.496795
1.15037
1.03713
1.25243
1.25243
0.657886
0.657886
-0.105456
0.36118
0.268952
0.91663
0.91663
0.993509
1.29846
0.393932
0.644209
0.644209
0.644209
0.644209
1.10272
1.10272
1.24223
1.64504
0.845421
0.845421
0.807097
0.922921
1.19636
1.19636
0.776027
0.953562
0.953562
0.169177
-0.802127
0.149886
-0.476281
-0.386787
-0.637282
-0.637282
-0.637282
-0.637282
-0.462503
-0.462503
-0.796704
-0.796704
-1.6747
-1.44712
-0.75263
-0.75263
-0.749029
-1.11969
-0.37979
-0.931849
-0.539274
-0.539274
-0.539274
-0.99098
-0.8568
-1.4534
-1.4534
-1.78231
-0.810755
-0.383862
0.195167
-0.0258118
-0.470288
-0.367761
0.338453
0.338453
0.0746274
-0.416116
-0.0256844
0.403555
-0.410331
-0.943417
-1.76915
-1.68258
-1.68258
-1.68258
-1.68258
-2.06663
-2.28779
-2.28779
-2.28779
-2.04191
-2.04191
-2.04191
-2.04191
-1.51467
-1.51467
-1.51467
-1.51467
-0.654844
-0.654844
-1.01809
-1.01809
-1.01809
-1.01809
-0.287479
-0.181653
0.17683
-0.499872
0.463647
1.06036
1.06036
1.17449
0.354051
1.28119
0.482396
0.482396
0.451314
1.12749
0.59645
1.20024
1.20024
1.47115
0.875592
0.827101
1.36019
1.3839
1.3839
1.29399
1.29399
0.718383
1.13138
0.682895
0.870468
0.274119
0.274119
1.13478
0.200519
-0.551342
-0.970884
-0.551875
-0.551875
-0.613812
-0.613812
0.32363
-0.416336
0.476375
1.00072
0.403904
0.403904
0.403904
0.992583
1.00045
0.393721
0.258369
-0.119967
0.43122
0.57383
0.57383
0.940842
0.940842
1.07485
0.407337
0.317811
1.3139
0.497101
1.07225
1.07225
1.07225
0.625661
0.189028
0.852082
0.852082
0.983921
0.62123
0.731156
-0.042766
0.138363
-0.480719
-0.584361
-0.248171
-0.947471
-1.23821
-1.23821
-1.23821
-0.446716
0.0882365
0.173561
0.194564
0.495755
0.108207
0.679323
0.679323
1.11479
1.11479
1.11479
0.867472
0.867472
